{"type":"FeatureCollection","features":[{"type":"Feature","properties":{"elevation":56},"geometry":{"type":"LineString","coordinates":[[73.660389,21.891409],[73.66039,21.891406],[73.660382,21.891395],[73.660361,21.891375],[73.660328,21.89135],[73.660321,21.891342],[73.660308,21.891336],[73.660303,21.891337],[73.66026,21.891314],[73.660246,21.891312],[73.66023,21.891305],[73.660211,21.891306],[73.660195,21.891304],[73.660159,21.891304],[73.660149,21.891303],[73.66012,21.891307],[73.660115,21.891304],[73.660081,21.891297],[73.660065,21.891303],[73.66004,21.891305],[73.660034,21.891312],[73.660024,21.891315],[73.660016,21.891313],[73.660004,21.891323],[73.659982,21.891321],[73.659972,21.891329],[73.65996,21.891329],[73.659955,21.891334],[73.659941,21.891337],[73.659919,21.891352]]}},{"type":"Feature","properties":{"elevation":55},"geometry":{"type":"LineString","coordinates":[[73.660424,21.891421],[73.660406,21.891393],[73.660385,21.891372],[73.66037,21.89135],[73.660359,21.89134],[73.660324,21.891321],[73.660305,21.891316],[73.660273,21.891302],[73.66023,21.89129],[73.66022,21.891291],[73.660209,21.891285],[73.660197,21.891281],[73.660187,21.891285],[73.660163,21.891282],[73.660153,21.891284],[73.660116,21.891278],[73.660113,21.89128],[73.660096,21.891281],[73.66009,21.891284],[73.660081,21.891282],[73.660065,21.891289],[73.660057,21.891285],[73.660053,21.891288],[73.660047,21.891288],[73.66003,21.891295],[73.660003,21.891292],[73.659978,21.891303],[73.659969,21.89131],[73.659954,21.891312],[73.659942,21.891317],[73.659932,21.891324],[73.659919,21.891324],[73.659899,21.891334],[73.659888,21.891334],[73.659881,21.891338],[73.659882,21.89134],[73.659888,21.89134],[73.659883,21.891343],[73.659877,21.891346],[73.659873,21.891345],[73.659858,21.891352]]}},{"type":"Feature","properties":{"elevation":54},"geometry":{"type":"LineString","coordinates":[[73.660463,21.891433],[73.660461,21.891427],[73.660442,21.891405],[73.660431,21.891389],[73.660413,21.891369],[73.660415,21.891363],[73.660407,21.891362],[73.660404,21.891356],[73.660396,21.891352],[73.660391,21.891343],[73.660378,21.891332],[73.660371,21.891321],[73.660341,21.891302],[73.660294,21.891284],[73.660274,21.891279],[73.660262,21.891273],[73.660253,21.891274],[73.660245,21.891271],[73.660243,21.891268],[73.660234,21.891269],[73.660216,21.891264],[73.660204,21.891267],[73.660177,21.891261],[73.660164,21.891265],[73.660157,21.891264],[73.660149,21.891261],[73.660143,21.891262],[73.660138,21.891259],[73.660132,21.891263],[73.660124,21.89126],[73.660117,21.891263],[73.660107,21.89126],[73.660056,21.891268],[73.660044,21.891273],[73.66003,21.891272],[73.660021,21.891277],[73.660003,21.89128],[73.659989,21.891279],[73.65997,21.891284],[73.659939,21.891298],[73.659936,21.891297],[73.659927,21.891301],[73.65992,21.891301],[73.659904,21.891305],[73.659891,21.891316],[73.659869,21.891324],[73.659855,21.891334],[73.659835,21.891341],[73.659827,21.891341],[73.659817,21.891349],[73.659808,21.891349],[73.659802,21.891352]]}},{"type":"Feature","properties":{"elevation":53},"geometry":{"type":"LineString","coordinates":[[73.6605,21.891439],[73.6605,21.891434],[73.660491,21.89142],[73.660481,21.891412],[73.660481,21.891406],[73.660459,21.891389],[73.660444,21.89137],[73.660439,21.891359],[73.660429,21.891348],[73.660416,21.891341],[73.660407,21.891332],[73.660395,21.891317],[73.660394,21.891307],[73.660376,21.891294],[73.660368,21.891284],[73.66036,21.891284],[73.66034,21.891278],[73.660329,21.891271],[73.660314,21.891268],[73.660298,21.89126],[73.660268,21.891258],[73.660257,21.891253],[73.660242,21.891255],[73.660225,21.891253],[73.66021,21.891246],[73.660196,21.891248],[73.660185,21.891243],[73.660177,21.891245],[73.660149,21.891241],[73.660128,21.891245],[73.660112,21.891245],[73.660103,21.891242],[73.660097,21.891245],[73.660093,21.891243],[73.660074,21.891245],[73.660057,21.891249],[73.660033,21.891252],[73.660011,21.891262],[73.660001,21.891263],[73.659996,21.891262],[73.659983,21.891267],[73.659974,21.891265],[73.659966,21.891271],[73.65995,21.891273],[73.65994,21.891277],[73.659922,21.891286],[73.65988,21.891296],[73.65985,21.891313],[73.659839,21.891316],[73.659816,21.891327],[73.65979,21.891347],[73.65978,21.891348],[73.659773,21.891353]]}},{"type":"Feature","properties":{"elevation":52},"geometry":{"type":"LineString","coordinates":[[73.660525,21.891443],[73.660532,21.891427],[73.660527,21.891417],[73.660515,21.891407],[73.660512,21.8914],[73.660503,21.891396],[73.660473,21.891367],[73.660464,21.891351],[73.660454,21.891344],[73.660446,21.891332],[73.660437,21.891328],[73.660428,21.891318],[73.660426,21.891312],[73.660419,21.89131],[73.660415,21.8913],[73.660409,21.891296],[73.660407,21.89129],[73.660394,21.891277],[73.660383,21.89127],[73.660367,21.891266],[73.660355,21.891256],[73.660338,21.891255],[73.66033,21.891249],[73.660301,21.891243],[73.660297,21.891241],[73.660275,21.891237],[73.660266,21.89124],[73.660244,21.891234],[73.660234,21.891236],[73.660211,21.891235],[73.660201,21.89123],[73.660168,21.891221],[73.660146,21.891225],[73.660124,21.891221],[73.660104,21.891222],[73.66007,21.891225],[73.660054,21.891231],[73.660008,21.891235],[73.659996,21.89124],[73.659989,21.891239],[73.659986,21.891244],[73.659975,21.891248],[73.65997,21.891246],[73.659958,21.891249],[73.659946,21.891256],[73.65993,21.891258],[73.659915,21.891266],[73.65991,21.891264],[73.659888,21.89127],[73.659874,21.891275],[73.659854,21.891288],[73.659843,21.891291],[73.659813,21.891309],[73.659796,21.891311],[73.659793,21.891316],[73.659747,21.891341],[73.659736,21.891349],[73.659733,21.891355]]}},{"type":"Feature","properties":{"elevation":51},"geometry":{"type":"LineString","coordinates":[[73.660806,21.89142],[73.660795,21.891417],[73.660794,21.891413],[73.660786,21.89141],[73.660771,21.891411],[73.660757,21.891408],[73.660743,21.8914],[73.660731,21.891397],[73.660726,21.891392],[73.660713,21.891391],[73.66071,21.891388],[73.660707,21.891391],[73.660699,21.891391],[73.660699,21.891397],[73.660685,21.89139],[73.660671,21.891388],[73.660644,21.891395],[73.660623,21.891392],[73.660606,21.891396],[73.660587,21.891395],[73.660571,21.891403],[73.660557,21.891406],[73.660547,21.891403],[73.660545,21.891401],[73.660546,21.891397],[73.66054,21.891388],[73.660519,21.891371],[73.660516,21.891366],[73.660509,21.891362],[73.660506,21.891354],[73.6605,21.891354],[73.660487,21.891344],[73.660482,21.891337],[73.660476,21.891334],[73.660473,21.891329],[73.660458,21.891318],[73.660454,21.891309],[73.660447,21.891302],[73.660437,21.891294],[73.660424,21.891289],[73.660419,21.891278],[73.660413,21.891273],[73.660405,21.891272],[73.660396,21.891265],[73.660389,21.891265],[73.660382,21.891259],[73.660374,21.891259],[73.660357,21.891246],[73.660327,21.891234],[73.660281,21.891227],[73.660273,21.891224],[73.660271,21.89122],[73.660258,21.891218],[73.660249,21.891214],[73.660238,21.891214],[73.660229,21.891211],[73.660216,21.891214],[73.660205,21.891211],[73.660194,21.891205],[73.660173,21.891202],[73.660128,21.891205],[73.660119,21.891208],[73.660112,21.891207],[73.660101,21.89121],[73.660081,21.891209],[73.660068,21.891211],[73.66006,21.891215],[73.660041,21.891215],[73.660024,21.891219],[73.660011,21.891218],[73.660002,21.891222],[73.659975,21.891224],[73.659959,21.89123],[73.659923,21.891236],[73.659919,21.89124],[73.659912,21.891242],[73.659906,21.891247],[73.659884,21.891252],[73.659876,21.891251],[73.659869,21.891257],[73.65985,21.891265],[73.659846,21.89127],[73.659835,21.891276],[73.65978,21.891297],[73.65977,21.891306],[73.659749,21.891314],[73.65974,21.891323],[73.659706,21.89134],[73.659695,21.891348],[73.659679,21.891355],[73.659676,21.891358]]}},{"type":"Feature","properties":{"elevation":50},"geometry":{"type":"LineString","coordinates":[[73.660815,21.891391],[73.66079,21.891378],[73.66078,21.891377],[73.660778,21.891373],[73.66077,21.891369],[73.660758,21.891365],[73.660753,21.891367],[73.660753,21.891361],[73.660747,21.89136],[73.660745,21.891363],[73.660744,21.89136],[73.66074,21.89136],[73.660731,21.891365],[73.660728,21.89136],[73.660724,21.891363],[73.66072,21.891361],[73.660715,21.891363],[73.660703,21.891361],[73.660698,21.891363],[73.660691,21.891358],[73.660685,21.891357],[73.66067,21.89136],[73.660668,21.891357],[73.660665,21.891359],[73.660665,21.891365],[73.660651,21.891356],[73.660637,21.891362],[73.660632,21.89136],[73.660623,21.891361],[73.660613,21.891366],[73.660605,21.891366],[73.660596,21.891363],[73.660581,21.891365],[73.660573,21.891362],[73.660568,21.891365],[73.660564,21.891365],[73.660561,21.891374],[73.660554,21.891378],[73.660551,21.891374],[73.660552,21.891364],[73.660548,21.891355],[73.660532,21.891343],[73.660528,21.891343],[73.66052,21.891332],[73.660509,21.891325],[73.660504,21.89132],[73.6605,21.89132],[73.6605,21.891316],[73.660494,21.891308],[73.660487,21.891306],[73.660471,21.891291],[73.660463,21.891288],[73.660464,21.891283],[73.660459,21.891279],[73.660403,21.891252],[73.660372,21.891228],[73.660348,21.89122],[73.660333,21.891221],[73.660322,21.891219],[73.660312,21.891213],[73.660293,21.891212],[73.660276,21.891199],[73.660264,21.8912],[73.660257,21.891198],[73.660253,21.891194],[73.660235,21.891198],[73.660228,21.891194],[73.660199,21.891194],[73.660184,21.89119],[73.660175,21.891192],[73.660139,21.891193],[73.660134,21.891195],[73.660126,21.891194],[73.660114,21.8912],[73.660106,21.891198],[73.660101,21.891201],[73.660088,21.891199],[73.660079,21.891202],[73.660033,21.891207],[73.660029,21.89121],[73.660025,21.891208],[73.660017,21.891207],[73.659992,21.891211],[73.659975,21.891212],[73.65995,21.891221],[73.659933,21.891223],[73.659888,21.891237],[73.65988,21.891241],[73.659863,21.891244],[73.659826,21.891262],[73.659812,21.891267],[73.659786,21.891281],[73.659777,21.891282],[73.659712,21.891319],[73.659696,21.891324],[73.659689,21.89133],[73.659656,21.891347],[73.659645,21.89135],[73.659632,21.891358],[73.659628,21.891356],[73.659625,21.891358],[73.659611,21.891359],[73.65961,21.891361]]}},{"type":"Feature","properties":{"elevation":49},"geometry":{"type":"LineString","coordinates":[[73.660827,21.891357],[73.660816,21.891349],[73.6608,21.891345],[73.660787,21.891334],[73.66078,21.891334],[73.660768,21.89133],[73.660761,21.891326],[73.660754,21.891329],[73.660742,21.891325],[73.660735,21.891332],[73.660729,21.891332],[73.66072,21.891336],[73.660706,21.891336],[73.660684,21.89133],[73.660677,21.891333],[73.660671,21.891329],[73.660662,21.891331],[73.660655,21.89133],[73.66065,21.891333],[73.660644,21.891329],[73.660635,21.891328],[73.660614,21.891331],[73.660607,21.891328],[73.660596,21.891327],[73.660594,21.891325],[73.660591,21.891326],[73.660574,21.89132],[73.660558,21.89133],[73.660553,21.891326],[73.660557,21.891319],[73.660554,21.891312],[73.660548,21.891311],[73.660545,21.891313],[73.660534,21.891309],[73.660528,21.891305],[73.660525,21.891298],[73.660514,21.891293],[73.660511,21.891286],[73.660503,21.891284],[73.660492,21.891276],[73.660489,21.891271],[73.660481,21.89127],[73.660456,21.891252],[73.66045,21.891253],[73.660431,21.891244],[73.660422,21.891237],[73.660417,21.891238],[73.660415,21.891232],[73.6604,21.891223],[73.660382,21.891219],[73.660374,21.891216],[73.660367,21.891209],[73.660354,21.891207],[73.660349,21.891204],[73.660335,21.891205],[73.660315,21.891197],[73.660308,21.891198],[73.660288,21.891192],[73.660279,21.891193],[73.660262,21.891185],[73.660223,21.891186],[73.66022,21.891185],[73.660202,21.891184],[73.660198,21.891181],[73.66019,21.891183],[73.660165,21.89118],[73.66016,21.891182],[73.660131,21.891181],[73.660125,21.891184],[73.660114,21.89118],[73.660103,21.891181],[73.660092,21.891185],[73.660088,21.891181],[73.660082,21.891179],[73.660071,21.89118],[73.660072,21.891175],[73.66007,21.891172],[73.660064,21.891178],[73.660045,21.891172],[73.660015,21.89117],[73.660003,21.891168],[73.659981,21.891172],[73.65999,21.891167],[73.659989,21.891165],[73.659986,21.891167],[73.659964,21.891168],[73.659959,21.891171],[73.659949,21.891172],[73.659941,21.891175],[73.659905,21.891183],[73.65989,21.891196],[73.659887,21.891191],[73.659881,21.891189],[73.659869,21.891191],[73.659852,21.891198],[73.659849,21.891197],[73.65984,21.891203],[73.659834,21.891205],[73.65983,21.891209],[73.659817,21.891215],[73.659809,21.891216],[73.659787,21.89123],[73.659773,21.891234],[73.659767,21.891239],[73.659758,21.891241],[73.659746,21.891246],[73.659736,21.891252],[73.659728,21.891259],[73.659719,21.891262],[73.659704,21.891272],[73.659691,21.891276],[73.659686,21.891281],[73.659663,21.891289],[73.659655,21.891294],[73.659619,21.891308],[73.659613,21.891308],[73.659608,21.891315],[73.659599,21.891319],[73.659554,21.891332],[73.659542,21.89133],[73.65953,21.891331],[73.65952,21.891328],[73.659511,21.891334],[73.659502,21.891334],[73.659498,21.891333],[73.659495,21.891335],[73.659467,21.891338],[73.659452,21.891344],[73.659445,21.891344],[73.659437,21.891354]]}},{"type":"Feature","properties":{"elevation":48},"geometry":{"type":"LineString","coordinates":[[73.660834,21.891333],[73.66082,21.891323],[73.660802,21.89132],[73.660799,21.891317],[73.660799,21.891312],[73.660796,21.89131],[73.660792,21.891311],[73.660792,21.891308],[73.660784,21.891304],[73.660776,21.891306],[73.660766,21.891305],[73.660759,21.891307],[73.66074,21.891307],[73.660733,21.891305],[73.660723,21.891308],[73.66072,21.891302],[73.660711,21.891301],[73.660706,21.891303],[73.660693,21.891294],[73.66068,21.891297],[73.660674,21.891294],[73.660671,21.891298],[73.660663,21.891292],[73.660653,21.891295],[73.660649,21.891291],[73.660642,21.891294],[73.660636,21.891292],[73.660635,21.891297],[73.660633,21.891295],[73.660617,21.891294],[73.660601,21.891288],[73.660595,21.891282],[73.660587,21.891279],[73.660583,21.89128],[73.660579,21.891277],[73.66057,21.891277],[73.66056,21.89127],[73.660554,21.89127],[73.660544,21.891265],[73.66054,21.891264],[73.660536,21.891267],[73.660531,21.891264],[73.660533,21.891267],[73.660531,21.891267],[73.660528,21.891264],[73.660511,21.891257],[73.660504,21.891249],[73.660494,21.891244],[73.660493,21.89124],[73.660479,21.891241],[73.660477,21.891237],[73.66047,21.891237],[73.660461,21.891233],[73.660456,21.891233],[73.660444,21.891227],[73.66044,21.891222],[73.660439,21.891217],[73.660436,21.891219],[73.660424,21.89121],[73.660411,21.891205],[73.660378,21.891201],[73.660372,21.891196],[73.660351,21.891196],[73.660346,21.891193],[73.660332,21.891192],[73.66032,21.891183],[73.660316,21.891184],[73.660311,21.891176],[73.660298,21.891168],[73.660288,21.891164],[73.660281,21.891166],[73.660279,21.891163],[73.660269,21.89116],[73.660281,21.891153],[73.660267,21.891149],[73.660265,21.891144],[73.660258,21.891144],[73.660252,21.891152],[73.660245,21.891153],[73.660214,21.891146],[73.6602,21.891137],[73.660179,21.891138],[73.660153,21.891135],[73.660131,21.891141],[73.660125,21.89114],[73.660124,21.891137],[73.660113,21.891142],[73.660095,21.89114],[73.660084,21.891143],[73.660056,21.891141],[73.660047,21.891145],[73.660007,21.891151],[73.659995,21.891149],[73.659977,21.891153],[73.659963,21.891152],[73.659914,21.891168],[73.65987,21.891175],[73.659844,21.891183],[73.659838,21.891179],[73.659835,21.89118],[73.659832,21.891179],[73.65983,21.891184],[73.659826,21.891183],[73.659821,21.891185],[73.6598,21.891202],[73.659797,21.891201],[73.659786,21.891204],[73.659758,21.891215],[73.659749,21.891214],[73.659724,21.891232],[73.659717,21.891234],[73.659715,21.891238],[73.659706,21.89124],[73.659696,21.891249],[73.659688,21.89125],[73.659687,21.891253],[73.659682,21.891256],[73.659675,21.891255],[73.659653,21.891269],[73.659646,21.891268],[73.659637,21.891273],[73.659628,21.891272],[73.659611,21.89128],[73.659598,21.891278],[73.65959,21.891281],[73.659583,21.891282],[73.659579,21.891288],[73.659567,21.891286],[73.659561,21.891289],[73.659554,21.891286],[73.659547,21.89129],[73.659538,21.891288],[73.659532,21.89129],[73.65952,21.891289],[73.659512,21.891287],[73.659511,21.891281],[73.659502,21.891286],[73.65948,21.891288],[73.65948,21.89129],[73.659483,21.891292],[73.659482,21.891296],[73.659477,21.891294],[73.65947,21.891296],[73.659464,21.891303],[73.659461,21.891303],[73.659457,21.891306],[73.659452,21.891306],[73.659445,21.891311],[73.659433,21.891313],[73.659393,21.891332],[73.659376,21.891346],[73.659376,21.891351]]}},{"type":"Feature","properties":{"elevation":47},"geometry":{"type":"LineString","coordinates":[[73.660845,21.891301],[73.660831,21.891297],[73.660825,21.891291],[73.660821,21.891292],[73.660808,21.891288],[73.660805,21.891284],[73.660794,21.891284],[73.660788,21.891282],[73.660786,21.891282],[73.660787,21.891287],[73.660783,21.891287],[73.660758,21.891279],[73.660738,21.891279],[73.660736,21.891277],[73.660723,21.891272],[73.660727,21.891267],[73.660725,21.891263],[73.660721,21.891261],[73.660717,21.891263],[73.660705,21.891256],[73.660701,21.891258],[73.660699,21.891254],[73.660687,21.891254],[73.660681,21.891252],[73.660668,21.891254],[73.660655,21.891252],[73.660647,21.891249],[73.660637,21.891256],[73.660629,21.891248],[73.660615,21.891244],[73.660613,21.89124],[73.660608,21.891239],[73.660591,21.891244],[73.660583,21.891243],[73.660578,21.891236],[73.660537,21.891233],[73.660532,21.891231],[73.660531,21.891227],[73.660523,21.89123],[73.660508,21.891219],[73.660502,21.891219],[73.660492,21.891214],[73.660485,21.891214],[73.660448,21.891204],[73.660434,21.891204],[73.660427,21.891199],[73.66042,21.8912],[73.660407,21.891189],[73.660399,21.891188],[73.660396,21.891166],[73.660371,21.891158],[73.660366,21.891155],[73.660366,21.89115],[73.66036,21.891149],[73.660357,21.891146],[73.66035,21.891147],[73.660337,21.891142],[73.660332,21.891144],[73.660317,21.89114],[73.66031,21.891141],[73.660293,21.891137],[73.660285,21.891132],[73.660264,21.89113],[73.660253,21.891127],[73.660236,21.891129],[73.660212,21.891124],[73.660191,21.891125],[73.660169,21.891121],[73.660145,21.891122],[73.660138,21.89112],[73.660121,21.891124],[73.660106,21.891123],[73.66009,21.891127],[73.660054,21.891126],[73.660049,21.891129],[73.660029,21.891129],[73.660011,21.891131],[73.659997,21.89113],[73.659985,21.891133],[73.659947,21.891139],[73.659942,21.891141],[73.659922,21.891139],[73.659901,21.891141],[73.659883,21.891146],[73.659874,21.891144],[73.659863,21.891148],[73.659846,21.891149],[73.659836,21.891148],[73.659833,21.89115],[73.659822,21.891152],[73.659816,21.891157],[73.659811,21.891155],[73.659802,21.891158],[73.659801,21.89116],[73.659798,21.891159],[73.659795,21.891164],[73.659785,21.891167],[73.659783,21.89117],[73.659769,21.891173],[73.659766,21.891176],[73.659747,21.89118],[73.659743,21.891184],[73.659739,21.891184],[73.659738,21.891188],[73.659727,21.891192],[73.659718,21.89119],[73.65971,21.891196],[73.659709,21.891192],[73.659704,21.891194],[73.659701,21.891197],[73.659689,21.891203],[73.659682,21.891212],[73.65965,21.891234],[73.65964,21.891234],[73.659631,21.891238],[73.659619,21.891236],[73.659603,21.891245],[73.659592,21.891243],[73.659583,21.891248],[73.659577,21.891247],[73.659571,21.891241],[73.659566,21.89124],[73.65956,21.891244],[73.659557,21.891241],[73.659551,21.891242],[73.659549,21.891245],[73.659537,21.89125],[73.659516,21.891247],[73.659511,21.89125],[73.659496,21.891248],[73.65949,21.89125],[73.659476,21.891246],[73.659469,21.891248],[73.659449,21.891261],[73.659432,21.891263],[73.659425,21.891265],[73.659422,21.891271],[73.659413,21.891273],[73.659413,21.89128],[73.659387,21.891294],[73.65938,21.891294],[73.659366,21.891299],[73.659364,21.891295],[73.65936,21.891294],[73.659354,21.891298],[73.659342,21.891298],[73.65934,21.891304],[73.659326,21.89131],[73.659322,21.891318],[73.659313,21.891321],[73.659311,21.891335],[73.659318,21.89134],[73.659323,21.891349]]}},{"type":"Feature","properties":{"elevation":46},"geometry":{"type":"LineString","coordinates":[[73.660864,21.891242],[73.660859,21.891239],[73.660849,21.891243],[73.660839,21.891241],[73.660834,21.891243],[73.660822,21.891239],[73.660806,21.891244],[73.660792,21.891235],[73.660782,21.891232],[73.660772,21.891232],[73.660765,21.891223],[73.660761,21.891222],[73.660746,21.891221],[73.660741,21.891217],[73.660737,21.891219],[73.660736,21.891216],[73.660731,21.891219],[73.660725,21.891211],[73.660715,21.891209],[73.660711,21.891206],[73.6607,21.891207],[73.660688,21.891204],[73.66068,21.891197],[73.660674,21.891196],[73.660669,21.891189],[73.660654,21.891196],[73.660648,21.891202],[73.660645,21.891201],[73.660642,21.891206],[73.660626,21.8912],[73.660628,21.891196],[73.660627,21.891194],[73.660625,21.891195],[73.660622,21.891193],[73.660624,21.891189],[73.660622,21.891186],[73.660602,21.891187],[73.660594,21.891193],[73.660599,21.891202],[73.660587,21.891207],[73.660579,21.891197],[73.660567,21.891198],[73.660564,21.891203],[73.660562,21.891201],[73.660563,21.891199],[73.660559,21.891199],[73.660555,21.891195],[73.660544,21.891191],[73.660501,21.891195],[73.660496,21.89119],[73.660495,21.891181],[73.660489,21.891182],[73.660475,21.891165],[73.660461,21.891154],[73.660447,21.89115],[73.660426,21.891149],[73.660412,21.891143],[73.660393,21.891141],[73.660389,21.891142],[73.66038,21.891138],[73.660353,21.891133],[73.66035,21.891131],[73.660322,21.891127],[73.660311,21.891122],[73.660308,21.891123],[73.660291,21.891117],[73.660282,21.891118],[73.660276,21.891111],[73.660264,21.891113],[73.660238,21.891108],[73.660224,21.891112],[73.660219,21.891111],[73.660213,21.891106],[73.66021,21.891108],[73.66021,21.891104],[73.660195,21.891105],[73.660193,21.891103],[73.660165,21.891104],[73.660149,21.891099],[73.660134,21.891106],[73.66011,21.8911],[73.660097,21.891101],[73.66009,21.891104],[73.660086,21.891098],[73.660083,21.891103],[73.660078,21.891099],[73.660069,21.8911],[73.660068,21.891104],[73.660042,21.891105],[73.660035,21.891101],[73.660027,21.891104],[73.660018,21.891105],[73.660013,21.8911],[73.659997,21.891104],[73.659994,21.891102],[73.659992,21.891105],[73.659986,21.891106],[73.659969,21.891105],[73.659956,21.891106],[73.659943,21.891102],[73.659933,21.891105],[73.659923,21.891104],[73.65991,21.891111],[73.659878,21.891112],[73.659864,21.89111],[73.659813,21.891122],[73.659785,21.891131],[73.659781,21.891136],[73.65975,21.891146],[73.659734,21.891155],[73.659711,21.89116],[73.659696,21.891171],[73.659671,21.891178],[73.659661,21.891186],[73.659645,21.891193],[73.659643,21.891196],[73.659639,21.891195],[73.659632,21.891198],[73.659623,21.891192],[73.659621,21.891195],[73.659608,21.8912],[73.659599,21.891197],[73.659597,21.891202],[73.659585,21.8912],[73.659578,21.891205],[73.659547,21.891205],[73.659541,21.891209],[73.659514,21.891215],[73.659503,21.891212],[73.659499,21.891214],[73.659489,21.891212],[73.659483,21.891215],[73.659465,21.891213],[73.659444,21.891227],[73.659423,21.891235],[73.659417,21.891234],[73.659396,21.891239],[73.659396,21.89124],[73.659388,21.89124],[73.659383,21.891245],[73.659374,21.891247],[73.659368,21.891253],[73.659356,21.891251],[73.659352,21.891254],[73.659343,21.891253],[73.659341,21.891256],[73.659338,21.891254],[73.659333,21.89126],[73.659327,21.891258],[73.659321,21.891265],[73.659318,21.891263],[73.659302,21.891265],[73.659294,21.891267],[73.659291,21.891271],[73.659282,21.891271],[73.659279,21.891276],[73.659274,21.891278],[73.659265,21.891279],[73.659246,21.891288],[73.65924,21.891286],[73.659232,21.891294],[73.659228,21.891302],[73.659229,21.891311],[73.659232,21.891319],[73.659246,21.891332],[73.659251,21.891345]]}},{"type":"Feature","properties":{"elevation":45},"geometry":{"type":"LineString","coordinates":[[73.660876,21.891184],[73.660868,21.89118],[73.660857,21.891186],[73.660794,21.891175],[73.660765,21.891177],[73.660758,21.891174],[73.660754,21.891168],[73.660753,21.891171],[73.660749,21.891171],[73.660746,21.891168],[73.660731,21.891163],[73.66073,21.891167],[73.660716,21.891158],[73.660711,21.891151],[73.660705,21.891148],[73.660699,21.89115],[73.6607,21.891147],[73.660696,21.891145],[73.660691,21.891146],[73.660691,21.891151],[73.660683,21.891147],[73.660675,21.891148],[73.660673,21.891151],[73.660665,21.89115],[73.660658,21.891154],[73.66065,21.891162],[73.660642,21.89116],[73.660636,21.891167],[73.660631,21.891169],[73.660617,21.891168],[73.660603,21.891162],[73.660598,21.891163],[73.660594,21.891166],[73.660586,21.891161],[73.660581,21.891163],[73.660576,21.891162],[73.660571,21.891166],[73.660563,21.89116],[73.660554,21.891161],[73.660553,21.891156],[73.660547,21.891155],[73.660542,21.891152],[73.660536,21.891153],[73.660542,21.891143],[73.66054,21.89114],[73.660531,21.891141],[73.660532,21.891134],[73.66052,21.891131],[73.660505,21.891134],[73.660504,21.891128],[73.660501,21.891133],[73.660497,21.891132],[73.660492,21.891137],[73.660488,21.891137],[73.660486,21.891135],[73.660482,21.89114],[73.660473,21.891138],[73.66046,21.891129],[73.660456,21.89113],[73.660454,21.891127],[73.660448,21.891129],[73.660433,21.891124],[73.660422,21.891125],[73.660408,21.891118],[73.660401,21.891119],[73.660394,21.891114],[73.660381,21.89111],[73.660375,21.891112],[73.660359,21.891105],[73.660349,21.891106],[73.660329,21.891098],[73.660324,21.891099],[73.660322,21.891095],[73.660305,21.891095],[73.660296,21.891089],[73.660259,21.891084],[73.66022,21.891084],[73.660212,21.891081],[73.660204,21.891081],[73.660196,21.891077],[73.660167,21.891077],[73.660136,21.89107],[73.660118,21.891074],[73.660094,21.891072],[73.660057,21.891073],[73.660022,21.891079],[73.660018,21.891077],[73.65999,21.891074],[73.659982,21.891071],[73.659955,21.891073],[73.659949,21.891077],[73.659935,21.891076],[73.659929,21.891073],[73.65991,21.891077],[73.659903,21.891075],[73.65989,21.891075],[73.659877,21.89108],[73.65985,21.891079],[73.659833,21.891085],[73.659817,21.891086],[73.659808,21.89109],[73.659794,21.891092],[73.659774,21.891102],[73.65977,21.891107],[73.659759,21.891109],[73.659747,21.891116],[73.659739,21.891116],[73.659732,21.891123],[73.659722,21.891123],[73.659718,21.891126],[73.659711,21.891127],[73.659707,21.891125],[73.659706,21.89113],[73.659696,21.891135],[73.659695,21.891137],[73.65968,21.891141],[73.659673,21.891146],[73.659661,21.891149],[73.65965,21.891148],[73.659647,21.891151],[73.659632,21.89115],[73.659622,21.891156],[73.659604,21.891163],[73.659595,21.891162],[73.659594,21.891166],[73.659585,21.891169],[73.659556,21.891176],[73.659548,21.891175],[73.659545,21.891178],[73.65953,21.89118],[73.659493,21.891183],[73.659488,21.891181],[73.659478,21.891183],[73.659469,21.891182],[73.659428,21.891192],[73.659425,21.891195],[73.659412,21.891199],[73.659393,21.891199],[73.659387,21.891202],[73.659379,21.8912],[73.659354,21.891199],[73.659344,21.891195],[73.659317,21.891197],[73.659296,21.891204],[73.659296,21.891211],[73.65929,21.891217],[73.659288,21.891212],[73.659282,21.891216],[73.659274,21.891213],[73.659274,21.891217],[73.659276,21.891221],[73.659266,21.891229],[73.659253,21.891229],[73.659247,21.891234],[73.659225,21.891236],[73.659219,21.891237],[73.659216,21.891241],[73.659191,21.891242],[73.659186,21.891245],[73.659182,21.891244],[73.659187,21.891239],[73.659186,21.891235],[73.659177,21.891233],[73.659169,21.891235],[73.659157,21.891243],[73.659155,21.891247],[73.659146,21.891252],[73.659147,21.891257],[73.659151,21.891257],[73.659158,21.891262],[73.659155,21.89127],[73.659149,21.891267],[73.659144,21.891267],[73.659145,21.891257],[73.659135,21.891255],[73.659129,21.891259],[73.659141,21.891264],[73.65914,21.891271],[73.659147,21.891268],[73.659152,21.891275],[73.659148,21.891278],[73.659147,21.891284],[73.659143,21.891282],[73.659141,21.891283],[73.659148,21.8913],[73.659154,21.891305],[73.659153,21.891309],[73.659158,21.891319],[73.659171,21.891326],[73.659178,21.891326],[73.659184,21.891331],[73.659188,21.891331],[73.659194,21.891342]]}},{"type":"Feature","properties":{"elevation":47},"geometry":{"type":"LineString","coordinates":[[73.660901,21.890992],[73.66089,21.890984],[73.660879,21.89098],[73.660875,21.890975],[73.660865,21.890974],[73.660858,21.890964],[73.660848,21.890966],[73.660843,21.890962],[73.660836,21.89096],[73.660835,21.890956],[73.66083,21.890952],[73.660813,21.890944],[73.660788,21.890941],[73.660773,21.890942],[73.660748,21.890932],[73.660739,21.89093],[73.660733,21.890935],[73.660737,21.890943],[73.660742,21.890946],[73.660759,21.890967],[73.660759,21.890972],[73.660768,21.890978],[73.660777,21.890992],[73.660776,21.890994],[73.660781,21.890995],[73.660781,21.891001],[73.660788,21.891005],[73.660792,21.891021],[73.660808,21.891039],[73.660811,21.891046],[73.660815,21.891047],[73.660816,21.891051],[73.660822,21.891056],[73.660827,21.891065],[73.660826,21.891068],[73.660832,21.891072],[73.66083,21.891078],[73.660821,21.89108],[73.66083,21.891087],[73.660831,21.891094],[73.660842,21.891102],[73.660852,21.891105],[73.660859,21.89112],[73.660869,21.891122],[73.660882,21.891134]]}},{"type":"Feature","properties":{"elevation":42},"geometry":{"type":"LineString","coordinates":[[73.6582,21.890863],[73.658196,21.890864],[73.658173,21.89088],[73.65817,21.890876],[73.658167,21.89088],[73.65817,21.890888],[73.65816,21.890891],[73.658165,21.890908],[73.658171,21.890911],[73.658174,21.89091],[73.658178,21.890913],[73.658183,21.890911],[73.658185,21.890905],[73.65819,21.890905],[73.65819,21.890901],[73.658192,21.890903],[73.658198,21.890902],[73.658198,21.890909],[73.658201,21.890906],[73.658203,21.890908],[73.658191,21.890917],[73.65819,21.890916],[73.658191,21.890909],[73.658186,21.890912],[73.658187,21.890916],[73.658191,21.890918],[73.658187,21.890923],[73.65818,21.890924],[73.658177,21.890918],[73.658173,21.89092],[73.658176,21.890931],[73.658162,21.890943],[73.65816,21.890953],[73.658162,21.890958],[73.658175,21.890975],[73.658201,21.890994],[73.658223,21.891001],[73.658262,21.891007],[73.658268,21.891012],[73.658273,21.891011],[73.658278,21.891004],[73.658275,21.890995],[73.658276,21.890977],[73.65827,21.890968],[73.658273,21.890957],[73.65827,21.890955],[73.65827,21.890951],[73.658249,21.890937],[73.658244,21.890931],[73.658243,21.890917],[73.658245,21.890899],[73.658242,21.890892],[73.658245,21.890887],[73.658243,21.89088],[73.65824,21.890877],[73.658236,21.890879],[73.658237,21.890884],[73.658227,21.890895],[73.658228,21.890899],[73.658226,21.890902],[73.658221,21.890901],[73.658222,21.890891],[73.658219,21.89089],[73.65821,21.890893],[73.6582,21.890892],[73.658198,21.890894],[73.658198,21.890899],[73.658194,21.890898],[73.65819,21.8909],[73.65819,21.890895],[73.658197,21.890891],[73.658198,21.890884],[73.658206,21.890877],[73.6582,21.890863]]}},{"type":"Feature","properties":{"elevation":41},"geometry":{"type":"LineString","coordinates":[[73.659052,21.890732],[73.659064,21.890736],[73.659071,21.890743],[73.659081,21.890742],[73.65909,21.890739],[73.659093,21.890742],[73.659096,21.890738],[73.659108,21.890743],[73.659124,21.890743],[73.659134,21.890748],[73.659156,21.890753],[73.659162,21.890759],[73.659164,21.890768],[73.659184,21.890772],[73.659189,21.890778],[73.659187,21.890782],[73.659194,21.890782],[73.659204,21.890789],[73.659217,21.890788],[73.65922,21.89079],[73.659223,21.890788],[73.659227,21.890792],[73.659228,21.89079],[73.659225,21.890786],[73.659219,21.890785],[73.659229,21.890784],[73.659233,21.890787],[73.659234,21.890792],[73.65924,21.890794],[73.659251,21.890789],[73.659263,21.890787],[73.659272,21.890796],[73.659286,21.890792],[73.6593,21.890798],[73.659306,21.890795],[73.659306,21.890789],[73.659308,21.890783],[73.65931,21.890783],[73.659323,21.890791],[73.659328,21.890796],[73.659329,21.890804],[73.659333,21.890806],[73.659343,21.890807],[73.659352,21.890804],[73.659355,21.890801],[73.659356,21.890797],[73.659358,21.890795],[73.659362,21.890795],[73.65937,21.890799],[73.6594,21.890799],[73.659415,21.890804],[73.659421,21.89081],[73.659429,21.890809],[73.659429,21.890816],[73.659434,21.890822],[73.659436,21.89082],[73.659438,21.890826],[73.65944,21.890824],[73.659439,21.890822],[73.659441,21.89082],[73.659445,21.890822],[73.659447,21.890826],[73.659451,21.890824],[73.659458,21.890828],[73.659465,21.890826],[73.659471,21.89082],[73.659473,21.890816],[73.659467,21.89081],[73.659475,21.89081],[73.659483,21.890814],[73.659485,21.890819],[73.6595,21.890817],[73.659503,21.890819],[73.659508,21.890828],[73.659513,21.890831],[73.659512,21.890847],[73.659518,21.890855],[73.659524,21.890858],[73.659528,21.890857],[73.659534,21.89085],[73.659543,21.890847],[73.659543,21.890838],[73.659547,21.890836],[73.659551,21.890838],[73.659563,21.890852],[73.659571,21.890858],[73.659609,21.890861],[73.659625,21.890869],[73.659647,21.890873],[73.659655,21.89087],[73.659663,21.890855],[73.659672,21.890847],[73.659676,21.890846],[73.659684,21.890853],[73.659681,21.890869],[73.659683,21.89088],[73.659687,21.890887],[73.659692,21.89089],[73.65973,21.890883],[73.659749,21.890869],[73.659782,21.890868],[73.659789,21.890864],[73.659795,21.890867],[73.659823,21.89087],[73.659829,21.890877],[73.659834,21.890879],[73.659842,21.89088],[73.65985,21.890878],[73.659883,21.890887],[73.659892,21.890891],[73.659916,21.890889],[73.659955,21.89089],[73.659967,21.890895],[73.659978,21.890906],[73.659991,21.890903],[73.660002,21.890906],[73.66002,21.890925],[73.660032,21.890931],[73.660046,21.890935],[73.66008,21.890935],[73.660089,21.890932],[73.6601,21.890923],[73.660108,21.890922],[73.660132,21.890936],[73.660146,21.890939],[73.660151,21.890945],[73.660163,21.890946],[73.660171,21.890953],[73.660155,21.890951],[73.660149,21.890946],[73.660143,21.890946],[73.660135,21.890942],[73.660126,21.890945],[73.660117,21.89094],[73.660105,21.890936],[73.660094,21.890944],[73.660086,21.890942],[73.660084,21.89095],[73.660073,21.890952],[73.660056,21.890967],[73.660052,21.890965],[73.66005,21.890958],[73.660043,21.890959],[73.660035,21.890957],[73.660028,21.89095],[73.660021,21.890953],[73.660015,21.89095],[73.660012,21.890951],[73.659995,21.890939],[73.659987,21.890944],[73.659976,21.890941],[73.659973,21.890945],[73.65997,21.890943],[73.659967,21.890946],[73.659963,21.89094],[73.659958,21.890939],[73.659955,21.890944],[73.659957,21.89095],[73.659955,21.890952],[73.659948,21.890944],[73.659942,21.890943],[73.65994,21.890939],[73.659929,21.890943],[73.659922,21.890948],[73.659915,21.890949],[73.659909,21.89094],[73.659906,21.89094],[73.659903,21.890937],[73.659896,21.890942],[73.659881,21.890943],[73.659872,21.890951],[73.659871,21.890959],[73.659867,21.890963],[73.659864,21.890957],[73.659864,21.890952],[73.659868,21.890949],[73.659866,21.890945],[73.659857,21.890945],[73.659855,21.890948],[73.659854,21.89094],[73.659849,21.890941],[73.659851,21.890938],[73.659831,21.89093],[73.659839,21.890922],[73.659842,21.890913],[73.65984,21.890906],[73.659849,21.890903],[73.659851,21.890899],[73.659845,21.890894],[73.659833,21.890895],[73.659825,21.890893],[73.659822,21.890895],[73.659824,21.890898],[73.659824,21.890903],[73.659813,21.890902],[73.659803,21.890894],[73.659798,21.890895],[73.659795,21.890902],[73.659792,21.890904],[73.659792,21.890908],[73.65978,21.890909],[73.659781,21.890914],[73.659789,21.890921],[73.659791,21.890928],[73.659794,21.890927],[73.659794,21.890925],[73.659798,21.890929],[73.659813,21.890928],[73.659814,21.890929],[73.659811,21.890939],[73.659815,21.890945],[73.659792,21.890955],[73.659781,21.890954],[73.659777,21.89095],[73.65977,21.890952],[73.659766,21.89095],[73.659788,21.890943],[73.659783,21.890939],[73.659783,21.890937],[73.659786,21.890938],[73.659785,21.890934],[73.659788,21.890932],[73.659786,21.89093],[73.659783,21.890926],[73.659778,21.890928],[73.659772,21.890926],[73.659763,21.890928],[73.659761,21.890932],[73.659743,21.890931],[73.659737,21.890934],[73.659735,21.89093],[73.659726,21.890934],[73.659723,21.890938],[73.6597,21.89094],[73.659697,21.890942],[73.659692,21.890937],[73.659683,21.890937],[73.659678,21.890933],[73.659667,21.890934],[73.659658,21.890938],[73.659637,21.890933],[73.659612,21.890931],[73.659609,21.890929],[73.6596,21.890931],[73.659596,21.890929],[73.659592,21.89093],[73.65959,21.890933],[73.659585,21.890932],[73.659585,21.890936],[73.659569,21.890937],[73.659568,21.890944],[73.659562,21.890941],[73.659561,21.890934],[73.659557,21.890937],[73.659557,21.890943],[73.659551,21.890946],[73.659534,21.890946],[73.659528,21.890943],[73.659507,21.890945],[73.659485,21.890955],[73.659461,21.890955],[73.659457,21.890957],[73.659441,21.890955],[73.659424,21.890959],[73.659419,21.890954],[73.659413,21.89096],[73.659393,21.89096],[73.659349,21.890952],[73.659344,21.89095],[73.659344,21.890947],[73.659341,21.890945],[73.659337,21.890946],[73.659337,21.89095],[73.659332,21.89095],[73.659334,21.890945],[73.659318,21.890948],[73.659311,21.890944],[73.65931,21.890941],[73.659307,21.890941],[73.659307,21.890936],[73.659288,21.890931],[73.659265,21.890919],[73.659259,21.890918],[73.659255,21.890925],[73.65924,21.890925],[73.659236,21.890928],[73.659226,21.890926],[73.659214,21.890922],[73.659217,21.890916],[73.659212,21.890909],[73.659215,21.890904],[73.659208,21.890901],[73.659204,21.890904],[73.659209,21.890909],[73.659205,21.890908],[73.659196,21.890913],[73.659195,21.890919],[73.659182,21.890922],[73.659174,21.890919],[73.659159,21.890922],[73.659132,21.890918],[73.659118,21.890919],[73.659079,21.890912],[73.659073,21.890913],[73.659071,21.890916],[73.659062,21.890918],[73.659055,21.890916],[73.659044,21.890917],[73.659038,21.890907],[73.659042,21.890891],[73.659035,21.890887],[73.659031,21.89089],[73.659024,21.890908],[73.659018,21.890915],[73.659018,21.890919],[73.659016,21.890913],[73.659009,21.890909],[73.65901,21.890906],[73.659014,21.890903],[73.659007,21.890899],[73.659008,21.890894],[73.659018,21.890872],[73.659021,21.890872],[73.65903,21.890865],[73.659035,21.890865],[73.659036,21.890862],[73.659032,21.890857],[73.659027,21.890862],[73.659023,21.89086],[73.659012,21.890858],[73.65901,21.890848],[73.659021,21.890851],[73.659024,21.890849],[73.659023,21.890843],[73.659019,21.890841],[73.659008,21.890843],[73.658996,21.890839],[73.658989,21.890839],[73.658986,21.890847],[73.658986,21.890857],[73.65899,21.890867],[73.658982,21.89087],[73.658975,21.890865],[73.658972,21.890867],[73.658976,21.890901],[73.658974,21.890905],[73.658971,21.890901],[73.658959,21.890898],[73.65896,21.890896],[73.658963,21.890896],[73.658965,21.890892],[73.658963,21.890888],[73.65896,21.890891],[73.658956,21.890889],[73.658958,21.890882],[73.658948,21.890885],[73.658945,21.890893],[73.658943,21.890886],[73.658944,21.890874],[73.658954,21.890878],[73.658956,21.890875],[73.658963,21.890874],[73.658959,21.89087],[73.658969,21.890868],[73.658974,21.890865],[73.658973,21.890852],[73.658965,21.890847],[73.658959,21.890848],[73.658929,21.890845],[73.658921,21.890847],[73.658891,21.890846],[73.658866,21.890849],[73.658842,21.890848],[73.658836,21.89085],[73.658827,21.890848],[73.658817,21.890851],[73.658801,21.890841],[73.6588,21.890845],[73.658792,21.890849],[73.658784,21.89085],[73.65878,21.890843],[73.658773,21.89084],[73.658766,21.890848],[73.658761,21.890844],[73.658755,21.89085],[73.658742,21.890851],[73.65872,21.890852],[73.658693,21.89085],[73.658679,21.890851],[73.658654,21.89085],[73.658619,21.890852],[73.658597,21.890851],[73.658591,21.890848],[73.658587,21.890835],[73.658588,21.890831],[73.658584,21.890821],[73.658581,21.890819],[73.658584,21.890813],[73.658583,21.890806],[73.658584,21.890801],[73.658583,21.890799],[73.658586,21.890797],[73.65858,21.890789],[73.658575,21.890791],[73.658574,21.890795],[73.65857,21.890793],[73.658566,21.890787],[73.658567,21.890783],[73.658562,21.890782],[73.658565,21.890776],[73.658575,21.89077],[73.658578,21.890774],[73.658588,21.890776],[73.658589,21.890772],[73.658592,21.890772],[73.658607,21.890774],[73.658611,21.890778],[73.658614,21.890774],[73.658616,21.890776],[73.658614,21.890779],[73.658618,21.890779],[73.65862,21.890783],[73.658629,21.890784],[73.658635,21.890775],[73.658609,21.890765],[73.658601,21.890765],[73.658589,21.890759],[73.658564,21.890751],[73.65862,21.890764],[73.658628,21.890763],[73.658632,21.890767],[73.658631,21.890769],[73.658636,21.890771],[73.658639,21.890768],[73.658645,21.890769],[73.658653,21.890767],[73.658656,21.89077],[73.65866,21.890769],[73.658661,21.890767],[73.658658,21.890765],[73.658652,21.890766],[73.658654,21.890761],[73.658645,21.890757],[73.658651,21.890758],[73.658653,21.890755],[73.658669,21.890755],[73.658673,21.890759],[73.658685,21.890764],[73.658668,21.890763],[73.658664,21.890767],[73.658668,21.890771],[73.658688,21.890774],[73.658691,21.890778],[73.658694,21.890778],[73.658699,21.890781],[73.658706,21.890779],[73.658711,21.890785],[73.658705,21.890791],[73.658708,21.890803],[73.658706,21.890822],[73.658715,21.890846],[73.658726,21.890846],[73.658732,21.890845],[73.658735,21.890842],[73.658727,21.890832],[73.658724,21.890823],[73.658729,21.890816],[73.658739,21.890812],[73.658748,21.8908],[73.658747,21.890794],[73.658733,21.890789],[73.658742,21.890788],[73.658748,21.89079],[73.658757,21.89079],[73.658763,21.890793],[73.658784,21.890791],[73.658793,21.890786],[73.658784,21.890782],[73.658785,21.890779],[73.65878,21.890782],[73.658769,21.890778],[73.658757,21.890779],[73.65874,21.890776],[73.658734,21.890773],[73.658734,21.890772],[73.658773,21.890773],[73.658795,21.890777],[73.658801,21.890782],[73.658805,21.890777],[73.658811,21.890778],[73.658816,21.890776],[73.658821,21.890778],[73.658827,21.890774],[73.658827,21.890769],[73.658831,21.89077],[73.658835,21.890766],[73.658833,21.890758],[73.658825,21.890757],[73.65882,21.890749],[73.658822,21.890748],[73.658828,21.89075],[73.658831,21.890755],[73.658834,21.890752],[73.658839,21.890753],[73.658845,21.890761],[73.658865,21.890754],[73.658864,21.890759],[73.658868,21.890763],[73.65888,21.890766],[73.658883,21.890765],[73.658881,21.890769],[73.658888,21.890775],[73.658897,21.890773],[73.658904,21.890767],[73.658909,21.890769],[73.658914,21.890767],[73.65892,21.890768],[73.658925,21.890763],[73.658928,21.890765],[73.658932,21.890761],[73.658939,21.890761],[73.658946,21.890757],[73.658948,21.890762],[73.658953,21.890762],[73.65896,21.890767],[73.658959,21.89077],[73.658964,21.890771],[73.658966,21.890782],[73.658963,21.890783],[73.658963,21.89078],[73.658961,21.890779],[73.658958,21.89078],[73.658958,21.890784],[73.658962,21.890784],[73.658964,21.890791],[73.658967,21.890792],[73.658967,21.890786],[73.658973,21.890782],[73.658977,21.890776],[73.658978,21.890769],[73.658983,21.890767],[73.658976,21.890759],[73.658978,21.890752],[73.658984,21.890749],[73.65899,21.890754],[73.658988,21.89076],[73.658993,21.890769],[73.65899,21.89078],[73.659002,21.890779],[73.659006,21.890781],[73.659,21.890787],[73.658994,21.890786],[73.658992,21.890789],[73.658992,21.890803],[73.658997,21.890809],[73.659002,21.890807],[73.659004,21.890809],[73.659005,21.890803],[73.659009,21.890804],[73.659012,21.890806],[73.659015,21.890812],[73.659018,21.890812],[73.65902,21.890815],[73.659026,21.890817],[73.659028,21.890813],[73.659041,21.890809],[73.659038,21.890805],[73.659033,21.890806],[73.659031,21.890802],[73.659033,21.8908],[73.659043,21.890804],[73.659046,21.890809],[73.659062,21.890808],[73.659059,21.890812],[73.659047,21.890813],[73.659035,21.890816],[73.659033,21.890821],[73.659038,21.890825],[73.65904,21.890825],[73.65904,21.890821],[73.659046,21.89082],[73.659048,21.890826],[73.65906,21.89083],[73.659059,21.890832],[73.659062,21.890833],[73.659064,21.890829],[73.65907,21.890825],[73.659074,21.890826],[73.65908,21.890825],[73.659087,21.890821],[73.659088,21.890824],[73.659079,21.890828],[73.659079,21.890832],[73.65909,21.890834],[73.659095,21.89083],[73.659101,21.890831],[73.659104,21.890826],[73.659109,21.890829],[73.659102,21.890812],[73.659091,21.890808],[73.659086,21.890808],[73.659087,21.890812],[73.659091,21.890815],[73.659095,21.890814],[73.6591,21.890821],[73.659096,21.890825],[73.65909,21.890817],[73.659082,21.890818],[73.65908,21.89081],[73.659077,21.89081],[73.659076,21.890808],[73.659084,21.890801],[73.659078,21.8908],[73.659081,21.890792],[73.65907,21.890786],[73.659061,21.890788],[73.659058,21.890793],[73.659053,21.890791],[73.659056,21.890795],[73.659055,21.890798],[73.659058,21.890799],[73.659055,21.890802],[73.659052,21.890802],[73.659053,21.890798],[73.659044,21.890797],[73.659044,21.890802],[73.659039,21.890796],[73.659034,21.890799],[73.659027,21.890799],[73.659028,21.890802],[73.659026,21.890802],[73.659024,21.890797],[73.659018,21.890796],[73.659024,21.89079],[73.659023,21.890786],[73.659028,21.890778],[73.659026,21.890774],[73.659032,21.890775],[73.659037,21.890772],[73.659032,21.89077],[73.659046,21.89076],[73.659049,21.890751],[73.659045,21.890741],[73.659036,21.890737],[73.659047,21.890732],[73.659052,21.890732]]}},{"type":"Feature","properties":{"elevation":42},"geometry":{"type":"LineString","coordinates":[[73.660915,21.890884],[73.660903,21.890876],[73.660903,21.890872],[73.660896,21.890865],[73.66089,21.890866],[73.660875,21.890861],[73.660873,21.890859],[73.660853,21.89087],[73.660844,21.89087],[73.660841,21.890866],[73.660841,21.890858],[73.660826,21.890842],[73.660815,21.890841],[73.660809,21.890837],[73.660807,21.890838],[73.660804,21.890835],[73.660787,21.89083],[73.660781,21.890831],[73.660775,21.890829],[73.660766,21.890832],[73.66076,21.890831],[73.660759,21.890829],[73.660751,21.89083],[73.660741,21.890823],[73.660736,21.890822],[73.660732,21.890824],[73.660721,21.890816],[73.660712,21.890813],[73.660708,21.89081],[73.660708,21.890804],[73.6607,21.8908],[73.660695,21.890801],[73.660689,21.890797],[73.660684,21.8908],[73.66068,21.890799],[73.660671,21.890791],[73.660661,21.890788],[73.660655,21.890779],[73.660642,21.890776],[73.660631,21.890771],[73.660631,21.890767],[73.660638,21.890765],[73.660646,21.890765],[73.660653,21.890761],[73.660652,21.890758],[73.660641,21.890757],[73.660638,21.890749],[73.660609,21.890744],[73.660601,21.890741],[73.660586,21.890742],[73.660575,21.890746],[73.660572,21.890749],[73.660549,21.890738],[73.660523,21.890737],[73.660514,21.890741],[73.660508,21.890742],[73.66048,21.890735],[73.660479,21.890729],[73.660487,21.890709],[73.660492,21.890706],[73.6605,21.890705],[73.660516,21.890709],[73.660541,21.890711],[73.660566,21.890721],[73.660628,21.890724],[73.660658,21.890734],[73.660691,21.890735],[73.660714,21.890749],[73.66074,21.890757],[73.660763,21.890759],[73.660776,21.890769],[73.660797,21.890779],[73.660821,21.890783],[73.660834,21.890792],[73.66087,21.890798],[73.660884,21.890802],[73.660911,21.890804],[73.660925,21.89081]]}},{"type":"Feature","properties":{"elevation":43},"geometry":{"type":"LineString","coordinates":[[73.660909,21.890929],[73.660894,21.890922],[73.660888,21.890915],[73.660884,21.890914],[73.660885,21.89091],[73.660883,21.890906],[73.660878,21.890905],[73.660867,21.890882],[73.66086,21.890885],[73.660857,21.890883],[73.660842,21.890881],[73.660829,21.89087],[73.660823,21.890862],[73.660815,21.890861],[73.660807,21.89085],[73.660792,21.890839],[73.660775,21.890838],[73.660762,21.890841],[73.660746,21.890836],[73.660734,21.890835],[73.660728,21.890832],[73.66071,21.890834],[73.660684,21.890816],[73.660676,21.890815],[73.660662,21.890807],[73.660659,21.890802],[73.660649,21.890795],[73.660647,21.89079],[73.660642,21.89079],[73.660636,21.890785],[73.660629,21.890782],[73.660611,21.890781],[73.660603,21.890773],[73.660596,21.890772],[73.660593,21.890767],[73.660587,21.890767],[73.660577,21.890763],[73.660572,21.890758],[73.660552,21.890749],[73.660525,21.890747],[73.660509,21.890751],[73.660496,21.890751],[73.660477,21.890746],[73.660473,21.890739],[73.660474,21.890726],[73.660484,21.890706],[73.660491,21.890702],[73.660502,21.890701],[73.660535,21.890704],[73.660579,21.890715],[73.660619,21.890718],[73.660659,21.890729],[73.660692,21.89073],[73.660701,21.890733],[73.660715,21.890746],[73.660743,21.890752],[73.660769,21.890755],[73.660786,21.890769],[73.6608,21.890775],[73.660824,21.890778],[73.660841,21.89079],[73.660926,21.890802]]}},{"type":"Feature","properties":{"elevation":44},"geometry":{"type":"LineString","coordinates":[[73.660908,21.890939],[73.660896,21.890938],[73.660878,21.890931],[73.66087,21.890926],[73.660868,21.890922],[73.660858,21.89092],[73.660852,21.890913],[73.660844,21.89091],[73.66084,21.890907],[73.660837,21.890901],[73.660835,21.89089],[73.66082,21.890879],[73.660794,21.890872],[73.660778,21.890871],[73.660766,21.890872],[73.660749,21.890869],[73.66073,21.890859],[73.660724,21.89085],[73.660701,21.890847],[73.660684,21.89084],[73.660681,21.890838],[73.66068,21.89083],[73.660671,21.890821],[73.660652,21.890812],[73.660634,21.890799],[73.660625,21.890797],[73.660616,21.890804],[73.660534,21.890761],[73.66052,21.890758],[73.660494,21.89076],[73.660477,21.890757],[73.66047,21.890744],[73.66047,21.890726],[73.660474,21.890712],[73.660478,21.890705],[73.660486,21.890701],[73.660497,21.890698],[73.660528,21.890699],[73.660569,21.890706],[73.660618,21.890711],[73.660655,21.890724],[73.66068,21.890725],[73.6607,21.890728],[73.660714,21.890741],[73.660721,21.890744],[73.660772,21.890752],[73.66079,21.890767],[73.660828,21.890775],[73.660853,21.890789],[73.660927,21.890798]]}},{"type":"Feature","properties":{"elevation":45},"geometry":{"type":"LineString","coordinates":[[73.660906,21.890956],[73.660879,21.890949],[73.66087,21.890943],[73.660848,21.890936],[73.66084,21.890929],[73.66084,21.890927],[73.660834,21.89092],[73.660824,21.890916],[73.660818,21.890916],[73.660811,21.890911],[73.660809,21.890907],[73.660811,21.890894],[73.660797,21.890892],[73.660793,21.890893],[73.66077,21.890885],[73.660759,21.890885],[73.660724,21.890877],[73.660703,21.890859],[73.660691,21.890858],[73.660669,21.890845],[73.660658,21.890843],[73.660635,21.890828],[73.66063,21.890829],[73.660617,21.890824],[73.660607,21.890815],[73.660599,21.890814],[73.660593,21.890809],[73.660589,21.890811],[73.660584,21.890809],[73.660539,21.890785],[73.660494,21.890769],[73.660469,21.890762],[73.660463,21.890741],[73.660463,21.890731],[73.660469,21.890709],[73.660479,21.890699],[73.660502,21.890693],[73.660528,21.890693],[73.660561,21.890701],[73.660627,21.890707],[73.660653,21.890719],[73.660678,21.89072],[73.6607,21.890725],[73.660708,21.890728],[73.66072,21.89074],[73.66075,21.890746],[73.660775,21.890749],[73.660791,21.890763],[73.660835,21.890773],[73.660858,21.890786],[73.660927,21.890795]]}},{"type":"Feature","properties":{"elevation":46},"geometry":{"type":"LineString","coordinates":[[73.660904,21.890971],[73.66088,21.890963],[73.66087,21.890956],[73.660856,21.890952],[73.660821,21.890933],[73.660797,21.890925],[73.660786,21.890926],[73.66078,21.890923],[73.660777,21.890918],[73.660772,21.890917],[73.660768,21.890903],[73.660764,21.890899],[73.660751,21.890895],[73.660738,21.890897],[73.660721,21.890892],[73.660715,21.890893],[73.660692,21.890874],[73.660667,21.890866],[73.660653,21.890858],[73.660646,21.890852],[73.660616,21.890843],[73.660588,21.890829],[73.660557,21.890818],[73.660543,21.890809],[73.660541,21.890803],[73.660529,21.890799],[73.66052,21.8908],[73.660491,21.890789],[73.660484,21.890783],[73.66048,21.890784],[73.660459,21.890766],[73.660451,21.890743],[73.66045,21.890734],[73.660462,21.890706],[73.660475,21.890695],[73.660503,21.890685],[73.660525,21.890684],[73.660561,21.890695],[73.660583,21.890697],[73.6606,21.890701],[73.660635,21.890702],[73.660655,21.890713],[73.660679,21.890715],[73.660702,21.890722],[73.660722,21.890735],[73.660738,21.890738],[73.660753,21.890743],[73.660778,21.890745],[73.660792,21.890757],[73.660838,21.890769],[73.66085,21.890773],[73.660861,21.890781],[73.660894,21.890784],[73.660928,21.890792]]}},{"type":"Feature","properties":{"elevation":46},"geometry":{"type":"LineString","coordinates":[[73.660936,21.89073],[73.660922,21.890726],[73.66092,21.890723],[73.660922,21.890721],[73.660921,21.890718],[73.660906,21.89071],[73.66087,21.890707],[73.660856,21.89071],[73.660842,21.890717],[73.660837,21.890715],[73.660836,21.89072],[73.660839,21.890723],[73.660839,21.890729],[73.660843,21.890733],[73.66083,21.890735],[73.660824,21.890731],[73.660825,21.890727],[73.660823,21.890725],[73.660814,21.890726],[73.660805,21.890716],[73.660797,21.890714],[73.66079,21.890718],[73.660788,21.890714],[73.660777,21.890712],[73.660768,21.8907],[73.660764,21.8907],[73.660766,21.890694],[73.660763,21.890691],[73.660753,21.890699],[73.660745,21.890693],[73.660745,21.890698],[73.660739,21.890703],[73.660736,21.8907],[73.660736,21.890694],[73.660731,21.890691],[73.660691,21.890684],[73.660688,21.89068],[73.660659,21.890673],[73.660656,21.89067],[73.660649,21.890671],[73.660636,21.890662],[73.660605,21.890661],[73.660585,21.890655],[73.66057,21.890645],[73.660546,21.890641],[73.66054,21.890637],[73.66052,21.890633],[73.660515,21.89063],[73.660486,21.890627],[73.660475,21.890623],[73.660472,21.890625],[73.660458,21.890625],[73.660453,21.890621],[73.660446,21.890621],[73.660442,21.890617],[73.660431,21.890616],[73.660431,21.890612],[73.660412,21.890608],[73.660407,21.890609],[73.660403,21.890605],[73.660396,21.890607],[73.660394,21.890605],[73.660388,21.890605],[73.660385,21.890608],[73.66038,21.890603],[73.660372,21.890607],[73.66037,21.890613],[73.660373,21.890617],[73.660355,21.890638],[73.660351,21.89067],[73.660339,21.8907],[73.660326,21.890713],[73.660302,21.890729],[73.660306,21.890732],[73.66031,21.890742],[73.660301,21.890752],[73.66028,21.890739],[73.660273,21.890738],[73.660269,21.890734],[73.660251,21.890732],[73.660248,21.890729],[73.660243,21.89073],[73.660242,21.890727],[73.660239,21.890731],[73.660235,21.890726],[73.660223,21.890726],[73.660204,21.890721],[73.660174,21.890708],[73.660168,21.890705],[73.660167,21.890701],[73.660163,21.890702],[73.660156,21.890696],[73.660138,21.890693],[73.660119,21.890687],[73.660094,21.890688],[73.660083,21.890686],[73.660072,21.890677],[73.660038,21.890685],[73.660009,21.890684],[73.659992,21.890679],[73.659987,21.890681],[73.659974,21.890675],[73.659967,21.890682],[73.659964,21.890678],[73.659944,21.890674],[73.659905,21.890671],[73.659805,21.890655],[73.65981,21.890659],[73.659811,21.890664],[73.659818,21.890664],[73.659816,21.890661],[73.659819,21.89066],[73.659826,21.89066],[73.659831,21.890666],[73.659838,21.890669],[73.659841,21.890668],[73.659838,21.890665],[73.659844,21.890665],[73.659851,21.89067],[73.659874,21.890674],[73.659878,21.890678],[73.659872,21.890682],[73.659856,21.890684],[73.659817,21.890684],[73.659801,21.89068],[73.659756,21.890678],[73.659737,21.890675],[73.659728,21.890671],[73.659725,21.890673],[73.659723,21.89067],[73.659716,21.890671],[73.659704,21.890668],[73.659689,21.890662],[73.659672,21.890661],[73.659651,21.890656],[73.659625,21.890659],[73.659595,21.890658],[73.659551,21.890647],[73.659546,21.890647],[73.659539,21.890644],[73.659498,21.890638],[73.659488,21.89064],[73.659484,21.890639],[73.659483,21.890641],[73.659474,21.89064],[73.659472,21.890642],[73.659468,21.89064],[73.659466,21.890641],[73.659448,21.890641],[73.659442,21.890637],[73.659437,21.890644],[73.659439,21.890648],[73.659437,21.890651],[73.659452,21.890663],[73.659462,21.890665],[73.659464,21.890668],[73.65947,21.890668],[73.659479,21.890672],[73.659498,21.890676],[73.659506,21.890681],[73.659551,21.890692],[73.659558,21.890697],[73.65958,21.890701],[73.659589,21.890707],[73.659603,21.890706],[73.659608,21.890709],[73.659619,21.890709],[73.659623,21.890707],[73.659638,21.890711],[73.659647,21.890709],[73.659653,21.890714],[73.659659,21.890713],[73.659669,21.890719],[73.659692,21.890723],[73.659701,21.890727],[73.659716,21.890728],[73.659732,21.890734],[73.659773,21.890742],[73.659805,21.890744],[73.659868,21.890761],[73.659896,21.890765],[73.659912,21.890769],[73.659933,21.890779],[73.659953,21.890784],[73.659965,21.890789],[73.659965,21.890792],[73.659955,21.890793],[73.659943,21.890791],[73.65994,21.890788],[73.659921,21.890788],[73.659908,21.890784],[73.659888,21.890783],[73.659884,21.89078],[73.659878,21.89078],[73.659876,21.890782],[73.659879,21.890791],[73.659885,21.890795],[73.659894,21.890795],[73.659901,21.890791],[73.659906,21.890794],[73.65991,21.890792],[73.659928,21.8908],[73.659944,21.890802],[73.659966,21.890809],[73.65998,21.89081],[73.659997,21.890816],[73.660006,21.890816],[73.660015,21.89082],[73.660038,21.890843],[73.660036,21.890854],[73.660038,21.890853],[73.660051,21.890862],[73.660095,21.890868],[73.660114,21.890876],[73.660117,21.890874],[73.660117,21.890869],[73.66012,21.890861],[73.660135,21.890857],[73.660162,21.890854],[73.66019,21.890857],[73.660195,21.890862],[73.660211,21.890868],[73.660234,21.890868],[73.660245,21.890871],[73.660252,21.890876],[73.660262,21.890875],[73.660265,21.890873],[73.660269,21.890877],[73.660282,21.890879],[73.660292,21.890878],[73.660329,21.890885],[73.660337,21.890884],[73.660354,21.89089],[73.660369,21.890892],[73.660385,21.890901],[73.660408,21.890907],[73.660415,21.890906],[73.660418,21.890902],[73.660425,21.890914],[73.660438,21.89092],[73.660441,21.890928],[73.660459,21.890939],[73.660463,21.890939],[73.660466,21.890935],[73.660476,21.89093],[73.660489,21.890937],[73.660511,21.890957],[73.660532,21.890963],[73.660534,21.890967],[73.660532,21.89098],[73.660549,21.890981],[73.660555,21.890987],[73.660563,21.890984],[73.660572,21.890986],[73.660595,21.890985],[73.660627,21.890992],[73.660632,21.890997],[73.660642,21.891001],[73.660649,21.891007],[73.660655,21.891007],[73.660661,21.891014],[73.660664,21.891015],[73.660665,21.89102],[73.660681,21.891025],[73.660684,21.891029],[73.660689,21.89103],[73.660695,21.891037],[73.660703,21.891041],[73.660711,21.891049],[73.660718,21.891051],[73.660723,21.891055],[73.660729,21.891056],[73.66074,21.891064],[73.660754,21.891064],[73.660765,21.89107],[73.660771,21.891075],[73.660774,21.891083],[73.660789,21.891093],[73.660806,21.891098],[73.660829,21.891116],[73.66084,21.891122],[73.660852,21.891124],[73.660863,21.891135],[73.660875,21.89114],[73.660881,21.891146]]}},{"type":"Feature","properties":{"elevation":42},"geometry":{"type":"LineString","coordinates":[[73.658028,21.890538],[73.658034,21.89054],[73.658039,21.890545],[73.658047,21.890546],[73.658059,21.890544],[73.658077,21.890537],[73.658093,21.890537],[73.658105,21.890546],[73.658124,21.890554],[73.658129,21.890562],[73.65813,21.890573],[73.658136,21.890575],[73.658145,21.890591],[73.658148,21.89059],[73.658152,21.890592],[73.658152,21.890597],[73.658147,21.890599],[73.658147,21.890609],[73.658165,21.89062],[73.658163,21.890627],[73.658165,21.890631],[73.658161,21.890632],[73.658158,21.890638],[73.658159,21.890645],[73.658164,21.89065],[73.658168,21.890672],[73.658178,21.890684],[73.658175,21.890687],[73.658175,21.89069],[73.658178,21.890688],[73.658181,21.890691],[73.658181,21.890699],[73.658184,21.890701],[73.658183,21.890706],[73.658185,21.890708],[73.658189,21.890706],[73.658191,21.890699],[73.658207,21.890701],[73.658214,21.890694],[73.658212,21.89068],[73.658215,21.890665],[73.658213,21.890657],[73.658215,21.890653],[73.658212,21.890645],[73.658214,21.890633],[73.658219,21.890626],[73.658224,21.890631],[73.658224,21.890635],[73.658228,21.890634],[73.658225,21.89063],[73.658229,21.890628],[73.658228,21.890621],[73.65823,21.890619],[73.658228,21.890618],[73.658224,21.890618],[73.658224,21.890623],[73.65822,21.890623],[73.658214,21.890608],[73.658216,21.890602],[73.658221,21.890601],[73.658226,21.890583],[73.658221,21.890576],[73.658221,21.890569],[73.658227,21.890567],[73.658232,21.890568],[73.658233,21.890563],[73.658244,21.890557],[73.658252,21.890559],[73.658268,21.890557],[73.658273,21.89056],[73.658286,21.890562],[73.658296,21.890558],[73.658303,21.89056],[73.658317,21.89057],[73.658321,21.890568],[73.658323,21.890571],[73.658332,21.890573],[73.658333,21.890578],[73.658341,21.890579],[73.658347,21.890585],[73.658351,21.890589],[73.658351,21.890593],[73.658363,21.890597],[73.658375,21.890606],[73.658383,21.890605],[73.658397,21.890616],[73.658403,21.890618],[73.658418,21.890616],[73.65844,21.890625],[73.658452,21.890622],[73.658491,21.890627],[73.658501,21.890625],[73.658512,21.890632],[73.658523,21.890636],[73.658553,21.890633],[73.658568,21.890642],[73.65858,21.890641],[73.658587,21.890644],[73.658601,21.890646],[73.658602,21.890648],[73.658631,21.890649],[73.658639,21.890651],[73.658648,21.890649],[73.658657,21.890653],[73.658669,21.890651],[73.658686,21.890656],[73.658698,21.890663],[73.658706,21.890662],[73.658719,21.890666],[73.658732,21.890666],[73.658793,21.890672],[73.658801,21.890676],[73.65881,21.890685],[73.658821,21.890689],[73.65886,21.890689],[73.658888,21.890694],[73.658926,21.890696],[73.658963,21.890712],[73.659001,21.890712],[73.659034,21.890718],[73.659048,21.890722],[73.659061,21.89073],[73.659072,21.890733],[73.659119,21.890735],[73.659151,21.89074],[73.659159,21.890744],[73.659173,21.890757],[73.659205,21.890762],[73.659225,21.890772],[73.65924,21.890777],[73.659294,21.890784],[73.659307,21.89078],[73.659315,21.89078],[73.659341,21.890789],[73.659362,21.890786],[73.659408,21.890787],[73.659439,21.890796],[73.659451,21.890796],[73.659463,21.890801],[73.659494,21.890808],[73.659511,21.890809],[73.659518,21.890806],[73.659518,21.890815],[73.659529,21.890827],[73.659535,21.890828],[73.659552,21.890827],[73.659581,21.890837],[73.659605,21.890837],[73.659623,21.890829],[73.659635,21.890834],[73.659676,21.890834],[73.659688,21.890838],[73.659711,21.890857],[73.659719,21.89086],[73.659725,21.89086],[73.65974,21.890854],[73.659811,21.890857],[73.659824,21.89086],[73.659841,21.89087],[73.659884,21.890878],[73.659955,21.890881],[73.659965,21.890884],[73.659974,21.890894],[73.65998,21.890896],[73.659991,21.890896],[73.660008,21.890893],[73.660018,21.890894],[73.660046,21.890914],[73.66006,21.89092],[73.660074,21.890922],[73.660109,21.89092],[73.66015,21.890928],[73.660169,21.890941],[73.660195,21.890946],[73.66021,21.890953],[73.660272,21.890955],[73.660285,21.890959],[73.660289,21.890965],[73.660288,21.890968],[73.660293,21.890968],[73.660302,21.89097],[73.660308,21.890969],[73.6603,21.890972],[73.660295,21.890978],[73.660299,21.890982],[73.660293,21.890985],[73.660284,21.890987],[73.660267,21.890985],[73.660252,21.890988],[73.660245,21.890985],[73.660231,21.890986],[73.660222,21.890982],[73.660212,21.890983],[73.660203,21.890981],[73.660199,21.890983],[73.660184,21.89098],[73.660179,21.890983],[73.660167,21.890979],[73.66016,21.890983],[73.660154,21.890982],[73.660147,21.890976],[73.660125,21.890972],[73.660117,21.890969],[73.660111,21.890963],[73.660103,21.890962],[73.660093,21.890964],[73.660081,21.890976],[73.660071,21.890976],[73.660059,21.890982],[73.660032,21.890978],[73.660026,21.89098],[73.660015,21.890979],[73.659996,21.890985],[73.659982,21.890982],[73.659977,21.890985],[73.659975,21.89099],[73.659968,21.890987],[73.659961,21.890987],[73.659956,21.890993],[73.659947,21.890998],[73.659942,21.890997],[73.659936,21.891],[73.659923,21.891002],[73.659899,21.891],[73.659885,21.891005],[73.659865,21.891003],[73.659853,21.891006],[73.659823,21.891005],[73.659766,21.891011],[73.659758,21.891007],[73.659748,21.891007],[73.659738,21.891005],[73.659739,21.891001],[73.659734,21.890997],[73.659723,21.890997],[73.659696,21.891005],[73.659682,21.891002],[73.659662,21.891003],[73.659649,21.891007],[73.659643,21.891006],[73.659638,21.891007],[73.659627,21.891016],[73.65961,21.891012],[73.659594,21.891013],[73.659587,21.891017],[73.659571,21.891017],[73.659559,21.891022],[73.659533,21.891026],[73.65951,21.891036],[73.6595,21.891037],[73.659496,21.89104],[73.659483,21.891042],[73.659448,21.891052],[73.659402,21.891061],[73.659389,21.891061],[73.659384,21.891064],[73.65938,21.891063],[73.659381,21.89106],[73.659387,21.891059],[73.659392,21.891052],[73.65943,21.891047],[73.659442,21.89104],[73.659469,21.891038],[73.659499,21.891024],[73.659509,21.891016],[73.659525,21.891013],[73.659539,21.891006],[73.659563,21.891005],[73.659563,21.891001],[73.659568,21.891002],[73.659571,21.890998],[73.659569,21.890996],[73.659565,21.890998],[73.659563,21.890996],[73.65956,21.890996],[73.65956,21.890993],[73.659555,21.890988],[73.659548,21.890991],[73.659543,21.89099],[73.659522,21.890993],[73.65952,21.890996],[73.659516,21.890992],[73.659515,21.890997],[73.659511,21.890999],[73.659498,21.890995],[73.659503,21.890993],[73.6595,21.890991],[73.659486,21.890992],[73.659488,21.890995],[73.659483,21.890998],[73.659479,21.890998],[73.659475,21.891],[73.659468,21.890998],[73.659462,21.891001],[73.659463,21.891006],[73.659461,21.891008],[73.659447,21.89101],[73.659447,21.891019],[73.659441,21.891023],[73.659426,21.891023],[73.659422,21.891026],[73.659407,21.891028],[73.65939,21.891027],[73.659355,21.891041],[73.659349,21.891041],[73.659339,21.891049],[73.65932,21.891056],[73.659308,21.891054],[73.659284,21.891059],[73.65925,21.891057],[73.659247,21.891062],[73.659249,21.891066],[73.659236,21.891067],[73.659226,21.891074],[73.659222,21.89107],[73.659213,21.89107],[73.6592,21.891074],[73.659171,21.891077],[73.659147,21.891064],[73.659141,21.891066],[73.659123,21.891062],[73.659112,21.891064],[73.659107,21.891062],[73.659093,21.891062],[73.659071,21.891066],[73.659067,21.891068],[73.659061,21.891068],[73.659046,21.891077],[73.659045,21.891084],[73.659035,21.891094],[73.659032,21.891103],[73.659032,21.891113],[73.659036,21.89112],[73.65904,21.891131],[73.659035,21.891132],[73.659033,21.891129],[73.659023,21.891125],[73.659019,21.891128],[73.659014,21.891137],[73.659009,21.89114],[73.659003,21.891138],[73.659002,21.891135],[73.659005,21.891132],[73.659,21.891132],[73.658995,21.891126],[73.658989,21.891127],[73.658982,21.891126],[73.658983,21.891124],[73.65899,21.891121],[73.658986,21.891116],[73.658981,21.891117],[73.658963,21.891103],[73.658957,21.891106],[73.65895,21.891093],[73.658941,21.891088],[73.658941,21.89108],[73.658923,21.89108],[73.658917,21.891085],[73.658911,21.891086],[73.658908,21.891076],[73.658898,21.891076],[73.658897,21.89108],[73.658907,21.891085],[73.658906,21.891091],[73.658912,21.891098],[73.658914,21.891111],[73.658911,21.891113],[73.658905,21.891114],[73.658905,21.891122],[73.658897,21.891123],[73.658893,21.891127],[73.658886,21.891125],[73.658884,21.891116],[73.658878,21.891119],[73.658875,21.891128],[73.658861,21.891146],[73.65886,21.891155],[73.658854,21.891162],[73.658853,21.891153],[73.658856,21.891152],[73.658857,21.891149],[73.658854,21.891148],[73.65885,21.891135],[73.658839,21.891137],[73.658841,21.891141],[73.658845,21.891141],[73.658844,21.891145],[73.658834,21.891146],[73.658831,21.891148],[73.658827,21.891146],[73.658817,21.89115],[73.658815,21.891154],[73.658811,21.891151],[73.658802,21.891154],[73.658796,21.891151],[73.658789,21.891152],[73.658788,21.891143],[73.658785,21.891145],[73.658778,21.891145],[73.658779,21.89115],[73.658776,21.891153],[73.658762,21.891153],[73.65876,21.891143],[73.658756,21.891144],[73.658753,21.891142],[73.658747,21.891143],[73.658745,21.891139],[73.658747,21.891136],[73.658735,21.891135],[73.658732,21.891133],[73.658729,21.891135],[73.658718,21.891136],[73.658719,21.891133],[73.658729,21.89113],[73.658732,21.891133],[73.658733,21.89113],[73.658727,21.891128],[73.658726,21.891124],[73.658721,21.891124],[73.658719,21.891122],[73.658716,21.891124],[73.658705,21.89112],[73.658702,21.891113],[73.658698,21.891113],[73.658694,21.891109],[73.658687,21.891109],[73.658687,21.891107],[73.658693,21.891104],[73.658692,21.8911],[73.658684,21.891098],[73.658679,21.891098],[73.658677,21.891101],[73.658664,21.891098],[73.658662,21.891092],[73.658658,21.891098],[73.658661,21.8911],[73.658655,21.891101],[73.658652,21.891104],[73.658639,21.891099],[73.658635,21.891102],[73.658624,21.8911],[73.658612,21.891104],[73.658608,21.891103],[73.658603,21.89111],[73.658591,21.891109],[73.65858,21.89111],[73.658571,21.891121],[73.658569,21.891118],[73.658556,21.891117],[73.658559,21.891113],[73.658549,21.891113],[73.658549,21.891118],[73.658545,21.89112],[73.658544,21.891124],[73.658541,21.891125],[73.658538,21.891122],[73.65854,21.891127],[73.658531,21.89113],[73.658538,21.891146],[73.658534,21.891143],[73.658531,21.891144],[73.658526,21.891136],[73.65852,21.891143],[73.658522,21.891145],[73.658526,21.891143],[73.658531,21.891144],[73.658533,21.891149],[73.658531,21.891153],[73.658525,21.89115],[73.658522,21.891152],[73.658519,21.891144],[73.658514,21.891143],[73.658514,21.891138],[73.658506,21.891142],[73.658503,21.891135],[73.658498,21.891131],[73.658491,21.891133],[73.65849,21.891135],[73.658492,21.891138],[73.658497,21.891138],[73.6585,21.891135],[73.658499,21.891142],[73.658506,21.891147],[73.658511,21.891154],[73.658511,21.891161],[73.658497,21.891157],[73.658495,21.89116],[73.658489,21.891164],[73.658462,21.89117],[73.658444,21.891167],[73.658439,21.891164],[73.658437,21.891166],[73.658442,21.89117],[73.65844,21.891172],[73.658428,21.891169],[73.658422,21.891163],[73.658421,21.891169],[73.658416,21.891168],[73.658414,21.891171],[73.658412,21.891168],[73.658406,21.891169],[73.6584,21.891165],[73.658398,21.891169],[73.658393,21.891167],[73.65839,21.89117],[73.658391,21.89118],[73.658385,21.891179],[73.658378,21.891186],[73.658367,21.891189],[73.658355,21.891184],[73.65835,21.891186],[73.658346,21.891192],[73.658343,21.891194],[73.658338,21.891192],[73.65834,21.891188],[73.658338,21.891181],[73.658342,21.891173],[73.658338,21.891169],[73.658341,21.891163],[73.65834,21.891159],[73.658344,21.891156],[73.658355,21.89116],[73.658359,21.891158],[73.65836,21.891154],[73.658365,21.891152],[73.658368,21.891148],[73.658365,21.891138],[73.658364,21.891138],[73.658361,21.89114],[73.658365,21.891143],[73.658362,21.891149],[73.65836,21.89115],[73.658357,21.891147],[73.658352,21.891148],[73.658337,21.891158],[73.658332,21.891157],[73.658326,21.891161],[73.658327,21.891165],[73.658335,21.891165],[73.65833,21.891172],[73.658325,21.891168],[73.658318,21.891169],[73.658321,21.891161],[73.658325,21.89116],[73.658326,21.891156],[73.658323,21.891153],[73.658318,21.891154],[73.658316,21.891152],[73.658316,21.891173],[73.65832,21.891182],[73.658312,21.891196],[73.658301,21.891198],[73.658296,21.891207],[73.658291,21.891208],[73.658285,21.891214],[73.658273,21.891217],[73.65827,21.89122],[73.658272,21.891224],[73.658278,21.891224],[73.65828,21.891227],[73.658285,21.891222],[73.658295,21.891221],[73.65831,21.891231],[73.658311,21.891237],[73.658319,21.891253],[73.658317,21.891256],[73.658322,21.89126],[73.658323,21.891269],[73.658324,21.891272],[73.658329,21.891273],[73.65833,21.891275],[73.658329,21.891277],[73.658327,21.891274],[73.658325,21.891283],[73.658319,21.891288],[73.658322,21.891295]]}},{"type":"Feature","properties":{"elevation":43},"geometry":{"type":"LineString","coordinates":[[73.658033,21.890519],[73.658048,21.890516],[73.658085,21.890519],[73.658104,21.890525],[73.658124,21.89054],[73.658135,21.890541],[73.658143,21.890557],[73.658162,21.890579],[73.658166,21.890591],[73.658173,21.89059],[73.658177,21.890587],[73.658189,21.89059],[73.658197,21.890588],[73.658202,21.890582],[73.658206,21.890568],[73.658218,21.89055],[73.658248,21.890531],[73.658275,21.890527],[73.658277,21.890531],[73.658289,21.890534],[73.658293,21.890538],[73.658311,21.89054],[73.658319,21.890544],[73.65834,21.890561],[73.658364,21.890573],[73.658381,21.890586],[73.658386,21.89059],[73.658394,21.890605],[73.658423,21.890608],[73.658436,21.890614],[73.658504,21.890619],[73.658518,21.890628],[73.658551,21.890628],[73.658586,21.890632],[73.658602,21.890639],[73.658672,21.890643],[73.658683,21.890649],[73.658699,21.890654],[73.658709,21.890654],[73.658715,21.890657],[73.658724,21.890656],[73.658742,21.890663],[73.658761,21.890665],[73.658784,21.890665],[73.6588,21.890667],[73.658815,21.890679],[73.658825,21.890682],[73.658857,21.890683],[73.658931,21.89069],[73.658962,21.890704],[73.659,21.890706],[73.659016,21.89071],[73.659047,21.890713],[73.659062,21.890723],[73.659072,21.890726],[73.659121,21.890729],[73.659161,21.890737],[73.659171,21.890745],[73.65918,21.890748],[73.659221,21.890751],[73.659248,21.890763],[73.659291,21.890774],[73.659439,21.890784],[73.659451,21.890787],[73.659467,21.890795],[73.659485,21.890797],[73.659494,21.890797],[73.6595,21.890799],[73.659524,21.890796],[73.659529,21.890799],[73.659533,21.89081],[73.65954,21.890815],[73.659584,21.890829],[73.659599,21.890829],[73.65962,21.890824],[73.659643,21.890827],[73.659658,21.890826],[73.659698,21.890832],[73.659725,21.890846],[73.659783,21.890847],[73.659818,21.890851],[73.659884,21.89087],[73.659925,21.890872],[73.659962,21.890877],[73.659984,21.890889],[73.659991,21.890889],[73.660004,21.890883],[73.660017,21.890883],[73.660035,21.890889],[73.660055,21.890905],[73.660068,21.890911],[73.660155,21.890924],[73.660164,21.890931],[73.660181,21.890938],[73.660204,21.890938],[73.660227,21.890948],[73.660258,21.890947],[73.660277,21.890949],[73.660291,21.890953],[73.660296,21.890958],[73.66032,21.890957],[73.660334,21.89096],[73.660344,21.890966],[73.660355,21.890967],[73.660358,21.89097],[73.660378,21.890962],[73.660385,21.890965],[73.660377,21.890975],[73.660369,21.890979],[73.660359,21.890977],[73.66034,21.89099],[73.660315,21.890997],[73.660292,21.890997],[73.660278,21.890999],[73.660268,21.891003],[73.660231,21.890999],[73.660221,21.891],[73.660217,21.890998],[73.660208,21.890999],[73.660176,21.890998],[73.660151,21.890989],[73.660128,21.890988],[73.660123,21.890985],[73.660119,21.890979],[73.660112,21.890977],[73.660104,21.89098],[73.660097,21.890987],[73.660086,21.890988],[73.660077,21.890993],[73.660068,21.890991],[73.660049,21.890997],[73.660025,21.890994],[73.660011,21.890997],[73.660008,21.891001],[73.660003,21.891001],[73.659996,21.891005],[73.659981,21.891004],[73.659975,21.891009],[73.659969,21.891008],[73.659963,21.891014],[73.659946,21.891014],[73.659935,21.891009],[73.659896,21.891011],[73.659887,21.891014],[73.659874,21.891011],[73.659838,21.891017],[73.659834,21.891015],[73.659832,21.891016],[73.659832,21.891025],[73.659826,21.891028],[73.659823,21.891028],[73.65982,21.891037],[73.659823,21.891045],[73.659819,21.891048],[73.65981,21.891046],[73.659798,21.891052],[73.659787,21.891052],[73.65977,21.891058],[73.659758,21.891058],[73.659743,21.891062],[73.659719,21.891074],[73.659711,21.891074],[73.659708,21.891077],[73.659691,21.891081],[73.65969,21.891084],[73.659686,21.891081],[73.659666,21.891089],[73.659595,21.891098],[73.659577,21.891103],[73.659568,21.891102],[73.659562,21.891106],[73.659525,21.891111],[73.659506,21.891117],[73.659499,21.891116],[73.65946,21.891125],[73.659459,21.891123],[73.65946,21.89112],[73.659451,21.891119],[73.659421,21.891124],[73.659403,21.891124],[73.659407,21.891118],[73.659417,21.891113],[73.659412,21.89111],[73.659404,21.891111],[73.6594,21.891107],[73.65939,21.891103],[73.659381,21.891102],[73.659377,21.891097],[73.659371,21.891093],[73.659355,21.891096],[73.659349,21.8911],[73.659338,21.891101],[73.659336,21.891097],[73.659331,21.891102],[73.659325,21.891099],[73.659305,21.891105],[73.65929,21.891106],[73.659283,21.891109],[73.659269,21.891109],[73.659205,21.891128],[73.659198,21.891132],[73.659124,21.891152],[73.659097,21.891165],[73.659076,21.891171],[73.659047,21.891188],[73.659044,21.891194],[73.659021,21.891211],[73.659018,21.891209],[73.659016,21.891203],[73.659019,21.89118],[73.659016,21.891177],[73.659009,21.891177],[73.658996,21.891189],[73.658984,21.891193],[73.658979,21.8912],[73.658971,21.891201],[73.658962,21.891206],[73.658955,21.891207],[73.658953,21.891211],[73.658948,21.891212],[73.658945,21.891219],[73.658927,21.89123],[73.658909,21.891237],[73.658899,21.89123],[73.6589,21.891226],[73.658889,21.891228],[73.658884,21.891227],[73.658879,21.891232],[73.658875,21.891245],[73.658875,21.891253],[73.658865,21.891251],[73.658856,21.891255],[73.658855,21.891257],[73.658856,21.891263],[73.658852,21.891266],[73.658844,21.891271],[73.658836,21.891272],[73.658818,21.891284],[73.658803,21.891289],[73.658791,21.89129],[73.658786,21.891296],[73.658781,21.891293],[73.658775,21.891298],[73.658755,21.891295],[73.658729,21.891295],[73.658718,21.891302],[73.658713,21.891301],[73.658708,21.891304],[73.658702,21.891315]]}},{"type":"Feature","properties":{"elevation":44},"geometry":{"type":"LineString","coordinates":[[73.658037,21.890502],[73.658045,21.890503],[73.658065,21.8905],[73.658084,21.890492],[73.658096,21.890494],[73.658111,21.890492],[73.658115,21.890497],[73.658111,21.890507],[73.658114,21.890515],[73.65813,21.890528],[73.658157,21.890538],[73.658163,21.890549],[73.658174,21.890547],[73.658201,21.890549],[73.658213,21.890534],[73.658236,21.890519],[73.658261,21.890511],[73.658282,21.890514],[73.658299,21.890519],[73.65833,21.890537],[73.658343,21.890541],[73.658352,21.89055],[73.658386,21.89057],[73.658405,21.890592],[73.658417,21.890594],[73.658516,21.890607],[73.658539,21.890608],[73.658545,21.890611],[73.658574,21.890611],[73.658632,21.89062],[73.658684,21.890624],[73.658706,21.890629],[73.658716,21.890634],[73.658721,21.890634],[73.658728,21.890638],[73.658732,21.890635],[73.658748,21.890637],[73.658762,21.890642],[73.658769,21.890649],[73.658778,21.890651],[73.658829,21.890658],[73.65885,21.890663],[73.65886,21.890664],[73.658865,21.890662],[73.65887,21.890667],[73.658906,21.890671],[73.658951,21.890681],[73.658967,21.890682],[73.658986,21.890688],[73.659031,21.890694],[73.659036,21.890704],[73.659041,21.890697],[73.659045,21.890697],[73.659115,21.890712],[73.659123,21.890709],[73.659131,21.890709],[73.659166,21.890716],[73.659199,21.890719],[73.659247,21.890737],[73.659256,21.890732],[73.659265,21.890733],[73.659278,21.890747],[73.659288,21.890746],[73.659288,21.890744],[73.659285,21.890743],[73.659284,21.89074],[73.659286,21.89074],[73.659299,21.890746],[73.659322,21.890751],[73.659331,21.890755],[73.65933,21.890759],[73.659336,21.890758],[73.659336,21.890755],[73.659344,21.890758],[73.659346,21.890761],[73.659359,21.890761],[73.659369,21.890766],[73.659376,21.890766],[73.659382,21.890772],[73.659397,21.89077],[73.659402,21.890768],[73.659413,21.890774],[73.659421,21.890774],[73.659427,21.890778],[73.659434,21.890774],[73.65944,21.890775],[73.659458,21.890774],[73.659475,21.890778],[73.659484,21.890783],[73.659493,21.890782],[73.6595,21.890788],[73.659503,21.890784],[73.659508,21.890783],[73.659539,21.890789],[73.659548,21.890792],[73.659549,21.890797],[73.659558,21.890803],[73.659563,21.890803],[73.659559,21.890798],[73.65956,21.890796],[73.659566,21.890798],[73.659567,21.890802],[73.659575,21.890803],[73.659581,21.890819],[73.659587,21.890824],[73.659597,21.890823],[73.659601,21.890818],[73.659599,21.890815],[73.659589,21.890816],[73.659585,21.890814],[73.659589,21.890807],[73.659596,21.890808],[73.659598,21.890806],[73.659602,21.890809],[73.659611,21.89081],[73.659615,21.890808],[73.659626,21.890814],[73.659639,21.890814],[73.659639,21.890811],[73.659641,21.890811],[73.659643,21.890815],[73.659654,21.890816],[73.65966,21.890814],[73.659671,21.89082],[73.65968,21.89082],[73.659683,21.890818],[73.659687,21.890822],[73.659726,21.890829],[73.659771,21.890835],[73.659778,21.890833],[73.659783,21.890837],[73.659799,21.890841],[73.65981,21.89084],[73.659831,21.890845],[73.659841,21.890851],[73.659869,21.890853],[73.659904,21.890863],[73.659924,21.890863],[73.659947,21.89087],[73.659951,21.890868],[73.659956,21.89087],[73.659972,21.890871],[73.659989,21.890878],[73.660006,21.890875],[73.660025,21.890876],[73.660042,21.890882],[73.660081,21.890902],[73.660132,21.890913],[73.66015,21.89092],[73.660175,21.890924],[73.660189,21.890931],[73.660227,21.890935],[73.660239,21.890941],[73.660263,21.890941],[73.660291,21.890945],[73.660309,21.890952],[73.660348,21.890957],[73.660368,21.890955],[73.66037,21.890951],[73.660384,21.890946],[73.66039,21.890942],[73.660397,21.890942],[73.660399,21.890945],[73.660408,21.890944],[73.660414,21.890948],[73.660417,21.890957],[73.660412,21.890959],[73.660407,21.890958],[73.660407,21.890964],[73.660395,21.890979],[73.660368,21.890996],[73.660359,21.891],[73.660352,21.890999],[73.660327,21.891013],[73.660323,21.891013],[73.660334,21.891018],[73.66034,21.891029],[73.660335,21.891048],[73.660336,21.891053],[73.66033,21.891059],[73.660335,21.891065],[73.660345,21.891062],[73.660348,21.891065],[73.660352,21.891065],[73.660355,21.89107],[73.660363,21.891067],[73.660368,21.891067],[73.660371,21.89106],[73.660383,21.891054],[73.660398,21.891053],[73.660401,21.891055],[73.660405,21.891052],[73.660408,21.891055],[73.660412,21.891054],[73.660417,21.891051],[73.660421,21.891051],[73.660421,21.891048],[73.660424,21.89105],[73.660427,21.891046],[73.66044,21.891042],[73.66045,21.891035],[73.660473,21.891036],[73.66048,21.891029],[73.66048,21.891026],[73.660494,21.891021],[73.660523,21.891018],[73.660529,21.891013],[73.660546,21.891011],[73.660575,21.891015],[73.660584,21.891019],[73.6606,21.891015],[73.660608,21.891025],[73.660621,21.891025],[73.660626,21.891031],[73.66065,21.891038],[73.660657,21.891044],[73.660662,21.891054],[73.660666,21.891054],[73.660673,21.891061],[73.660685,21.89108],[73.66069,21.891081],[73.660693,21.891078],[73.660699,21.891081],[73.660698,21.891083],[73.660695,21.891081],[73.660693,21.891086],[73.660698,21.891085],[73.660703,21.891092],[73.660699,21.891094],[73.660689,21.891088],[73.660676,21.89109],[73.660668,21.891097],[73.660652,21.891106],[73.66065,21.891115],[73.660642,21.891125],[73.660642,21.891133],[73.66063,21.891136],[73.660621,21.891134],[73.660613,21.891137],[73.660606,21.891131],[73.660606,21.891126],[73.660575,21.891121],[73.66057,21.891115],[73.660557,21.891107],[73.660543,21.891103],[73.660535,21.891098],[73.660531,21.89109],[73.660524,21.891089],[73.66052,21.891091],[73.660506,21.891083],[73.660507,21.891077],[73.660498,21.891075],[73.660495,21.891077],[73.660493,21.891069],[73.660492,21.891071],[73.660494,21.891074],[73.660487,21.891075],[73.660487,21.891078],[73.660483,21.89108],[73.660461,21.891081],[73.660452,21.891074],[73.660436,21.891081],[73.660434,21.891079],[73.660429,21.891079],[73.660428,21.891076],[73.66042,21.891076],[73.660419,21.891069],[73.660416,21.891066],[73.660406,21.891063],[73.660403,21.891065],[73.660396,21.891065],[73.660389,21.891071],[73.660381,21.891067],[73.660377,21.891071],[73.660374,21.89107],[73.660371,21.891072],[73.660339,21.891073],[73.660333,21.891072],[73.660327,21.891067],[73.660322,21.891071],[73.660311,21.891074],[73.660278,21.891072],[73.660273,21.89107],[73.660243,21.89107],[73.660237,21.891067],[73.66023,21.891069],[73.660191,21.891064],[73.660174,21.891065],[73.660168,21.891062],[73.660139,21.891061],[73.660088,21.891062],[73.660068,21.891061],[73.660057,21.891064],[73.660048,21.891062],[73.660041,21.891064],[73.660038,21.891061],[73.660034,21.891063],[73.660029,21.891062],[73.660023,21.891065],[73.66002,21.891062],[73.660005,21.891062],[73.66,21.891059],[73.65997,21.891058],[73.659935,21.89106],[73.659915,21.891063],[73.659871,21.891066],[73.659848,21.89107],[73.659837,21.891074],[73.659772,21.891081],[73.659763,21.891086],[73.659749,21.89109],[73.659682,21.891103],[73.659677,21.891108],[73.659675,21.891107],[73.659677,21.891105],[73.659647,21.891106],[73.659637,21.891117],[73.659618,21.891116],[73.659599,21.891121],[73.659604,21.891116],[73.659607,21.891118],[73.659612,21.891114],[73.659615,21.891115],[73.659615,21.891112],[73.65961,21.891111],[73.659604,21.891114],[73.659588,21.891114],[73.659584,21.891119],[73.659587,21.891123],[73.659578,21.89113],[73.659561,21.891132],[73.659524,21.891144],[73.659504,21.891147],[73.659497,21.891143],[73.659487,21.891149],[73.659479,21.891147],[73.659464,21.891151],[73.659462,21.891151],[73.659466,21.891148],[73.659466,21.891145],[73.65945,21.891149],[73.659443,21.891146],[73.659429,21.891154],[73.659424,21.891155],[73.659414,21.891149],[73.659403,21.89115],[73.659377,21.891158],[73.659343,21.891163],[73.659259,21.891185],[73.65922,21.891202],[73.659199,21.891206],[73.65918,21.891214],[73.659172,21.891214],[73.659168,21.891221],[73.65916,21.891222],[73.659155,21.891226],[73.659136,21.891234],[73.659124,21.891243],[73.659115,21.891246],[73.659107,21.891251],[73.6591,21.891252],[73.659094,21.891258],[73.659082,21.891264],[73.659071,21.891267],[73.659062,21.891276],[73.65905,21.891277],[73.659039,21.89129],[73.659035,21.89129],[73.659032,21.891293],[73.659026,21.891292],[73.659021,21.891298],[73.65901,21.891301],[73.659007,21.891307],[73.659003,21.891304],[73.658996,21.891306],[73.658995,21.891308],[73.658999,21.891312],[73.658989,21.891316],[73.658986,21.89132],[73.658983,21.89132],[73.658984,21.891322],[73.658977,21.891323],[73.658976,21.891318],[73.658973,21.891318],[73.658963,21.89133]]}},{"type":"Feature","properties":{"elevation":45},"geometry":{"type":"LineString","coordinates":[[73.658041,21.890486],[73.658053,21.890483],[73.658066,21.890485],[73.658081,21.890477],[73.658088,21.89048],[73.658092,21.890478],[73.658101,21.89048],[73.658104,21.890483],[73.658123,21.890489],[73.658127,21.890499],[73.658134,21.890508],[73.658133,21.890512],[73.658135,21.890513],[73.658137,21.89051],[73.658148,21.890513],[73.658161,21.890513],[73.658174,21.890505],[73.658184,21.890508],[73.658191,21.890504],[73.658211,21.890506],[73.658238,21.890498],[73.658287,21.890502],[73.658305,21.890508],[73.658316,21.890515],[73.658336,21.89052],[73.658356,21.890533],[73.658382,21.890545],[73.658416,21.890558],[73.658515,21.890569],[73.65853,21.890573],[73.658539,21.890574],[73.658543,21.890571],[73.658549,21.890577],[73.658569,21.890581],[73.658605,21.890585],[73.658618,21.890584],[73.658685,21.890596],[73.658697,21.890597],[73.658723,21.890601],[73.658729,21.8906],[73.658733,21.890605],[73.658755,21.890608],[73.658779,21.890617],[73.658825,21.890621],[73.658829,21.890624],[73.658833,21.890622],[73.658841,21.890623],[73.658852,21.890628],[73.658865,21.89063],[73.65887,21.890628],[73.658873,21.890633],[73.658879,21.890635],[73.658938,21.890639],[73.65904,21.890659],[73.659046,21.890656],[73.659049,21.89066],[73.659086,21.89067],[73.659109,21.890673],[73.659146,21.890674],[73.659163,21.890679],[73.65917,21.890682],[73.65919,21.890684],[73.659216,21.890692],[73.659251,21.890697],[73.659263,21.890701],[73.659272,21.890699],[73.659282,21.890704],[73.659286,21.890703],[73.659323,21.89071],[73.659338,21.890717],[73.659347,21.890715],[73.659361,21.890717],[73.659402,21.89073],[73.659417,21.890731],[73.659424,21.890727],[73.659427,21.890734],[73.659468,21.89074],[73.659484,21.890746],[73.659494,21.890746],[73.659514,21.890753],[73.659545,21.890756],[73.659554,21.890755],[73.659583,21.890764],[73.659588,21.89076],[73.659593,21.890765],[73.659612,21.890768],[73.659614,21.89077],[73.659635,21.89077],[73.65966,21.890777],[73.659665,21.890782],[73.659678,21.890781],[73.659705,21.890788],[73.659719,21.890789],[73.659724,21.890787],[73.659727,21.89079],[73.659739,21.890793],[73.659789,21.890802],[73.659824,21.890816],[73.659843,21.890812],[73.659869,21.890816],[73.659882,21.89082],[73.659881,21.890826],[73.659886,21.890829],[73.659893,21.890829],[73.659891,21.890826],[73.659893,21.890823],[73.659901,21.890823],[73.65993,21.890832],[73.659984,21.890844],[73.660005,21.890853],[73.660015,21.890865],[73.660035,21.89087],[73.660046,21.890876],[73.660057,21.890877],[73.660104,21.890891],[73.660121,21.890899],[73.660127,21.890899],[73.66014,21.890892],[73.66016,21.890894],[73.660175,21.890898],[73.66019,21.890904],[73.660215,21.89091],[73.660241,21.89092],[73.660252,21.890921],[73.660257,21.890918],[73.66026,21.890922],[73.66029,21.890924],[73.660307,21.890929],[73.660334,21.890931],[73.660357,21.890937],[73.660379,21.890927],[73.660393,21.89093],[73.660418,21.890928],[73.66042,21.890932],[73.660427,21.890934],[73.660434,21.890942],[73.660436,21.890955],[73.660433,21.890962],[73.660435,21.890975],[73.660439,21.890977],[73.660443,21.890976],[73.660452,21.890982],[73.660452,21.890992],[73.660462,21.891],[73.66046,21.891006],[73.660462,21.891012],[73.660473,21.891009],[73.660481,21.89101],[73.660487,21.891009],[73.660489,21.891006],[73.660503,21.891003],[73.660507,21.891005],[73.660515,21.891002],[73.660525,21.891004],[73.660536,21.891001],[73.660539,21.890998],[73.66056,21.891001],[73.660587,21.890996],[73.660597,21.890999],[73.660603,21.891002],[73.660613,21.891003],[73.660618,21.891001],[73.660623,21.891002],[73.660633,21.89101],[73.660639,21.89102],[73.660649,21.891029],[73.660655,21.891029],[73.660662,21.891034],[73.66067,21.891033],[73.660678,21.891043],[73.660689,21.891052],[73.660696,21.891054],[73.660725,21.891078],[73.660731,21.89108],[73.660756,21.89108],[73.660758,21.891084],[73.660764,21.891086],[73.660775,21.891097],[73.660784,21.8911],[73.660811,21.891119],[73.660834,21.891128],[73.660839,21.891136],[73.660854,21.891139],[73.660879,21.891158]]}},{"type":"Feature","properties":{"elevation":41},"geometry":{"type":"LineString","coordinates":[[73.659692,21.890404],[73.659686,21.890407],[73.659688,21.890412],[73.659692,21.890413],[73.659689,21.890419],[73.659683,21.890426],[73.659685,21.89043],[73.659681,21.890433],[73.659675,21.890431],[73.65968,21.890429],[73.659679,21.890424],[73.659681,21.89042],[73.659679,21.890415],[73.659673,21.890409],[73.65967,21.890413],[73.659666,21.89041],[73.659663,21.89041],[73.659651,21.890423],[73.659649,21.890426],[73.659653,21.890428],[73.659652,21.890434],[73.659646,21.890442],[73.659641,21.890444],[73.65964,21.890449],[73.659643,21.890455],[73.659647,21.890457],[73.659654,21.890455],[73.659652,21.89046],[73.659648,21.890462],[73.659649,21.890464],[73.659654,21.890465],[73.659656,21.890461],[73.659661,21.890465],[73.659662,21.890462],[73.659671,21.890461],[73.659676,21.890461],[73.659679,21.890465],[73.659682,21.890462],[73.659687,21.890463],[73.659684,21.890458],[73.659697,21.890453],[73.659702,21.890455],[73.659705,21.89046],[73.659714,21.890466],[73.659718,21.890466],[73.659724,21.890464],[73.659727,21.89046],[73.659731,21.89046],[73.659733,21.890457],[73.659732,21.890453],[73.659728,21.890451],[73.659723,21.890454],[73.659721,21.890452],[73.659723,21.890444],[73.659726,21.890443],[73.659731,21.890446],[73.659732,21.890445],[73.659731,21.890442],[73.659733,21.890442],[73.659741,21.890449],[73.659742,21.890455],[73.659746,21.890455],[73.659743,21.890444],[73.659746,21.890441],[73.659745,21.890436],[73.659753,21.890435],[73.659753,21.890432],[73.659763,21.890426],[73.659766,21.890432],[73.65977,21.890432],[73.659777,21.890425],[73.659775,21.890422],[73.65977,21.890424],[73.659774,21.89042],[73.659772,21.890415],[73.659753,21.890412],[73.659751,21.890413],[73.659751,21.890424],[73.659743,21.890422],[73.659731,21.890425],[73.659732,21.890427],[73.659726,21.890429],[73.659725,21.890426],[73.659728,21.890423],[73.659727,21.890415],[73.659721,21.890416],[73.659717,21.890422],[73.65971,21.890423],[73.659703,21.890417],[73.6597,21.890411],[73.659695,21.890412],[73.659692,21.890404]]}},{"type":"Feature","properties":{"elevation":45},"geometry":{"type":"LineString","coordinates":[[73.660944,21.890669],[73.660941,21.89067],[73.660934,21.890682],[73.660931,21.89068],[73.660932,21.890677],[73.660928,21.890673],[73.66093,21.890679],[73.660924,21.890685],[73.660924,21.890691],[73.66092,21.890693],[73.660915,21.890688],[73.660911,21.89069],[73.660882,21.890673],[73.660873,21.890674],[73.660859,21.890669],[73.660857,21.890659],[73.660848,21.890656],[73.660841,21.890649],[73.660842,21.890646],[73.660826,21.890646],[73.660823,21.89064],[73.66082,21.890643],[73.660814,21.890641],[73.660809,21.890648],[73.660804,21.890643],[73.660799,21.890645],[73.660789,21.890641],[73.660782,21.890641],[73.660781,21.890638],[73.660768,21.890638],[73.660754,21.890631],[73.660738,21.890628],[73.660731,21.890631],[73.660727,21.890636],[73.660724,21.890633],[73.660725,21.890636],[73.660722,21.890638],[73.660709,21.890641],[73.660706,21.890639],[73.660693,21.890645],[73.660688,21.890645],[73.660679,21.890641],[73.660672,21.890643],[73.660663,21.890642],[73.660656,21.890637],[73.660652,21.890623],[73.660643,21.89062],[73.660637,21.890625],[73.66063,21.890622],[73.660624,21.890616],[73.66061,21.890619],[73.6606,21.890611],[73.660593,21.890613],[73.660591,21.890609],[73.660585,21.890612],[73.660577,21.89061],[73.660571,21.890612],[73.660565,21.89061],[73.660565,21.890604],[73.660558,21.890605],[73.660551,21.890614],[73.660548,21.890615],[73.660544,21.890612],[73.66054,21.890615],[73.660539,21.890608],[73.660532,21.890603],[73.660516,21.890602],[73.660513,21.890604],[73.660506,21.890601],[73.660499,21.890602],[73.660496,21.890595],[73.660487,21.890595],[73.660489,21.890591],[73.660486,21.890588],[73.660484,21.89059],[73.660485,21.890593],[73.66048,21.890594],[73.660469,21.890591],[73.660454,21.890593],[73.660449,21.890588],[73.660445,21.890593],[73.660441,21.89059],[73.660436,21.890581],[73.660424,21.890577],[73.660414,21.89057],[73.660399,21.890565],[73.660395,21.890561],[73.660396,21.890557],[73.66039,21.890561],[73.660382,21.890558],[73.660373,21.890552],[73.660365,21.890544],[73.660359,21.890548],[73.660349,21.890566],[73.660358,21.890589],[73.660361,21.890605],[73.660343,21.890638],[73.660341,21.890668],[73.660333,21.890691],[73.660326,21.890701],[73.660312,21.890709],[73.660303,21.890718],[73.660292,21.890723],[73.660271,21.890715],[73.660247,21.89071],[73.660243,21.890712],[73.66024,21.890708],[73.660232,21.890707],[73.660205,21.890697],[73.66018,21.890684],[73.660159,21.890688],[73.660144,21.890687],[73.66014,21.890684],[73.66013,21.890672],[73.660116,21.890665],[73.660102,21.890665],[73.660087,21.890674],[73.660076,21.890667],[73.660058,21.89066],[73.660037,21.890662],[73.659995,21.890658],[73.659971,21.890655],[73.659956,21.890649],[73.659924,21.89065],[73.659867,21.890642],[73.659847,21.890637],[73.659822,21.890636],[73.65981,21.890631],[73.659796,21.890629],[73.659792,21.890631],[73.659789,21.890628],[73.659742,21.890619],[73.659728,21.890613],[73.659716,21.890615],[73.659709,21.890613],[73.659704,21.890613],[73.659699,21.890608],[73.65969,21.89061],[73.659672,21.890606],[73.659653,21.890598],[73.65962,21.890593],[73.659619,21.89059],[73.659616,21.89059],[73.659595,21.890588],[73.659583,21.890582],[73.659578,21.890584],[73.659549,21.890579],[73.659541,21.890573],[73.659541,21.89057],[73.659539,21.890572],[73.659522,21.890573],[73.65949,21.890568],[73.659469,21.890559],[73.659457,21.890559],[73.659453,21.890561],[73.65945,21.890556],[73.659406,21.890545],[73.659392,21.890537],[73.659383,21.890539],[73.659293,21.89052],[73.659284,21.890519],[73.659281,21.890524],[73.659278,21.890518],[73.659214,21.890509],[73.659159,21.890499],[73.659124,21.89049],[73.65912,21.890487],[73.659086,21.890482],[73.65908,21.890479],[73.659066,21.890478],[73.659019,21.890467],[73.658979,21.890465],[73.65895,21.890458],[73.658942,21.890458],[73.658936,21.890461],[73.658932,21.890457],[73.658926,21.890454],[73.658914,21.890453],[73.658874,21.890442],[73.65886,21.890435],[73.658816,21.890432],[73.658808,21.890426],[73.658802,21.890429],[73.65879,21.890428],[73.658778,21.890427],[73.658771,21.890423],[73.65876,21.890426],[73.658607,21.890395],[73.658587,21.890395],[73.658555,21.890389],[73.658542,21.890389],[73.658532,21.890385],[73.658525,21.890388],[73.658523,21.890385],[73.658516,21.890384],[73.658512,21.890385],[73.658485,21.890381],[73.658466,21.890378],[73.658444,21.890369],[73.658438,21.890366],[73.658435,21.890363],[73.658432,21.890362],[73.658428,21.890358],[73.658414,21.890361],[73.658411,21.89036],[73.658409,21.890363],[73.658392,21.89037],[73.658387,21.890369],[73.65838,21.890374],[73.658362,21.890373],[73.658317,21.890379],[73.658307,21.890378],[73.65829,21.89037],[73.658284,21.890372],[73.658271,21.89037],[73.658256,21.890375],[73.658244,21.890374],[73.658222,21.890362],[73.658207,21.890361],[73.658197,21.890364],[73.658189,21.890362],[73.658186,21.890354],[73.658174,21.890343],[73.658169,21.890328],[73.658161,21.89033],[73.658151,21.890326],[73.658144,21.890329],[73.658137,21.890328],[73.658117,21.890323],[73.658109,21.890318],[73.658094,21.890316],[73.658087,21.890311]]}},{"type":"Feature","properties":{"elevation":45},"geometry":{"type":"LineString","coordinates":[[73.661595,21.890388],[73.661588,21.890385],[73.661581,21.890379],[73.661577,21.890378],[73.661576,21.890358],[73.661566,21.89035],[73.66156,21.890349],[73.661555,21.890353],[73.661551,21.89035],[73.661534,21.890354],[73.661521,21.890347],[73.661516,21.890352],[73.66151,21.890346],[73.661496,21.890347],[73.661484,21.890365],[73.661478,21.890359],[73.661475,21.890361],[73.661467,21.890357],[73.661466,21.890342],[73.661463,21.890334],[73.661458,21.890333],[73.661452,21.890338],[73.66144,21.890339],[73.661442,21.890333],[73.661441,21.89033],[73.661445,21.890325],[73.661428,21.890318],[73.661425,21.890322],[73.661421,21.890321],[73.661407,21.890327],[73.661409,21.890338],[73.661395,21.890348],[73.661383,21.890348],[73.661375,21.890354],[73.661373,21.890367],[73.66137,21.890371],[73.661364,21.89036],[73.661365,21.890355],[73.661363,21.890351],[73.661354,21.89035],[73.661351,21.890357],[73.661346,21.890358],[73.661342,21.890356],[73.661331,21.890369],[73.661323,21.890365],[73.661321,21.890369],[73.661316,21.89037],[73.661313,21.890374],[73.661308,21.890373],[73.661307,21.890382],[73.661294,21.890372],[73.661297,21.890385],[73.661295,21.890387],[73.66129,21.890387],[73.661291,21.890393],[73.661287,21.890403],[73.661276,21.890418],[73.661267,21.890421],[73.661255,21.890417],[73.661254,21.89042],[73.661261,21.890427],[73.661249,21.890434],[73.661249,21.890439],[73.661242,21.890442],[73.661232,21.890452],[73.661221,21.890453],[73.661216,21.890456],[73.66121,21.890454],[73.661206,21.89046],[73.661211,21.890465],[73.661211,21.890469],[73.661202,21.89047],[73.661193,21.890477]]}},{"type":"Feature","properties":{"elevation":41},"geometry":{"type":"LineString","coordinates":[[73.660063,21.889986],[73.660068,21.889987],[73.660068,21.889989],[73.660055,21.890004],[73.660052,21.890011],[73.660045,21.890017],[73.660041,21.890027],[73.660043,21.890047],[73.660045,21.890052],[73.660033,21.89006],[73.660023,21.890069],[73.66002,21.890072],[73.66002,21.890076],[73.660024,21.890078],[73.660027,21.890077],[73.660036,21.890073],[73.660037,21.89007],[73.660044,21.890066],[73.660051,21.890063],[73.660059,21.890068],[73.660065,21.890077],[73.66007,21.890077],[73.660076,21.89008],[73.660077,21.890086],[73.66009,21.890087],[73.660092,21.890082],[73.660088,21.890056],[73.660089,21.890049],[73.660098,21.890033],[73.66011,21.890019],[73.66012,21.890013],[73.660121,21.890018],[73.660118,21.890027],[73.660111,21.890038],[73.660114,21.89004],[73.660111,21.890065],[73.660114,21.890067],[73.660108,21.890081],[73.660112,21.890084],[73.660112,21.890091],[73.660122,21.890082],[73.660125,21.890088],[73.660124,21.890095],[73.660127,21.890099],[73.660132,21.890101],[73.660138,21.890107],[73.660145,21.890108],[73.66015,21.890114],[73.660157,21.890112],[73.660159,21.890114],[73.660159,21.890121],[73.660156,21.890128],[73.660161,21.890146],[73.660155,21.890164],[73.660157,21.890169],[73.660149,21.890174],[73.660142,21.890172],[73.660137,21.890174],[73.660133,21.89018],[73.660127,21.890183],[73.66012,21.890201],[73.660124,21.890211],[73.660135,21.890217],[73.660135,21.890224],[73.660138,21.890226],[73.660141,21.890235],[73.660145,21.890239],[73.660141,21.890255],[73.660135,21.890262],[73.660135,21.890268],[73.660131,21.890274],[73.660131,21.890292],[73.660137,21.890298],[73.66014,21.890305],[73.66015,21.890305],[73.660161,21.890309],[73.660161,21.890343],[73.660167,21.890347],[73.660168,21.890362],[73.66016,21.890362],[73.660164,21.89037],[73.66016,21.890371],[73.660159,21.89038],[73.660149,21.890401],[73.660148,21.890409],[73.660152,21.890411],[73.660149,21.890418],[73.660146,21.89042],[73.660148,21.890434],[73.660135,21.89045],[73.660135,21.890456],[73.66014,21.89046],[73.660145,21.890473],[73.66015,21.890475],[73.660151,21.89048],[73.660155,21.890479],[73.660159,21.890482],[73.660152,21.890483],[73.660138,21.890475],[73.660115,21.890468],[73.660103,21.890468],[73.660095,21.890471],[73.660084,21.890489],[73.660076,21.890527],[73.66006,21.890553],[73.660057,21.890561],[73.660046,21.890565],[73.660042,21.890578],[73.660042,21.890585],[73.660038,21.890587],[73.660028,21.890587],[73.660001,21.89058],[73.659992,21.890586],[73.659991,21.890591],[73.659993,21.890606],[73.660001,21.890609],[73.660001,21.890612],[73.659985,21.890611],[73.659955,21.890604],[73.659943,21.890604],[73.659925,21.890598],[73.659947,21.890584],[73.659985,21.890571],[73.659998,21.89056],[73.660002,21.890553],[73.660002,21.890544],[73.659994,21.890523],[73.659987,21.890517],[73.659946,21.890505],[73.659937,21.890506],[73.659924,21.890511],[73.659915,21.890513],[73.659906,21.890511],[73.659887,21.890502],[73.659863,21.890501],[73.659834,21.890496],[73.659822,21.890496],[73.659806,21.890501],[73.659798,21.890499],[73.659793,21.890501],[73.659791,21.890499],[73.659792,21.890495],[73.659788,21.890491],[73.659777,21.890488],[73.659779,21.890497],[73.659789,21.8905],[73.659792,21.890506],[73.659791,21.89051],[73.659781,21.890517],[73.659773,21.890518],[73.659767,21.890516],[73.659754,21.890517],[73.659735,21.890505],[73.659727,21.890509],[73.659727,21.890519],[73.659734,21.890527],[73.659744,21.890543],[73.65974,21.890549],[73.659733,21.89055],[73.659731,21.890546],[73.659725,21.890547],[73.659719,21.890534],[73.659705,21.890538],[73.659703,21.890536],[73.659694,21.890534],[73.659687,21.890528],[73.659684,21.890531],[73.659687,21.890533],[73.659682,21.890535],[73.659682,21.890533],[73.659678,21.890533],[73.659676,21.890525],[73.65967,21.890521],[73.659651,21.890525],[73.659645,21.890523],[73.659642,21.890526],[73.659639,21.890526],[73.659637,21.890519],[73.65964,21.890511],[73.659618,21.890488],[73.659602,21.890482],[73.659595,21.890472],[73.659581,21.890471],[73.659577,21.890468],[73.659577,21.890462],[73.659584,21.890448],[73.659585,21.890435],[73.65958,21.890427],[73.659569,21.890422],[73.659524,21.890421],[73.659516,21.890424],[73.659498,21.890436],[73.65948,21.890438],[73.659474,21.890434],[73.659469,21.890418],[73.659461,21.890413],[73.659442,21.89041],[73.65944,21.890412],[73.659443,21.890415],[73.659448,21.890414],[73.659451,21.890415],[73.659449,21.89042],[73.659444,21.890421],[73.659431,21.890418],[73.659419,21.890425],[73.659401,21.89042],[73.659387,21.890421],[73.659377,21.890401],[73.659369,21.890398],[73.659355,21.890397],[73.659317,21.890412],[73.659305,21.89041],[73.6593,21.890403],[73.659296,21.89041],[73.65928,21.890415],[73.659267,21.890426],[73.659261,21.890426],[73.659281,21.890443],[73.659268,21.890447],[73.65926,21.890445],[73.659255,21.890446],[73.65924,21.890441],[73.659234,21.890444],[73.65921,21.890439],[73.6592,21.890441],[73.659189,21.890438],[73.659183,21.890426],[73.659184,21.89042],[73.659188,21.890415],[73.659183,21.890412],[73.659158,21.89041],[73.659152,21.890414],[73.65915,21.890422],[73.659141,21.890422],[73.659134,21.890427],[73.659125,21.890427],[73.659115,21.89042],[73.659105,21.890422],[73.659091,21.890419],[73.659088,21.890417],[73.659088,21.890413],[73.659079,21.890411],[73.659073,21.890412],[73.65907,21.89041],[73.659056,21.89041],[73.65905,21.890407],[73.659041,21.890408],[73.659038,21.890405],[73.659032,21.890406],[73.659028,21.890403],[73.659023,21.890406],[73.659015,21.890399],[73.65899,21.890395],[73.658984,21.89039],[73.658978,21.890395],[73.658964,21.890389],[73.658964,21.890386],[73.658971,21.890388],[73.65897,21.890384],[73.658972,21.890382],[73.658975,21.890383],[73.658982,21.89038],[73.658989,21.890381],[73.658994,21.890378],[73.659005,21.890383],[73.659003,21.890389],[73.659006,21.890394],[73.659011,21.890391],[73.659021,21.890394],[73.65903,21.890394],[73.659034,21.890397],[73.659039,21.890399],[73.659046,21.890395],[73.659051,21.890386],[73.659063,21.890385],[73.659074,21.890389],[73.659083,21.890385],[73.659114,21.89039],[73.659123,21.890388],[73.659132,21.890381],[73.65914,21.890379],[73.65915,21.890372],[73.659159,21.890377],[73.659182,21.890372],[73.659185,21.890374],[73.659184,21.890381],[73.659192,21.890375],[73.659199,21.890376],[73.659205,21.890373],[73.659219,21.890376],[73.659242,21.890375],[73.659245,21.890378],[73.659251,21.890375],[73.659261,21.890377],[73.659282,21.890368],[73.659287,21.89037],[73.659289,21.890376],[73.659297,21.890369],[73.65932,21.890358],[73.659336,21.890357],[73.659351,21.890352],[73.659354,21.890349],[73.659376,21.890341],[73.659382,21.890342],[73.659389,21.890339],[73.659396,21.890331],[73.65941,21.890333],[73.659418,21.890325],[73.659424,21.890328],[73.659432,21.890324],[73.659447,21.890323],[73.659447,21.890318],[73.65946,21.890312],[73.659475,21.890316],[73.65948,21.890315],[73.659483,21.89031],[73.65947,21.890304],[73.659474,21.890298],[73.659484,21.890294],[73.659483,21.89028],[73.659489,21.890276],[73.659498,21.890275],[73.6595,21.890277],[73.6595,21.890274],[73.659506,21.890272],[73.659514,21.890263],[73.659522,21.890262],[73.659528,21.890264],[73.659532,21.890262],[73.659532,21.890259],[73.659524,21.890258],[73.659522,21.890256],[73.659532,21.890247],[73.659537,21.890247],[73.659538,21.890241],[73.659547,21.89024],[73.659556,21.890235],[73.659567,21.890237],[73.659579,21.890233],[73.659597,21.890234],[73.659597,21.890231],[73.659589,21.890228],[73.659597,21.89022],[73.6596,21.890221],[73.659608,21.890231],[73.659618,21.890225],[73.659621,21.89022],[73.659621,21.890216],[73.659625,21.89021],[73.659637,21.890208],[73.65965,21.890209],[73.65967,21.890199],[73.659675,21.890203],[73.65968,21.890194],[73.659685,21.890192],[73.65968,21.89019],[73.659674,21.890195],[73.659666,21.890195],[73.659652,21.8902],[73.659648,21.890198],[73.65965,21.890194],[73.659638,21.89019],[73.659625,21.890196],[73.659608,21.8902],[73.659602,21.890199],[73.659598,21.890195],[73.659601,21.890186],[73.659606,21.890179],[73.659615,21.890175],[73.659623,21.890162],[73.659633,21.89016],[73.65964,21.890164],[73.659643,21.890158],[73.65965,21.890151],[73.659658,21.890149],[73.659661,21.89015],[73.659663,21.890154],[73.659662,21.890159],[73.659669,21.890167],[73.659668,21.890171],[73.659669,21.890179],[73.659673,21.890183],[73.659666,21.890189],[73.659658,21.890191],[73.659659,21.890193],[73.659662,21.890194],[73.65967,21.89019],[73.659673,21.890186],[73.659684,21.890186],[73.659686,21.890184],[73.659693,21.890186],[73.659707,21.890181],[73.659713,21.890173],[73.659714,21.890167],[73.659711,21.890165],[73.659701,21.890164],[73.659696,21.890158],[73.659699,21.890156],[73.659697,21.890149],[73.659705,21.890136],[73.659712,21.890131],[73.659723,21.890129],[73.659728,21.890141],[73.659725,21.890145],[73.659729,21.890143],[73.659741,21.890151],[73.659746,21.890149],[73.659753,21.89015],[73.659757,21.890145],[73.659777,21.890147],[73.659786,21.890141],[73.659794,21.89014],[73.659793,21.890143],[73.659796,21.890147],[73.659803,21.890146],[73.659804,21.890142],[73.659798,21.890139],[73.659807,21.890138],[73.659808,21.890132],[73.659807,21.89013],[73.659797,21.890131],[73.659796,21.890127],[73.6598,21.890121],[73.659796,21.890114],[73.659797,21.890109],[73.659793,21.890106],[73.659792,21.8901],[73.659801,21.890096],[73.659803,21.890093],[73.659808,21.890097],[73.659814,21.890096],[73.659816,21.890091],[73.65981,21.890088],[73.659805,21.890089],[73.659807,21.890083],[73.659806,21.890077],[73.659811,21.890076],[73.659817,21.89008],[73.659823,21.890079],[73.659821,21.890069],[73.659832,21.890069],[73.659827,21.890059],[73.659819,21.890064],[73.659816,21.890062],[73.659817,21.890053],[73.659825,21.890052],[73.659822,21.890044],[73.659824,21.890035],[73.659842,21.890041],[73.659848,21.890047],[73.659857,21.890046],[73.659864,21.890053],[73.65987,21.890052],[73.65988,21.890035],[73.659883,21.890035],[73.659885,21.890039],[73.659883,21.890045],[73.659888,21.890043],[73.65989,21.890044],[73.65988,21.890051],[73.659882,21.89006],[73.659885,21.890063],[73.659888,21.890061],[73.659894,21.890053],[73.659898,21.890051],[73.659907,21.89005],[73.659917,21.890055],[73.659925,21.890053],[73.659974,21.890029],[73.659979,21.890037],[73.659974,21.890045],[73.659978,21.890055],[73.659976,21.890058],[73.659976,21.890065],[73.659979,21.890068],[73.66,21.890079],[73.660002,21.890076],[73.659997,21.890072],[73.659998,21.890066],[73.659993,21.890061],[73.659995,21.890057],[73.659993,21.890042],[73.659985,21.890034],[73.659982,21.890027],[73.659983,21.890024],[73.659991,21.890015],[73.659997,21.890003],[73.660003,21.889998],[73.660012,21.889994],[73.66003,21.889995],[73.660038,21.889991],[73.660063,21.889986]]}},{"type":"Feature","properties":{"elevation":42},"geometry":{"type":"LineString","coordinates":[[73.660175,21.889962],[73.660176,21.889966],[73.660185,21.889971],[73.660196,21.889972],[73.660197,21.88998],[73.660191,21.889997],[73.660192,21.890005],[73.660186,21.890016],[73.660184,21.890028],[73.66018,21.890027],[73.660177,21.890037],[73.660162,21.890052],[73.660176,21.890074],[73.66018,21.890087],[73.660172,21.890121],[73.660174,21.890126],[73.660173,21.890136],[73.660176,21.890147],[73.66018,21.890151],[73.660177,21.89016],[73.660179,21.890184],[73.660173,21.890202],[73.660176,21.890218],[73.660173,21.89022],[73.660167,21.89022],[73.660163,21.890225],[73.660166,21.890229],[73.660164,21.890235],[73.660167,21.890261],[73.660175,21.89027],[73.660172,21.890282],[73.660173,21.89029],[73.660176,21.890296],[73.660174,21.890332],[73.660177,21.890336],[73.660185,21.89034],[73.660187,21.890345],[73.660182,21.890352],[73.660184,21.890359],[73.660179,21.890371],[73.660178,21.89038],[73.660166,21.890398],[73.660171,21.890403],[73.660167,21.890414],[73.66017,21.890423],[73.660168,21.890428],[73.660173,21.890443],[73.660171,21.890448],[73.660174,21.890456],[73.660172,21.890469],[73.660186,21.890491],[73.660195,21.890496],[73.660198,21.8905],[73.660199,21.890506],[73.660204,21.890513],[73.660205,21.890522],[73.660211,21.890538],[73.660221,21.890551],[73.660274,21.890573],[73.660302,21.890578],[73.660305,21.890582],[73.660315,21.890586],[73.660328,21.890598],[73.660328,21.890605],[73.660326,21.890609],[73.660279,21.890615],[73.660271,21.890618],[73.660255,21.890633],[73.660248,21.890645],[73.660253,21.890648],[73.660289,21.890652],[73.660315,21.890657],[73.660319,21.890663],[73.660319,21.890671],[73.660315,21.890679],[73.660308,21.890684],[73.660291,21.890681],[73.66028,21.890684],[73.660273,21.890676],[73.66026,21.890669],[73.66023,21.890664],[73.660213,21.890654],[73.660203,21.890656],[73.660187,21.890665],[73.660173,21.890667],[73.660171,21.890658],[73.66018,21.89065],[73.660181,21.890645],[73.66018,21.890636],[73.660175,21.890628],[73.660161,21.890614],[73.66014,21.890598],[73.660126,21.890591],[73.660111,21.890587],[73.660086,21.890586],[73.660066,21.890593],[73.660061,21.8906],[73.66006,21.890609],[73.660066,21.89062],[73.660067,21.890625],[73.660063,21.890634],[73.66006,21.890636],[73.660051,21.890629],[73.660044,21.890619],[73.660022,21.890615],[73.659998,21.890618],[73.659981,21.890617],[73.659964,21.89061],[73.659906,21.890605],[73.659891,21.890597],[73.659872,21.890594],[73.659862,21.890589],[73.65988,21.890581],[73.659882,21.890577],[73.65988,21.890572],[73.659864,21.890562],[73.659835,21.890554],[73.659822,21.890553],[73.659812,21.890555],[73.659809,21.890559],[73.659805,21.890573],[73.659802,21.890579],[73.659792,21.890583],[73.659779,21.890583],[73.659769,21.890575],[73.65975,21.890571],[73.659739,21.890562],[73.659707,21.890558],[73.659685,21.890551],[73.659669,21.890542],[73.65965,21.890538],[73.659632,21.890537],[73.659607,21.890509],[73.659592,21.890496],[73.659559,21.890475],[73.659545,21.890469],[73.659501,21.890469],[73.659457,21.890465],[73.659426,21.890459],[73.659397,21.890448],[73.659374,21.890444],[73.659352,21.890437],[73.659337,21.890434],[73.659304,21.890436],[73.659296,21.890441],[73.659286,21.890451],[73.659271,21.890456],[73.659263,21.890454],[73.65925,21.890455],[73.65923,21.89045],[73.659208,21.890451],[73.659183,21.890446],[73.65917,21.890434],[73.659157,21.89043],[73.659131,21.890436],[73.65912,21.890435],[73.659114,21.890438],[73.659105,21.890438],[73.659098,21.890436],[73.659093,21.890429],[73.659089,21.890427],[73.659051,21.890422],[73.659029,21.890415],[73.65898,21.890411],[73.658966,21.890403],[73.658943,21.890398],[73.658931,21.8904],[73.658921,21.890399],[73.658908,21.890394],[73.658902,21.890389],[73.658876,21.890388],[73.658865,21.890384],[73.65885,21.890386],[73.658813,21.890378],[73.658792,21.890376],[73.658767,21.890367],[73.658752,21.890368],[73.658736,21.890365],[73.65872,21.890361],[73.658709,21.890355],[73.658701,21.890354],[73.658694,21.890357],[73.658677,21.890355],[73.658662,21.890352],[73.658654,21.890348],[73.658637,21.890348],[73.658612,21.890341],[73.658593,21.890341],[73.658587,21.890337],[73.658579,21.890335],[73.658561,21.890328],[73.658532,21.890328],[73.658513,21.890319],[73.658478,21.890318],[73.658459,21.890308],[73.658449,21.89031],[73.658443,21.890309],[73.658436,21.890312],[73.658414,21.890313],[73.658408,21.890309],[73.658396,21.890306],[73.658394,21.890303],[73.658389,21.890305],[73.658378,21.890319],[73.658375,21.890318],[73.658374,21.890313],[73.65838,21.890307],[73.658372,21.890299],[73.658368,21.890305],[73.658362,21.890308],[73.658361,21.890314],[73.658364,21.890317],[73.658362,21.890322],[73.658358,21.890317],[73.658359,21.890304],[73.658352,21.8903],[73.658362,21.890298],[73.658364,21.890296],[73.658363,21.890293],[73.658368,21.890288],[73.658372,21.89029],[73.658372,21.890285],[73.658377,21.890283],[73.658383,21.890285],[73.658386,21.89028],[73.658389,21.890281],[73.658404,21.890276],[73.658411,21.890281],[73.658411,21.890287],[73.658415,21.890291],[73.658421,21.89028],[73.658428,21.890275],[73.658428,21.890272],[73.658431,21.890272],[73.658433,21.890277],[73.658444,21.890272],[73.658454,21.890271],[73.658457,21.890265],[73.658463,21.890263],[73.65848,21.890264],[73.658488,21.890267],[73.658493,21.890264],[73.658512,21.89027],[73.658512,21.890263],[73.658517,21.890261],[73.658518,21.890258],[73.658514,21.890248],[73.658521,21.890243],[73.658526,21.890236],[73.658529,21.890243],[73.658535,21.890246],[73.658538,21.890251],[73.658544,21.890251],[73.658548,21.89025],[73.658548,21.890241],[73.658565,21.890233],[73.658576,21.890236],[73.65858,21.890241],[73.65859,21.890243],[73.658591,21.890247],[73.6586,21.890238],[73.658603,21.890243],[73.65861,21.890239],[73.65861,21.890244],[73.658614,21.890247],[73.658618,21.890246],[73.658619,21.890241],[73.658623,21.890243],[73.658627,21.890241],[73.65863,21.890234],[73.658639,21.890228],[73.658661,21.890222],[73.658673,21.890212],[73.658673,21.890207],[73.658676,21.890205],[73.658701,21.890204],[73.658706,21.890206],[73.658709,21.890202],[73.658719,21.890198],[73.658744,21.890197],[73.658765,21.890188],[73.658773,21.890191],[73.658797,21.890187],[73.658816,21.890194],[73.658819,21.890197],[73.658838,21.890202],[73.658849,21.890202],[73.658855,21.890202],[73.658855,21.890198],[73.65886,21.890196],[73.658861,21.890199],[73.658866,21.890194],[73.658871,21.890195],[73.65888,21.890191],[73.658895,21.89019],[73.658898,21.890195],[73.658904,21.890193],[73.65891,21.890199],[73.65892,21.890198],[73.658924,21.8902],[73.65893,21.890199],[73.65893,21.890187],[73.658941,21.890192],[73.658941,21.890195],[73.658937,21.890198],[73.658938,21.8902],[73.658941,21.890197],[73.658946,21.890199],[73.658945,21.890194],[73.65895,21.890187],[73.658957,21.890189],[73.658961,21.890188],[73.658971,21.890193],[73.658979,21.89019],[73.658985,21.890191],[73.658988,21.890189],[73.658987,21.890195],[73.65899,21.890197],[73.658988,21.890202],[73.659007,21.8902],[73.659021,21.890204],[73.659027,21.890202],[73.659041,21.89021],[73.659056,21.89021],[73.659058,21.890212],[73.659057,21.890215],[73.659063,21.890207],[73.659073,21.890211],[73.659083,21.89021],[73.659084,21.890215],[73.659088,21.890217],[73.659122,21.890222],[73.659129,21.89023],[73.659138,21.890228],[73.659144,21.89023],[73.659149,21.890227],[73.65915,21.890228],[73.659149,21.89023],[73.659153,21.89023],[73.659155,21.890234],[73.65916,21.890231],[73.659169,21.890233],[73.659178,21.890231],[73.659191,21.890234],[73.659215,21.890232],[73.659222,21.890235],[73.659228,21.890232],[73.659239,21.890234],[73.65924,21.89023],[73.659246,21.890232],[73.659251,21.890229],[73.659258,21.890234],[73.659258,21.890226],[73.659263,21.890229],[73.659267,21.890228],[73.659269,21.890231],[73.659272,21.890224],[73.659276,21.890225],[73.659299,21.890218],[73.659321,21.890207],[73.659336,21.890207],[73.659336,21.890211],[73.659338,21.890211],[73.659339,21.890204],[73.659337,21.890201],[73.659339,21.890196],[73.659346,21.890191],[73.659349,21.890185],[73.659361,21.890177],[73.659364,21.890172],[73.659371,21.890167],[73.659372,21.890162],[73.659376,21.890161],[73.659378,21.890154],[73.659376,21.890147],[73.65937,21.890143],[73.659373,21.89014],[73.659377,21.89014],[73.659376,21.890135],[73.659383,21.890134],[73.659384,21.89013],[73.659381,21.890126],[73.659383,21.890122],[73.659388,21.890121],[73.65939,21.890126],[73.659393,21.890128],[73.659393,21.890133],[73.6594,21.890131],[73.659402,21.890119],[73.659397,21.890116],[73.659391,21.890117],[73.659394,21.890113],[73.659404,21.89011],[73.659408,21.890115],[73.659415,21.890113],[73.659428,21.890106],[73.659442,21.890103],[73.659447,21.890097],[73.659447,21.890089],[73.659459,21.89008],[73.65948,21.890082],[73.659489,21.890077],[73.659498,21.890075],[73.659512,21.890082],[73.659521,21.890082],[73.659543,21.890079],[73.659545,21.890074],[73.659556,21.89007],[73.65956,21.890072],[73.65956,21.890077],[73.659564,21.890077],[73.659565,21.89007],[73.659567,21.89007],[73.659566,21.890072],[73.659568,21.890073],[73.65957,21.89007],[73.659574,21.89007],[73.659579,21.890065],[73.659584,21.890066],[73.659585,21.89007],[73.659591,21.890071],[73.6596,21.890061],[73.659613,21.890057],[73.659615,21.890058],[73.659613,21.890065],[73.659618,21.890067],[73.659622,21.89006],[73.659621,21.890056],[73.659629,21.890053],[73.659649,21.890051],[73.659649,21.890046],[73.659654,21.890048],[73.65966,21.890044],[73.659673,21.890031],[73.659683,21.890027],[73.659687,21.890023],[73.659696,21.890019],[73.659703,21.890019],[73.659714,21.890011],[73.65973,21.890008],[73.659738,21.890009],[73.659748,21.890002],[73.659758,21.889999],[73.659771,21.889991],[73.659779,21.889992],[73.6598,21.889988],[73.659829,21.88999],[73.65984,21.889984],[73.659869,21.88999],[73.659884,21.889981],[73.659888,21.889982],[73.659889,21.889988],[73.6599,21.890002],[73.659906,21.889999],[73.659911,21.889987],[73.659922,21.889984],[73.659933,21.889985],[73.659945,21.889972],[73.659976,21.889976],[73.659982,21.88998],[73.659993,21.889977],[73.659998,21.889982],[73.660002,21.889982],[73.660004,21.889979],[73.660009,21.889981],[73.660019,21.889974],[73.660033,21.889978],[73.660041,21.889975],[73.660043,21.889971],[73.660057,21.88997],[73.660069,21.889972],[73.660074,21.889969],[73.660087,21.889968],[73.660093,21.889971],[73.660099,21.889969],[73.660107,21.889974],[73.660121,21.889975],[73.660132,21.889979],[73.660138,21.889975],[73.660142,21.889968],[73.660147,21.889966],[73.660153,21.889964],[73.660167,21.889965],[73.660175,21.889962]]}},{"type":"Feature","properties":{"elevation":43},"geometry":{"type":"LineString","coordinates":[[73.660237,21.889836],[73.66024,21.889838],[73.660239,21.889848],[73.660244,21.889854],[73.660249,21.889856],[73.660261,21.889855],[73.66024,21.889869],[73.660245,21.889872],[73.660246,21.889882],[73.660243,21.889897],[73.660238,21.8899],[73.660237,21.889904],[73.660233,21.88995],[73.660231,21.889953],[73.660229,21.889961],[73.66022,21.889976],[73.660217,21.889986],[73.660206,21.890002],[73.660202,21.890021],[73.660199,21.890024],[73.660203,21.890033],[73.660196,21.890037],[73.660193,21.890041],[73.66019,21.89006],[73.660194,21.890091],[73.660185,21.890117],[73.660187,21.890124],[73.660186,21.890129],[73.660189,21.890145],[73.660195,21.890147],[73.660197,21.890151],[73.660192,21.890159],[73.660194,21.890185],[73.660191,21.890192],[73.660188,21.89021],[73.660193,21.890221],[73.660187,21.890225],[73.660185,21.890234],[73.660187,21.890241],[73.660193,21.890246],[73.6602,21.890245],[73.660201,21.890251],[73.660195,21.890273],[73.660189,21.890283],[73.660195,21.890294],[73.660188,21.890303],[73.660188,21.890312],[73.660186,21.890317],[73.660189,21.890332],[73.660198,21.89034],[73.6602,21.890345],[73.660196,21.890353],[73.660198,21.890358],[73.660193,21.890377],[73.660186,21.890393],[73.660191,21.890403],[73.660191,21.89042],[73.660186,21.890442],[73.660188,21.890456],[73.660187,21.890464],[73.660189,21.890474],[73.660193,21.890477],[73.660196,21.890483],[73.660201,21.890486],[73.660204,21.890492],[73.660215,21.890501],[73.660222,21.890529],[73.660232,21.890543],[73.660276,21.890564],[73.660298,21.890568],[73.660322,21.890575],[73.660333,21.890582],[73.660333,21.890587],[73.660337,21.890589],[73.660339,21.890608],[73.660315,21.89062],[73.660306,21.890631],[73.660308,21.890641],[73.660325,21.890658],[73.660327,21.890669],[73.660325,21.890679],[73.660321,21.890687],[73.660305,21.890696],[73.66028,21.890696],[73.660254,21.890672],[73.660232,21.89067],[73.660212,21.890661],[73.660177,21.890672],[73.660164,21.890674],[73.660157,21.890665],[73.660153,21.890649],[73.660149,21.890642],[73.660137,21.890634],[73.660121,21.890628],[73.660106,21.890627],[73.660093,21.89063],[73.660079,21.890638],[73.660071,21.890648],[73.660058,21.890645],[73.660042,21.890627],[73.660036,21.890624],[73.659995,21.890623],[73.659947,21.890613],[73.659904,21.890609],[73.659894,21.890607],[73.659883,21.890601],[73.659851,21.890595],[73.659823,21.890582],[73.659798,21.890588],[73.659781,21.890588],[73.659764,21.890578],[73.659746,21.890575],[73.659725,21.890567],[73.659693,21.890563],[73.659647,21.890547],[73.659632,21.890546],[73.659622,21.890541],[73.659602,21.890537],[73.65959,21.890531],[73.65959,21.890526],[73.659586,21.890523],[73.659575,21.890519],[73.659566,21.890522],[73.65956,21.89052],[73.659559,21.890513],[73.659555,21.890508],[73.659533,21.890498],[73.659517,21.890493],[73.659503,21.890492],[73.659497,21.890496],[73.659489,21.890495],[73.659485,21.890498],[73.65948,21.890492],[73.659466,21.890488],[73.659454,21.890488],[73.65945,21.890492],[73.659438,21.890489],[73.659433,21.890491],[73.659426,21.890501],[73.659418,21.890502],[73.659404,21.890493],[73.659395,21.890484],[73.659329,21.890462],[73.659324,21.890463],[73.659319,21.890468],[73.659303,21.890472],[73.65928,21.890469],[73.659246,21.890468],[73.659211,21.890462],[73.659197,21.890458],[73.659173,21.890455],[73.659156,21.890444],[73.659144,21.890445],[73.659132,21.890444],[73.659098,21.890444],[73.659081,21.89044],[73.659065,21.890432],[73.65904,21.89043],[73.659028,21.890425],[73.658973,21.890421],[73.658941,21.890416],[73.658925,21.890408],[73.658896,21.890404],[73.65889,21.890397],[73.658846,21.890395],[73.658828,21.890388],[73.658786,21.890384],[73.65877,21.890378],[73.658752,21.890376],[73.658734,21.890369],[73.658709,21.890363],[73.658679,21.890364],[73.658659,21.890358],[73.658647,21.890359],[73.658614,21.890352],[73.658584,21.890349],[73.658568,21.89034],[73.658556,21.890338],[73.658554,21.890335],[73.65854,21.890337],[73.658527,21.890332],[73.658522,21.890334],[73.658495,21.890328],[73.65848,21.890329],[73.658449,21.890316],[73.658437,21.89032],[73.658413,21.890321],[73.658403,21.890329],[73.658396,21.890328],[73.658393,21.890333],[73.65838,21.890341],[73.658329,21.89035],[73.658299,21.890348],[73.658294,21.890346],[73.658288,21.890348],[73.658282,21.890341],[73.658272,21.890335],[73.658268,21.890337],[73.658262,21.890348],[73.65825,21.890348],[73.658245,21.890346],[73.658249,21.890334],[73.658247,21.890329],[73.658217,21.890319],[73.658237,21.890308],[73.658241,21.890301],[73.658247,21.890298],[73.658254,21.890298],[73.658257,21.890296],[73.658265,21.890298],[73.658272,21.890295],[73.658275,21.8903],[73.658278,21.8903],[73.658279,21.890297],[73.658276,21.890295],[73.658284,21.890297],[73.658285,21.890292],[73.658296,21.890291],[73.658305,21.890277],[73.658315,21.890278],[73.658329,21.890267],[73.658355,21.890259],[73.658358,21.890254],[73.658373,21.890258],[73.658401,21.89025],[73.658423,21.890248],[73.658424,21.890243],[73.658436,21.89024],[73.658438,21.890242],[73.658442,21.890241],[73.658446,21.890235],[73.65845,21.890238],[73.65848,21.890231],[73.658486,21.890234],[73.658488,21.890231],[73.658488,21.890224],[73.658494,21.890223],[73.658499,21.890219],[73.658502,21.89022],[73.658511,21.890212],[73.658522,21.890213],[73.65854,21.89021],[73.658551,21.890206],[73.658557,21.890199],[73.658561,21.890206],[73.658565,21.890206],[73.658596,21.890198],[73.658607,21.890199],[73.658618,21.890192],[73.65863,21.890194],[73.658641,21.890194],[73.658644,21.89019],[73.658651,21.890189],[73.658654,21.890182],[73.658663,21.890185],[73.658675,21.890179],[73.65868,21.890182],[73.658685,21.890182],[73.65869,21.890179],[73.658692,21.890174],[73.658697,21.890173],[73.658704,21.890175],[73.658713,21.890174],[73.658714,21.890178],[73.658721,21.890172],[73.658737,21.890171],[73.65874,21.890167],[73.658763,21.890164],[73.658786,21.890156],[73.658798,21.890162],[73.658803,21.890159],[73.65881,21.890163],[73.658815,21.890159],[73.658819,21.890161],[73.658824,21.890159],[73.658829,21.890163],[73.658836,21.890161],[73.658839,21.890165],[73.658848,21.890163],[73.658855,21.890165],[73.658867,21.89016],[73.658872,21.890162],[73.658878,21.890159],[73.658882,21.890151],[73.658885,21.890149],[73.658891,21.890148],[73.658894,21.890151],[73.658903,21.890149],[73.658904,21.890143],[73.658921,21.890152],[73.658928,21.890146],[73.658938,21.890148],[73.658945,21.890145],[73.65895,21.890147],[73.658955,21.890142],[73.658996,21.890141],[73.659007,21.890148],[73.659013,21.890146],[73.659016,21.890143],[73.659026,21.890144],[73.659036,21.89014],[73.659057,21.890147],[73.659065,21.890144],[73.659071,21.890147],[73.659075,21.890146],[73.659076,21.890153],[73.659079,21.890157],[73.659091,21.890152],[73.659103,21.890156],[73.659118,21.890156],[73.659123,21.890159],[73.659131,21.890153],[73.659162,21.890154],[73.659174,21.890147],[73.659199,21.890141],[73.65921,21.890142],[73.65922,21.89015],[73.659228,21.890151],[73.659262,21.890133],[73.659271,21.890132],[73.65927,21.890135],[73.659272,21.890135],[73.659291,21.89012],[73.659307,21.890114],[73.659313,21.890117],[73.659315,21.890112],[73.659331,21.890106],[73.659336,21.890101],[73.659338,21.890095],[73.659347,21.890098],[73.659346,21.890105],[73.659347,21.890108],[73.659358,21.890106],[73.659363,21.8901],[73.659384,21.890088],[73.659389,21.890074],[73.659389,21.890065],[73.659392,21.890059],[73.659397,21.890054],[73.659407,21.890052],[73.659403,21.890048],[73.659409,21.890049],[73.659415,21.890044],[73.659418,21.890047],[73.659422,21.890059],[73.659419,21.890063],[73.65942,21.890069],[73.659408,21.89008],[73.659407,21.890086],[73.659409,21.890088],[73.659416,21.890087],[73.659414,21.890078],[73.659429,21.89008],[73.659437,21.890074],[73.659442,21.890074],[73.65945,21.890069],[73.659455,21.890059],[73.659476,21.890053],[73.65948,21.890048],[73.659479,21.890044],[73.659485,21.89004],[73.659489,21.890032],[73.659503,21.890028],[73.659518,21.890017],[73.659525,21.890019],[73.659533,21.890013],[73.659536,21.890018],[73.659542,21.890021],[73.659546,21.890019],[73.659548,21.890014],[73.659552,21.890015],[73.65956,21.890011],[73.659562,21.890016],[73.659571,21.890011],[73.659578,21.89002],[73.659595,21.89002],[73.659601,21.890022],[73.659604,21.89002],[73.659603,21.89001],[73.659617,21.890003],[73.659624,21.890007],[73.659628,21.890006],[73.659635,21.890008],[73.659654,21.890007],[73.659669,21.889996],[73.659678,21.889995],[73.659683,21.889991],[73.65969,21.88999],[73.659698,21.889985],[73.659702,21.889987],[73.65972,21.889985],[73.659725,21.889982],[73.65973,21.889982],[73.659734,21.889977],[73.659741,21.889981],[73.659753,21.889983],[73.659765,21.889978],[73.659775,21.88997],[73.65979,21.889975],[73.659802,21.88997],[73.659824,21.889976],[73.659833,21.88997],[73.659835,21.889966],[73.659847,21.889961],[73.659857,21.889964],[73.659868,21.889962],[73.659876,21.889967],[73.659888,21.889962],[73.659895,21.889963],[73.659903,21.889961],[73.659911,21.889963],[73.659914,21.889961],[73.659918,21.889963],[73.65992,21.889962],[73.659919,21.88996],[73.65992,21.889957],[73.659922,21.889961],[73.659927,21.889962],[73.65993,21.889959],[73.659934,21.88996],[73.659941,21.889957],[73.659944,21.889959],[73.659953,21.889956],[73.659958,21.88996],[73.659965,21.889959],[73.659972,21.889954],[73.659979,21.889956],[73.659979,21.88995],[73.659969,21.889948],[73.659971,21.889944],[73.659976,21.889941],[73.659995,21.889945],[73.659994,21.889948],[73.659989,21.889948],[73.659987,21.889955],[73.659988,21.889956],[73.659991,21.889954],[73.659996,21.889961],[73.66,21.889961],[73.660008,21.889958],[73.660016,21.889963],[73.660026,21.889965],[73.66003,21.889962],[73.660034,21.889963],[73.660044,21.889958],[73.66006,21.889958],[73.660067,21.889952],[73.660051,21.889942],[73.660051,21.889936],[73.660072,21.889911],[73.660068,21.889905],[73.660063,21.889902],[73.660061,21.889896],[73.660045,21.889894],[73.660045,21.889889],[73.660039,21.889881],[73.660039,21.889876],[73.660033,21.889881],[73.660029,21.889881],[73.660027,21.889878],[73.660015,21.88989],[73.660013,21.88989],[73.660012,21.889884],[73.660024,21.889871],[73.660032,21.889867],[73.660035,21.88987],[73.660044,21.889865],[73.660048,21.889867],[73.660047,21.889863],[73.660052,21.889859],[73.660068,21.889854],[73.660085,21.889855],[73.66009,21.889851],[73.66009,21.889847],[73.660096,21.88984],[73.660108,21.88984],[73.660116,21.889846],[73.660135,21.889845],[73.660145,21.889851],[73.660158,21.889853],[73.660175,21.889846],[73.660219,21.889836],[73.660237,21.889836]]}},{"type":"Feature","properties":{"elevation":44},"geometry":{"type":"LineString","coordinates":[[73.660157,21.889758],[73.660161,21.88976],[73.660159,21.889766],[73.660171,21.889774],[73.660171,21.889777],[73.660165,21.889778],[73.660157,21.889777],[73.660152,21.889773],[73.660149,21.889775],[73.66015,21.889778],[73.660142,21.889786],[73.66014,21.889791],[73.660145,21.889811],[73.660163,21.889831],[73.660176,21.88983],[73.660172,21.889824],[73.660173,21.889815],[73.660177,21.889816],[73.66018,21.889823],[73.660178,21.889824],[73.660176,21.889822],[73.660176,21.889825],[73.660189,21.88983],[73.660198,21.889829],[73.660203,21.889826],[73.660214,21.889824],[73.660227,21.889817],[73.660237,21.889817],[73.660243,21.889814],[73.660253,21.889815],[73.660259,21.889811],[73.660277,21.889811],[73.660295,21.889806],[73.660301,21.889801],[73.660308,21.889801],[73.660315,21.889795],[73.660322,21.889792],[73.660329,21.889794],[73.660325,21.889815],[73.660329,21.889825],[73.660344,21.889826],[73.660362,21.889819],[73.660366,21.889823],[73.660366,21.889826],[73.660353,21.889832],[73.660325,21.88984],[73.660318,21.889844],[73.660314,21.889843],[73.660309,21.889848],[73.660296,21.88985],[73.660294,21.889854],[73.660285,21.889859],[73.660279,21.889865],[73.66027,21.889869],[73.660259,21.889884],[73.660258,21.889896],[73.66026,21.889901],[73.660251,21.889912],[73.66025,21.889918],[73.660253,21.889924],[73.660246,21.889946],[73.660247,21.889955],[73.660251,21.88996],[73.660244,21.889965],[73.660238,21.889977],[73.660236,21.889987],[73.66023,21.889991],[73.660226,21.89],[73.660217,21.890012],[73.660215,21.890025],[73.660219,21.890039],[73.660208,21.890045],[73.660204,21.89008],[73.660206,21.890085],[73.660206,21.890097],[73.660202,21.890103],[73.660199,21.890117],[73.6602,21.890132],[73.660204,21.890141],[73.660211,21.890149],[73.660207,21.890153],[73.660204,21.89017],[73.660211,21.890183],[73.660205,21.890191],[73.6602,21.890206],[73.660204,21.890208],[73.660203,21.890214],[73.660211,21.890221],[73.66021,21.890227],[73.660215,21.890234],[73.660215,21.890242],[73.660219,21.890249],[73.660217,21.890259],[73.660211,21.890261],[73.66021,21.890269],[73.660212,21.890273],[73.660207,21.890281],[73.660214,21.890293],[73.660206,21.890296],[73.660198,21.890313],[73.660201,21.890329],[73.660209,21.890337],[73.660215,21.890348],[73.660211,21.890351],[73.66021,21.890361],[73.660204,21.890376],[73.660206,21.890383],[73.660203,21.890396],[73.660208,21.890406],[73.660207,21.89042],[73.66021,21.890426],[73.660203,21.89043],[73.660201,21.890435],[73.660199,21.890446],[73.660201,21.890465],[73.660206,21.890475],[73.660218,21.890486],[73.660229,21.890502],[73.660234,21.890522],[73.66024,21.890533],[73.660247,21.890537],[73.660276,21.890535],[73.660292,21.890558],[73.660311,21.890558],[73.660315,21.890563],[73.660325,21.890566],[73.660339,21.890576],[73.66035,21.890591],[73.660352,21.890601],[73.660352,21.890606],[73.660334,21.890622],[73.660328,21.890634],[73.660328,21.890641],[73.660333,21.890665],[73.660328,21.890688],[73.660322,21.890696],[73.660303,21.890707],[73.660297,21.890706],[73.660282,21.890709],[73.660274,21.890703],[73.66027,21.890694],[73.660253,21.89069],[73.660249,21.890692],[73.660248,21.890687],[73.660235,21.890687],[73.660197,21.890674],[73.660162,21.890682],[73.660153,21.890679],[73.660148,21.890681],[73.660144,21.890669],[73.660136,21.890658],[73.660128,21.890652],[73.660118,21.890649],[73.660099,21.890649],[73.660084,21.89066],[73.660078,21.890661],[73.660058,21.890652],[73.660044,21.890642],[73.660027,21.890638],[73.659979,21.890631],[73.659974,21.890633],[73.65997,21.89063],[73.65996,21.890628],[73.659901,21.890624],[73.659816,21.89061],[73.659802,21.890606],[73.659798,21.890607],[73.659795,21.890604],[73.659755,21.890594],[73.659716,21.890591],[73.659634,21.89057],[73.659627,21.89057],[73.65962,21.890566],[73.659472,21.890529],[73.659459,21.89052],[73.65945,21.890521],[73.659406,21.890507],[73.659388,21.890507],[73.659357,21.890499],[73.659348,21.890492],[73.659323,21.89049],[73.65931,21.890484],[73.659286,21.890481],[73.659267,21.89048],[73.659222,21.890473],[73.659209,21.890473],[73.65919,21.89047],[73.65915,21.890455],[73.659098,21.890451],[73.659073,21.890446],[73.659064,21.890441],[73.659036,21.890438],[73.658994,21.890429],[73.658936,21.890423],[73.658922,21.890417],[73.658891,21.890412],[73.658859,21.890402],[73.658835,21.8904],[73.658819,21.890394],[73.65879,21.890393],[73.658772,21.890389],[73.658766,21.890391],[73.658745,21.890389],[73.658691,21.890375],[73.658679,21.890369],[73.658667,21.89037],[73.65865,21.890366],[73.658624,21.890364],[73.658613,21.89036],[73.658593,21.890359],[73.658554,21.890348],[73.658468,21.890334],[73.658455,21.890328],[73.658445,21.890327],[73.658434,21.890331],[73.658425,21.89033],[73.658385,21.890355],[73.658366,21.890357],[73.658353,21.890361],[73.658325,21.890364],[73.658311,21.89036],[73.658296,21.89036],[73.658278,21.890357],[73.658265,21.890361],[73.658247,21.890361],[73.658238,21.890355],[73.658228,21.890337],[73.658206,21.890329],[73.6582,21.890325],[73.658197,21.890315],[73.658202,21.890313],[73.658202,21.890309],[73.65821,21.890311],[73.658216,21.890308],[73.658219,21.890303],[73.658219,21.890293],[73.658216,21.89029],[73.658219,21.890283],[73.658214,21.890279],[73.658208,21.890279],[73.658203,21.890275],[73.658197,21.890275],[73.658206,21.890267],[73.658201,21.890257],[73.658179,21.890253],[73.658173,21.890247],[73.658177,21.890245],[73.658173,21.890243],[73.658182,21.890238],[73.658182,21.890233],[73.658186,21.890234],[73.65819,21.89023],[73.658191,21.890226],[73.658195,21.890225],[73.658199,21.890221],[73.658211,21.890221],[73.65822,21.890214],[73.658226,21.890215],[73.658229,21.890212],[73.658249,21.890208],[73.658262,21.890201],[73.658273,21.890201],[73.658281,21.890198],[73.658284,21.890202],[73.658291,21.890202],[73.658297,21.890197],[73.658296,21.890194],[73.658298,21.890191],[73.658317,21.89019],[73.658326,21.890186],[73.658355,21.890184],[73.658367,21.890178],[73.658402,21.89017],[73.65841,21.890166],[73.658416,21.890166],[73.658428,21.890159],[73.658434,21.890161],[73.658446,21.890155],[73.658461,21.890155],[73.658475,21.890148],[73.658499,21.890146],[73.65852,21.890139],[73.658522,21.890136],[73.658528,21.890138],[73.658535,21.890138],[73.658567,21.890134],[73.658577,21.890131],[73.658581,21.890128],[73.658589,21.890129],[73.658612,21.890127],[73.658634,21.890117],[73.658641,21.890119],[73.658654,21.890118],[73.658659,21.890114],[73.658685,21.890108],[73.65869,21.890104],[73.658695,21.890105],[73.658718,21.8901],[73.658725,21.890094],[73.658733,21.890096],[73.658759,21.890089],[73.658772,21.890088],[73.658784,21.890083],[73.658813,21.890078],[73.658828,21.89007],[73.658843,21.89007],[73.658856,21.890066],[73.658859,21.890067],[73.658867,21.890061],[73.658875,21.890059],[73.65888,21.890058],[73.658884,21.890061],[73.658897,21.890055],[73.658919,21.890056],[73.658926,21.890053],[73.658941,21.890054],[73.658955,21.890049],[73.658985,21.890044],[73.658992,21.890039],[73.659008,21.890038],[73.65902,21.890032],[73.659055,21.890026],[73.65907,21.890021],[73.65911,21.890018],[73.659116,21.890024],[73.659122,21.890024],[73.659128,21.890027],[73.659133,21.890036],[73.659153,21.890039],[73.659162,21.890036],[73.659174,21.890035],[73.659175,21.890037],[73.659172,21.890038],[73.659177,21.890038],[73.659183,21.890045],[73.65919,21.890047],[73.659196,21.890043],[73.65922,21.890044],[73.659229,21.890042],[73.659237,21.890036],[73.659246,21.890042],[73.659246,21.890037],[73.659251,21.890035],[73.659255,21.890037],[73.659261,21.890036],[73.659267,21.890041],[73.659284,21.890036],[73.659293,21.890035],[73.6593,21.890023],[73.659321,21.890012],[73.659311,21.890012],[73.659321,21.890007],[73.659316,21.890004],[73.659318,21.889997],[73.659308,21.889987],[73.65931,21.889982],[73.659321,21.889978],[73.659341,21.889982],[73.659345,21.889978],[73.659351,21.889978],[73.659373,21.889965],[73.659393,21.889961],[73.659413,21.889953],[73.65942,21.889948],[73.65942,21.889944],[73.659434,21.889937],[73.65944,21.889936],[73.659448,21.889927],[73.659457,21.889922],[73.659466,21.889925],[73.659476,21.889922],[73.659489,21.889915],[73.65949,21.889922],[73.659496,21.889916],[73.659506,21.889922],[73.659512,21.889923],[73.659524,21.889919],[73.659528,21.889921],[73.659536,21.889908],[73.659544,21.889911],[73.659545,21.889908],[73.65955,21.889907],[73.659553,21.889902],[73.659555,21.889884],[73.659551,21.889877],[73.659569,21.889879],[73.659571,21.889875],[73.659579,21.889872],[73.659596,21.889861],[73.659603,21.889858],[73.659608,21.889862],[73.659617,21.889862],[73.659618,21.889858],[73.659622,21.889854],[73.659623,21.889848],[73.659626,21.889846],[73.659637,21.88985],[73.659637,21.889846],[73.659646,21.889844],[73.659645,21.889836],[73.659649,21.889837],[73.659648,21.889833],[73.659656,21.889829],[73.659655,21.889823],[73.659649,21.889819],[73.659652,21.889817],[73.659671,21.88982],[73.659673,21.889834],[73.659677,21.889839],[73.659669,21.889837],[73.65966,21.889844],[73.659663,21.889848],[73.659658,21.889848],[73.659657,21.889852],[73.659663,21.889862],[73.65967,21.88985],[73.659692,21.889832],[73.65971,21.889837],[73.659718,21.889831],[73.659732,21.88983],[73.659736,21.889831],[73.659736,21.889823],[73.659729,21.889806],[73.659736,21.889801],[73.659742,21.889791],[73.659748,21.88979],[73.659762,21.889781],[73.659766,21.889784],[73.65977,21.889803],[73.659785,21.88981],[73.65979,21.889816],[73.659794,21.889825],[73.659794,21.889835],[73.659806,21.889827],[73.659812,21.889829],[73.659822,21.889824],[73.659826,21.889826],[73.659828,21.889834],[73.659839,21.889839],[73.659847,21.889839],[73.65986,21.889845],[73.659876,21.889845],[73.65989,21.889851],[73.659891,21.889848],[73.659886,21.889848],[73.659887,21.889845],[73.659899,21.889841],[73.659905,21.889841],[73.659924,21.889847],[73.659943,21.889842],[73.65995,21.889846],[73.659952,21.88984],[73.659955,21.889838],[73.659971,21.88984],[73.659974,21.889837],[73.659984,21.889836],[73.660003,21.889838],[73.66001,21.889831],[73.66002,21.889835],[73.660021,21.889832],[73.660019,21.88983],[73.660022,21.889826],[73.66002,21.889819],[73.660025,21.889816],[73.660026,21.889811],[73.660018,21.889805],[73.660028,21.8898],[73.660037,21.889791],[73.660037,21.889786],[73.660041,21.889782],[73.660049,21.889784],[73.660058,21.889783],[73.660063,21.889785],[73.660067,21.889782],[73.660067,21.889779],[73.660073,21.889779],[73.660074,21.889774],[73.66008,21.889776],[73.660089,21.889773],[73.660099,21.889777],[73.660112,21.88977],[73.660115,21.889771],[73.660122,21.889764],[73.660132,21.889761],[73.660134,21.889766],[73.660141,21.889767],[73.660157,21.889758]]}},{"type":"Feature","properties":{"elevation":60},"geometry":{"type":"LineString","coordinates":[[73.65795,21.889934],[73.657954,21.889934],[73.657956,21.88993],[73.657969,21.889924],[73.657971,21.889917],[73.657984,21.889903],[73.657993,21.889904],[73.658,21.889901],[73.658016,21.88991],[73.658025,21.889929],[73.658035,21.88993],[73.658038,21.889933],[73.658049,21.889928],[73.658053,21.889934],[73.658063,21.889931],[73.658073,21.889933],[73.658088,21.889931],[73.658097,21.889935],[73.658108,21.889933],[73.658114,21.889939],[73.658128,21.889937],[73.658131,21.88994],[73.658139,21.889942],[73.658142,21.889939],[73.658152,21.889939],[73.65816,21.889935],[73.658175,21.889939],[73.658184,21.889937],[73.658194,21.88994],[73.658205,21.889937],[73.658203,21.88994],[73.658205,21.889941],[73.658211,21.889934],[73.658224,21.889933],[73.65823,21.889936],[73.65826,21.889926],[73.658256,21.889912],[73.658245,21.889902],[73.658242,21.889894],[73.658236,21.889895],[73.658226,21.889888],[73.658216,21.889878],[73.658213,21.889871],[73.658204,21.889864],[73.658181,21.88985],[73.658175,21.889843],[73.658169,21.889843],[73.658174,21.889818],[73.658172,21.889816],[73.65818,21.889809],[73.658184,21.889798],[73.658191,21.88979],[73.658192,21.889784],[73.658197,21.88978],[73.658204,21.88978],[73.658216,21.889773],[73.658223,21.889764],[73.65825,21.889764],[73.658259,21.889767],[73.65828,21.889762],[73.658284,21.88976],[73.658288,21.889753],[73.658296,21.889746],[73.658291,21.889742],[73.658289,21.889731],[73.658296,21.889713],[73.658294,21.889701],[73.658297,21.889687],[73.658292,21.889685],[73.658274,21.889683],[73.658261,21.889689],[73.658248,21.889689],[73.658239,21.889698],[73.658231,21.889699],[73.658221,21.889715],[73.658221,21.889719],[73.658217,21.889723],[73.658212,21.889722],[73.658213,21.889714],[73.65821,21.889712],[73.658206,21.889715],[73.658201,21.889713],[73.658202,21.889703],[73.658198,21.8897],[73.658192,21.8897],[73.65819,21.889697],[73.658188,21.8897],[73.658181,21.889701],[73.658182,21.889709],[73.658178,21.88971],[73.658174,21.889708],[73.658172,21.889712],[73.658166,21.88971],[73.658165,21.889707],[73.658168,21.889704],[73.658166,21.889702],[73.658154,21.889705],[73.658149,21.889719],[73.658148,21.889702],[73.658146,21.889701],[73.658143,21.889704],[73.658142,21.889703],[73.658143,21.88969],[73.658141,21.889687],[73.658135,21.889705],[73.658132,21.889706],[73.658135,21.88971],[73.658132,21.889718],[73.658125,21.889717],[73.658123,21.889713],[73.658121,21.889717],[73.658113,21.889714],[73.65811,21.889717],[73.658108,21.889712],[73.658092,21.889708],[73.65805,21.889714],[73.65804,21.889719],[73.65804,21.889716],[73.658033,21.889715],[73.658026,21.889724],[73.658019,21.889716],[73.658019,21.889703],[73.658021,21.889685],[73.658029,21.889674],[73.658028,21.889662],[73.658016,21.889674],[73.658016,21.889678],[73.658007,21.889678],[73.657999,21.889685],[73.657998,21.889689],[73.657996,21.889688],[73.657985,21.889693]]}},{"type":"Feature","properties":{"elevation":59},"geometry":{"type":"LineString","coordinates":[[73.657949,21.889958],[73.657969,21.889961],[73.65797,21.889956],[73.657973,21.889955],[73.657984,21.889956],[73.657991,21.88996],[73.657993,21.889959],[73.657994,21.889954],[73.657988,21.889953],[73.657986,21.889949],[73.657982,21.889947],[73.657981,21.889932],[73.657986,21.889916],[73.657991,21.889912],[73.657998,21.889914],[73.658001,21.88992],[73.658006,21.88992],[73.658009,21.889927],[73.658008,21.889934],[73.658006,21.889936],[73.658006,21.889945],[73.658002,21.889954],[73.658011,21.889954],[73.658016,21.889958],[73.658036,21.889952],[73.658043,21.889955],[73.658053,21.889955],[73.658056,21.889954],[73.658055,21.88995],[73.658059,21.889949],[73.658093,21.889954],[73.658095,21.889958],[73.658099,21.889955],[73.658106,21.889956],[73.65811,21.889954],[73.658113,21.889955],[73.658126,21.889954],[73.658128,21.88995],[73.658135,21.889951],[73.65814,21.889955],[73.658141,21.889958],[73.658147,21.88996],[73.658152,21.889956],[73.658161,21.889956],[73.658162,21.889959],[73.658171,21.889955],[73.658203,21.889955],[73.65822,21.889951],[73.658227,21.889952],[73.658233,21.889947],[73.658247,21.889947],[73.658256,21.889943],[73.658272,21.88994],[73.658291,21.889932],[73.658291,21.889928],[73.658309,21.889925],[73.658319,21.88992],[73.658315,21.889901],[73.658308,21.889885],[73.658314,21.889882],[73.658295,21.889884],[73.658274,21.889892],[73.658267,21.889889],[73.658259,21.88989],[73.658244,21.889884],[73.658237,21.889883],[73.658229,21.889878],[73.65822,21.889863],[73.658204,21.889852],[73.658198,21.88985],[73.658185,21.889824],[73.658188,21.889816],[73.658191,21.889816],[73.658194,21.889806],[73.658221,21.88978],[73.658233,21.889779],[73.658244,21.889783],[73.658259,21.889777],[73.658283,21.889775],[73.658291,21.889769],[73.658306,21.889749],[73.658307,21.889743],[73.658301,21.889731],[73.658301,21.889725],[73.658316,21.889689],[73.658321,21.889686],[73.658323,21.889677],[73.658302,21.889669],[73.6583,21.889665],[73.658304,21.889661],[73.658295,21.889658],[73.658298,21.889651],[73.658297,21.889648],[73.65829,21.889647],[73.658285,21.889651],[73.658281,21.88965],[73.658284,21.889659],[73.658279,21.889666],[73.658273,21.88967],[73.658268,21.88967],[73.658261,21.889666],[73.65826,21.889671],[73.658256,21.889671],[73.658252,21.889659],[73.658248,21.889659],[73.658243,21.889652],[73.658247,21.889641],[73.658243,21.889641],[73.65824,21.889637],[73.658245,21.889635],[73.658245,21.889629],[73.658241,21.889629],[73.658241,21.889624],[73.658238,21.889623],[73.658233,21.889616],[73.658229,21.889619],[73.658219,21.88962],[73.658217,21.889619],[73.658217,21.889616],[73.658216,21.889618],[73.658205,21.889618],[73.658196,21.889614],[73.658193,21.889616],[73.658184,21.889615],[73.658169,21.889618],[73.658125,21.889609],[73.658113,21.889612],[73.6581,21.889609],[73.658093,21.889609],[73.658089,21.889612],[73.658084,21.889608],[73.658075,21.889609],[73.658068,21.889606],[73.658045,21.889613],[73.658042,21.889611],[73.658032,21.889613],[73.658021,21.889622],[73.658019,21.889628],[73.658013,21.88963],[73.658012,21.889635],[73.657996,21.889651],[73.657994,21.889652]]}},{"type":"Feature","properties":{"elevation":45},"geometry":{"type":"LineString","coordinates":[[73.658106,21.890238],[73.658109,21.890237],[73.658119,21.890227],[73.658124,21.890212],[73.658139,21.8902],[73.658165,21.890195],[73.658172,21.890196],[73.658176,21.890199],[73.658192,21.890189],[73.658207,21.890183],[73.658212,21.890182],[73.65823,21.890191],[73.658238,21.890189],[73.658238,21.890186],[73.658244,21.890188],[73.658251,21.890185],[73.658257,21.890186],[73.658279,21.890179],[73.658287,21.890181],[73.658292,21.890177],[73.658292,21.89018],[73.658294,21.89018],[73.658305,21.890172],[73.658312,21.890174],[73.658325,21.890167],[73.658338,21.890166],[73.658342,21.890168],[73.658375,21.890154],[73.658378,21.890156],[73.658373,21.890159],[73.658376,21.890159],[73.658382,21.890155],[73.658394,21.890153],[73.658402,21.890148],[73.658408,21.890148],[73.658414,21.890143],[73.658425,21.89014],[73.658429,21.890137],[73.658451,21.890134],[73.658458,21.89013],[73.658465,21.890133],[73.65847,21.89013],[73.658471,21.890133],[73.658485,21.890126],[73.658493,21.890126],[73.658497,21.89012],[73.658503,21.890123],[73.658511,21.890123],[73.658518,21.890122],[73.658523,21.890117],[73.658532,21.890115],[73.658543,21.890117],[73.658548,21.890113],[73.658553,21.890113],[73.658561,21.890117],[73.658572,21.890118],[73.658577,21.890114],[73.658582,21.890112],[73.658589,21.890112],[73.658594,21.890115],[73.658599,21.890108],[73.6586,21.890104],[73.658606,21.890105],[73.658617,21.890099],[73.658624,21.890099],[73.658628,21.890097],[73.658649,21.8901],[73.658668,21.890094],[73.658677,21.890098],[73.658689,21.890092],[73.658692,21.890087],[73.658701,21.890092],[73.658719,21.890083],[73.658726,21.890083],[73.658733,21.89008],[73.658742,21.890083],[73.658748,21.890083],[73.658762,21.890075],[73.658773,21.890075],[73.658781,21.890067],[73.65879,21.890066],[73.658797,21.89007],[73.658804,21.890065],[73.658819,21.890059],[73.658821,21.890057],[73.65882,21.890053],[73.658827,21.890052],[73.658833,21.890048],[73.658837,21.89005],[73.658842,21.890047],[73.65885,21.890049],[73.658851,21.890045],[73.658868,21.890042],[73.658876,21.890037],[73.658882,21.890036],[73.658885,21.890037],[73.658892,21.890029],[73.658899,21.890026],[73.658912,21.890025],[73.658915,21.890027],[73.65892,21.890027],[73.658922,21.890031],[73.658924,21.890027],[73.658938,21.890023],[73.658952,21.890024],[73.658962,21.890015],[73.658968,21.890017],[73.658976,21.890013],[73.658977,21.890016],[73.65897,21.890022],[73.658975,21.890026],[73.658979,21.890026],[73.658983,21.890024],[73.658983,21.89002],[73.65899,21.890012],[73.659009,21.890007],[73.659012,21.890001],[73.659025,21.889998],[73.659054,21.889982],[73.659057,21.889983],[73.659072,21.88998],[73.659079,21.889989],[73.659091,21.889989],[73.659093,21.889986],[73.659106,21.88998],[73.659115,21.889965],[73.659122,21.889961],[73.659127,21.889962],[73.659131,21.889957],[73.659139,21.889954],[73.659147,21.889941],[73.659151,21.88994],[73.659154,21.889946],[73.659158,21.889946],[73.659161,21.889936],[73.659166,21.889938],[73.659179,21.889933],[73.659188,21.889943],[73.659198,21.889943],[73.659205,21.889948],[73.659213,21.889946],[73.659216,21.88995],[73.659213,21.889957],[73.659217,21.889959],[73.659215,21.889964],[73.659217,21.889965],[73.659227,21.889958],[73.65923,21.889966],[73.659228,21.889972],[73.659252,21.889967],[73.659256,21.889969],[73.659269,21.889965],[73.659272,21.889962],[73.659274,21.889956],[73.659279,21.889953],[73.659283,21.889957],[73.659293,21.889959],[73.659299,21.889958],[73.659302,21.889953],[73.659318,21.889948],[73.659322,21.889943],[73.659321,21.889938],[73.659332,21.889934],[73.659332,21.889922],[73.659336,21.88992],[73.659347,21.889923],[73.65936,21.889921],[73.659371,21.889915],[73.659377,21.889906],[73.659386,21.889903],[73.659388,21.889905],[73.659391,21.889902],[73.659399,21.889903],[73.659402,21.889901],[73.659407,21.889901],[73.659409,21.889896],[73.659412,21.889896],[73.659414,21.889892],[73.659412,21.88989],[73.659416,21.88989],[73.659418,21.889888],[73.659417,21.889885],[73.659423,21.889873],[73.65943,21.88987],[73.659433,21.889856],[73.659447,21.889856],[73.659449,21.88985],[73.659461,21.889833],[73.659468,21.889834],[73.659483,21.889826],[73.659484,21.889823],[73.659493,21.889823],[73.659505,21.889812],[73.659505,21.889809],[73.65951,21.889809],[73.659512,21.889812],[73.659512,21.889805],[73.659517,21.8898],[73.659521,21.889804],[73.659517,21.889807],[73.659522,21.889808],[73.659526,21.889812],[73.659524,21.889815],[73.659527,21.889819],[73.659532,21.889818],[73.659531,21.889813],[73.659536,21.889816],[73.659542,21.889816],[73.659554,21.889799],[73.659561,21.889794],[73.659557,21.889782],[73.659559,21.889778],[73.659567,21.889771],[73.659566,21.889756],[73.65957,21.889761],[73.659577,21.889761],[73.65958,21.889751],[73.659583,21.889747],[73.659603,21.88975],[73.659609,21.889748],[73.65962,21.889749],[73.659627,21.889745],[73.659628,21.889742],[73.659634,21.889744],[73.659641,21.889751],[73.659652,21.889748],[73.659655,21.889751],[73.659661,21.88975],[73.659663,21.889753],[73.659669,21.889753],[73.659675,21.889751],[73.659676,21.889743],[73.659682,21.889746],[73.659696,21.889736],[73.659705,21.889736],[73.65971,21.889739],[73.659714,21.889737],[73.659731,21.889739],[73.659737,21.889738],[73.659739,21.88974],[73.659748,21.889738],[73.65975,21.889736],[73.659757,21.889734],[73.65976,21.889735],[73.659763,21.889733],[73.659772,21.889737],[73.659774,21.889731],[73.659785,21.889729],[73.659787,21.889726],[73.65979,21.889726],[73.659796,21.889736],[73.659804,21.889741],[73.659825,21.889748],[73.659826,21.88975],[73.659814,21.889751],[73.659812,21.889753],[73.65982,21.889755],[73.659819,21.88976],[73.65982,21.889765],[73.659825,21.889768],[73.65983,21.889766],[73.659838,21.889776],[73.659842,21.889779],[73.659848,21.889778],[73.65985,21.889772],[73.659861,21.889771],[73.659864,21.889768],[73.659876,21.889772],[73.659887,21.889768],[73.65989,21.889769],[73.659887,21.889772],[73.659888,21.889776],[73.659895,21.88978],[73.6599,21.889778],[73.659898,21.889771],[73.659907,21.889769],[73.65991,21.889764],[73.659913,21.889763],[73.659923,21.889764],[73.659928,21.889759],[73.659926,21.889756],[73.659928,21.889753],[73.659933,21.889752],[73.659937,21.889756],[73.659938,21.889749],[73.659942,21.889749],[73.659948,21.889743],[73.659947,21.88974],[73.659943,21.889742],[73.659943,21.889739],[73.659952,21.889732],[73.659954,21.889727],[73.659959,21.889725],[73.659961,21.88972],[73.659967,21.889721],[73.659976,21.889714],[73.659971,21.889709],[73.659961,21.889714],[73.659963,21.88971],[73.659979,21.889702],[73.659987,21.889707],[73.659986,21.88971],[73.659983,21.889708],[73.659985,21.889712],[73.659982,21.889716],[73.659987,21.889726],[73.65999,21.889727],[73.659996,21.889726],[73.659998,21.889729],[73.660002,21.889728],[73.660005,21.889731],[73.660013,21.889731],[73.660012,21.889728],[73.660014,21.889728],[73.660022,21.88973],[73.660032,21.88973],[73.660037,21.889721],[73.660058,21.889723],[73.660064,21.889719],[73.660068,21.889727],[73.660076,21.889718],[73.660082,21.889715],[73.660086,21.889715],[73.660091,21.889713],[73.660104,21.889714],[73.660107,21.889708],[73.660099,21.889697],[73.660117,21.889704],[73.66013,21.889703],[73.660135,21.889705],[73.66014,21.889701],[73.660148,21.889702],[73.660169,21.889711],[73.660193,21.889708],[73.6602,21.889712],[73.660201,21.889709],[73.660211,21.889709],[73.660219,21.889715],[73.660222,21.889713],[73.660222,21.889709],[73.66023,21.889707],[73.660246,21.88971],[73.660253,21.889714],[73.660262,21.889711],[73.660287,21.889716],[73.660292,21.889714],[73.660289,21.88971],[73.660293,21.889709],[73.660307,21.889713],[73.660322,21.889712],[73.660331,21.889715],[73.660342,21.889714],[73.660345,21.889711],[73.660354,21.889709],[73.66036,21.889712],[73.660362,21.889714],[73.660368,21.889716],[73.660383,21.889709],[73.660385,21.889709],[73.660383,21.889714],[73.660385,21.889716],[73.66039,21.889713],[73.660389,21.88971],[73.660387,21.889709],[73.660389,21.889707],[73.660398,21.889709],[73.6604,21.889711],[73.660418,21.889711],[73.660426,21.889715],[73.660431,21.889704],[73.660443,21.889705],[73.660446,21.889702],[73.660466,21.8897],[73.660472,21.889704],[73.660481,21.889704],[73.660486,21.889702],[73.660496,21.889706],[73.66051,21.889699],[73.660542,21.8897],[73.660566,21.889697],[73.66057,21.889699],[73.660575,21.889696],[73.660587,21.889694],[73.660598,21.889698],[73.66061,21.889696],[73.660613,21.889691],[73.660616,21.88969],[73.660623,21.889692],[73.660628,21.88969],[73.660641,21.889692],[73.660687,21.889679],[73.660707,21.889679],[73.660711,21.889683],[73.660708,21.889687],[73.660722,21.889693],[73.660749,21.889684],[73.660765,21.889676],[73.660772,21.889678],[73.660791,21.889664],[73.660803,21.889659],[73.660812,21.889658],[73.660816,21.889655],[73.660821,21.889658],[73.660827,21.889656],[73.660832,21.889657],[73.660843,21.889651],[73.66085,21.889654],[73.660853,21.889651],[73.660863,21.889651],[73.660871,21.889646],[73.660874,21.889641],[73.660876,21.889645],[73.660879,21.889643],[73.660881,21.889645],[73.660896,21.889637],[73.660903,21.889636],[73.660907,21.889639],[73.660914,21.889633],[73.660918,21.889634],[73.660921,21.88963],[73.660934,21.889625],[73.660936,21.889626],[73.660936,21.88963],[73.66094,21.889631],[73.660955,21.889621],[73.660969,21.88963],[73.66098,21.889627],[73.660984,21.889616],[73.660982,21.889612],[73.660979,21.889613],[73.660967,21.889609],[73.660966,21.889595],[73.660979,21.889585],[73.660981,21.889578],[73.660984,21.889586],[73.660987,21.889585],[73.66099,21.889581],[73.660995,21.889584],[73.661006,21.889599],[73.661008,21.889613],[73.661024,21.889618],[73.661041,21.889617],[73.661066,21.889606],[73.661069,21.889608],[73.661073,21.889604],[73.661081,21.889608],[73.661086,21.889607],[73.661093,21.889608],[73.661107,21.889603],[73.661117,21.889603],[73.661121,21.889597],[73.661127,21.889595],[73.661135,21.889595],[73.661175,21.889585],[73.661184,21.889586],[73.661187,21.889588],[73.661189,21.889585],[73.661187,21.889581],[73.661189,21.889575],[73.6612,21.889554],[73.66122,21.889544],[73.661232,21.889528],[73.661247,21.889519],[73.661282,21.889506],[73.661292,21.88949],[73.661301,21.88949],[73.661301,21.889495],[73.661303,21.889496],[73.66133,21.889474],[73.661338,21.889464],[73.661342,21.889464],[73.661357,21.889454],[73.66136,21.889446],[73.661372,21.889441],[73.661375,21.889443],[73.661376,21.889439],[73.661379,21.889437],[73.661384,21.88944],[73.661392,21.889438],[73.661398,21.889444],[73.66141,21.889446],[73.661412,21.88945],[73.661405,21.889463],[73.661399,21.889453],[73.661395,21.889453],[73.661394,21.889449],[73.661391,21.889453],[73.661393,21.889459],[73.66139,21.889461],[73.661367,21.889451],[73.661367,21.88946],[73.661355,21.889465],[73.66136,21.889471],[73.661353,21.889476],[73.661352,21.88948],[73.661355,21.889495],[73.661361,21.889494],[73.661366,21.889488],[73.661364,21.889485],[73.66137,21.889481],[73.661369,21.889474],[73.661375,21.889473],[73.661379,21.88947],[73.661385,21.889472],[73.661387,21.889479],[73.661394,21.889484],[73.661398,21.889481],[73.661394,21.889479],[73.661397,21.889474],[73.661409,21.889477],[73.661411,21.88948],[73.661419,21.889477],[73.66142,21.889474],[73.661415,21.889464],[73.661417,21.889455],[73.66142,21.88945],[73.661429,21.889447],[73.661434,21.889453],[73.661426,21.889458],[73.661432,21.889459],[73.661436,21.889457],[73.66145,21.889463],[73.661449,21.889467],[73.661452,21.889469],[73.66146,21.889467],[73.66146,21.889461],[73.661467,21.889468],[73.661478,21.889467],[73.661494,21.889471],[73.661501,21.889468],[73.661516,21.889475],[73.661527,21.889473],[73.66153,21.889464],[73.661528,21.889455],[73.661546,21.889442],[73.661553,21.889421],[73.661559,21.889423],[73.661563,21.889434],[73.661575,21.889432],[73.661587,21.889443],[73.661602,21.889435],[73.661605,21.889427],[73.661602,21.889407],[73.661611,21.88939],[73.661619,21.889379],[73.661623,21.889378],[73.661624,21.889371],[73.661627,21.889371],[73.661628,21.889377],[73.661633,21.889378],[73.661632,21.889376],[73.661641,21.889364],[73.661639,21.889357],[73.661644,21.889352],[73.661647,21.889354],[73.661649,21.889346],[73.661653,21.889346],[73.66166,21.889342],[73.661661,21.889332],[73.66167,21.889334],[73.661674,21.88933],[73.661675,21.889326],[73.661672,21.889324],[73.661664,21.88933],[73.661663,21.889329],[73.661664,21.889323],[73.661669,21.889317],[73.661668,21.889313],[73.661674,21.889303],[73.661679,21.889303],[73.661695,21.889284],[73.661689,21.8893],[73.661686,21.889303],[73.661689,21.889306],[73.661688,21.889308],[73.661684,21.889307],[73.66168,21.889309],[73.661678,21.889321],[73.661681,21.889322],[73.661681,21.889319],[73.661693,21.88931],[73.661705,21.889325],[73.661718,21.88933],[73.661726,21.889342],[73.661723,21.889351],[73.66173,21.889359],[73.661736,21.889361],[73.66175,21.88935],[73.661753,21.88935],[73.661746,21.889372],[73.661746,21.889379],[73.661755,21.889377],[73.661763,21.889371]]}},{"type":"Feature","properties":{"elevation":48},"geometry":{"type":"LineString","coordinates":[[73.661506,21.888943],[73.661511,21.888946],[73.661522,21.888948],[73.661528,21.888952],[73.661545,21.88895],[73.661553,21.888952],[73.661558,21.888961],[73.661565,21.888965],[73.661567,21.888975],[73.661565,21.88898],[73.661568,21.888988],[73.661564,21.888995],[73.661573,21.889001],[73.66158,21.889011],[73.661579,21.889014],[73.661581,21.889018],[73.66158,21.889025],[73.661578,21.889031],[73.661583,21.88904],[73.661585,21.889068],[73.661582,21.889073],[73.661571,21.889081],[73.661568,21.889095],[73.661561,21.889108],[73.661544,21.889106],[73.661534,21.889111],[73.661522,21.889112],[73.661518,21.889116],[73.661519,21.88913],[73.661522,21.889134],[73.661518,21.889148],[73.661492,21.88917],[73.661495,21.889176],[73.661499,21.889173],[73.661502,21.889178],[73.661501,21.889182],[73.661497,21.889186],[73.661489,21.889186],[73.661486,21.889184],[73.661486,21.889175],[73.661478,21.889166],[73.661478,21.889153],[73.661473,21.889151],[73.661459,21.889137],[73.661443,21.889139],[73.661435,21.889143],[73.661421,21.889141],[73.661418,21.889143],[73.661416,21.88914],[73.661412,21.889142],[73.661413,21.889139],[73.661401,21.88913],[73.661404,21.889125],[73.661401,21.889121],[73.661403,21.889116],[73.661397,21.889113],[73.661398,21.889111],[73.66139,21.889111],[73.661389,21.8891],[73.661392,21.889091],[73.661398,21.889089],[73.661408,21.88909],[73.661414,21.889095],[73.661418,21.889092],[73.661417,21.889087],[73.661411,21.889081],[73.661413,21.889078],[73.661409,21.889078],[73.661409,21.889073],[73.661403,21.889068],[73.661403,21.88906],[73.661404,21.889056],[73.661409,21.889053],[73.661419,21.889052],[73.661428,21.889034],[73.661425,21.889025],[73.66143,21.889027],[73.661433,21.889026],[73.661428,21.88901],[73.661424,21.889004],[73.661424,21.889001],[73.661428,21.888996],[73.661437,21.888989],[73.661438,21.888995],[73.661431,21.888998],[73.661429,21.889001],[73.661432,21.889003],[73.661438,21.889001],[73.661445,21.88901],[73.66145,21.889005],[73.661449,21.888996],[73.66144,21.888988],[73.661448,21.888975],[73.661442,21.888971],[73.661446,21.888965],[73.661448,21.888953],[73.661461,21.888951],[73.661475,21.888957],[73.661483,21.888957],[73.661486,21.888948],[73.661506,21.888943]]}},{"type":"Feature","properties":{"elevation":60},"geometry":{"type":"LineString","coordinates":[[73.660916,21.888921],[73.660912,21.888921],[73.66091,21.888924],[73.660911,21.888927],[73.660908,21.888925],[73.660906,21.888929],[73.660911,21.888947],[73.660905,21.88896],[73.660908,21.888968],[73.660905,21.888976],[73.660901,21.88898],[73.660895,21.888981],[73.660871,21.889006],[73.660845,21.88902],[73.660823,21.889044],[73.660821,21.889051],[73.660825,21.889064],[73.660837,21.889078],[73.660848,21.889083],[73.660858,21.889083],[73.660889,21.889062],[73.660922,21.889009],[73.660929,21.889005],[73.660935,21.888997],[73.660941,21.888992],[73.660942,21.88898],[73.660951,21.888962],[73.66095,21.888951],[73.660937,21.888928],[73.660928,21.888924],[73.660916,21.888921]]}},{"type":"Feature","properties":{"elevation":97},"geometry":{"type":"LineString","coordinates":[[73.65931,21.888192],[73.659306,21.888195],[73.659299,21.888194],[73.659297,21.888192],[73.659296,21.888195],[73.659292,21.888194],[73.659293,21.888197],[73.65929,21.888199],[73.659291,21.888203],[73.659288,21.888206],[73.659292,21.888213],[73.659292,21.888221],[73.659295,21.888226],[73.659288,21.888235],[73.659297,21.888238],[73.659304,21.888258],[73.659316,21.888267],[73.65932,21.888267],[73.659325,21.888272],[73.659334,21.888277],[73.659337,21.888283],[73.659345,21.888287],[73.659353,21.888298],[73.659353,21.888301],[73.659359,21.888303],[73.659361,21.888309],[73.659371,21.888311],[73.659373,21.888313],[73.659374,21.888309],[73.659378,21.88831],[73.659386,21.88832],[73.659391,21.888319],[73.659403,21.888325],[73.659412,21.888326],[73.659413,21.888328],[73.659419,21.888329],[73.659419,21.888331],[73.659422,21.888333],[73.659425,21.888332],[73.659422,21.888329],[73.659423,21.888327],[73.659428,21.888328],[73.659448,21.888339],[73.659468,21.888356],[73.659474,21.888356],[73.659495,21.888362],[73.659508,21.888361],[73.659519,21.888356],[73.659522,21.888356],[73.65952,21.888351],[73.659523,21.888343],[73.659529,21.888337],[73.659528,21.888332],[73.659532,21.888308],[73.659522,21.888285],[73.659503,21.888267],[73.659468,21.888255],[73.659457,21.888246],[73.659437,21.888244],[73.659384,21.888226],[73.659363,21.888217],[73.65934,21.888202],[73.65931,21.888192]]}},{"type":"Feature","properties":{"elevation":96},"geometry":{"type":"LineString","coordinates":[[73.659266,21.888161],[73.659247,21.888164],[73.659232,21.888171],[73.659221,21.888186],[73.659223,21.888191],[73.659221,21.888199],[73.659222,21.888212],[73.659225,21.888215],[73.659225,21.88822],[73.659232,21.888234],[73.659236,21.888237],[73.659236,21.888243],[73.659245,21.888247],[73.65925,21.888245],[73.659252,21.888252],[73.659254,21.888253],[73.659255,21.888249],[73.659262,21.888256],[73.659273,21.888262],[73.659304,21.88829],[73.65931,21.888313],[73.659316,21.888315],[73.659321,21.888321],[73.65933,21.888322],[73.659333,21.888326],[73.65934,21.888327],[73.659349,21.888332],[73.659351,21.888336],[73.659359,21.888339],[73.659366,21.888345],[73.659374,21.888345],[73.659384,21.888352],[73.659387,21.888349],[73.659397,21.888353],[73.659404,21.888352],[73.659412,21.888359],[73.659432,21.888368],[73.659466,21.888381],[73.659484,21.888383],[73.659504,21.888393],[73.659511,21.888393],[73.659518,21.88839],[73.659527,21.888391],[73.659535,21.888384],[73.659535,21.888379],[73.659547,21.888369],[73.65955,21.88835],[73.659555,21.888346],[73.65955,21.888344],[73.659551,21.888336],[73.659557,21.888323],[73.659557,21.888301],[73.659551,21.888293],[73.659552,21.888286],[73.659543,21.888267],[73.659531,21.888258],[73.659518,21.888253],[73.659495,21.888245],[73.659492,21.888246],[73.659482,21.888242],[73.659478,21.888243],[73.659464,21.888237],[73.659451,21.888227],[73.659412,21.888216],[73.659406,21.888213],[73.659408,21.88821],[73.659403,21.888212],[73.659395,21.888208],[73.659397,21.888204],[73.659389,21.888201],[73.659386,21.888203],[73.65938,21.888202],[73.659373,21.888198],[73.659377,21.888196],[73.659375,21.888194],[73.659373,21.888194],[73.659373,21.888198],[73.65936,21.888191],[73.659347,21.888182],[73.659343,21.888182],[73.659332,21.888176],[73.659323,21.888175],[73.65931,21.888166],[73.659295,21.888163],[73.659287,21.888166],[73.659282,21.888163],[73.659279,21.888164],[73.659266,21.888161]]}},{"type":"Feature","properties":{"elevation":95},"geometry":{"type":"LineString","coordinates":[[73.659169,21.888132],[73.659152,21.888138],[73.659129,21.888157],[73.659125,21.888157],[73.659119,21.888179],[73.65912,21.888185],[73.659127,21.88819],[73.659131,21.888208],[73.659138,21.888212],[73.659139,21.88822],[73.659144,21.888221],[73.659149,21.888229],[73.659159,21.888235],[73.659161,21.88824],[73.659173,21.888252],[73.659197,21.888262],[73.659203,21.888267],[73.659221,21.888271],[73.659224,21.888275],[73.65922,21.888277],[73.65922,21.888281],[73.659224,21.888282],[73.659227,21.888279],[73.659231,21.888279],[73.659237,21.888288],[73.659243,21.888288],[73.659246,21.888293],[73.659252,21.888293],[73.659263,21.888301],[73.659269,21.888312],[73.659274,21.888313],[73.659272,21.888315],[73.659272,21.888318],[73.65928,21.888319],[73.659287,21.888335],[73.659294,21.888338],[73.659301,21.888335],[73.659314,21.88836],[73.659319,21.888363],[73.659331,21.888364],[73.659337,21.88837],[73.659345,21.888373],[73.659347,21.888375],[73.659347,21.88838],[73.659365,21.888393],[73.659373,21.888394],[73.659376,21.888399],[73.659393,21.888401],[73.659404,21.888406],[73.659403,21.888411],[73.659407,21.888413],[73.65941,21.888418],[73.659418,21.888415],[73.659419,21.888412],[73.659439,21.888419],[73.659443,21.888417],[73.65944,21.888409],[73.659442,21.888408],[73.659487,21.888411],[73.659504,21.888414],[73.65954,21.888413],[73.659564,21.888397],[73.659563,21.888392],[73.659571,21.888386],[73.659574,21.88838],[73.659573,21.888371],[73.65958,21.888361],[73.659577,21.888356],[73.65958,21.888353],[73.659578,21.88834],[73.65958,21.888335],[73.659576,21.888333],[73.659575,21.888329],[73.65958,21.888283],[73.659577,21.888279],[73.659576,21.888272],[73.659568,21.888268],[73.659565,21.888261],[73.659559,21.888261],[73.659551,21.88825],[73.659543,21.88825],[73.65953,21.888237],[73.659522,21.888232],[73.659517,21.888234],[73.659512,21.888228],[73.659505,21.888229],[73.659505,21.888227],[73.659499,21.888225],[73.659492,21.888226],[73.659469,21.888212],[73.659463,21.888213],[73.65945,21.888208],[73.659442,21.888208],[73.659435,21.888202],[73.659381,21.888185],[73.659368,21.888178],[73.659366,21.888175],[73.65933,21.888159],[73.659319,21.888152],[73.659307,21.888149],[73.659304,21.888145],[73.659294,21.888148],[73.659283,21.888144],[73.659242,21.88814],[73.659217,21.888149],[73.6592,21.88815],[73.659187,21.888138],[73.659169,21.888132]]}},{"type":"Feature","properties":{"elevation":94},"geometry":{"type":"LineString","coordinates":[[73.659145,21.888109],[73.659122,21.888108],[73.659106,21.888113],[73.659101,21.888112],[73.659098,21.888114],[73.659083,21.888115],[73.659061,21.888124],[73.659052,21.888144],[73.659052,21.888158],[73.659057,21.888173],[73.659075,21.888205],[73.659086,21.888216],[73.659096,21.888229],[73.659108,21.888239],[73.659123,21.888258],[73.659122,21.888263],[73.659126,21.888265],[73.659131,21.888273],[73.659136,21.888273],[73.65914,21.888281],[73.659154,21.888291],[73.659164,21.888295],[73.659174,21.888305],[73.659185,21.888315],[73.65918,21.88832],[73.659182,21.888323],[73.659185,21.888324],[73.65919,21.888316],[73.659197,21.888319],[73.659209,21.888335],[73.659209,21.888347],[73.659211,21.888346],[73.659212,21.888341],[73.659218,21.888343],[73.659223,21.888349],[73.659231,21.888352],[73.659228,21.888355],[73.659239,21.888358],[73.659238,21.888364],[73.659244,21.888362],[73.659244,21.888366],[73.65925,21.88837],[73.659249,21.888377],[73.65926,21.888376],[73.65926,21.888379],[73.659256,21.888388],[73.659259,21.888388],[73.659265,21.888396],[73.659271,21.888394],[73.659275,21.888403],[73.659286,21.888408],[73.659287,21.888412],[73.659285,21.888416],[73.659288,21.888419],[73.659287,21.888426],[73.659297,21.888441],[73.659304,21.888439],[73.659311,21.88845],[73.659316,21.888448],[73.65933,21.888452],[73.659334,21.88845],[73.659346,21.88845],[73.659352,21.888452],[73.659355,21.888457],[73.659362,21.888455],[73.659375,21.888459],[73.659384,21.888457],[73.659388,21.888459],[73.659397,21.888456],[73.659403,21.888457],[73.659417,21.888452],[73.659429,21.888455],[73.659435,21.888447],[73.659457,21.888447],[73.659462,21.888443],[73.659469,21.888449],[73.659479,21.888445],[73.65949,21.888447],[73.659505,21.888441],[73.65952,21.888441],[73.659522,21.888446],[73.659529,21.888443],[73.659534,21.888445],[73.659537,21.888441],[73.659546,21.88844],[73.659557,21.888445],[73.659571,21.888447],[73.659593,21.888419],[73.659599,21.888417],[73.659599,21.888406],[73.659603,21.8884],[73.659602,21.888398],[73.659606,21.888387],[73.659612,21.888382],[73.659612,21.888353],[73.659612,21.888346],[73.659608,21.888341],[73.659602,21.888318],[73.659601,21.888298],[73.659596,21.888289],[73.6596,21.888278],[73.659598,21.888266],[73.659593,21.888256],[73.65958,21.888247],[73.659573,21.888248],[73.659563,21.88824],[73.659542,21.888231],[73.659529,21.888219],[73.659521,21.888217],[73.659508,21.888208],[73.659505,21.888209],[73.659496,21.888204],[73.659486,21.888203],[73.659466,21.888197],[73.659457,21.888198],[73.659437,21.888189],[73.65942,21.888188],[73.65941,21.888179],[73.659402,21.888178],[73.659382,21.888167],[73.659373,21.888167],[73.659337,21.888152],[73.659325,21.888145],[73.659318,21.888136],[73.659304,21.888128],[73.659287,21.888127],[73.659277,21.888123],[73.65926,21.888123],[73.659232,21.888119],[73.659224,21.88812],[73.659209,21.888116],[73.659206,21.888118],[73.659185,21.888112],[73.659145,21.888109]]}},{"type":"Feature","properties":{"elevation":94},"geometry":{"type":"LineString","coordinates":[[73.658785,21.888074],[73.658762,21.888076],[73.658756,21.888074],[73.658743,21.888076],[73.658724,21.888083],[73.658713,21.88809],[73.658706,21.888099],[73.658704,21.888107],[73.658699,21.888105],[73.658699,21.888108],[73.658697,21.888109],[73.658698,21.888114],[73.658699,21.888111],[73.658702,21.88811],[73.658699,21.888113],[73.658701,21.888118],[73.658701,21.888127],[73.65869,21.888144],[73.658688,21.888141],[73.658685,21.888141],[73.658685,21.888144],[73.658681,21.888149],[73.658684,21.888155],[73.658677,21.888163],[73.658673,21.888162],[73.658671,21.888166],[73.658664,21.888168],[73.65866,21.888175],[73.658653,21.888177],[73.658655,21.88818],[73.65865,21.888183],[73.658652,21.888187],[73.658657,21.888188],[73.658657,21.888191],[73.658655,21.888196],[73.658649,21.888195],[73.658646,21.888199],[73.658649,21.888201],[73.658649,21.888206],[73.658653,21.888211],[73.658656,21.88821],[73.658659,21.888213],[73.658663,21.888204],[73.658659,21.888198],[73.658659,21.888188],[73.658661,21.888184],[73.658673,21.888181],[73.65868,21.888187],[73.658685,21.888195],[73.658681,21.888206],[73.658677,21.888211],[73.658664,21.88822],[73.658673,21.888223],[73.658674,21.888228],[73.658681,21.888232],[73.658677,21.888238],[73.65868,21.888241],[73.658687,21.888243],[73.658686,21.888246],[73.658688,21.888248],[73.658695,21.888245],[73.658697,21.888252],[73.658708,21.888264],[73.658714,21.888264],[73.658722,21.888268],[73.658736,21.88827],[73.658742,21.888266],[73.658754,21.888266],[73.658756,21.888262],[73.658762,21.888264],[73.658772,21.888258],[73.658774,21.88826],[73.658777,21.888256],[73.658784,21.888257],[73.658791,21.888254],[73.658801,21.888236],[73.658798,21.888231],[73.658802,21.888224],[73.658807,21.888202],[73.658812,21.88819],[73.658823,21.888177],[73.658833,21.888171],[73.658853,21.888169],[73.658866,21.888164],[73.658873,21.888147],[73.658874,21.888139],[73.658883,21.888126],[73.658886,21.888113],[73.658886,21.888102],[73.658873,21.888088],[73.65885,21.888078],[73.658832,21.888079],[73.658785,21.888074]]}},{"type":"Feature","properties":{"elevation":93},"geometry":{"type":"LineString","coordinates":[[73.658834,21.888012],[73.658824,21.888012],[73.658818,21.888017],[73.6588,21.888016],[73.658793,21.888013],[73.65879,21.888015],[73.658777,21.888013],[73.658774,21.888017],[73.658768,21.888016],[73.658765,21.888019],[73.658756,21.888022],[73.658747,21.888024],[73.65874,21.888022],[73.658733,21.888027],[73.658724,21.888029],[73.658717,21.888038],[73.658708,21.888042],[73.658688,21.888043],[73.658673,21.888048],[73.658668,21.888054],[73.658635,21.888057],[73.658627,21.888063],[73.658626,21.888067],[73.658609,21.888079],[73.658604,21.888094],[73.658594,21.888101],[73.658592,21.888105],[73.658593,21.888108],[73.658598,21.888106],[73.658598,21.888109],[73.658601,21.888111],[73.658596,21.888116],[73.658598,21.88813],[73.658603,21.888141],[73.658595,21.888144],[73.658601,21.888155],[73.658596,21.888181],[73.658593,21.888185],[73.658597,21.888189],[73.658596,21.888206],[73.658598,21.888214],[73.658604,21.888218],[73.658601,21.888224],[73.658616,21.888249],[73.658614,21.888253],[73.658618,21.88825],[73.65863,21.888259],[73.658632,21.888266],[73.658637,21.888267],[73.658635,21.888273],[73.658632,21.888273],[73.658633,21.888276],[73.658638,21.888274],[73.658645,21.888281],[73.658658,21.888283],[73.658677,21.888282],[73.658712,21.888295],[73.658733,21.888297],[73.658755,21.888299],[73.658773,21.888293],[73.658796,21.888293],[73.658801,21.888289],[73.658805,21.88827],[73.658814,21.888266],[73.658825,21.888257],[73.658833,21.888254],[73.658836,21.888255],[73.658841,21.888252],[73.658842,21.888243],[73.658862,21.888229],[73.658871,21.888215],[73.658893,21.888191],[73.658896,21.888185],[73.658909,21.888174],[73.658917,21.88817],[73.658937,21.888168],[73.658962,21.88817],[73.658971,21.888177],[73.658989,21.888186],[73.659011,21.888218],[73.659025,21.88823],[73.659048,21.888261],[73.659075,21.88829],[73.659081,21.888295],[73.659088,21.888296],[73.659124,21.888332],[73.659135,21.888349],[73.659136,21.888355],[73.659147,21.888367],[73.659142,21.88839],[73.659144,21.888392],[73.659149,21.888391],[73.65915,21.888396],[73.659153,21.888398],[73.659149,21.888402],[73.659152,21.888402],[73.659154,21.888399],[73.659157,21.8884],[73.659162,21.888395],[73.659165,21.888395],[73.659166,21.888397],[73.659163,21.888403],[73.659168,21.888409],[73.659166,21.888413],[73.659175,21.888414],[73.659178,21.888407],[73.659181,21.888406],[73.659181,21.888401],[73.659197,21.888412],[73.659209,21.888414],[73.659237,21.88844],[73.65924,21.888446],[73.659247,21.888451],[73.659253,21.888463],[73.65926,21.888467],[73.659263,21.888473],[73.659274,21.888482],[73.65928,21.888482],[73.659282,21.888487],[73.65928,21.888489],[73.659285,21.888492],[73.659287,21.888496],[73.659286,21.8885],[73.659289,21.888503],[73.659298,21.888503],[73.659301,21.888501],[73.659302,21.888504],[73.659308,21.888502],[73.659318,21.888506],[73.659323,21.888505],[73.659326,21.888499],[73.659333,21.888497],[73.659337,21.888489],[73.659344,21.888485],[73.65935,21.888485],[73.659359,21.88848],[73.659373,21.888477],[73.659382,21.88848],[73.65939,21.88848],[73.659431,21.888467],[73.659449,21.888468],[73.659454,21.88848],[73.659457,21.888477],[73.659468,21.888477],[73.65947,21.88848],[73.659491,21.888474],[73.659495,21.888479],[73.659508,21.888477],[73.659513,21.888474],[73.659533,21.888476],[73.659544,21.888473],[73.659555,21.888475],[73.659571,21.888472],[73.65959,21.888474],[73.659601,21.88847],[73.659609,21.888459],[73.659614,21.888461],[73.659615,21.888453],[73.659619,21.888451],[73.659628,21.888452],[73.659629,21.888448],[73.659632,21.888448],[73.659634,21.888435],[73.659639,21.88843],[73.659641,21.88843],[73.659641,21.888419],[73.659645,21.888417],[73.659648,21.888411],[73.659651,21.888412],[73.659653,21.888409],[73.659651,21.888406],[73.659647,21.888409],[73.659645,21.888405],[73.659653,21.888399],[73.659651,21.888396],[73.659649,21.888388],[73.659653,21.888385],[73.659657,21.888385],[73.659659,21.888382],[73.659656,21.888376],[73.659659,21.888375],[73.659659,21.888372],[73.659654,21.88837],[73.65965,21.888371],[73.659648,21.888369],[73.659654,21.888365],[73.659655,21.888359],[73.659653,21.888354],[73.659659,21.888346],[73.659655,21.888342],[73.65965,21.888342],[73.659644,21.888335],[73.659637,21.888321],[73.659633,21.888312],[73.659636,21.888305],[73.659631,21.888301],[73.659636,21.888296],[73.659629,21.888288],[73.659625,21.888286],[73.659626,21.888276],[73.659624,21.888267],[73.659613,21.888251],[73.659577,21.888227],[73.659568,21.888224],[73.659563,21.888218],[73.659543,21.888213],[73.659535,21.888206],[73.659535,21.888203],[73.659525,21.888196],[73.65952,21.888198],[73.659504,21.888192],[73.659472,21.888189],[73.659454,21.888179],[73.659432,21.888176],[73.659402,21.888162],[73.659394,21.888162],[73.659383,21.888158],[73.659338,21.888135],[73.659305,21.888114],[73.659309,21.888111],[73.659302,21.888108],[73.659294,21.888106],[73.659287,21.888109],[73.659282,21.888106],[73.659269,21.888108],[73.659264,21.888106],[73.659262,21.888104],[73.659265,21.888101],[73.659264,21.888099],[73.65927,21.888092],[73.659279,21.888069],[73.659274,21.888062],[73.659258,21.888048],[73.659242,21.888043],[73.65923,21.888042],[73.659214,21.888051],[73.659211,21.888056],[73.659205,21.888053],[73.659191,21.888058],[73.659178,21.888059],[73.659156,21.888058],[73.659149,21.888054],[73.659131,21.888051],[73.659052,21.888051],[73.659042,21.888051],[73.659034,21.888047],[73.659005,21.888048],[73.658999,21.888046],[73.659,21.888043],[73.658993,21.888039],[73.65899,21.888035],[73.658986,21.888037],[73.658979,21.888037],[73.658974,21.888033],[73.658968,21.888034],[73.658962,21.88803],[73.658959,21.888035],[73.658954,21.888025],[73.658942,21.888021],[73.658931,21.88802],[73.658928,21.888023],[73.658915,21.888027],[73.658913,21.888024],[73.658905,21.88802],[73.658896,21.888019],[73.658892,21.888023],[73.658879,21.888016],[73.658873,21.888019],[73.658867,21.888016],[73.658858,21.888016],[73.658852,21.888014],[73.658848,21.888016],[73.658841,21.888013],[73.658837,21.888014],[73.658834,21.888012]]}},{"type":"Feature","properties":{"elevation":92},"geometry":{"type":"LineString","coordinates":[[73.65883,21.887992],[73.658821,21.887994],[73.658812,21.887992],[73.658809,21.887995],[73.658801,21.887992],[73.658793,21.887991],[73.658788,21.887994],[73.658779,21.887993],[73.658772,21.887995],[73.658765,21.887992],[73.65876,21.887999],[73.658751,21.888],[73.658744,21.887999],[73.658735,21.888003],[73.658728,21.888002],[73.658724,21.888005],[73.658719,21.888005],[73.658715,21.888009],[73.658701,21.888014],[73.658697,21.888018],[73.658684,21.888018],[73.658679,21.888022],[73.658666,21.888022],[73.658663,21.888025],[73.658659,21.888021],[73.658655,21.888022],[73.658649,21.888027],[73.658644,21.888027],[73.65864,21.888031],[73.658631,21.888033],[73.658629,21.888036],[73.658616,21.888035],[73.658614,21.888039],[73.658604,21.88804],[73.658599,21.888036],[73.658594,21.88804],[73.658584,21.888037],[73.658566,21.888041],[73.65854,21.888041],[73.658524,21.888034],[73.658517,21.888022],[73.658509,21.888016],[73.658499,21.888017],[73.658486,21.888013],[73.658478,21.888014],[73.658468,21.888025],[73.658457,21.888028],[73.65846,21.888032],[73.658465,21.888047],[73.658469,21.888076],[73.658485,21.88809],[73.658486,21.888098],[73.658484,21.888111],[73.658487,21.888127],[73.658496,21.888137],[73.658499,21.888143],[73.658501,21.888186],[73.658497,21.888201],[73.658497,21.888211],[73.658515,21.888259],[73.658518,21.888259],[73.658519,21.888253],[73.658524,21.88825],[73.658524,21.888246],[73.658527,21.888246],[73.658529,21.888248],[73.65853,21.888244],[73.658536,21.888243],[73.658539,21.888247],[73.658548,21.888251],[73.658553,21.888255],[73.65856,21.888256],[73.658568,21.888262],[73.658574,21.888261],[73.658582,21.888269],[73.658588,21.888271],[73.658592,21.888276],[73.658613,21.88829],[73.658624,21.888296],[73.658641,21.888308],[73.658699,21.888317],[73.658708,21.888317],[73.658729,21.888321],[73.658732,21.888325],[73.658743,21.888323],[73.658749,21.888325],[73.658752,21.888322],[73.658757,21.888322],[73.658764,21.888318],[73.658765,21.888315],[73.658772,21.888312],[73.658782,21.888316],[73.658783,21.888313],[73.658787,21.888318],[73.65879,21.888318],[73.658794,21.888312],[73.658805,21.888311],[73.658812,21.8883],[73.65883,21.88829],[73.658852,21.888281],[73.658865,21.888281],[73.658881,21.888273],[73.658899,21.888279],[73.6589,21.888276],[73.658897,21.888273],[73.658898,21.888271],[73.658902,21.888271],[73.658913,21.888275],[73.658916,21.888266],[73.658919,21.888268],[73.658923,21.888265],[73.658932,21.888266],[73.658936,21.888265],[73.658954,21.888268],[73.658958,21.888272],[73.65896,21.888271],[73.658975,21.888282],[73.658994,21.888289],[73.65901,21.8883],[73.659032,21.888323],[73.659037,21.888333],[73.659045,21.888367],[73.659044,21.88837],[73.659038,21.888372],[73.659035,21.888376],[73.659032,21.888389],[73.659036,21.888393],[73.659036,21.888399],[73.659051,21.888402],[73.659058,21.888406],[73.659074,21.888407],[73.659075,21.888412],[73.659079,21.88841],[73.659084,21.888411],[73.659096,21.888431],[73.659102,21.888434],[73.659104,21.888437],[73.65911,21.888438],[73.659111,21.888442],[73.659123,21.888444],[73.659132,21.888454],[73.659141,21.888453],[73.659147,21.888456],[73.65915,21.888459],[73.659153,21.888468],[73.65916,21.888474],[73.659165,21.888476],[73.659184,21.888473],[73.659201,21.888484],[73.659207,21.888484],[73.659224,21.888491],[73.659233,21.888493],[73.659256,21.888505],[73.659262,21.888503],[73.659261,21.88851],[73.659263,21.888522],[73.659272,21.888528],[73.659273,21.888535],[73.659271,21.888542],[73.659267,21.888543],[73.659267,21.888555],[73.659261,21.888561],[73.659258,21.888561],[73.659258,21.888564],[73.659248,21.888568],[73.659239,21.888566],[73.659238,21.888571],[73.65923,21.888572],[73.659226,21.888576],[73.65923,21.888584],[73.659241,21.888585],[73.659247,21.888592],[73.659257,21.888593],[73.659262,21.888598],[73.659279,21.888601],[73.659285,21.888597],[73.659303,21.888598],[73.659315,21.888593],[73.659319,21.888596],[73.659329,21.888597],[73.659332,21.888595],[73.659331,21.888586],[73.659334,21.888585],[73.659337,21.888587],[73.659341,21.888584],[73.659335,21.888581],[73.65934,21.888576],[73.659339,21.88857],[73.659341,21.888566],[73.659345,21.888572],[73.65935,21.88857],[73.659347,21.888563],[73.659343,21.888562],[73.659342,21.888557],[73.659347,21.888555],[73.659352,21.888558],[73.659359,21.888558],[73.659369,21.888548],[73.659378,21.888546],[73.65939,21.888548],[73.659397,21.888542],[73.659406,21.888542],[73.659409,21.888536],[73.659412,21.888539],[73.659416,21.888538],[73.659418,21.88854],[73.65942,21.888537],[73.659442,21.888536],[73.659463,21.888529],[73.659471,21.888533],[73.659475,21.888531],[73.659483,21.888533],[73.659501,21.888532],[73.659494,21.888539],[73.65949,21.888539],[73.65949,21.888541],[73.659493,21.888542],[73.659499,21.888542],[73.6595,21.888537],[73.659505,21.888536],[73.65951,21.888542],[73.659519,21.88854],[73.659525,21.888543],[73.659545,21.888546],[73.659556,21.888546],[73.659561,21.888541],[73.659574,21.888543],[73.659582,21.88854],[73.659583,21.888536],[73.659589,21.888537],[73.659594,21.888533],[73.659608,21.888527],[73.659619,21.888527],[73.659638,21.888518],[73.659647,21.88851],[73.659664,21.888506],[73.659668,21.888502],[73.659674,21.888501],[73.65969,21.888493],[73.659701,21.888492],[73.659705,21.888489],[73.659704,21.888481],[73.659709,21.888477],[73.659708,21.888471],[73.659726,21.88846],[73.659728,21.888455],[73.659726,21.888453],[73.659706,21.888453],[73.659704,21.888449],[73.6597,21.888451],[73.659691,21.888447],[73.659699,21.88844],[73.659697,21.888433],[73.659702,21.888437],[73.659704,21.888436],[73.659703,21.888428],[73.659695,21.888418],[73.659694,21.888414],[73.659701,21.8884],[73.659699,21.888383],[73.659703,21.888375],[73.659697,21.88837],[73.659695,21.888363],[73.659687,21.888357],[73.659689,21.888345],[73.659682,21.888335],[73.659681,21.888325],[73.659677,21.888322],[73.659677,21.888317],[73.659672,21.888312],[73.659667,21.888312],[73.659667,21.888307],[73.659663,21.888302],[73.659664,21.888298],[73.659656,21.888292],[73.659651,21.888285],[73.659648,21.888267],[73.659646,21.88826],[73.659642,21.888258],[73.659639,21.888248],[73.659619,21.888232],[73.659617,21.888227],[73.659607,21.888225],[73.659604,21.888222],[73.659601,21.888223],[73.659589,21.888218],[73.659585,21.888215],[73.659589,21.888214],[73.659589,21.888212],[73.659573,21.888204],[73.659569,21.888204],[73.659568,21.8882],[73.659561,21.888194],[73.659543,21.888189],[73.659538,21.88819],[73.659512,21.888179],[73.659506,21.888179],[73.659503,21.888178],[73.659499,21.888179],[73.659486,21.888175],[73.659463,21.888175],[73.659446,21.888169],[73.659437,21.88816],[73.659421,21.888158],[73.659418,21.888159],[73.659388,21.888148],[73.659384,21.888142],[73.65937,21.888135],[73.659362,21.888134],[73.659356,21.88813],[73.659351,21.888125],[73.65934,21.888121],[73.659331,21.88811],[73.65932,21.888102],[73.659315,21.888102],[73.659308,21.888093],[73.659292,21.888088],[73.659286,21.88808],[73.659288,21.888069],[73.659281,21.888057],[73.659256,21.888036],[73.659248,21.888032],[73.659235,21.888031],[73.659222,21.888032],[73.659205,21.888039],[73.659198,21.888046],[73.659193,21.888047],[73.659152,21.888046],[73.659142,21.888043],[73.659128,21.888045],[73.659119,21.888042],[73.659107,21.888045],[73.659072,21.888038],[73.659068,21.888034],[73.659059,21.888031],[73.659054,21.888032],[73.659045,21.888022],[73.659038,21.888021],[73.659034,21.888024],[73.659031,21.88802],[73.659024,21.888018],[73.659015,21.88801],[73.659001,21.888012],[73.658983,21.888008],[73.658964,21.888002],[73.658957,21.887997],[73.658951,21.888],[73.65894,21.887997],[73.658919,21.888003],[73.658911,21.888003],[73.658893,21.887996],[73.658886,21.887999],[73.658877,21.887996],[73.658863,21.887997],[73.658851,21.887994],[73.658846,21.887996],[73.65883,21.887992]]}},{"type":"Feature","properties":{"elevation":91},"geometry":{"type":"LineString","coordinates":[[73.658817,21.887968],[73.658808,21.887972],[73.658802,21.887969],[73.6588,21.887972],[73.658795,21.887974],[73.658776,21.887971],[73.658765,21.887974],[73.658741,21.887974],[73.658735,21.887979],[73.658726,21.887982],[73.65872,21.887981],[73.658716,21.887984],[73.658686,21.887994],[73.658661,21.887995],[73.658653,21.888001],[73.658643,21.887999],[73.658635,21.888],[73.658612,21.888012],[73.658603,21.888012],[73.658582,21.888018],[73.658576,21.888018],[73.658564,21.888013],[73.658547,21.888017],[73.658533,21.888014],[73.658533,21.888017],[73.658537,21.88802],[73.658533,21.888023],[73.658518,21.888014],[73.658513,21.888008],[73.658503,21.888008],[73.658495,21.888004],[73.658477,21.888005],[73.658466,21.888008],[73.65846,21.888014],[73.658459,21.888018],[73.658445,21.888025],[73.658449,21.888038],[73.658448,21.888066],[73.658451,21.888094],[73.658471,21.888105],[73.658468,21.888138],[73.658477,21.888146],[73.658484,21.888158],[73.658489,21.888209],[73.658498,21.888247],[73.658503,21.888284],[73.658509,21.888303],[73.658514,21.888311],[73.658519,21.888311],[73.658527,21.888306],[73.65853,21.888296],[73.658543,21.888294],[73.658547,21.888296],[73.65855,21.888292],[73.658556,21.88829],[73.65856,21.888293],[73.658561,21.888291],[73.658564,21.888293],[73.658567,21.888292],[73.658571,21.888302],[73.658576,21.888306],[73.658584,21.888305],[73.658584,21.888308],[73.658589,21.888309],[73.658595,21.888319],[73.658601,21.88832],[73.658608,21.888318],[73.658611,21.888332],[73.658615,21.88833],[73.658617,21.888327],[73.658621,21.888325],[73.658622,21.888333],[73.658619,21.888337],[73.65862,21.888343],[73.658616,21.888344],[73.65862,21.888346],[73.658618,21.888349],[73.658621,21.888349],[73.658621,21.888353],[73.658616,21.888356],[73.658617,21.88836],[73.658613,21.888363],[73.658606,21.888363],[73.658605,21.888369],[73.658616,21.888377],[73.658641,21.888382],[73.658648,21.888375],[73.658657,21.888378],[73.658661,21.888383],[73.658666,21.888378],[73.658669,21.88838],[73.658668,21.888383],[73.658672,21.888382],[73.658674,21.888379],[73.658683,21.888383],[73.658685,21.88838],[73.658676,21.888376],[73.658684,21.888371],[73.65869,21.888377],[73.658686,21.88838],[73.658688,21.888381],[73.6587,21.88838],[73.658709,21.888377],[73.658728,21.888377],[73.658741,21.888384],[73.658766,21.888389],[73.658777,21.888387],[73.658785,21.888379],[73.658793,21.888379],[73.658808,21.888387],[73.658817,21.888388],[73.658822,21.888386],[73.65883,21.888379],[73.658842,21.888377],[73.65885,21.888379],[73.658862,21.888387],[73.658894,21.888391],[73.658932,21.888404],[73.658943,21.888404],[73.658955,21.8884],[73.658963,21.888401],[73.658969,21.888405],[73.658977,21.888406],[73.658998,21.888403],[73.65901,21.888412],[73.659029,21.888414],[73.659033,21.88843],[73.659039,21.888433],[73.659044,21.888441],[73.659037,21.888444],[73.659042,21.888449],[73.659047,21.88845],[73.659044,21.888456],[73.659051,21.888461],[73.659055,21.888461],[73.659057,21.888465],[73.659059,21.888464],[73.659064,21.888468],[73.659088,21.888475],[73.6591,21.888474],[73.65911,21.888481],[73.659144,21.888481],[73.659153,21.888485],[73.659163,21.888495],[73.659163,21.888502],[73.659169,21.888505],[73.659173,21.888511],[73.659177,21.888525],[73.659176,21.888537],[73.659165,21.888537],[73.659162,21.88854],[73.659166,21.888542],[73.65917,21.888547],[73.65917,21.888551],[73.659184,21.888564],[73.659181,21.888573],[73.659184,21.888575],[73.659191,21.888589],[73.6592,21.8886],[73.659227,21.888618],[73.659242,21.888624],[73.659251,21.888623],[73.659255,21.888629],[73.659261,21.888629],[73.659272,21.888628],[73.659293,21.88863],[73.659301,21.888627],[73.659319,21.888625],[73.659321,21.888626],[73.65933,21.888623],[73.659334,21.888619],[73.659342,21.888617],[73.659359,21.888615],[73.659386,21.888601],[73.659398,21.888587],[73.659404,21.888587],[73.65941,21.888581],[73.659423,21.888577],[73.659425,21.888574],[73.659423,21.888572],[73.659428,21.88857],[73.659431,21.888569],[73.659435,21.888573],[73.659439,21.888572],[73.659442,21.888569],[73.659454,21.888573],[73.659466,21.88857],[73.659479,21.888572],[73.659505,21.88857],[73.659525,21.888572],[73.659553,21.888569],[73.659596,21.888555],[73.659603,21.888556],[73.659606,21.888553],[73.659654,21.888538],[73.659658,21.888538],[73.659665,21.888533],[73.659681,21.888527],[73.659721,21.888503],[73.659734,21.888498],[73.659758,21.888482],[73.659769,21.888479],[73.65978,21.888469],[73.6598,21.888457],[73.659807,21.888451],[73.659804,21.88845],[73.659804,21.888447],[73.659813,21.888438],[73.659835,21.888425],[73.659832,21.888419],[73.659826,21.888418],[73.659823,21.88841],[73.659808,21.888412],[73.659801,21.88841],[73.659798,21.888402],[73.659801,21.888397],[73.659799,21.888392],[73.659797,21.888395],[73.659793,21.888392],[73.659786,21.888393],[73.659783,21.888389],[73.659776,21.888388],[73.659772,21.888382],[73.659769,21.888381],[73.65977,21.888378],[73.659766,21.888376],[73.659757,21.888385],[73.659755,21.888379],[73.659744,21.888368],[73.659743,21.88836],[73.659737,21.888359],[73.659733,21.888354],[73.659728,21.888352],[73.659728,21.888348],[73.659721,21.88834],[73.659721,21.888335],[73.659714,21.888323],[73.659712,21.888314],[73.659708,21.888312],[73.659693,21.888299],[73.659687,21.888286],[73.659681,21.888281],[73.659674,21.888269],[73.659664,21.88826],[73.659661,21.88826],[73.659659,21.888251],[73.659651,21.888241],[73.659649,21.888235],[73.659629,21.888218],[73.659602,21.888207],[73.659593,21.8882],[73.659583,21.888196],[73.659577,21.888189],[73.659558,21.888183],[73.65956,21.88818],[73.659553,21.888177],[73.659547,21.888173],[73.659541,21.888176],[73.659536,21.888171],[73.65953,21.888171],[73.659527,21.888168],[73.659521,21.888168],[73.659498,21.88816],[73.65948,21.888161],[73.659465,21.88816],[73.659457,21.888157],[73.659456,21.888153],[73.659435,21.888144],[73.65942,21.888142],[73.65941,21.888142],[73.65939,21.888135],[73.65937,21.888124],[73.659358,21.888122],[73.659344,21.888112],[73.65934,21.888105],[73.659329,21.888096],[73.659329,21.88809],[73.659319,21.888076],[73.659293,21.88806],[73.659285,21.888046],[73.659279,21.888044],[73.659256,21.888029],[73.659244,21.888026],[73.659223,21.888025],[73.659199,21.888032],[73.659174,21.888034],[73.659169,21.888036],[73.659125,21.888036],[73.6591,21.88803],[73.659076,21.888018],[73.659054,21.888005],[73.659018,21.887992],[73.659013,21.887989],[73.659005,21.887991],[73.658981,21.887987],[73.658956,21.887977],[73.658935,21.88798],[73.658911,21.887976],[73.658906,21.887978],[73.658895,21.887974],[73.65889,21.887973],[73.658886,21.887976],[73.658881,21.887973],[73.658867,21.887975],[73.658853,21.88797],[73.658845,21.887973],[73.658833,21.88797],[73.658824,21.887972],[73.658817,21.887968]]}},{"type":"Feature","properties":{"elevation":90},"geometry":{"type":"LineString","coordinates":[[73.658838,21.887949],[73.658832,21.887951],[73.658822,21.887949],[73.658805,21.887949],[73.658802,21.887952],[73.658797,21.88795],[73.658787,21.887952],[73.658753,21.887952],[73.658749,21.887954],[73.658728,21.887955],[73.658705,21.88796],[73.658699,21.887964],[73.658686,21.887964],[73.658682,21.887971],[73.658673,21.887974],[73.658603,21.887984],[73.658586,21.887989],[73.658575,21.88799],[73.658569,21.887995],[73.658561,21.887997],[73.658551,21.887994],[73.658533,21.887994],[73.658524,21.88799],[73.658514,21.887994],[73.658505,21.887992],[73.65845,21.888002],[73.658443,21.888005],[73.658443,21.888015],[73.658439,21.88802],[73.658434,21.888042],[73.658418,21.888054],[73.658418,21.888066],[73.658411,21.888071],[73.658409,21.888074],[73.658418,21.888087],[73.658419,21.888095],[73.658429,21.888106],[73.658439,21.888123],[73.65845,21.888128],[73.65845,21.888134],[73.658454,21.888143],[73.658452,21.888153],[73.658453,21.888166],[73.658461,21.888186],[73.65846,21.888191],[73.658467,21.888199],[73.65847,21.888212],[73.658477,21.888217],[73.658486,21.88824],[73.658491,21.888261],[73.658497,21.888317],[73.658495,21.888329],[73.658486,21.888339],[73.658484,21.888345],[73.658474,21.888351],[73.658473,21.888354],[73.658476,21.888357],[73.658476,21.88836],[73.658482,21.888355],[73.658488,21.888359],[73.658489,21.888362],[73.658486,21.888367],[73.658498,21.888367],[73.658496,21.888363],[73.658497,21.888359],[73.6585,21.888368],[73.658503,21.888369],[73.658504,21.888366],[73.658505,21.888368],[73.658509,21.888376],[73.658502,21.888378],[73.658498,21.888389],[73.658502,21.888394],[73.658508,21.888396],[73.658517,21.888392],[73.658519,21.888388],[73.658525,21.888389],[73.658525,21.888394],[73.65852,21.888393],[73.658511,21.888398],[73.658507,21.888404],[73.658513,21.888402],[73.658516,21.888405],[73.658519,21.888403],[73.658532,21.888402],[73.658541,21.888395],[73.65854,21.888389],[73.658544,21.88839],[73.65856,21.888383],[73.658582,21.888382],[73.658595,21.888388],[73.658608,21.888386],[73.658621,21.888388],[73.65869,21.888388],[73.658702,21.888391],[73.65872,21.888383],[73.658726,21.888386],[73.658744,21.888401],[73.658748,21.888403],[73.658774,21.888398],[73.658785,21.88839],[73.65879,21.888389],[73.658813,21.888398],[73.658842,21.888394],[73.658865,21.888398],[73.658891,21.888401],[73.658908,21.888407],[73.65892,21.888405],[73.658934,21.888413],[73.65894,21.88841],[73.658943,21.888413],[73.65894,21.888415],[73.658941,21.888418],[73.658947,21.888422],[73.658957,21.888424],[73.658961,21.888428],[73.658965,21.888427],[73.658973,21.888437],[73.658981,21.888435],[73.658988,21.88843],[73.658988,21.888436],[73.658995,21.888449],[73.659013,21.888463],[73.659043,21.888471],[73.659051,21.888475],[73.659065,21.888479],[73.659068,21.888482],[73.659068,21.888486],[73.659072,21.88849],[73.659075,21.888504],[73.659069,21.888508],[73.659058,21.888509],[73.659053,21.888512],[73.659058,21.888513],[73.659062,21.888518],[73.659072,21.88852],[73.659078,21.888526],[73.659084,21.888527],[73.659086,21.88853],[73.659111,21.888534],[73.659117,21.888539],[73.659118,21.888544],[73.659131,21.888552],[73.659138,21.888561],[73.659137,21.888564],[73.659139,21.888559],[73.659141,21.888559],[73.659141,21.888562],[73.659148,21.88857],[73.659151,21.888578],[73.659157,21.888579],[73.659158,21.888581],[73.659154,21.888583],[73.659157,21.888586],[73.659154,21.88859],[73.659155,21.888595],[73.659192,21.888629],[73.659216,21.888644],[73.659223,21.888645],[73.659227,21.888644],[73.659232,21.888645],[73.659237,21.888648],[73.659242,21.888648],[73.659247,21.888653],[73.659258,21.888654],[73.659271,21.888651],[73.659288,21.888655],[73.659293,21.888651],[73.659322,21.888648],[73.65935,21.888639],[73.659358,21.88864],[73.659362,21.888635],[73.659367,21.888635],[73.659379,21.888625],[73.65939,21.888622],[73.659398,21.888614],[73.659412,21.888611],[73.659415,21.888605],[73.659445,21.888597],[73.659461,21.888595],[73.659465,21.888597],[73.659485,21.888591],[73.659491,21.888593],[73.659509,21.888592],[73.659511,21.888594],[73.659521,21.888589],[73.659536,21.888591],[73.659555,21.888589],[73.659558,21.888586],[73.659572,21.888587],[73.659584,21.88858],[73.659608,21.888577],[73.659613,21.888575],[73.659614,21.888572],[73.659617,21.888575],[73.659627,21.888568],[73.659643,21.888565],[73.659661,21.888557],[73.659669,21.888556],[73.659693,21.888542],[73.659704,21.888541],[73.659715,21.888532],[73.659729,21.88853],[73.659738,21.888523],[73.659746,21.888525],[73.659751,21.888519],[73.659761,21.888517],[73.659769,21.888507],[73.659779,21.888503],[73.659789,21.888493],[73.659797,21.888492],[73.659808,21.888483],[73.659826,21.888476],[73.659851,21.888454],[73.659857,21.888452],[73.659878,21.88843],[73.659888,21.888425],[73.659889,21.888417],[73.659893,21.888417],[73.659896,21.888411],[73.65991,21.888406],[73.659922,21.888398],[73.659929,21.888397],[73.659943,21.888386],[73.659976,21.88837],[73.659974,21.888364],[73.65998,21.888355],[73.659985,21.888353],[73.659989,21.888347],[73.659992,21.888338],[73.659988,21.888334],[73.65999,21.88833],[73.660002,21.888323],[73.659994,21.888318],[73.659994,21.888314],[73.659991,21.888311],[73.659981,21.888314],[73.659979,21.888311],[73.659982,21.888309],[73.65998,21.888304],[73.659977,21.888301],[73.659969,21.888301],[73.65995,21.888307],[73.659928,21.888308],[73.659908,21.888312],[73.659897,21.888318],[73.659895,21.888323],[73.659887,21.888328],[73.659873,21.888331],[73.659871,21.888337],[73.659867,21.888337],[73.65986,21.888343],[73.659853,21.88834],[73.659846,21.888346],[73.659832,21.888344],[73.659825,21.888346],[73.659823,21.888341],[73.659815,21.88834],[73.659811,21.888337],[73.659805,21.88834],[73.659797,21.888336],[73.659794,21.888337],[73.659794,21.888333],[73.659803,21.888334],[73.659807,21.88833],[73.659801,21.888328],[73.659788,21.888331],[73.65978,21.888326],[73.659772,21.888325],[73.65977,21.888319],[73.659772,21.888318],[73.659761,21.888315],[73.659758,21.888311],[73.659754,21.888313],[73.659749,21.888304],[73.659741,21.888301],[73.659738,21.888295],[73.659727,21.888288],[73.659716,21.88827],[73.659701,21.888261],[73.6597,21.888256],[73.659695,21.888252],[73.659689,21.888242],[73.659684,21.888241],[73.659677,21.888237],[73.659674,21.888231],[73.659669,21.888226],[73.659665,21.888226],[73.659655,21.888215],[73.659644,21.888211],[73.659638,21.888205],[73.659627,21.888199],[73.659624,21.888191],[73.659604,21.888183],[73.659599,21.888176],[73.659581,21.888171],[73.65958,21.888167],[73.659572,21.888164],[73.659541,21.888159],[73.659523,21.888151],[73.659509,21.888151],[73.659497,21.888149],[73.659486,21.888141],[73.659476,21.888141],[73.659465,21.888137],[73.659456,21.888138],[73.659452,21.88814],[73.659435,21.888133],[73.659405,21.888128],[73.659398,21.888121],[73.659386,21.888115],[73.659374,21.888112],[73.659349,21.888096],[73.659328,21.888067],[73.659318,21.888058],[73.659305,21.888051],[73.659301,21.888047],[73.6593,21.888041],[73.659287,21.88803],[73.659283,21.888031],[73.659265,21.888022],[73.659261,21.888023],[73.659235,21.888019],[73.659225,21.888015],[73.659211,21.888019],[73.659204,21.888017],[73.65919,21.888019],[73.659181,21.888017],[73.659175,21.88802],[73.659149,21.888017],[73.659143,21.888019],[73.659135,21.888017],[73.659124,21.888017],[73.659111,21.888013],[73.659109,21.888015],[73.659102,21.888014],[73.659074,21.888002],[73.659055,21.887982],[73.659037,21.887978],[73.659027,21.887971],[73.659013,21.887971],[73.658999,21.887968],[73.658996,21.887971],[73.65899,21.88797],[73.658985,21.887966],[73.658974,21.887966],[73.658949,21.887957],[73.658939,21.887956],[73.658928,21.88796],[73.658918,21.887961],[73.658905,21.887955],[73.658895,21.887956],[73.658882,21.887952],[73.658872,21.887954],[73.658862,21.88795],[73.658854,21.887952],[73.658838,21.887949]]}},{"type":"Feature","properties":{"elevation":89},"geometry":{"type":"LineString","coordinates":[[73.658825,21.887925],[73.658818,21.887928],[73.658795,21.887927],[73.658782,21.887928],[73.658774,21.887931],[73.658765,21.887928],[73.658758,21.887931],[73.65875,21.887929],[73.65874,21.887932],[73.658731,21.887931],[73.658721,21.887934],[73.658718,21.887939],[73.658701,21.887942],[73.658693,21.887941],[73.658657,21.887953],[73.658636,21.887953],[73.658614,21.887961],[73.658605,21.88796],[73.658601,21.887965],[73.658594,21.887964],[73.65859,21.887971],[73.658574,21.887975],[73.658549,21.887977],[73.658531,21.887974],[73.658523,21.887978],[73.658512,21.887977],[73.658504,21.887981],[73.658501,21.887979],[73.658491,21.887978],[73.658473,21.887988],[73.658438,21.887998],[73.658426,21.888007],[73.658421,21.888007],[73.658414,21.888012],[73.658414,21.888016],[73.65841,21.888018],[73.658408,21.888021],[73.658397,21.888024],[73.658387,21.888034],[73.658379,21.888056],[73.658383,21.888066],[73.65838,21.888073],[73.658385,21.888082],[73.658385,21.888095],[73.658389,21.888106],[73.658391,21.888107],[73.658393,21.888115],[73.658389,21.888119],[73.658394,21.88812],[73.658398,21.888125],[73.658403,21.888126],[73.658408,21.888139],[73.658414,21.888145],[73.658414,21.888148],[73.658418,21.888153],[73.658421,21.888175],[73.658428,21.888182],[73.658427,21.888187],[73.658429,21.888191],[73.658437,21.888194],[73.658439,21.8882],[73.658444,21.888203],[73.658451,21.888224],[73.658451,21.888239],[73.658455,21.88824],[73.658457,21.888245],[73.658458,21.888251],[73.658466,21.888255],[73.658469,21.88826],[73.658481,21.88827],[73.658484,21.888282],[73.658486,21.88832],[73.658478,21.888327],[73.658473,21.88834],[73.658454,21.888365],[73.658453,21.888384],[73.658455,21.888404],[73.65846,21.88841],[73.658468,21.888413],[73.658524,21.888418],[73.658538,21.888414],[73.658548,21.888401],[73.658555,21.888397],[73.65856,21.888392],[73.658573,21.888392],[73.658586,21.888397],[73.658606,21.888399],[73.658632,21.888398],[73.658639,21.888395],[73.658645,21.888398],[73.658649,21.888395],[73.658656,21.888394],[73.658684,21.888411],[73.658689,21.888408],[73.658692,21.888408],[73.658693,21.888415],[73.658701,21.888418],[73.658703,21.888421],[73.658708,21.888422],[73.65871,21.888425],[73.658712,21.888424],[73.658711,21.888416],[73.658717,21.888417],[73.658722,21.888426],[73.658731,21.888427],[73.658733,21.888433],[73.658735,21.888428],[73.658738,21.888429],[73.658743,21.888437],[73.658746,21.888438],[73.658748,21.888436],[73.65875,21.888432],[73.658764,21.888426],[73.658773,21.888428],[73.6588,21.888422],[73.658807,21.888423],[73.658824,21.888417],[73.658833,21.888417],[73.658841,21.888407],[73.658859,21.888404],[73.658861,21.888408],[73.658873,21.888417],[73.658872,21.888431],[73.658874,21.888441],[73.658886,21.888445],[73.658893,21.888442],[73.658896,21.888446],[73.658909,21.888451],[73.658916,21.88845],[73.658915,21.888446],[73.658922,21.888452],[73.658929,21.888453],[73.658947,21.888459],[73.658962,21.888459],[73.658984,21.88847],[73.658986,21.888474],[73.658984,21.888479],[73.658989,21.888487],[73.658979,21.888497],[73.658983,21.888503],[73.658994,21.888509],[73.658998,21.888507],[73.659009,21.888515],[73.659018,21.888517],[73.659028,21.888526],[73.659036,21.888528],[73.659044,21.888535],[73.659059,21.888539],[73.65906,21.888543],[73.659065,21.888543],[73.65907,21.888546],[73.659088,21.888563],[73.6591,21.88857],[73.659101,21.888577],[73.659109,21.888582],[73.659125,21.888602],[73.659133,21.888608],[73.659143,21.888621],[73.659155,21.888629],[73.659175,21.888647],[73.659207,21.888663],[73.659217,21.888662],[73.659251,21.888673],[73.659263,21.888674],[73.659266,21.888671],[73.659273,21.888674],[73.659299,21.888671],[73.659303,21.888669],[73.659306,21.888671],[73.659321,21.888666],[73.659326,21.888668],[73.659342,21.888661],[73.659351,21.888662],[73.659359,21.888655],[73.659362,21.888656],[73.659368,21.88865],[73.659378,21.888648],[73.659387,21.888641],[73.6594,21.888637],[73.659426,21.888622],[73.659433,21.888621],[73.659439,21.888617],[73.659476,21.888611],[73.659498,21.888614],[73.659517,21.888608],[73.659536,21.888609],[73.659584,21.8886],[73.659591,21.888601],[73.659631,21.88859],[73.659639,21.888585],[73.659647,21.888585],[73.659679,21.888569],[73.659684,21.88857],[73.659688,21.888567],[73.659696,21.888569],[73.659708,21.888562],[73.659712,21.888555],[73.659725,21.888552],[73.659745,21.888542],[73.659753,21.888542],[73.659772,21.888535],[73.659776,21.88853],[73.659801,21.888514],[73.659807,21.888511],[73.659811,21.888512],[73.659814,21.888507],[73.659822,21.888507],[73.65983,21.888499],[73.65984,21.888495],[73.659846,21.888487],[73.659851,21.888487],[73.659858,21.888478],[73.659875,21.88847],[73.659885,21.888459],[73.659901,21.888452],[73.659901,21.888449],[73.659909,21.888443],[73.65993,21.888433],[73.659948,21.88842],[73.659968,21.888414],[73.65999,21.888399],[73.659999,21.8884],[73.660024,21.888388],[73.660038,21.888384],[73.660058,21.888373],[73.660067,21.88837],[73.660086,21.888358],[73.660098,21.888354],[73.660107,21.888347],[73.660104,21.888345],[73.660097,21.888345],[73.6601,21.888342],[73.660109,21.888339],[73.660109,21.888336],[73.660116,21.888333],[73.660128,21.888324],[73.660153,21.88831],[73.660163,21.888301],[73.660189,21.888288],[73.660192,21.888289],[73.660197,21.888281],[73.660196,21.888279],[73.660193,21.888281],[73.660189,21.888278],[73.660188,21.888274],[73.660192,21.888272],[73.660188,21.88827],[73.660192,21.888261],[73.6602,21.888255],[73.6602,21.888243],[73.660206,21.888237],[73.660203,21.888232],[73.660206,21.888226],[73.660206,21.888218],[73.660204,21.888213],[73.660207,21.888209],[73.660199,21.888208],[73.660194,21.888202],[73.660188,21.888205],[73.660176,21.888206],[73.660158,21.8882],[73.660147,21.888205],[73.66014,21.888205],[73.660127,21.88821],[73.660123,21.88821],[73.660119,21.888207],[73.66011,21.888211],[73.660107,21.888215],[73.660102,21.888214],[73.660101,21.888217],[73.660098,21.888215],[73.660095,21.888218],[73.660077,21.88822],[73.660069,21.888226],[73.660063,21.888223],[73.660053,21.88823],[73.660052,21.888228],[73.660045,21.888227],[73.660048,21.888231],[73.660045,21.888234],[73.66004,21.888232],[73.660038,21.88824],[73.660035,21.888242],[73.660022,21.888245],[73.660018,21.888243],[73.660012,21.88825],[73.660007,21.888247],[73.660002,21.888248],[73.659996,21.888255],[73.659986,21.888257],[73.659977,21.888256],[73.659971,21.888259],[73.659964,21.888257],[73.659949,21.888261],[73.659941,21.888259],[73.65992,21.888269],[73.659915,21.888267],[73.659905,21.888268],[73.659886,21.888282],[73.659874,21.888285],[73.65987,21.888282],[73.659859,21.888289],[73.659856,21.888284],[73.659852,21.888282],[73.65984,21.888287],[73.659833,21.888285],[73.659825,21.888289],[73.659818,21.888282],[73.659813,21.888282],[73.659808,21.888279],[73.659801,21.888279],[73.659801,21.888275],[73.659799,21.888273],[73.659796,21.888273],[73.659796,21.888276],[73.659792,21.888276],[73.659784,21.888272],[73.659782,21.888269],[73.659775,21.888267],[73.659777,21.888264],[73.659774,21.888261],[73.65977,21.888263],[73.659765,21.888257],[73.659762,21.888257],[73.659748,21.88825],[73.659745,21.88825],[73.659736,21.888242],[73.659725,21.888239],[73.659711,21.888228],[73.659718,21.888226],[73.659717,21.888221],[73.65971,21.888221],[73.659707,21.888225],[73.659705,21.888219],[73.659698,21.888215],[73.659694,21.888216],[73.659682,21.888206],[73.659683,21.888202],[73.659677,21.888197],[73.65966,21.888192],[73.659647,21.888182],[73.659642,21.888183],[73.659632,21.888179],[73.659625,21.88817],[73.659617,21.888169],[73.659603,21.888159],[73.659572,21.888151],[73.659568,21.888152],[73.65955,21.888148],[73.659515,21.888133],[73.659493,21.888132],[73.659485,21.888128],[73.659476,21.888129],[73.659468,21.888126],[73.659454,21.888125],[73.659441,21.888122],[73.659424,21.888123],[73.659418,21.88812],[73.659413,21.888121],[73.659407,21.888119],[73.659392,21.88811],[73.659387,21.888099],[73.659374,21.88809],[73.659365,21.888087],[73.659349,21.888069],[73.659337,21.888062],[73.659332,21.888054],[73.659323,21.88805],[73.659317,21.888043],[73.65931,21.888029],[73.659298,21.888022],[73.659291,21.888021],[73.65928,21.888013],[73.659265,21.888006],[73.659231,21.888],[73.65922,21.888002],[73.659203,21.888001],[73.659169,21.888008],[73.659124,21.888008],[73.659114,21.888006],[73.659108,21.888],[73.659083,21.88799],[73.659071,21.887971],[73.659061,21.887967],[73.659055,21.887962],[73.659044,21.887961],[73.659041,21.887957],[73.659027,21.887952],[73.659008,21.887951],[73.659002,21.887954],[73.658994,21.887952],[73.658989,21.887953],[73.658967,21.887944],[73.65893,21.887939],[73.658916,21.88794],[73.658893,21.887932],[73.658882,21.887933],[73.658874,21.887929],[73.65887,21.887933],[73.658864,21.887933],[73.658856,21.887932],[73.658849,21.887927],[73.658845,21.887927],[73.658839,21.88793],[73.658835,21.887928],[73.658827,21.887928],[73.658825,21.887925]]}},{"type":"Feature","properties":{"elevation":88},"geometry":{"type":"LineString","coordinates":[[73.658806,21.887904],[73.658769,21.887906],[73.658745,21.887913],[73.65874,21.88791],[73.658729,21.887909],[73.658724,21.88791],[73.658723,21.887913],[73.658719,21.887915],[73.65871,21.887916],[73.658689,21.887924],[73.658676,21.887923],[73.658629,21.887938],[73.65861,21.887941],[73.658607,21.887939],[73.658603,21.887944],[73.658582,21.887954],[73.65857,21.887952],[73.658494,21.887962],[73.65847,21.887968],[73.658456,21.887982],[73.658443,21.887983],[73.658432,21.887981],[73.658426,21.887983],[73.658408,21.887994],[73.658403,21.887994],[73.65839,21.888],[73.658379,21.888],[73.65837,21.888008],[73.65837,21.888014],[73.658367,21.888017],[73.658364,21.888017],[73.658362,21.888022],[73.658363,21.888031],[73.65836,21.888034],[73.658359,21.888042],[73.658363,21.888042],[73.65836,21.888059],[73.658361,21.888065],[73.658358,21.888069],[73.65836,21.888072],[73.658357,21.888091],[73.658354,21.888096],[73.658354,21.888107],[73.658358,21.888117],[73.65836,21.888133],[73.658368,21.888138],[73.658373,21.888145],[73.658371,21.888157],[73.658376,21.88816],[73.658386,21.888175],[73.658391,21.888178],[73.658393,21.888188],[73.658403,21.888199],[73.658411,21.888217],[73.65842,21.888226],[73.65842,21.888248],[73.658429,21.888257],[73.658442,21.888279],[73.658448,21.888281],[73.658458,21.888293],[73.658465,21.888332],[73.658463,21.888339],[73.658449,21.888355],[73.658444,21.888365],[73.658444,21.888395],[73.658448,21.88841],[73.658453,21.888416],[73.658463,21.88842],[73.658527,21.888431],[73.658536,21.888436],[73.658543,21.88843],[73.658547,21.888422],[73.658558,21.888415],[73.658565,21.888419],[73.658566,21.888422],[73.658571,21.88842],[73.658581,21.888422],[73.658585,21.888428],[73.658592,21.888427],[73.658601,21.888432],[73.658628,21.888433],[73.658636,21.888441],[73.658642,21.88844],[73.658649,21.888446],[73.658659,21.888449],[73.658665,21.888457],[73.658679,21.888455],[73.658679,21.888459],[73.658683,21.888461],[73.658705,21.88846],[73.658724,21.888465],[73.658731,21.88847],[73.65874,21.888465],[73.658749,21.888453],[73.658754,21.888452],[73.658755,21.88844],[73.658758,21.888434],[73.658816,21.88843],[73.658829,21.888426],[73.65884,21.888424],[73.658844,21.888418],[73.658846,21.888422],[73.658859,21.888424],[73.65886,21.88843],[73.658857,21.888437],[73.658859,21.888455],[73.658869,21.888468],[73.658874,21.888474],[73.65889,21.888474],[73.658906,21.888481],[73.658913,21.888493],[73.658914,21.888503],[73.658921,21.888509],[73.65895,21.888509],[73.658952,21.888512],[73.65895,21.888514],[73.658961,21.888521],[73.658988,21.888532],[73.658992,21.888538],[73.65901,21.888546],[73.659027,21.88856],[73.659034,21.888563],[73.659047,21.888576],[73.659056,21.888579],[73.659073,21.888591],[73.659078,21.8886],[73.659101,21.888609],[73.659108,21.888617],[73.659114,21.888631],[73.659134,21.888644],[73.659143,21.888656],[73.659161,21.888664],[73.659174,21.888673],[73.659188,21.888675],[73.659197,21.888682],[73.659197,21.888685],[73.6592,21.888682],[73.659202,21.888682],[73.659206,21.888688],[73.65921,21.888684],[73.659216,21.888685],[73.65922,21.888689],[73.659262,21.888694],[73.659272,21.888691],[73.6593,21.888693],[73.659304,21.888689],[73.659315,21.888687],[73.659325,21.888688],[73.65935,21.88868],[73.659358,21.88868],[73.659387,21.888664],[73.659397,21.88866],[73.659402,21.888655],[73.659414,21.888653],[73.65942,21.888648],[73.659425,21.888648],[73.659427,21.888643],[73.659437,21.888638],[73.65945,21.888637],[73.659469,21.888631],[73.659527,21.888626],[73.659542,21.888626],[73.659592,21.888618],[73.659604,21.888613],[73.659615,21.888613],[73.659617,21.888611],[73.659633,21.888608],[73.659651,21.888598],[73.659677,21.888592],[73.659692,21.888584],[73.659703,21.888582],[73.659715,21.888575],[73.659725,21.888573],[73.659746,21.888563],[73.659756,21.888562],[73.659768,21.888553],[73.659788,21.888546],[73.659795,21.888539],[73.659806,21.888537],[73.659821,21.888526],[73.659831,21.888523],[73.659843,21.888514],[73.659851,21.888512],[73.659865,21.888499],[73.659872,21.888496],[73.659878,21.88849],[73.659896,21.888483],[73.659908,21.888473],[73.659921,21.888471],[73.659928,21.88846],[73.659933,21.888459],[73.659941,21.888452],[73.659951,21.888449],[73.659955,21.88845],[73.659959,21.888444],[73.659968,21.888441],[73.659975,21.888435],[73.660013,21.888423],[73.66002,21.888417],[73.660028,21.888415],[73.660037,21.888409],[73.660066,21.888398],[73.660074,21.888392],[73.660083,21.888391],[73.660091,21.888383],[73.660124,21.888366],[73.660127,21.888366],[73.660144,21.888351],[73.660172,21.888337],[73.660175,21.888331],[73.660207,21.888306],[73.660217,21.888303],[73.660221,21.888294],[73.660228,21.888288],[73.660229,21.888281],[73.660241,21.888275],[73.660247,21.888266],[73.660256,21.888262],[73.660267,21.888251],[73.660266,21.888247],[73.660261,21.888245],[73.66026,21.888238],[73.660262,21.888234],[73.660265,21.888236],[73.660268,21.888234],[73.660265,21.88823],[73.660272,21.888216],[73.660263,21.88821],[73.660265,21.888205],[73.660262,21.888197],[73.660264,21.888194],[73.660259,21.888185],[73.660249,21.888182],[73.660234,21.888171],[73.660216,21.888165],[73.660196,21.888162],[73.660182,21.888163],[73.660178,21.88816],[73.660174,21.888162],[73.660133,21.888157],[73.660127,21.888158],[73.660113,21.888155],[73.660103,21.888158],[73.660097,21.888157],[73.660093,21.88816],[73.660088,21.888157],[73.660081,21.888157],[73.660076,21.888163],[73.660062,21.888167],[73.660054,21.888172],[73.660035,21.88818],[73.66003,21.888179],[73.660026,21.888182],[73.660026,21.888185],[73.660018,21.888191],[73.660014,21.88819],[73.660011,21.888195],[73.66,21.888203],[73.659994,21.888204],[73.659983,21.888213],[73.659975,21.888213],[73.659965,21.888223],[73.659939,21.888229],[73.659934,21.888227],[73.659929,21.88823],[73.659927,21.888229],[73.659929,21.888226],[73.659925,21.888226],[73.659923,21.888229],[73.659926,21.888229],[73.659923,21.888231],[73.659916,21.888229],[73.659888,21.888239],[73.659887,21.888236],[73.659884,21.888238],[73.659876,21.888232],[73.65987,21.888235],[73.659863,21.888234],[73.659856,21.888241],[73.659842,21.888237],[73.65983,21.888241],[73.659824,21.888246],[73.659818,21.888241],[73.659811,21.888242],[73.659807,21.888236],[73.659805,21.88824],[73.659797,21.888236],[73.659787,21.888235],[73.659775,21.888225],[73.659769,21.888216],[73.659766,21.888222],[73.659763,21.888223],[73.65976,21.888219],[73.659738,21.888212],[73.659737,21.888209],[73.659733,21.888212],[73.659727,21.888204],[73.659711,21.888199],[73.659701,21.888191],[73.659672,21.888175],[73.659665,21.888169],[73.659656,21.888167],[73.65965,21.888163],[73.65964,21.888162],[73.659632,21.888151],[73.659622,21.888147],[73.659607,21.888145],[73.659601,21.888137],[73.659598,21.888138],[73.659566,21.888134],[73.659563,21.888129],[73.659557,21.888126],[73.659554,21.888129],[73.659553,21.888127],[73.659546,21.888129],[73.659529,21.888121],[73.659514,21.888117],[73.659509,21.888117],[73.659497,21.888112],[73.659487,21.888114],[73.659453,21.888107],[73.659444,21.888109],[73.659433,21.888106],[73.659423,21.888108],[73.659407,21.888103],[73.659383,21.888085],[73.659378,21.888077],[73.659367,21.888068],[73.659341,21.888058],[73.659323,21.888038],[73.659316,21.888026],[73.659306,21.888016],[73.659279,21.887996],[73.659258,21.887985],[73.659244,21.887983],[73.659233,21.887986],[73.659231,21.887989],[73.659196,21.887993],[73.65919,21.887997],[73.659176,21.887996],[73.659161,21.887998],[73.659157,21.887996],[73.659139,21.887994],[73.659121,21.887997],[73.659092,21.887981],[73.659079,21.887964],[73.659067,21.887955],[73.659027,21.887938],[73.659014,21.887935],[73.658998,21.88794],[73.658988,21.887936],[73.658983,21.887931],[73.658969,21.88793],[73.658943,21.887921],[73.658928,21.88792],[73.658923,21.887917],[73.658896,21.887911],[73.658888,21.887908],[73.658856,21.88791],[73.658836,21.887906],[73.658823,21.887908],[73.658806,21.887904]]}},{"type":"Feature","properties":{"elevation":87},"geometry":{"type":"LineString","coordinates":[[73.658812,21.887881],[73.658794,21.887883],[73.658789,21.887881],[73.658783,21.887882],[73.658779,21.887886],[73.658759,21.887887],[73.658738,21.887892],[73.658724,21.887889],[73.658716,21.887894],[73.6587,21.887895],[73.658678,21.887905],[73.658654,21.887907],[73.658647,21.887912],[73.658629,21.887914],[73.65862,21.887919],[73.658612,21.88792],[73.658579,21.887931],[73.65856,21.887931],[73.658552,21.887934],[73.658549,21.887938],[73.658529,21.88794],[73.658521,21.887945],[73.658512,21.887943],[73.658504,21.887945],[73.658494,21.887945],[73.658447,21.887961],[73.658443,21.887959],[73.658433,21.887962],[73.658426,21.887961],[73.658418,21.887963],[73.658413,21.887968],[73.658395,21.887973],[73.658386,21.887972],[73.658382,21.887975],[73.658376,21.887975],[73.658368,21.88798],[73.658366,21.887981],[73.658364,21.887977],[73.658362,21.887981],[73.658354,21.887989],[73.658352,21.887998],[73.658344,21.888012],[73.658341,21.888039],[73.658339,21.888043],[73.658332,21.888075],[73.658324,21.888084],[73.658324,21.888093],[73.658319,21.888102],[73.658318,21.888107],[73.658324,21.88812],[73.658321,21.888125],[73.658325,21.888134],[73.658321,21.888145],[73.658325,21.888152],[73.658318,21.888155],[73.658318,21.888159],[73.658331,21.888183],[73.658346,21.888193],[73.658351,21.888193],[73.65836,21.888198],[73.65836,21.888206],[73.658367,21.888218],[73.658365,21.888228],[73.658372,21.888233],[73.658375,21.888233],[73.658379,21.88824],[73.658382,21.888242],[73.658394,21.88826],[73.658394,21.888268],[73.658406,21.888277],[73.658406,21.888281],[73.658409,21.888287],[73.658417,21.888292],[73.658436,21.888315],[73.658441,21.888328],[73.658447,21.888333],[73.658445,21.888345],[73.658434,21.88836],[73.658432,21.888382],[73.658438,21.88841],[73.658443,21.888418],[73.658451,21.888425],[73.658469,21.888432],[73.658508,21.888442],[73.658526,21.888445],[73.658532,21.888443],[73.658537,21.888446],[73.658539,21.888452],[73.658537,21.888455],[73.658543,21.888451],[73.658549,21.888451],[73.658552,21.888456],[73.65856,21.888457],[73.658562,21.888461],[73.658569,21.888466],[73.658573,21.888466],[73.658573,21.888463],[73.658584,21.88847],[73.658589,21.88847],[73.65859,21.888473],[73.658596,21.888472],[73.6586,21.888468],[73.658608,21.888474],[73.658612,21.888471],[73.658624,21.88847],[73.658632,21.888475],[73.658636,21.888472],[73.658642,21.888471],[73.658658,21.888479],[73.658662,21.888477],[73.658675,21.888482],[73.658686,21.888482],[73.658692,21.888488],[73.658697,21.888487],[73.658711,21.888494],[73.658716,21.888492],[73.658722,21.888494],[73.658728,21.888492],[73.658732,21.888495],[73.658763,21.8885],[73.658772,21.8885],[73.658785,21.888503],[73.65879,21.888506],[73.658788,21.88851],[73.658794,21.888519],[73.658785,21.888525],[73.658784,21.888529],[73.658757,21.888539],[73.658753,21.888543],[73.658757,21.888552],[73.658763,21.888552],[73.658765,21.888555],[73.658769,21.888552],[73.658775,21.888554],[73.658784,21.88855],[73.658788,21.888554],[73.658799,21.888553],[73.658807,21.888549],[73.658824,21.888547],[73.65883,21.888544],[73.658833,21.888546],[73.658837,21.888543],[73.658847,21.888547],[73.658853,21.888544],[73.658868,21.888546],[73.658888,21.88854],[73.658906,21.888544],[73.658916,21.888544],[73.658927,21.888546],[73.658939,21.888554],[73.658953,21.888557],[73.658957,21.888564],[73.658964,21.888565],[73.658975,21.888575],[73.659,21.888583],[73.659003,21.888588],[73.659025,21.888597],[73.659032,21.888607],[73.659036,21.888604],[73.659043,21.888604],[73.659046,21.888607],[73.659045,21.88861],[73.659054,21.888613],[73.659061,21.888623],[73.659066,21.888622],[73.659077,21.888628],[73.659093,21.888644],[73.659093,21.888648],[73.659099,21.888651],[73.659105,21.888656],[73.65911,21.888665],[73.659125,21.888673],[73.65913,21.888679],[73.659142,21.888684],[73.659146,21.888683],[73.659145,21.888688],[73.659152,21.888686],[73.659168,21.888696],[73.659173,21.888696],[73.659177,21.8887],[73.659199,21.888707],[73.659245,21.888711],[73.659262,21.888715],[73.659278,21.888711],[73.659283,21.888713],[73.659298,21.888709],[73.659318,21.888708],[73.659355,21.888699],[73.659359,21.888694],[73.659368,21.888694],[73.659389,21.888684],[73.659395,21.888684],[73.659399,21.888679],[73.659408,21.888677],[73.659416,21.88867],[73.65946,21.888654],[73.659464,21.888655],[73.659469,21.888651],[73.659489,21.88865],[73.659498,21.888646],[73.659514,21.888646],[73.659525,21.888642],[73.659533,21.888643],[73.659536,21.888645],[73.65954,21.888643],[73.659556,21.888642],[73.659565,21.888639],[73.65957,21.888641],[73.659579,21.888635],[73.659602,21.888636],[73.659615,21.888629],[73.659644,21.888624],[73.659676,21.888611],[73.659685,21.88861],[73.659694,21.888605],[73.659703,21.888605],[73.659711,21.888598],[73.65972,21.888597],[73.659719,21.888594],[73.659726,21.888591],[73.659742,21.888589],[73.659744,21.888585],[73.659784,21.888569],[73.659791,21.888562],[73.659818,21.888555],[73.659824,21.888549],[73.659845,21.88854],[73.659847,21.888535],[73.659862,21.88853],[73.659863,21.888526],[73.659882,21.888512],[73.659888,21.888515],[73.659892,21.888513],[73.659898,21.888505],[73.65991,21.888496],[73.659915,21.888497],[73.659916,21.888492],[73.659919,21.888492],[73.659922,21.888488],[73.659926,21.888488],[73.659928,21.888483],[73.659938,21.888479],[73.659943,21.888474],[73.659962,21.888469],[73.659973,21.888459],[73.659997,21.888448],[73.660016,21.888446],[73.660019,21.888443],[73.660042,21.888431],[73.660048,21.888431],[73.660052,21.888427],[73.660059,21.888425],[73.660061,21.888422],[73.660069,21.888421],[73.660074,21.888416],[73.660096,21.888405],[73.660106,21.888404],[73.660111,21.888398],[73.660114,21.888399],[73.660122,21.888392],[73.660123,21.888389],[73.66013,21.888387],[73.66013,21.888385],[73.660136,21.888384],[73.660142,21.888378],[73.66015,21.888375],[73.660156,21.888368],[73.66017,21.888362],[73.660172,21.888358],[73.660181,21.888354],[73.660189,21.888346],[73.660202,21.888341],[73.660226,21.88832],[73.66023,21.888317],[73.660234,21.888318],[73.660251,21.888303],[73.660254,21.888303],[73.66026,21.888299],[73.660265,21.888292],[73.660278,21.888284],[73.660279,21.888277],[73.660284,21.888271],[73.660298,21.888261],[73.660299,21.888258],[73.660293,21.888256],[73.660296,21.888252],[73.660319,21.888238],[73.660332,21.888224],[73.66033,21.888221],[73.660325,21.888223],[73.660323,21.888219],[73.660324,21.888215],[73.660327,21.888213],[73.660327,21.888206],[73.660324,21.888195],[73.660321,21.888193],[73.660324,21.888188],[73.660323,21.888174],[73.660314,21.888163],[73.660303,21.888156],[73.660274,21.888145],[73.660251,21.888144],[73.660247,21.888141],[73.660234,21.88814],[73.66023,21.888136],[73.660224,21.888137],[73.66022,21.888134],[73.660213,21.888136],[73.660206,21.888133],[73.660188,21.888131],[73.660168,21.888132],[73.660142,21.888123],[73.660129,21.888117],[73.660127,21.88812],[73.66012,21.888118],[73.660114,21.88812],[73.660109,21.888118],[73.660111,21.888116],[73.66011,21.888115],[73.660107,21.888117],[73.660098,21.88812],[73.660092,21.888117],[73.660076,21.88812],[73.660068,21.888124],[73.660027,21.888139],[73.659999,21.888155],[73.659993,21.888156],[73.659974,21.888172],[73.659948,21.888188],[73.659943,21.888189],[73.659935,21.888184],[73.659931,21.888184],[73.65993,21.888187],[73.659913,21.888185],[73.659907,21.88819],[73.659909,21.888195],[73.659897,21.888196],[73.659892,21.888191],[73.659888,21.888192],[73.659887,21.888196],[73.65988,21.888202],[73.659874,21.888199],[73.659867,21.888203],[73.659861,21.888201],[73.659852,21.888202],[73.659846,21.888207],[73.659842,21.888204],[73.659839,21.888206],[73.659829,21.888199],[73.659822,21.888199],[73.659817,21.888203],[73.659805,21.888197],[73.659796,21.888199],[73.659785,21.888195],[73.659783,21.888191],[73.659779,21.888191],[73.659782,21.888194],[73.659776,21.888195],[73.659764,21.888188],[73.659759,21.888188],[73.659759,21.888184],[73.659752,21.888189],[73.659741,21.888182],[73.659735,21.888186],[73.659726,21.888176],[73.659706,21.888171],[73.659684,21.888156],[73.65968,21.888156],[73.659679,21.888151],[73.65967,21.888145],[73.659658,21.888142],[73.659649,21.888142],[73.659644,21.88814],[73.659644,21.888137],[73.659636,21.888133],[73.659629,21.888133],[73.659621,21.888128],[73.659596,21.888123],[73.65959,21.888118],[73.659573,21.888116],[73.65957,21.888113],[73.659558,21.888113],[73.659532,21.888103],[73.659523,21.888105],[73.659515,21.8881],[73.659508,21.888101],[73.659505,21.888098],[73.659475,21.888096],[73.659466,21.888091],[73.659451,21.888092],[73.659431,21.888088],[73.659422,21.88809],[73.659408,21.888083],[73.659391,21.88808],[73.659376,21.888064],[73.659348,21.888048],[73.659329,21.888026],[73.659295,21.887998],[73.659287,21.887989],[73.659283,21.887981],[73.659275,21.887976],[73.659236,21.887972],[73.659206,21.887983],[73.659182,21.887985],[73.65918,21.887988],[73.659167,21.887991],[73.659139,21.887986],[73.659131,21.887988],[73.65911,21.887976],[73.659101,21.887973],[73.659081,21.887947],[73.659071,21.88794],[73.65906,21.887934],[73.659055,21.887934],[73.659042,21.887926],[73.659031,21.887928],[73.65901,21.887922],[73.658997,21.887924],[73.658986,21.887922],[73.658972,21.887914],[73.658967,21.887915],[73.658952,21.88791],[73.658926,21.887906],[73.658918,21.887901],[73.658913,21.887895],[73.658906,21.887895],[73.658895,21.887889],[73.658872,21.887888],[73.658868,21.887888],[73.658862,21.887892],[73.658851,21.887889],[73.658845,21.887889],[73.65884,21.887885],[73.65883,21.887885],[73.658825,21.887883],[73.658819,21.887885],[73.658812,21.887881]]}},{"type":"Feature","properties":{"elevation":86},"geometry":{"type":"LineString","coordinates":[[73.658771,21.887862],[73.658757,21.887863],[73.658747,21.887867],[73.658745,21.887871],[73.658741,21.887872],[73.658697,21.887875],[73.658691,21.887879],[73.658671,21.887886],[73.65866,21.887887],[73.658656,21.887891],[73.658647,21.887892],[73.658635,21.887897],[73.658615,21.887899],[73.658607,21.887905],[73.658586,21.887909],[73.658579,21.887908],[73.658569,21.887912],[73.65856,21.887912],[73.658556,21.887915],[73.65855,21.887915],[73.658541,21.887921],[73.658528,21.887923],[73.658517,21.887927],[73.658506,21.887927],[73.658502,21.887929],[73.658484,21.887931],[73.658472,21.887936],[73.65846,21.887937],[73.658454,21.887941],[73.658426,21.887947],[73.658421,21.887945],[73.658418,21.887946],[73.658419,21.887948],[73.658415,21.88795],[73.658372,21.887955],[73.658341,21.887967],[73.65832,21.887988],[73.65832,21.887995],[73.658325,21.888001],[73.658319,21.888014],[73.658318,21.888027],[73.658313,21.888034],[73.658312,21.888044],[73.658308,21.888047],[73.658309,21.888052],[73.658305,21.888053],[73.658306,21.888056],[73.658301,21.888065],[73.658298,21.888066],[73.658294,21.888078],[73.658295,21.888081],[73.658298,21.888083],[73.658297,21.888088],[73.658286,21.888111],[73.658275,21.888127],[73.658277,21.888132],[73.658275,21.888143],[73.658266,21.888155],[73.658266,21.88816],[73.658269,21.888162],[73.65829,21.888167],[73.658289,21.888173],[73.658278,21.888177],[73.658276,21.888183],[73.658288,21.888191],[73.658289,21.888196],[73.658295,21.888201],[73.658301,21.888217],[73.658314,21.888223],[73.658321,21.888232],[73.658322,21.888237],[73.658337,21.888247],[73.658338,21.888255],[73.658352,21.888263],[73.658362,21.888277],[73.658366,21.88829],[73.658377,21.888295],[73.658381,21.888306],[73.658387,21.888313],[73.658394,21.888316],[73.658397,21.888326],[73.658409,21.888333],[73.65841,21.888342],[73.658416,21.88835],[73.658413,21.888356],[73.658414,21.88836],[73.658407,21.888366],[73.658406,21.888375],[73.658402,21.888378],[73.658404,21.888384],[73.658402,21.888395],[73.658406,21.888402],[73.658417,21.888412],[73.658419,21.888424],[73.658434,21.88843],[73.658457,21.888447],[73.658464,21.888458],[73.658462,21.888466],[73.658483,21.888473],[73.658521,21.888478],[73.658525,21.888482],[73.658536,21.888483],[73.658541,21.888488],[73.658552,21.888487],[73.658549,21.888492],[73.658551,21.888494],[73.658555,21.888493],[73.658563,21.888498],[73.658581,21.888499],[73.658582,21.888502],[73.658591,21.888505],[73.658598,21.888505],[73.658595,21.888509],[73.6586,21.888513],[73.65861,21.888515],[73.65861,21.888519],[73.658625,21.888519],[73.658642,21.888523],[73.658646,21.888536],[73.658645,21.888538],[73.658612,21.888554],[73.6586,21.888567],[73.658601,21.888569],[73.658604,21.888568],[73.658608,21.88857],[73.65861,21.888578],[73.658613,21.888603],[73.65861,21.888613],[73.658621,21.888623],[73.658634,21.888627],[73.658641,21.888623],[73.658659,21.888625],[73.658668,21.888623],[73.658679,21.888624],[73.658702,21.888616],[73.658711,21.88862],[73.65872,21.888613],[73.658724,21.888617],[73.658732,21.88861],[73.658737,21.888609],[73.658739,21.888604],[73.658756,21.888594],[73.658765,21.88859],[73.658777,21.888589],[73.658781,21.888582],[73.658778,21.888576],[73.658787,21.888571],[73.658807,21.888571],[73.658813,21.888568],[73.658817,21.88857],[73.658822,21.888568],[73.658831,21.888569],[73.658837,21.888573],[73.658855,21.888579],[73.658868,21.888589],[73.658885,21.888593],[73.658887,21.88859],[73.658898,21.88859],[73.658915,21.888585],[73.658923,21.888594],[73.65893,21.888593],[73.658936,21.888595],[73.658948,21.888604],[73.658956,21.888605],[73.65896,21.888609],[73.658964,21.888607],[73.658971,21.888609],[73.658986,21.888613],[73.658994,21.88862],[73.659012,21.888623],[73.659018,21.888627],[73.659021,21.888631],[73.659039,21.888639],[73.659056,21.888657],[73.659074,21.888667],[73.659083,21.888678],[73.659093,21.888684],[73.6591,21.888691],[73.659109,21.888695],[73.659118,21.888695],[73.659128,21.888705],[73.659144,21.888712],[73.659147,21.888712],[73.659191,21.888725],[73.659268,21.888732],[73.659288,21.888732],[73.659306,21.888726],[73.659344,21.888719],[73.659352,21.888715],[73.659387,21.888704],[73.659417,21.88869],[73.659426,21.888689],[73.659427,21.888686],[73.659438,21.888684],[73.659441,21.888679],[73.659449,21.888675],[73.659459,21.888675],[73.659464,21.88867],[73.65947,21.888672],[73.659484,21.888665],[73.659502,21.888665],[73.659509,21.888662],[73.659531,21.888663],[73.659557,21.88866],[73.659567,21.888656],[73.659614,21.888649],[73.659627,21.88864],[73.659635,21.888638],[73.659643,21.888638],[73.659647,21.888643],[73.659651,21.888643],[73.659664,21.888635],[73.659672,21.888633],[73.659693,21.888622],[73.659713,21.888616],[73.659727,21.888606],[73.659732,21.888607],[73.659738,21.888603],[73.659759,21.888599],[73.65979,21.888586],[73.659797,21.888587],[73.659808,21.888578],[73.659812,21.888579],[73.659815,21.888576],[73.659841,21.888564],[73.659845,21.88856],[73.659879,21.888544],[73.659887,21.888536],[73.659905,21.888525],[73.659908,21.888526],[73.659916,21.888518],[73.659951,21.888495],[73.659976,21.888485],[73.659991,21.888476],[73.660016,21.888467],[73.660033,21.888463],[73.660037,21.888458],[73.660043,21.888458],[73.660051,21.888451],[73.66006,21.888449],[73.660063,21.88845],[73.660066,21.888446],[73.660088,21.888436],[73.660098,21.888427],[73.660118,21.888419],[73.660127,21.888414],[73.660134,21.888406],[73.660141,21.888404],[73.660154,21.888397],[73.660181,21.888376],[73.660207,21.888364],[73.660222,21.888353],[73.660229,21.888343],[73.660248,21.888337],[73.660262,21.88832],[73.660278,21.888314],[73.660285,21.888308],[73.660285,21.888304],[73.660309,21.888287],[73.660314,21.888279],[73.660332,21.888267],[73.660343,21.888257],[73.660349,21.888255],[73.66035,21.88825],[73.660362,21.888243],[73.660379,21.888214],[73.660394,21.888207],[73.660401,21.888206],[73.660403,21.888202],[73.660412,21.888197],[73.660418,21.888189],[73.660433,21.888183],[73.660437,21.888177],[73.660436,21.888176],[73.660435,21.888179],[73.660432,21.888177],[73.660428,21.88817],[73.660425,21.888173],[73.660423,21.888167],[73.660418,21.888169],[73.660413,21.888168],[73.660415,21.88816],[73.660408,21.888159],[73.660404,21.888164],[73.660401,21.888162],[73.660384,21.888163],[73.660387,21.888157],[73.660386,21.888153],[73.660374,21.888159],[73.660371,21.888154],[73.660367,21.888154],[73.660362,21.888151],[73.660355,21.888151],[73.660341,21.888143],[73.660334,21.888144],[73.66031,21.88813],[73.660284,21.88812],[73.660272,21.888118],[73.66027,21.888116],[73.660259,21.888115],[73.660252,21.888117],[73.660235,21.888112],[73.660218,21.888112],[73.660206,21.888108],[73.660195,21.888109],[73.660122,21.888089],[73.660108,21.888092],[73.660108,21.888088],[73.660105,21.888088],[73.660092,21.888092],[73.660088,21.88809],[73.66008,21.888097],[73.66007,21.888092],[73.660061,21.888094],[73.660058,21.888097],[73.660043,21.888098],[73.66003,21.888104],[73.660023,21.888102],[73.660019,21.888107],[73.660011,21.888109],[73.660008,21.888113],[73.659996,21.888115],[73.659982,21.888123],[73.659976,21.888123],[73.659969,21.888128],[73.659966,21.888134],[73.659955,21.888135],[73.659946,21.88814],[73.659943,21.888144],[73.659918,21.888157],[73.65991,21.888159],[73.659912,21.888155],[73.659908,21.888152],[73.659906,21.888156],[73.659906,21.88816],[73.659894,21.888163],[73.659886,21.888163],[73.659881,21.888161],[73.659867,21.888162],[73.659849,21.888173],[73.659835,21.888176],[73.659829,21.888174],[73.659823,21.888176],[73.659814,21.888171],[73.659811,21.888173],[73.65981,21.888168],[73.659804,21.888165],[73.659786,21.888164],[73.65978,21.888167],[73.659764,21.888161],[73.659747,21.88816],[73.659745,21.888157],[73.659738,21.888155],[73.659728,21.888155],[73.659718,21.888148],[73.659705,21.888145],[73.659694,21.88814],[73.659693,21.888135],[73.659681,21.88813],[73.659672,21.888127],[73.659666,21.888128],[73.65966,21.888123],[73.65965,21.888121],[73.659639,21.888114],[73.659627,21.888112],[73.659626,21.888109],[73.659622,21.888107],[73.659589,21.888103],[73.659566,21.888098],[73.659562,21.888093],[73.659556,21.888095],[73.659527,21.888085],[73.659489,21.888081],[73.659478,21.888077],[73.659469,21.888077],[73.659464,21.888075],[73.659455,21.888076],[73.65944,21.888075],[73.659425,21.888067],[73.65942,21.888068],[73.659406,21.888066],[73.659403,21.888061],[73.659396,21.888056],[73.659379,21.888053],[73.659376,21.888046],[73.659371,21.888045],[73.659352,21.888028],[73.659338,21.888023],[73.659307,21.888],[73.6593,21.887997],[73.659293,21.887984],[73.659286,21.887978],[73.659281,21.88797],[73.659253,21.887958],[73.659241,21.887956],[73.65923,21.887956],[73.659216,21.887966],[73.659202,21.88797],[73.65919,21.887978],[73.659169,21.887978],[73.659161,21.887975],[73.659133,21.887974],[73.659104,21.887964],[73.659096,21.887955],[73.659092,21.887942],[73.659086,21.887934],[73.65906,21.887917],[73.659051,21.887917],[73.659033,21.887912],[73.659021,21.887913],[73.659007,21.88791],[73.659002,21.887912],[73.658996,21.887912],[73.658962,21.8879],[73.658944,21.887897],[73.658935,21.887892],[73.658932,21.887893],[73.658915,21.887881],[73.658898,21.887873],[73.658884,21.887872],[73.658866,21.887875],[73.658858,21.887873],[73.658855,21.887874],[73.658829,21.887867],[73.658789,21.887863],[73.658777,21.887865],[73.658771,21.887862]]}},{"type":"Feature","properties":{"elevation":85},"geometry":{"type":"LineString","coordinates":[[73.658809,21.887844],[73.658781,21.887845],[73.658764,21.887844],[73.658742,21.887851],[73.658725,21.887851],[73.658712,21.887855],[73.658708,21.887853],[73.658692,21.887863],[73.658657,21.887868],[73.658608,21.887884],[73.658596,21.887884],[73.658587,21.887887],[73.658584,21.887891],[73.658572,21.887893],[73.658568,21.887891],[73.658561,21.887893],[73.658535,21.887905],[73.65851,21.887908],[73.658507,21.887907],[73.658507,21.887904],[73.658493,21.887904],[73.658489,21.887907],[73.658489,21.88791],[73.658478,21.887915],[73.658452,21.887916],[73.658449,21.887922],[73.65844,21.887923],[73.658437,21.887921],[73.658429,21.887921],[73.658406,21.88793],[73.658397,21.887928],[73.65839,21.887932],[73.658362,21.887935],[73.658359,21.887934],[73.658346,21.887937],[73.658327,21.88795],[73.658307,21.887973],[73.6583,21.888004],[73.658292,21.888016],[73.658292,21.888024],[73.658284,21.888042],[73.658276,21.888051],[73.658273,21.88806],[73.658266,21.888064],[73.658262,21.888071],[73.658261,21.888082],[73.658238,21.888108],[73.658227,21.888114],[73.658203,21.888119],[73.658191,21.888118],[73.658181,21.888112],[73.658173,21.888113],[73.658173,21.888116],[73.65818,21.888126],[73.658182,21.888133],[73.658175,21.888142],[73.658173,21.88815],[73.658175,21.888162],[73.658179,21.888166],[73.65819,21.88817],[73.658216,21.888172],[73.658221,21.888176],[73.658219,21.888183],[73.658225,21.888194],[73.658225,21.888199],[73.658228,21.888197],[73.658227,21.888193],[73.658229,21.888192],[73.658244,21.888204],[73.658255,21.888214],[73.65826,21.888226],[73.658274,21.888233],[73.658281,21.888246],[73.658288,21.888247],[73.658293,21.888257],[73.658297,21.888257],[73.658304,21.88828],[73.658316,21.888287],[73.658319,21.888291],[73.658324,21.888291],[73.658332,21.8883],[73.658345,21.888323],[73.658356,21.88833],[73.658357,21.888333],[73.658353,21.888335],[73.658357,21.888334],[73.658368,21.888355],[73.658372,21.888359],[73.658376,21.888358],[73.65838,21.888376],[73.658386,21.888385],[73.658389,21.888404],[73.658392,21.888414],[73.658398,21.888421],[73.658399,21.888429],[73.658404,21.888439],[73.658416,21.888445],[73.658419,21.888452],[73.658425,21.88846],[73.658449,21.888475],[73.658466,21.888481],[73.65847,21.888487],[73.658479,21.888492],[73.658478,21.888494],[73.658469,21.888492],[73.65847,21.888495],[73.658474,21.888497],[73.658478,21.888495],[73.658486,21.888505],[73.658494,21.888505],[73.658494,21.888508],[73.658497,21.888506],[73.658508,21.888512],[73.658507,21.888517],[73.658512,21.88852],[73.658513,21.888523],[73.658516,21.88852],[73.658525,21.888522],[73.658534,21.88853],[73.658539,21.888528],[73.658557,21.888536],[73.65856,21.888555],[73.65855,21.888562],[73.658547,21.888572],[73.658554,21.888576],[73.658542,21.888582],[73.658546,21.888586],[73.658541,21.88859],[73.658543,21.888593],[73.658541,21.888596],[73.658545,21.888596],[73.658547,21.888604],[73.65854,21.888615],[73.658546,21.888622],[73.658546,21.888626],[73.658549,21.888629],[73.658563,21.888631],[73.658568,21.888637],[73.65858,21.88864],[73.658608,21.888655],[73.658637,21.888654],[73.658644,21.888656],[73.658658,21.888653],[73.658666,21.888655],[73.658672,21.888652],[73.658681,21.888653],[73.65869,21.888647],[73.658716,21.888645],[73.658724,21.88864],[73.658732,21.888639],[73.658756,21.888622],[73.658762,21.888621],[73.658764,21.888616],[73.658775,21.888612],[73.658778,21.888608],[73.658785,21.888608],[73.658785,21.888605],[73.658793,21.888601],[73.658795,21.888594],[73.6588,21.888594],[73.658799,21.88859],[73.658805,21.88859],[73.658809,21.888586],[73.658815,21.888587],[73.658841,21.888601],[73.658852,21.88861],[73.658867,21.888616],[73.658873,21.888615],[73.658876,21.888617],[73.658882,21.888614],[73.658887,21.888616],[73.658892,21.888614],[73.658906,21.888614],[73.658918,21.888621],[73.658929,21.888619],[73.658932,21.888624],[73.658936,21.888623],[73.658948,21.888631],[73.658954,21.88863],[73.65896,21.88864],[73.658966,21.888639],[73.658987,21.888646],[73.659001,21.888653],[73.659006,21.888659],[73.659012,21.888657],[73.659029,21.88867],[73.659031,21.888675],[73.659045,21.888679],[73.659063,21.8887],[73.659078,21.888706],[73.659089,21.888717],[73.659102,21.888721],[73.659105,21.888725],[73.659146,21.888735],[73.659163,21.888743],[73.65927,21.88875],[73.659299,21.888748],[73.659311,21.888743],[73.659329,21.888742],[73.65935,21.888736],[73.659357,21.888732],[73.659375,21.888729],[73.659391,21.888719],[73.659409,21.888716],[73.659416,21.888711],[73.659441,21.8887],[73.659454,21.888699],[73.659461,21.888691],[73.659467,21.888689],[73.659498,21.888683],[73.659532,21.888682],[73.659552,21.888677],[73.659566,21.888677],[73.659573,21.888674],[73.65961,21.888669],[73.659624,21.888663],[73.659645,21.888661],[73.659654,21.888656],[73.659667,21.888653],[73.659679,21.888646],[73.659694,21.888644],[73.659708,21.888639],[73.659734,21.888627],[73.659769,21.888618],[73.659785,21.888608],[73.659795,21.888606],[73.659804,21.888601],[73.659817,21.888599],[73.65983,21.888592],[73.659844,21.888588],[73.659857,21.888581],[73.659864,21.888575],[73.659881,21.888567],[73.659917,21.888543],[73.659934,21.888536],[73.659938,21.88853],[73.659949,21.888525],[73.659964,21.888514],[73.659975,21.888511],[73.659994,21.8885],[73.66,21.888498],[73.660004,21.8885],[73.66003,21.888485],[73.660037,21.888486],[73.660038,21.888483],[73.660046,21.888481],[73.660056,21.888474],[73.660064,21.888473],[73.660072,21.888468],[73.660094,21.888462],[73.660095,21.888458],[73.660109,21.888448],[73.660123,21.888442],[73.660129,21.888435],[73.660142,21.88843],[73.660154,21.88842],[73.660199,21.888396],[73.660231,21.88837],[73.660238,21.888368],[73.66026,21.88835],[73.660268,21.888347],[73.660273,21.888342],[73.660278,21.888342],[73.6603,21.888321],[73.660309,21.888317],[73.660327,21.888301],[73.660347,21.888288],[73.660355,21.888279],[73.660385,21.888259],[73.660396,21.888246],[73.660404,21.888245],[73.660408,21.888238],[73.660417,21.888234],[73.660443,21.888214],[73.660452,21.88821],[73.660458,21.888203],[73.66047,21.888197],[73.660473,21.88819],[73.66048,21.888184],[73.660478,21.888178],[73.660481,21.888177],[73.66048,21.888173],[73.660502,21.888163],[73.660517,21.888148],[73.660536,21.888145],[73.660538,21.888142],[73.66056,21.888133],[73.660567,21.888134],[73.660578,21.888126],[73.660584,21.888115],[73.660593,21.888113],[73.660595,21.88811],[73.660599,21.888109],[73.660598,21.888107],[73.660599,21.888102],[73.660604,21.888101],[73.660611,21.888091],[73.660605,21.888086],[73.660608,21.88808],[73.660622,21.888077],[73.660612,21.888074],[73.660613,21.888069],[73.660617,21.888074],[73.660619,21.888072],[73.660617,21.888068],[73.660611,21.888066],[73.660597,21.888071],[73.660593,21.88807],[73.660596,21.888067],[73.660594,21.888066],[73.660579,21.88807],[73.660577,21.888069],[73.660578,21.888067],[73.660577,21.888065],[73.660574,21.88807],[73.660571,21.888068],[73.660567,21.88807],[73.660561,21.888068],[73.660552,21.888076],[73.66055,21.888072],[73.660547,21.888076],[73.660542,21.888076],[73.660539,21.888081],[73.660535,21.888081],[73.660532,21.888078],[73.660528,21.888082],[73.660529,21.888084],[73.660534,21.888082],[73.660531,21.888088],[73.660525,21.88809],[73.660515,21.888097],[73.660513,21.888096],[73.660517,21.88809],[73.660515,21.888089],[73.660512,21.88809],[73.660513,21.888093],[73.660509,21.888094],[73.660504,21.888099],[73.660503,21.888091],[73.660494,21.888091],[73.660492,21.88809],[73.66049,21.888094],[73.660481,21.888098],[73.66047,21.888096],[73.660465,21.888098],[73.660445,21.8881],[73.660438,21.888103],[73.660432,21.888103],[73.660418,21.888111],[73.660409,21.888111],[73.660405,21.888115],[73.660396,21.888118],[73.660372,21.888122],[73.66036,21.888116],[73.660341,21.888113],[73.660333,21.888109],[73.660312,21.888107],[73.66031,21.888106],[73.660312,21.888103],[73.66029,21.8881],[73.660281,21.888095],[73.660268,21.888095],[73.660261,21.888092],[73.660225,21.888088],[73.660217,21.888085],[73.660204,21.888084],[73.660191,21.888079],[73.660177,21.888078],[73.660144,21.888066],[73.660117,21.888063],[73.660107,21.888064],[73.660104,21.888063],[73.660088,21.888067],[73.660086,21.888064],[73.660083,21.888067],[73.660062,21.888067],[73.660056,21.88807],[73.660016,21.888077],[73.660012,21.88808],[73.659995,21.888079],[73.659982,21.888091],[73.659967,21.888092],[73.65996,21.888101],[73.659955,21.888104],[73.659943,21.888106],[73.659936,21.888116],[73.659926,21.888117],[73.659903,21.888124],[73.659891,21.888124],[73.65988,21.88813],[73.659874,21.888129],[73.65987,21.888132],[73.659861,21.88813],[73.659857,21.888134],[73.65984,21.888132],[73.65983,21.88814],[73.659825,21.88814],[73.659818,21.888145],[73.659801,21.888145],[73.659786,21.888143],[73.659774,21.888137],[73.659765,21.888136],[73.659765,21.888132],[73.659761,21.888129],[73.659758,21.88813],[73.659747,21.888127],[73.659742,21.888128],[73.659733,21.888125],[73.659731,21.888126],[73.659735,21.888131],[73.659734,21.888132],[73.659719,21.888126],[73.659715,21.888121],[73.659703,21.888116],[73.659687,21.888113],[73.659672,21.888107],[73.659658,21.888105],[73.659654,21.8881],[73.65964,21.888095],[73.659635,21.888095],[73.659631,21.888097],[73.659628,21.888092],[73.65962,21.888091],[73.659618,21.888093],[73.65961,21.888092],[73.659594,21.888083],[73.659582,21.888085],[73.659558,21.888079],[73.65955,21.888079],[73.659544,21.888074],[73.659538,21.888075],[73.659521,21.888069],[73.659515,21.888069],[73.659462,21.888061],[73.659459,21.888059],[73.659449,21.88806],[73.659444,21.888057],[73.659434,21.888056],[73.659427,21.888049],[73.659419,21.888049],[73.659398,21.888041],[73.659397,21.888034],[73.659392,21.88803],[73.659381,21.888026],[73.659372,21.888019],[73.65936,21.888016],[73.659352,21.888017],[73.659349,21.888019],[73.659342,21.888014],[73.659327,21.888009],[73.659307,21.887995],[73.659301,21.887983],[73.659289,21.887975],[73.659271,21.887954],[73.65926,21.887949],[73.659229,21.887949],[73.65921,21.887959],[73.659197,21.887961],[73.65919,21.887967],[73.659177,21.887967],[73.659171,21.887969],[73.65916,21.887965],[73.659156,21.887967],[73.659138,21.887967],[73.659121,21.887958],[73.659114,21.887957],[73.659108,21.887951],[73.65911,21.887948],[73.659107,21.887941],[73.659102,21.887939],[73.659095,21.88793],[73.659063,21.887904],[73.659027,21.887897],[73.659019,21.887898],[73.659008,21.887896],[73.658999,21.887898],[73.658991,21.887896],[73.658988,21.887897],[73.658971,21.887889],[73.65894,21.887882],[73.658934,21.887874],[73.658917,21.887863],[73.658885,21.887857],[73.658862,21.887858],[73.658855,21.887854],[73.658843,21.887855],[73.658821,21.887846],[73.658809,21.887844]]}},{"type":"Feature","properties":{"elevation":84},"geometry":{"type":"LineString","coordinates":[[73.658115,21.888158],[73.658132,21.888158],[73.658137,21.888162],[73.658141,21.88816],[73.658146,21.888162],[73.658148,21.888173],[73.658158,21.888184],[73.658157,21.888186],[73.65816,21.888195],[73.658166,21.888204],[73.658176,21.88821],[73.658177,21.888219],[73.658184,21.888226],[73.658189,21.888224],[73.65819,21.888228],[73.658195,21.88823],[73.658194,21.888235],[73.658206,21.888248],[73.658208,21.888248],[73.658209,21.888244],[73.658213,21.888241],[73.658229,21.888256],[73.658239,21.888258],[73.658244,21.888262],[73.658252,21.888272],[73.658256,21.888284],[73.658263,21.888286],[73.658267,21.888294],[73.658284,21.888306],[73.658286,21.888312],[73.658294,21.888317],[73.658301,21.888329],[73.658306,21.888331],[73.658313,21.888343],[73.658324,21.888355],[73.658323,21.888361],[73.658327,21.88837],[73.658331,21.888374],[73.65834,21.888373],[73.658341,21.888379],[73.658346,21.888379],[73.658348,21.888389],[73.658345,21.888391],[73.658353,21.8884],[73.658351,21.888408],[73.658353,21.888406],[73.658357,21.888407],[73.658361,21.888415],[73.658366,21.888419],[73.658365,21.888424],[73.658368,21.888426],[73.658363,21.888431],[73.658367,21.888435],[73.658365,21.888437],[73.658374,21.88844],[73.658374,21.888444],[73.658378,21.888443],[73.658378,21.888448],[73.658383,21.888451],[73.658383,21.888455],[73.65839,21.888457],[73.658393,21.888461],[73.658397,21.888466],[73.658397,21.888474],[73.658403,21.888477],[73.658413,21.888492],[73.658415,21.888505],[73.658422,21.888508],[73.658426,21.888506],[73.658438,21.888513],[73.658437,21.888516],[73.658434,21.888516],[73.658438,21.888516],[73.658447,21.888528],[73.65845,21.888536],[73.658469,21.888537],[73.658482,21.888541],[73.658488,21.888547],[73.658489,21.888561],[73.658487,21.888567],[73.65848,21.888571],[73.658471,21.888579],[73.658471,21.888582],[73.658476,21.888582],[73.658483,21.888588],[73.658473,21.888591],[73.658483,21.8886],[73.658482,21.88861],[73.658481,21.888612],[73.658476,21.888609],[73.658472,21.888613],[73.658476,21.88862],[73.658482,21.88862],[73.658485,21.888629],[73.658493,21.888637],[73.6585,21.888636],[73.65851,21.888641],[73.658521,21.888642],[73.658533,21.88865],[73.658537,21.888645],[73.658542,21.888646],[73.658547,21.888649],[73.658547,21.888653],[73.65856,21.888659],[73.658566,21.888665],[73.658573,21.888665],[73.658589,21.888672],[73.658594,21.888673],[73.658602,21.888678],[73.658613,21.888676],[73.658622,21.88868],[73.658644,21.888677],[73.658661,21.888678],[73.658672,21.888674],[73.658675,21.888677],[73.658715,21.888669],[73.658717,21.888666],[73.658738,21.888657],[73.65876,21.888639],[73.658784,21.88863],[73.658793,21.888624],[73.658802,21.888611],[73.65881,21.888607],[73.658817,21.888608],[73.658821,21.888611],[73.658829,21.888609],[73.658841,21.888617],[73.658849,21.888627],[73.658859,21.888633],[73.65887,21.888636],[73.658877,21.888634],[73.658886,21.888635],[73.658915,21.888642],[73.658927,21.888648],[73.658938,21.88865],[73.658948,21.888654],[73.658952,21.88866],[73.65896,21.888661],[73.658965,21.888667],[73.65898,21.888672],[73.658982,21.888676],[73.65899,21.888676],[73.658992,21.888678],[73.658994,21.888677],[73.659005,21.888682],[73.659014,21.888689],[73.65902,21.888698],[73.659028,21.888702],[73.659043,21.888716],[73.659047,21.888725],[73.659056,21.88873],[73.659062,21.888729],[73.659063,21.888726],[73.659066,21.88873],[73.659062,21.888731],[73.659063,21.888733],[73.65907,21.888733],[73.659079,21.888738],[73.65909,21.888739],[73.659097,21.888743],[73.659097,21.888746],[73.659093,21.888745],[73.659094,21.888748],[73.659097,21.888747],[73.659099,21.888749],[73.659109,21.888749],[73.659124,21.888751],[73.659164,21.888764],[73.65918,21.888763],[73.659186,21.888766],[73.6592,21.888763],[73.659217,21.888766],[73.659288,21.888766],[73.659302,21.888763],[73.65931,21.888765],[73.659328,21.888758],[73.659335,21.888759],[73.65934,21.888754],[73.659365,21.888749],[73.659371,21.888746],[73.65938,21.888746],[73.659381,21.888743],[73.659393,21.88874],[73.659395,21.888742],[73.659396,21.888736],[73.659404,21.888736],[73.659411,21.888731],[73.659436,21.888724],[73.659443,21.888723],[73.659451,21.888726],[73.659458,21.888715],[73.659487,21.888706],[73.659493,21.888707],[73.659503,21.888703],[73.659509,21.888704],[73.659513,21.888701],[73.659519,21.888703],[73.659542,21.888696],[73.659567,21.888693],[73.659573,21.888694],[73.659578,21.888691],[73.659602,21.888689],[73.659635,21.88868],[73.659644,21.88868],[73.659652,21.888676],[73.659666,21.888674],[73.65967,21.888675],[73.659672,21.888672],[73.659699,21.888661],[73.65971,21.888653],[73.659724,21.888652],[73.659731,21.888648],[73.65974,21.888647],[73.659747,21.888647],[73.659751,21.88864],[73.659757,21.888638],[73.659763,21.88864],[73.659772,21.888638],[73.659785,21.888633],[73.65979,21.888629],[73.6598,21.888628],[73.659825,21.888612],[73.659835,21.888612],[73.659846,21.888605],[73.659868,21.888599],[73.659892,21.888583],[73.659902,21.88858],[73.659913,21.88857],[73.659929,21.888562],[73.659933,21.888562],[73.659944,21.888553],[73.659965,21.888544],[73.65999,21.888527],[73.660011,21.888518],[73.660015,21.888518],[73.660045,21.888501],[73.660064,21.888496],[73.66008,21.888487],[73.660094,21.888482],[73.660117,21.888469],[73.660123,21.888467],[73.660205,21.888412],[73.660228,21.888402],[73.660233,21.888395],[73.660252,21.888385],[73.660265,21.888373],[73.660272,21.888372],[73.660277,21.888367],[73.66029,21.888365],[73.660299,21.888353],[73.660306,21.888349],[73.660312,21.888342],[73.660324,21.888335],[73.660329,21.888328],[73.66035,21.888313],[73.660355,21.888307],[73.660374,21.888296],[73.660386,21.888284],[73.660421,21.88826],[73.660431,21.888256],[73.660436,21.888248],[73.660444,21.888245],[73.660448,21.88824],[73.660467,21.88823],[73.660485,21.888215],[73.660493,21.888215],[73.660496,21.888207],[73.660511,21.8882],[73.660512,21.888196],[73.660516,21.888196],[73.660521,21.888191],[73.660534,21.888187],[73.660544,21.888178],[73.660558,21.888173],[73.660572,21.888161],[73.66059,21.888152],[73.660596,21.888147],[73.660617,21.888138],[73.660623,21.88813],[73.660635,21.888125],[73.660652,21.88811],[73.660661,21.888108],[73.660678,21.888088],[73.660681,21.888087],[73.660686,21.888078],[73.66069,21.888077],[73.660698,21.888068],[73.660705,21.888065],[73.660714,21.888054],[73.660724,21.888048],[73.660729,21.88803],[73.660733,21.888022],[73.660743,21.888012],[73.660749,21.888009],[73.660752,21.888003],[73.660746,21.888004],[73.660747,21.887994],[73.660742,21.88799],[73.660742,21.887985],[73.660734,21.887984],[73.660733,21.887979],[73.660722,21.88798],[73.660722,21.887977],[73.660719,21.887976],[73.660717,21.887978],[73.660713,21.887976],[73.660705,21.887979],[73.660695,21.887977],[73.660676,21.88798],[73.660676,21.887983],[73.660665,21.887987],[73.660652,21.887987],[73.660641,21.887993],[73.660633,21.887993],[73.660614,21.888004],[73.660607,21.888003],[73.660594,21.888011],[73.660587,21.888012],[73.660584,21.888011],[73.660583,21.888013],[73.660564,21.888017],[73.660557,21.888022],[73.660546,21.888024],[73.660534,21.888034],[73.660525,21.888035],[73.660486,21.888055],[73.660466,21.888059],[73.660464,21.888055],[73.660458,21.888064],[73.660443,21.888066],[73.660439,21.88807],[73.660431,21.888072],[73.660419,21.888079],[73.660406,21.888083],[73.660393,21.888089],[73.660382,21.888092],[73.660361,21.888091],[73.660358,21.888088],[73.660343,21.888088],[73.660338,21.888084],[73.660317,21.888084],[73.660309,21.88808],[73.660272,21.888073],[73.660266,21.88807],[73.660253,21.88807],[73.660225,21.888065],[73.660218,21.888062],[73.660211,21.888064],[73.660195,21.888058],[73.660183,21.888056],[73.660175,21.88805],[73.660147,21.888047],[73.660136,21.888042],[73.66013,21.888044],[73.660121,21.888041],[73.660112,21.888042],[73.660101,21.888039],[73.660068,21.888044],[73.660065,21.888044],[73.660066,21.888041],[73.660057,21.888044],[73.660046,21.888042],[73.660039,21.888047],[73.660028,21.888046],[73.660021,21.888048],[73.660014,21.888054],[73.660008,21.88805],[73.660001,21.88805],[73.659993,21.888053],[73.65997,21.888052],[73.659961,21.888057],[73.659956,21.888064],[73.659952,21.888062],[73.659946,21.888065],[73.65994,21.888073],[73.659933,21.888074],[73.659925,21.88808],[73.659912,21.888081],[73.659913,21.888085],[73.659904,21.888087],[73.659898,21.888091],[73.659886,21.888093],[73.65988,21.888097],[73.65985,21.888101],[73.659847,21.888098],[73.659833,21.888108],[73.659819,21.888103],[73.659815,21.888107],[73.659808,21.888108],[73.659807,21.888106],[73.659809,21.888104],[73.659806,21.888103],[73.6598,21.888106],[73.659797,21.88811],[73.659785,21.888114],[73.659776,21.888114],[73.659763,21.88811],[73.65976,21.888107],[73.659738,21.888107],[73.659722,21.888101],[73.659696,21.888098],[73.659689,21.888095],[73.659685,21.888091],[73.659681,21.88809],[73.659677,21.888092],[73.65967,21.888087],[73.659665,21.888087],[73.659647,21.88808],[73.659623,21.888077],[73.65961,21.888071],[73.659603,21.888071],[73.6596,21.888066],[73.65959,21.888065],[73.659591,21.888069],[73.659587,21.888069],[73.659579,21.888065],[73.659573,21.888066],[73.659563,21.888062],[73.659542,21.888059],[73.659536,21.888055],[73.659531,21.888055],[73.659528,21.888058],[73.659521,21.888053],[73.659514,21.888053],[73.659482,21.888047],[73.659477,21.888048],[73.65947,21.888045],[73.659461,21.888046],[73.659439,21.888041],[73.659429,21.888033],[73.659405,21.888019],[73.659399,21.888018],[73.659392,21.888014],[73.659384,21.888014],[73.65937,21.888007],[73.659341,21.888005],[73.659322,21.887999],[73.659301,21.887974],[73.659293,21.88797],[73.659284,21.887962],[73.659275,21.887946],[73.659259,21.887941],[73.659253,21.88794],[73.659245,21.887942],[73.659227,21.887941],[73.659218,21.887943],[73.659209,21.887942],[73.659188,21.887957],[73.659183,21.887958],[73.659174,21.887956],[73.659151,21.88796],[73.659134,21.887959],[73.659123,21.887948],[73.659112,21.887927],[73.659102,21.887923],[73.659083,21.887904],[73.659071,21.887896],[73.659044,21.887889],[73.659039,21.88789],[73.65902,21.887884],[73.659011,21.887887],[73.658996,21.887887],[73.658991,21.887882],[73.658985,21.887879],[73.65897,21.887876],[73.658961,21.887871],[73.658944,21.887867],[73.658918,21.887849],[73.658897,21.887842],[73.658882,21.887844],[73.658856,21.887837],[73.65885,21.887838],[73.658847,21.887834],[73.658839,21.887834],[73.658835,21.887831],[73.658824,21.887827],[73.65881,21.887826],[73.658806,21.887823],[73.658783,21.887826],[73.658766,21.887824],[73.658742,21.88783],[73.658738,21.887829],[73.658736,21.887831],[73.658738,21.887834],[73.658737,21.887835],[73.658731,21.887835],[73.658695,21.887843],[73.658684,21.887848],[73.658654,21.887852],[73.658645,21.887857],[73.658633,21.887857],[73.658621,21.887863],[73.658614,21.887863],[73.658609,21.887866],[73.658585,21.887871],[73.65858,21.887869],[73.658564,21.887876],[73.658546,21.887881],[73.658523,21.887885],[73.65851,21.887883],[73.658488,21.887889],[73.658476,21.887896],[73.65847,21.887896],[73.658409,21.887909],[73.658394,21.887907],[73.658384,21.887912],[73.658368,21.887912],[73.658343,21.887919],[73.658338,21.887923],[73.658325,21.887927],[73.658302,21.887947],[73.658291,21.887966],[73.658278,21.887982],[73.658274,21.887993],[73.65827,21.887996],[73.658274,21.887997],[73.658271,21.888004],[73.658253,21.888033],[73.658231,21.888056],[73.658228,21.888064],[73.658215,21.888074],[73.658206,21.888077],[73.658191,21.888075],[73.658182,21.888083],[73.658172,21.888082],[73.658156,21.888074],[73.658134,21.888071]]}},{"type":"Feature","properties":{"elevation":83},"geometry":{"type":"LineString","coordinates":[[73.658107,21.888194],[73.658112,21.888196],[73.658117,21.888201],[73.658121,21.888199],[73.65813,21.888209],[73.658128,21.888214],[73.658132,21.888216],[73.658137,21.888215],[73.658141,21.888218],[73.658156,21.888246],[73.658158,21.888257],[73.658161,21.888261],[73.658166,21.888262],[73.658181,21.88827],[73.6582,21.888284],[73.6582,21.888288],[73.658204,21.888284],[73.658208,21.888284],[73.658213,21.888288],[73.658214,21.888295],[73.658224,21.888308],[73.658231,21.888314],[73.658232,21.888318],[73.658229,21.888323],[73.658233,21.888325],[73.658237,21.888323],[73.658242,21.888328],[73.658248,21.888331],[73.658252,21.888335],[73.658253,21.888341],[73.658262,21.888344],[73.658267,21.888355],[73.658272,21.888355],[73.658276,21.888357],[73.65829,21.888378],[73.658293,21.88838],[73.658297,21.888388],[73.6583,21.888408],[73.658305,21.888416],[73.658304,21.888421],[73.658315,21.888424],[73.658316,21.888432],[73.65832,21.888434],[73.658327,21.888434],[73.65833,21.888446],[73.658326,21.888448],[73.658327,21.888452],[73.658329,21.888454],[73.658331,21.88845],[73.658331,21.888456],[73.658337,21.888457],[73.658345,21.888466],[73.658348,21.888471],[73.658348,21.888478],[73.658357,21.888487],[73.658357,21.888491],[73.658368,21.888499],[73.658366,21.888501],[73.658371,21.888506],[73.658369,21.888508],[73.658377,21.888512],[73.658375,21.888517],[73.658383,21.888523],[73.658389,21.888523],[73.658397,21.888528],[73.658408,21.88854],[73.658416,21.888552],[73.658415,21.888556],[73.658416,21.888566],[73.658413,21.888573],[73.658402,21.888579],[73.658401,21.888583],[73.658396,21.888583],[73.658391,21.888587],[73.658392,21.888593],[73.658397,21.888595],[73.658397,21.888602],[73.6584,21.888605],[73.658395,21.88862],[73.658397,21.888625],[73.658409,21.88863],[73.658418,21.888641],[73.658431,21.888652],[73.658451,21.888659],[73.658477,21.88866],[73.658489,21.888666],[73.658494,21.888663],[73.6585,21.888662],[73.658515,21.888666],[73.658521,21.888672],[73.658529,21.888674],[73.658547,21.888685],[73.658563,21.88869],[73.658566,21.888689],[73.658568,21.888693],[73.658573,21.888691],[73.658578,21.888693],[73.658581,21.888697],[73.658588,21.888693],[73.658612,21.888701],[73.658621,21.888699],[73.658665,21.888701],[73.658676,21.888697],[73.658697,21.888694],[73.658702,21.888695],[73.658727,21.888687],[73.658745,21.888671],[73.658752,21.888672],[73.658759,21.888664],[73.658782,21.888649],[73.65881,21.888636],[73.658812,21.888634],[73.65881,21.888631],[73.658818,21.888632],[73.658821,21.88863],[73.658826,21.88863],[73.658827,21.888635],[73.65883,21.888632],[73.658853,21.888647],[73.65888,21.888658],[73.658885,21.888657],[73.658896,21.888661],[73.658905,21.888661],[73.658924,21.888673],[73.65893,21.888674],[73.658936,21.888678],[73.658942,21.88868],[73.658954,21.888689],[73.658964,21.888691],[73.658969,21.888697],[73.658981,21.888702],[73.658984,21.888705],[73.658996,21.888709],[73.658999,21.888713],[73.659005,21.888716],[73.659013,21.888727],[73.659016,21.888726],[73.65903,21.888739],[73.659036,21.888739],[73.659043,21.888745],[73.659055,21.888751],[73.659056,21.888756],[73.659075,21.88876],[73.659088,21.88877],[73.659092,21.888769],[73.659094,21.888765],[73.659096,21.888768],[73.659099,21.888768],[73.659097,21.888769],[73.659099,21.888771],[73.659103,21.888767],[73.659107,21.888772],[73.659125,21.888776],[73.659172,21.888781],[73.659196,21.888786],[73.659225,21.888782],[73.659249,21.888785],[73.659267,21.888783],[73.659271,21.888785],[73.659273,21.888783],[73.659327,21.888779],[73.659346,21.888772],[73.659364,21.888769],[73.659391,21.888758],[73.659412,21.888752],[73.659421,21.888748],[73.65943,21.888747],[73.659448,21.888737],[73.659456,21.888738],[73.65946,21.888734],[73.659492,21.888724],[73.659516,21.88872],[73.65952,21.888721],[73.659524,21.888719],[73.65953,21.88872],[73.659538,21.888716],[73.65954,21.888717],[73.659574,21.88871],[73.659577,21.888712],[73.659591,21.888711],[73.659595,21.888708],[73.659607,21.88871],[73.659621,21.888704],[73.659647,21.8887],[73.659662,21.888694],[73.659685,21.888688],[73.659691,21.888682],[73.659703,21.888676],[73.659718,21.888676],[73.659741,21.888667],[73.659745,21.888658],[73.659753,21.888656],[73.659765,21.888647],[73.65977,21.888647],[73.659774,21.88865],[73.659781,21.888647],[73.659785,21.888648],[73.659787,21.888651],[73.6598,21.88865],[73.659803,21.888647],[73.659807,21.888647],[73.659823,21.888638],[73.659837,21.888635],[73.659842,21.888631],[73.659845,21.888632],[73.659866,21.888622],[73.659873,21.888623],[73.659888,21.888613],[73.659897,21.888612],[73.6599,21.888609],[73.659915,21.888606],[73.659936,21.888593],[73.659947,21.88859],[73.65995,21.888586],[73.659962,21.888579],[73.659965,21.888574],[73.659982,21.888569],[73.659994,21.888557],[73.66,21.888554],[73.660006,21.888554],[73.660007,21.888552],[73.66001,21.888554],[73.66002,21.888546],[73.660024,21.888547],[73.660029,21.888538],[73.660039,21.888536],[73.660042,21.888531],[73.660049,21.888528],[73.660059,21.888524],[73.660062,21.888525],[73.660067,21.888521],[73.660074,21.888519],[73.660074,21.888517],[73.660094,21.888511],[73.660097,21.888506],[73.660107,21.888503],[73.660122,21.888494],[73.660153,21.888481],[73.660153,21.888477],[73.660159,21.888475],[73.660162,21.888469],[73.660174,21.888461],[73.66018,21.888459],[73.660212,21.888436],[73.660235,21.888426],[73.660253,21.888412],[73.660264,21.888407],[73.660269,21.888402],[73.660289,21.88839],[73.660299,21.888387],[73.660316,21.888366],[73.660333,21.888358],[73.660336,21.888353],[73.660357,21.888337],[73.660377,21.888325],[73.66038,21.88832],[73.660392,21.888311],[73.660395,21.888311],[73.660399,21.888303],[73.660404,21.888303],[73.660405,21.888301],[73.660408,21.888303],[73.660411,21.888298],[73.660429,21.888283],[73.660435,21.88828],[73.660439,21.888281],[73.660443,21.888277],[73.660443,21.888271],[73.660449,21.888271],[73.660453,21.888265],[73.660456,21.888265],[73.660467,21.888257],[73.66048,21.888251],[73.660517,21.888223],[73.660525,21.888218],[73.66053,21.888218],[73.660535,21.888211],[73.660544,21.888205],[73.660551,21.888203],[73.660556,21.888198],[73.66056,21.888199],[73.660586,21.888181],[73.660592,21.888181],[73.660594,21.888177],[73.660616,21.888165],[73.660625,21.888157],[73.660637,21.888153],[73.66064,21.888149],[73.660643,21.88815],[73.660646,21.888148],[73.660655,21.888139],[73.660673,21.888127],[73.660676,21.888124],[73.660691,21.888116],[73.660707,21.888096],[73.660732,21.888073],[73.660735,21.888067],[73.660747,21.888053],[73.660747,21.888049],[73.66075,21.888046],[73.660752,21.888047],[73.660755,21.88804],[73.660763,21.888031],[73.660773,21.888022],[73.660794,21.888011],[73.6608,21.888007],[73.660805,21.888005],[73.660812,21.887997],[73.660817,21.887995],[73.660818,21.887992],[73.660816,21.887989],[73.660823,21.887986],[73.660831,21.887971],[73.660834,21.887976],[73.660836,21.88797],[73.660842,21.887971],[73.660834,21.887963],[73.660844,21.887955],[73.660845,21.887945],[73.660848,21.887944],[73.660851,21.887946],[73.660854,21.887943],[73.660855,21.887935],[73.660844,21.887924],[73.660832,21.887921],[73.660826,21.887923],[73.660814,21.887922],[73.660806,21.887925],[73.660799,21.887922],[73.66079,21.887924],[73.660773,21.887931],[73.660761,21.88793],[73.66075,21.887937],[73.660745,21.887935],[73.660741,21.887937],[73.660724,21.887936],[73.660717,21.88794],[73.660704,21.88794],[73.6607,21.887944],[73.660668,21.887956],[73.660661,21.887953],[73.660653,21.887958],[73.660633,21.887963],[73.660622,21.887969],[73.660613,21.88797],[73.660607,21.887974],[73.660606,21.887977],[73.66058,21.887982],[73.660573,21.887989],[73.660551,21.887992],[73.6605,21.888019],[73.660481,21.888025],[73.660478,21.888028],[73.660473,21.888027],[73.660456,21.888037],[73.66045,21.888037],[73.660441,21.88804],[73.660415,21.888052],[73.660388,21.888057],[73.660376,21.888064],[73.66035,21.888066],[73.66033,21.888059],[73.660327,21.888061],[73.660315,21.888056],[73.660307,21.888058],[73.660296,21.888054],[73.660288,21.888052],[73.660284,21.888054],[73.660267,21.888049],[73.660261,21.888044],[73.660258,21.888044],[73.660252,21.888047],[73.660245,21.888044],[73.660233,21.888045],[73.660217,21.888036],[73.660212,21.888038],[73.660204,21.888035],[73.660158,21.888029],[73.660146,21.888024],[73.660122,21.88802],[73.66011,21.888015],[73.660103,21.888016],[73.660093,21.888014],[73.660069,21.888016],[73.660052,21.888022],[73.660047,21.888019],[73.660038,21.888018],[73.660041,21.888015],[73.660036,21.888013],[73.660026,21.888015],[73.660028,21.888018],[73.660036,21.888018],[73.66003,21.888023],[73.659997,21.888022],[73.659971,21.888026],[73.659968,21.888029],[73.659953,21.888034],[73.65994,21.888034],[73.659929,21.88804],[73.659918,21.888039],[73.659906,21.888048],[73.659888,21.888049],[73.659869,21.888059],[73.659855,21.888062],[73.659851,21.888066],[73.659849,21.888064],[73.659847,21.888067],[73.659824,21.888076],[73.659801,21.888078],[73.659788,21.888082],[73.659783,21.888081],[73.659761,21.888085],[73.659729,21.888079],[73.659726,21.888081],[73.659715,21.888081],[73.659704,21.888075],[73.659685,21.888074],[73.659673,21.888069],[73.65966,21.88807],[73.659655,21.888068],[73.659654,21.888065],[73.659629,21.888062],[73.659623,21.888058],[73.659594,21.888053],[73.659588,21.888049],[73.659563,21.888046],[73.659545,21.888048],[73.659538,21.888039],[73.659531,21.88804],[73.65952,21.888036],[73.659497,21.888036],[73.659486,21.888033],[73.659477,21.888033],[73.659476,21.888029],[73.65947,21.888029],[73.659457,21.888025],[73.659431,21.888012],[73.659419,21.888012],[73.659403,21.888008],[73.659399,21.888009],[73.65939,21.888004],[73.65938,21.888],[73.659369,21.887998],[73.65936,21.887999],[73.659343,21.887989],[73.659334,21.887988],[73.659321,21.887975],[73.659296,21.887961],[73.659278,21.887942],[73.659252,21.887932],[73.659236,21.88793],[73.65921,21.887934],[73.659195,21.887944],[73.659174,21.88795],[73.65916,21.887948],[73.659145,21.887954],[73.659139,21.887953],[73.659132,21.887945],[73.65912,21.887922],[73.659101,21.887902],[73.659087,21.887891],[73.659075,21.887887],[73.659057,21.887875],[73.659029,21.887873],[73.659007,21.887877],[73.658998,21.887877],[73.658972,21.887864],[73.658956,21.887861],[73.658907,21.887827],[73.658888,21.887829],[73.658877,21.887825],[73.658866,21.887825],[73.658828,21.88781],[73.658823,21.887812],[73.658812,21.887808],[73.658786,21.887808],[73.658767,21.887811],[73.65875,21.88781],[73.65874,21.887811],[73.658728,21.887819],[73.658717,21.88782],[73.658712,21.887819],[73.658704,21.887824],[73.658697,21.887824],[73.658689,21.88783],[73.658658,21.88784],[73.658631,21.887844],[73.658624,21.887839],[73.658616,21.887843],[73.658595,21.887847],[73.658574,21.887848],[73.658568,21.887854],[73.658517,21.887869],[73.658509,21.88787],[73.6585,21.887868],[73.658489,21.887873],[73.658459,21.887877],[73.658443,21.887883],[73.658439,21.88788],[73.658427,21.887881],[73.658404,21.887888],[73.658392,21.88789],[73.658385,21.887888],[73.658368,21.887892],[73.658363,21.887897],[73.658357,21.887895],[73.658344,21.887898],[73.65833,21.887905],[73.658319,21.887914],[73.658292,21.887933],[73.658286,21.887942],[73.658277,21.887945],[73.658267,21.88796],[73.658266,21.887966],[73.658263,21.887966],[73.658261,21.887972],[73.658253,21.88798],[73.658251,21.887987],[73.65824,21.887996],[73.658235,21.888004],[73.658218,21.888019],[73.658208,21.888031],[73.6582,21.888031],[73.658191,21.888045],[73.658171,21.888048],[73.658155,21.888042],[73.65815,21.888044],[73.658141,21.88804]]}},{"type":"Feature","properties":{"elevation":82},"geometry":{"type":"LineString","coordinates":[[73.658099,21.888234],[73.658102,21.88824],[73.658114,21.888248],[73.658117,21.888256],[73.658125,21.888264],[73.658127,21.888275],[73.658136,21.88829],[73.658143,21.888296],[73.658148,21.888294],[73.658152,21.888297],[73.658156,21.888294],[73.658162,21.888294],[73.658169,21.8883],[73.658169,21.888303],[73.658166,21.888305],[73.658166,21.888312],[73.658169,21.888316],[73.658179,21.888318],[73.658183,21.888322],[73.658185,21.888328],[73.658183,21.888333],[73.658196,21.888348],[73.658202,21.888349],[73.658207,21.888355],[73.658208,21.888362],[73.658215,21.888362],[73.658224,21.888374],[73.658223,21.88838],[73.658228,21.88838],[73.658234,21.888385],[73.658238,21.888392],[73.658237,21.888396],[73.658244,21.8884],[73.658262,21.888429],[73.658266,21.888432],[73.658265,21.888437],[73.658272,21.888444],[73.658269,21.888448],[73.658273,21.88845],[73.658276,21.888448],[73.658281,21.888454],[73.658286,21.888461],[73.658284,21.888465],[73.658285,21.888468],[73.658294,21.888474],[73.658294,21.888479],[73.658299,21.888481],[73.658301,21.88849],[73.658309,21.888493],[73.658313,21.888502],[73.658325,21.888506],[73.658319,21.888511],[73.658326,21.888517],[73.658336,21.888519],[73.658349,21.88853],[73.658345,21.888535],[73.658356,21.888541],[73.65836,21.888565],[73.658359,21.888571],[73.658353,21.888579],[73.658354,21.888583],[73.658353,21.888588],[73.65835,21.888591],[73.658354,21.888601],[73.658348,21.888604],[73.658347,21.888608],[73.65835,21.888619],[73.658357,21.888623],[73.658359,21.888631],[73.658365,21.888632],[73.658376,21.888639],[73.658381,21.88865],[73.65839,21.888653],[73.6584,21.888669],[73.658434,21.88868],[73.658454,21.888681],[73.658464,21.888686],[73.658468,21.888692],[73.658468,21.888705],[73.658473,21.888704],[73.658477,21.888706],[73.658477,21.888711],[73.658484,21.888713],[73.658488,21.888718],[73.658501,21.888717],[73.658508,21.888719],[73.658531,21.88872],[73.658536,21.888724],[73.658543,21.888721],[73.658541,21.888718],[73.658545,21.888719],[73.65855,21.888716],[73.658553,21.888717],[73.658551,21.888721],[73.658554,21.888723],[73.658557,21.888719],[73.65856,21.888719],[73.658565,21.88872],[73.658571,21.888724],[73.658579,21.888723],[73.658587,21.888727],[73.6586,21.888725],[73.658611,21.888727],[73.658616,21.888725],[73.658627,21.888727],[73.658643,21.888725],[73.658646,21.888728],[73.658649,21.888725],[73.658656,21.888726],[73.658692,21.888718],[73.658704,21.888718],[73.65872,21.888712],[73.658732,21.888705],[73.658743,21.888702],[73.65876,21.888686],[73.658783,21.888671],[73.658785,21.888667],[73.658791,21.888663],[73.658803,21.888656],[73.658814,21.888656],[73.658829,21.888658],[73.65884,21.888664],[73.658846,21.888663],[73.658866,21.888677],[73.6589,21.888686],[73.658912,21.888695],[73.658938,21.888708],[73.658949,21.888719],[73.658969,21.888727],[73.658987,21.888738],[73.658994,21.888746],[73.659011,21.888753],[73.659015,21.888759],[73.659013,21.888761],[73.659016,21.888764],[73.659023,21.888767],[73.659026,21.888764],[73.659028,21.888764],[73.659035,21.888772],[73.659036,21.888778],[73.65904,21.88878],[73.659059,21.88878],[73.659063,21.888784],[73.659069,21.888787],[73.659092,21.888786],[73.659094,21.888791],[73.6591,21.88879],[73.659112,21.888794],[73.659125,21.888793],[73.659141,21.888799],[73.659178,21.888798],[73.659185,21.8888],[73.659189,21.888799],[73.659228,21.888804],[73.659235,21.888801],[73.659266,21.888803],[73.659288,21.888798],[73.659304,21.8888],[73.659315,21.888796],[73.659318,21.888798],[73.659333,21.888793],[73.659349,21.888793],[73.659353,21.88879],[73.659362,21.888789],[73.659366,21.888785],[73.659369,21.888787],[73.659372,21.888784],[73.659385,21.888785],[73.659394,21.888781],[73.659402,21.888772],[73.659421,21.888768],[73.659435,21.88876],[73.659466,21.88875],[73.659484,21.88875],[73.659494,21.888744],[73.659518,21.888738],[73.659527,21.888739],[73.659541,21.888734],[73.659571,21.888731],[73.659578,21.888728],[73.659591,21.888731],[73.659611,21.888727],[73.659628,21.888727],[73.65968,21.88871],[73.65969,21.888711],[73.659695,21.888707],[73.659702,21.888706],[73.65971,21.888702],[73.65972,21.888701],[73.659729,21.888693],[73.659745,21.888687],[73.659753,21.888688],[73.659764,21.888685],[73.659768,21.888681],[73.659781,21.888679],[73.659802,21.888666],[73.659814,21.888665],[73.659817,21.888662],[73.659842,21.888655],[73.659851,21.888649],[73.659863,21.888647],[73.659879,21.888641],[73.659887,21.888642],[73.659896,21.888636],[73.659908,21.888633],[73.65992,21.888624],[73.659926,21.888624],[73.659938,21.888618],[73.659948,21.888616],[73.65996,21.888611],[73.659964,21.888605],[73.659969,21.888602],[73.659978,21.888601],[73.659982,21.888596],[73.66001,21.888581],[73.660012,21.888576],[73.660024,21.888572],[73.660031,21.888567],[73.66004,21.888566],[73.660048,21.888561],[73.66005,21.888557],[73.660057,21.888557],[73.660056,21.888555],[73.660062,21.888548],[73.660075,21.888546],[73.660081,21.888541],[73.660118,21.888524],[73.660133,21.888512],[73.660142,21.888509],[73.660159,21.888498],[73.660174,21.888492],[73.660179,21.888486],[73.6602,21.888476],[73.660209,21.888467],[73.660222,21.888459],[73.66024,21.888452],[73.660257,21.888438],[73.660274,21.888428],[73.660283,21.888424],[73.660288,21.888424],[73.660288,21.88842],[73.66029,21.888418],[73.660303,21.888411],[73.660316,21.888398],[73.660324,21.888395],[73.660325,21.888391],[73.660341,21.888383],[73.660342,21.88838],[73.660353,21.888378],[73.660361,21.888365],[73.660371,21.88836],[73.660371,21.888354],[73.660377,21.888354],[73.660392,21.888342],[73.660402,21.888339],[73.660403,21.888336],[73.660398,21.888335],[73.660401,21.888332],[73.660409,21.888329],[73.66042,21.888319],[73.66043,21.888317],[73.660454,21.888294],[73.660469,21.888289],[73.66047,21.888283],[73.660474,21.888282],[73.660477,21.888276],[73.660487,21.888272],[73.660492,21.888272],[73.660502,21.888261],[73.660509,21.888258],[73.660509,21.888257],[73.660513,21.888257],[73.660515,21.888253],[73.660518,21.888253],[73.660538,21.888237],[73.660546,21.888233],[73.66055,21.888235],[73.660554,21.888227],[73.660556,21.88823],[73.660562,21.888222],[73.660572,21.888215],[73.660582,21.888213],[73.660588,21.888207],[73.660598,21.888203],[73.660613,21.888193],[73.660615,21.888189],[73.66063,21.888183],[73.660632,21.888179],[73.660636,21.888179],[73.660649,21.888167],[73.660667,21.88816],[73.660681,21.88815],[73.660688,21.888142],[73.660705,21.888133],[73.660706,21.888129],[73.660713,21.888126],[73.660713,21.888123],[73.660726,21.888113],[73.660735,21.888098],[73.660741,21.888093],[73.660745,21.888093],[73.660757,21.888076],[73.660763,21.888073],[73.660769,21.888063],[73.660788,21.888045],[73.660804,21.888036],[73.660811,21.888028],[73.66082,21.888026],[73.66082,21.888021],[73.660829,21.888018],[73.660845,21.888004],[73.660849,21.888005],[73.660852,21.887995],[73.660858,21.887993],[73.660856,21.88799],[73.660861,21.887986],[73.660881,21.887981],[73.660885,21.887976],[73.66089,21.887975],[73.660894,21.88797],[73.660894,21.887965],[73.660899,21.887965],[73.660907,21.887952],[73.660916,21.887944],[73.660915,21.887935],[73.660921,21.887927],[73.660925,21.887925],[73.660931,21.887917],[73.660935,21.887914],[73.660933,21.887911],[73.660937,21.887906],[73.660934,21.887906],[73.660932,21.887902],[73.660926,21.8879],[73.660924,21.887896],[73.660916,21.887897],[73.660913,21.887894],[73.660915,21.887891],[73.660902,21.887886],[73.660896,21.887887],[73.660891,21.887885],[73.660875,21.887888],[73.660861,21.887886],[73.660856,21.887889],[73.660839,21.887889],[73.660835,21.887892],[73.660827,21.88789],[73.660812,21.887893],[73.660792,21.887905],[73.660789,21.887903],[73.660783,21.887907],[73.660765,21.887912],[73.660746,21.887913],[73.660735,21.887918],[73.660718,21.887917],[73.660695,21.88792],[73.660623,21.887943],[73.660597,21.887955],[73.660585,21.887957],[73.66058,21.887961],[73.660575,21.88796],[73.660536,21.887976],[73.660529,21.887976],[73.660507,21.887987],[73.660504,21.887987],[73.660473,21.888005],[73.660466,21.888005],[73.660464,21.888008],[73.660435,21.888018],[73.660421,21.88802],[73.660413,21.888026],[73.660405,21.888026],[73.660389,21.888032],[73.660377,21.888032],[73.660371,21.888036],[73.660366,21.888037],[73.660359,21.888033],[73.660354,21.888036],[73.660346,21.888036],[73.660342,21.888034],[73.66034,21.888036],[73.660334,21.888034],[73.660329,21.888036],[73.660301,21.88803],[73.660291,21.888032],[73.660284,21.888027],[73.660279,21.88803],[73.660258,21.888021],[73.660242,21.888023],[73.660227,21.888019],[73.660221,21.888014],[73.660214,21.888014],[73.66021,21.88801],[73.6602,21.888011],[73.660196,21.888008],[73.660188,21.888008],[73.660184,21.888004],[73.660178,21.888006],[73.660165,21.888001],[73.660158,21.888002],[73.660149,21.887999],[73.660146,21.887995],[73.660139,21.887994],[73.660126,21.887995],[73.660098,21.887991],[73.660091,21.887992],[73.660088,21.887989],[73.660082,21.887987],[73.660075,21.887989],[73.66005,21.887988],[73.660043,21.88799],[73.660033,21.887988],[73.660013,21.887994],[73.660004,21.887993],[73.659999,21.887996],[73.659985,21.887995],[73.659973,21.888],[73.659966,21.887998],[73.659962,21.888002],[73.659952,21.888],[73.659946,21.888001],[73.659943,21.888004],[73.659928,21.888005],[73.659919,21.888008],[73.659904,21.888015],[73.659899,21.888014],[73.659893,21.888016],[73.659884,21.888015],[73.659881,21.888018],[73.659875,21.888017],[73.659865,21.888024],[73.659857,21.888025],[73.659846,21.888034],[73.659831,21.888038],[73.659824,21.888044],[73.659804,21.888048],[73.659798,21.888052],[73.659784,21.888052],[73.659777,21.888058],[73.659756,21.888058],[73.65973,21.888061],[73.65971,21.888059],[73.659702,21.888056],[73.659686,21.888056],[73.659683,21.888052],[73.659671,21.888051],[73.659665,21.888047],[73.659637,21.888048],[73.659632,21.888046],[73.659628,21.888041],[73.659609,21.88804],[73.659607,21.888037],[73.659602,21.888037],[73.659599,21.888033],[73.659591,21.888036],[73.659582,21.888033],[73.659569,21.888033],[73.659558,21.888028],[73.659544,21.888027],[73.659539,21.888022],[73.659532,21.888022],[73.659525,21.888018],[73.659506,21.888017],[73.659499,21.888012],[73.659493,21.888015],[73.659484,21.888013],[73.659479,21.888015],[73.659473,21.88801],[73.659466,21.888013],[73.659437,21.888003],[73.659434,21.888005],[73.659393,21.887997],[73.659385,21.88799],[73.659367,21.887989],[73.659347,21.887973],[73.659339,21.887973],[73.6593,21.887957],[73.659288,21.887946],[73.659283,21.887937],[73.65926,21.887922],[73.659233,21.887921],[73.65921,21.887925],[73.659176,21.88794],[73.659166,21.887939],[73.659146,21.887943],[73.659131,21.88793],[73.659126,21.887918],[73.65911,21.887897],[73.659098,21.887891],[73.659088,21.887878],[73.659076,21.88787],[73.65904,21.887862],[73.659032,21.887864],[73.659021,21.887861],[73.659009,21.887865],[73.658989,21.887861],[73.658982,21.887854],[73.65896,21.887853],[73.658926,21.88782],[73.658918,21.887816],[73.658902,21.887814],[73.658899,21.887811],[73.658895,21.887813],[73.658889,21.88781],[73.658877,21.887812],[73.658853,21.887801],[73.658825,21.887793],[73.658817,21.887792],[73.658812,21.887794],[73.658797,21.887791],[73.658776,21.887794],[73.658771,21.887791],[73.658762,21.887794],[73.658752,21.887792],[73.658739,21.887795],[73.658729,21.887802],[73.658691,21.88781],[73.658682,21.887815],[73.658677,21.887814],[73.658651,21.88782],[73.658635,21.887821],[73.658614,21.887827],[73.658605,21.887825],[73.658592,21.887828],[73.658576,21.887833],[73.658562,21.887832],[73.658555,21.887836],[73.658545,21.887837],[73.658528,21.887841],[73.65851,21.887849],[73.658507,21.887849],[73.6585,21.887847],[73.658481,21.887849],[73.658469,21.887854],[73.658459,21.887854],[73.658454,21.887859],[73.658421,21.887864],[73.658413,21.887867],[73.658397,21.887864],[73.658381,21.887872],[73.658367,21.887871],[73.658361,21.887874],[73.658357,21.887878],[73.658353,21.887878],[73.658327,21.887888],[73.658309,21.887898],[73.658295,21.887911],[73.658289,21.887911],[73.658288,21.887915],[73.658282,21.88792],[73.658272,21.887925],[73.658269,21.887932],[73.658262,21.887935],[73.658241,21.88796],[73.658232,21.887967],[73.65823,21.887974],[73.658217,21.887983],[73.658204,21.887988],[73.658197,21.887992],[73.658177,21.888009],[73.658175,21.888013],[73.658165,21.888015],[73.658149,21.888005]]}},{"type":"Feature","properties":{"elevation":81},"geometry":{"type":"LineString","coordinates":[[73.658087,21.888283],[73.658098,21.888304],[73.658103,21.888305],[73.658106,21.888311],[73.658113,21.88831],[73.658119,21.888315],[73.658139,21.888323],[73.658137,21.88834],[73.658148,21.888347],[73.65815,21.888356],[73.658157,21.888368],[73.658156,21.888372],[73.658164,21.888373],[73.658168,21.888384],[73.658173,21.888386],[73.658173,21.888392],[73.658179,21.888401],[73.658182,21.888401],[73.658183,21.888405],[73.658179,21.888409],[73.658181,21.888417],[73.658187,21.888421],[73.658196,21.888419],[73.658217,21.888431],[73.658219,21.888435],[73.658226,21.888438],[73.65823,21.888449],[73.658234,21.888453],[73.658229,21.888458],[73.658242,21.888462],[73.658241,21.888467],[73.658237,21.888467],[73.658238,21.88847],[73.658241,21.888469],[73.658244,21.888472],[73.658241,21.888477],[73.658251,21.888484],[73.65826,21.888494],[73.658267,21.888498],[73.658258,21.888499],[73.658258,21.888505],[73.658279,21.88851],[73.658284,21.888515],[73.658299,21.888521],[73.658286,21.888523],[73.658284,21.888526],[73.658294,21.888535],[73.658293,21.888542],[73.6583,21.888561],[73.658299,21.888576],[73.658302,21.888579],[73.6583,21.888586],[73.658304,21.888588],[73.658301,21.888594],[73.658303,21.888598],[73.658309,21.8886],[73.658315,21.888615],[73.658324,21.88862],[73.658323,21.888629],[73.658335,21.888642],[73.658337,21.888648],[73.658352,21.888657],[73.658361,21.88867],[73.658366,21.888682],[73.658384,21.888694],[73.658385,21.888697],[73.658396,21.888701],[73.658406,21.888713],[73.658409,21.888712],[73.658411,21.888714],[73.658415,21.88871],[73.658426,21.888713],[73.658443,21.888727],[73.658451,21.888727],[73.658454,21.888731],[73.658464,21.888733],[73.658463,21.888738],[73.658467,21.888741],[73.658479,21.88874],[73.658486,21.888744],[73.658497,21.888744],[73.6585,21.888748],[73.658538,21.888748],[73.658555,21.88875],[73.658565,21.88875],[73.658573,21.888747],[73.658601,21.888751],[73.658618,21.888749],[73.658626,21.888751],[73.658646,21.888747],[73.658651,21.88875],[73.658652,21.888747],[73.658655,21.888746],[73.658684,21.888747],[73.658706,21.888741],[73.65872,21.888734],[73.658736,21.888731],[73.658753,21.888725],[73.658757,21.888717],[73.65877,21.888709],[73.658772,21.888705],[73.658789,21.888689],[73.658805,21.888688],[73.658821,21.888681],[73.658829,21.888687],[73.658836,21.888687],[73.658839,21.888692],[73.658854,21.888695],[73.658875,21.888707],[73.658883,21.888712],[73.658879,21.888717],[73.658884,21.888721],[73.658887,21.88872],[73.658894,21.888725],[73.658902,21.888725],[73.658906,21.888729],[73.658909,21.888727],[73.658913,21.888728],[73.658931,21.888736],[73.658953,21.888755],[73.658983,21.888772],[73.658984,21.888778],[73.658989,21.888774],[73.658997,21.888779],[73.659004,21.888786],[73.659007,21.888785],[73.659035,21.888798],[73.659057,21.888804],[73.659065,21.888812],[73.65908,21.888816],[73.659102,21.888818],[73.659108,21.888823],[73.659125,21.888822],[73.659134,21.888816],[73.659144,21.888817],[73.659146,21.888822],[73.659149,21.888823],[73.659163,21.888815],[73.659171,21.88882],[73.659213,21.88882],[73.659224,21.888824],[73.659243,21.888818],[73.659253,21.888821],[73.659267,21.888818],[73.659273,21.88882],[73.659289,21.888818],[73.6593,21.888814],[73.659313,21.888816],[73.659331,21.888814],[73.659334,21.888811],[73.659346,21.888811],[73.659382,21.888801],[73.65943,21.888782],[73.659457,21.888777],[73.65946,21.888774],[73.659463,21.888777],[73.659473,21.88877],[73.659498,21.888767],[73.659524,21.888758],[73.659536,21.888759],[73.659546,21.888754],[73.659569,21.888753],[73.659587,21.888749],[73.659594,21.88875],[73.659625,21.888743],[73.65964,21.888744],[73.659657,21.888735],[73.659667,21.888736],[73.659678,21.888734],[73.659686,21.888729],[73.659694,21.888729],[73.659708,21.88872],[73.659716,21.88872],[73.659737,21.88871],[73.659758,21.888705],[73.659766,21.8887],[73.659772,21.888701],[73.659784,21.8887],[73.659814,21.888683],[73.659822,21.888684],[73.659827,21.888681],[73.659834,21.888681],[73.659852,21.888672],[73.659863,21.88867],[73.659866,21.888668],[73.659873,21.888669],[73.65988,21.888665],[73.659915,21.888655],[73.659929,21.888649],[73.659934,21.888649],[73.659944,21.888645],[73.659948,21.888647],[73.659948,21.888643],[73.659955,21.88864],[73.65996,21.88864],[73.659969,21.888633],[73.659982,21.888629],[73.659987,21.888625],[73.66,21.888623],[73.660003,21.888624],[73.660014,21.88862],[73.660019,21.888617],[73.660019,21.888613],[73.660024,21.888609],[73.660032,21.888602],[73.660042,21.8886],[73.660047,21.888593],[73.660055,21.888589],[73.660059,21.888585],[73.660071,21.888581],[73.660078,21.888583],[73.660078,21.888578],[73.660076,21.888577],[73.660077,21.888575],[73.660084,21.888574],[73.660092,21.888567],[73.660102,21.888566],[73.660106,21.888561],[73.660112,21.888559],[73.660118,21.888553],[73.660125,21.888551],[73.660129,21.888546],[73.660134,21.888545],[73.660138,21.88854],[73.660167,21.888519],[73.660179,21.888517],[73.660182,21.888513],[73.660246,21.888475],[73.660257,21.888464],[73.660267,21.888461],[73.660313,21.888431],[73.660335,21.88842],[73.660354,21.888402],[73.660367,21.888396],[73.660392,21.888374],[73.660405,21.888369],[73.660408,21.888365],[73.660418,21.888359],[73.660421,21.888359],[73.660424,21.888353],[73.660431,21.888349],[73.660431,21.888345],[73.660437,21.88834],[73.660443,21.888338],[73.660454,21.888327],[73.66048,21.888312],[73.66048,21.88831],[73.6605,21.888295],[73.660507,21.888293],[73.660523,21.88828],[73.660529,21.888272],[73.660549,21.88826],[73.660576,21.888238],[73.660591,21.888233],[73.660591,21.88823],[73.660599,21.888227],[73.660603,21.888222],[73.660612,21.888219],[73.660615,21.88822],[73.66062,21.888214],[73.660632,21.888209],[73.660641,21.8882],[73.660659,21.88819],[73.660666,21.888189],[73.66067,21.888182],[73.66068,21.888177],[73.660683,21.888178],[73.660691,21.888168],[73.660698,21.888167],[73.660703,21.888159],[73.660713,21.888154],[73.660715,21.88815],[73.660727,21.888145],[73.660736,21.888131],[73.660742,21.888128],[73.660764,21.888106],[73.660767,21.888106],[73.66077,21.888099],[73.660785,21.888088],[73.66079,21.888079],[73.660807,21.888064],[73.660815,21.888059],[73.660817,21.888053],[73.660821,21.888053],[73.660832,21.888042],[73.66084,21.88804],[73.660851,21.888029],[73.660862,21.888024],[73.660879,21.888011],[73.660882,21.888011],[73.660883,21.888007],[73.660896,21.888001],[73.660912,21.887987],[73.660916,21.887978],[73.66092,21.887974],[73.660938,21.887963],[73.660951,21.887948],[73.660958,21.887945],[73.660959,21.887939],[73.660965,21.887937],[73.660965,21.887934],[73.660972,21.887928],[73.660985,21.887898],[73.660979,21.887887],[73.660973,21.887882],[73.660956,21.887877],[73.660949,21.887868],[73.660928,21.887869],[73.660924,21.887866],[73.660901,21.887865],[73.660892,21.887867],[73.660884,21.887865],[73.660872,21.887869],[73.660851,21.887869],[73.660821,21.887875],[73.660812,21.887873],[73.660808,21.887876],[73.660794,21.887879],[73.660783,21.887888],[73.660777,21.887888],[73.660765,21.887892],[73.660747,21.887895],[73.660739,21.887893],[73.660725,21.887899],[73.660705,21.887896],[73.660686,21.887904],[73.660673,21.887907],[73.660663,21.887906],[73.660658,21.887909],[73.660646,21.887911],[73.660634,21.887918],[73.660616,21.887922],[73.660611,21.887928],[73.660606,21.887927],[73.660585,21.887933],[73.660565,21.887942],[73.660516,21.887959],[73.660511,21.887964],[73.660505,21.887964],[73.660484,21.887975],[73.660455,21.887984],[73.660447,21.887989],[73.660441,21.887989],[73.660415,21.888],[73.660411,21.887999],[73.660372,21.888013],[73.660358,21.888011],[73.660344,21.888014],[73.660342,21.888012],[73.66033,21.888013],[73.660317,21.888011],[73.660308,21.888013],[73.660268,21.888005],[73.660248,21.887997],[73.660213,21.887993],[73.66021,21.88799],[73.660178,21.887982],[73.660173,21.887982],[73.660159,21.887975],[73.660158,21.887978],[73.660148,21.887976],[73.660141,21.887972],[73.660131,21.88797],[73.66013,21.887967],[73.660122,21.887968],[73.66012,21.887964],[73.660115,21.887966],[73.660101,21.887967],[73.660099,21.887962],[73.660095,21.88796],[73.660063,21.887962],[73.660054,21.88796],[73.660051,21.887956],[73.660036,21.887962],[73.660026,21.887962],[73.660015,21.887959],[73.660004,21.887962],[73.659988,21.887971],[73.659982,21.88797],[73.659978,21.887975],[73.659953,21.887977],[73.659922,21.887986],[73.659915,21.887985],[73.659902,21.887988],[73.6599,21.887991],[73.65989,21.887991],[73.659869,21.887995],[73.659853,21.888005],[73.659838,21.88801],[73.659826,21.888017],[73.659802,21.888023],[73.659794,21.888028],[73.659774,21.888034],[73.659755,21.888035],[73.65975,21.888033],[73.659728,21.888039],[73.659697,21.888035],[73.659674,21.888038],[73.659662,21.888031],[73.65965,21.888031],[73.659638,21.888028],[73.659637,21.888025],[73.659588,21.888015],[73.659582,21.888008],[73.659571,21.88801],[73.659544,21.888006],[73.659528,21.888007],[73.659502,21.887999],[73.659492,21.888],[73.659487,21.887996],[73.659474,21.887997],[73.659437,21.887988],[73.659424,21.887989],[73.659397,21.887986],[73.659393,21.887989],[73.65939,21.887985],[73.659382,21.887983],[73.65935,21.887962],[73.659345,21.887956],[73.659336,21.887955],[73.65932,21.887949],[73.65931,21.887951],[73.659307,21.887946],[73.659292,21.88794],[73.659289,21.887932],[73.659269,21.887918],[73.659247,21.887912],[73.659231,21.887911],[73.659225,21.887913],[73.659218,21.887912],[73.659206,21.887914],[73.659188,21.887925],[73.659177,21.887927],[73.65917,21.887932],[73.659144,21.88793],[73.659134,21.887915],[73.659118,21.887896],[73.659116,21.887889],[73.659109,21.887878],[73.659096,21.887866],[73.659086,21.887865],[73.659077,21.88786],[73.659044,21.88785],[73.659004,21.887855],[73.658985,21.887845],[73.658972,21.887843],[73.658963,21.887839],[73.658954,21.887828],[73.658947,21.887826],[73.65893,21.887811],[73.658912,21.887801],[73.658901,21.887797],[73.658888,21.887796],[73.658865,21.887789],[73.658861,21.88779],[73.658832,21.887778],[73.658818,21.887776],[73.658814,21.887774],[73.658798,21.887773],[73.658791,21.887775],[73.658778,21.887774],[73.658772,21.887776],[73.658768,21.887772],[73.658763,21.887772],[73.658751,21.887779],[73.658736,21.887781],[73.658732,21.887779],[73.658692,21.887793],[73.658685,21.887797],[73.658679,21.887796],[73.658673,21.8878],[73.658666,21.8878],[73.65866,21.887805],[73.658656,21.887804],[73.658646,21.887808],[73.65863,21.887807],[73.65861,21.88781],[73.658603,21.887808],[73.658599,21.887809],[73.65859,21.887818],[73.658576,21.887814],[73.658558,21.887815],[73.658554,21.887818],[73.658535,21.887818],[73.658525,21.887824],[73.65851,21.887828],[73.658499,21.887825],[73.658499,21.88783],[73.658496,21.887831],[73.658457,21.887833],[73.658447,21.887838],[73.658442,21.887836],[73.658423,21.887844],[73.658421,21.887843],[73.658404,21.887843],[73.658396,21.887848],[73.658382,21.887851],[73.658373,21.887857],[73.658358,21.887859],[73.658335,21.887866],[73.658308,21.887878],[73.658246,21.887926],[73.65824,21.887926],[73.658228,21.887941],[73.658192,21.887968],[73.65818,21.887976],[73.658168,21.887975],[73.658155,21.887979]]}},{"type":"Feature","properties":{"elevation":80},"geometry":{"type":"LineString","coordinates":[[73.658239,21.888608],[73.658252,21.888612],[73.658252,21.888621],[73.658263,21.888632],[73.658266,21.888646],[73.658273,21.888649],[73.658278,21.888646],[73.658281,21.888647],[73.658291,21.888668],[73.658297,21.888671],[73.6583,21.88867],[73.65831,21.888678],[73.658313,21.888685],[73.658312,21.888688],[73.658317,21.888689],[73.658317,21.888694],[73.658326,21.888707],[73.658334,21.888712],[73.658338,21.888711],[73.658342,21.888713],[73.65836,21.888726],[73.65836,21.88873],[73.658371,21.888733],[73.658377,21.888741],[73.65839,21.888739],[73.658398,21.888745],[73.658419,21.888748],[73.658426,21.888747],[73.658448,21.888755],[73.65845,21.888763],[73.658458,21.888766],[73.658461,21.888763],[73.658451,21.888756],[73.658475,21.888763],[73.658477,21.888767],[73.658496,21.888768],[73.658504,21.888771],[73.658513,21.888769],[73.658547,21.88877],[73.658568,21.888767],[73.6586,21.888772],[73.658609,21.888769],[73.658619,21.88877],[73.65863,21.888769],[73.658639,21.888773],[73.658667,21.888768],[73.658684,21.888771],[73.658716,21.88876],[73.658735,21.888756],[73.658741,21.888752],[73.65875,21.888752],[73.658753,21.888746],[73.658757,21.888745],[73.658759,21.888747],[73.658767,21.888743],[73.658776,21.888736],[73.658777,21.888732],[73.658783,21.888732],[73.658792,21.888718],[73.65881,21.888708],[73.658814,21.888712],[73.658835,21.888718],[73.658836,21.888724],[73.658843,21.888733],[73.658847,21.888734],[73.658854,21.888732],[73.658861,21.888734],[73.658863,21.888737],[73.658869,21.888737],[73.65887,21.88874],[73.658875,21.888741],[73.658878,21.888747],[73.658881,21.888746],[73.658885,21.888751],[73.658894,21.888754],[73.658898,21.88876],[73.658906,21.888764],[73.658908,21.888771],[73.658911,21.888768],[73.658919,21.888772],[73.658922,21.888777],[73.658926,21.888775],[73.658932,21.88878],[73.658947,21.888785],[73.65898,21.888807],[73.659,21.888816],[73.659005,21.888821],[73.659014,21.888822],[73.659017,21.888828],[73.659021,21.888826],[73.659032,21.888832],[73.65904,21.888833],[73.659049,21.88883],[73.659053,21.888833],[73.659052,21.888837],[73.659057,21.888839],[73.659065,21.888837],[73.659073,21.88884],[73.6591,21.888842],[73.659107,21.888845],[73.659146,21.888842],[73.659153,21.888844],[73.65917,21.888841],[73.659266,21.88884],[73.659273,21.888838],[73.659305,21.888838],[73.659312,21.888835],[73.659322,21.888836],[73.659337,21.88883],[73.659366,21.888825],[73.659374,21.888821],[73.659392,21.888818],[73.659416,21.88881],[73.659419,21.888806],[73.659426,21.888807],[73.659434,21.8888],[73.65946,21.888793],[73.659503,21.888787],[73.659513,21.888782],[73.659539,21.888777],[73.659542,21.888775],[73.659606,21.888769],[73.659653,21.88876],[73.659691,21.88875],[73.659742,21.888728],[73.659776,21.88872],[73.659793,21.888712],[73.65982,21.888704],[73.659835,21.8887],[73.659838,21.8887],[73.659841,21.888698],[73.659845,21.888699],[73.659853,21.888693],[73.659858,21.888693],[73.659865,21.888689],[73.659887,21.888684],[73.65994,21.888668],[73.659946,21.88867],[73.659962,21.888659],[73.659973,21.888658],[73.65999,21.888653],[73.660004,21.888645],[73.660025,21.888639],[73.660032,21.888635],[73.660041,21.888634],[73.660045,21.88863],[73.660055,21.888627],[73.660061,21.888621],[73.660077,21.888617],[73.660099,21.8886],[73.660104,21.888596],[73.660107,21.888597],[73.660106,21.888594],[73.660111,21.888593],[73.660122,21.888585],[73.660135,21.88858],[73.660178,21.888547],[73.660198,21.888538],[73.660221,21.88852],[73.66023,21.888516],[73.660238,21.888507],[73.660259,21.888497],[73.660264,21.88849],[73.660274,21.888484],[73.660294,21.888478],[73.66031,21.888459],[73.66034,21.888447],[73.660349,21.88844],[73.660355,21.888438],[73.660362,21.888429],[73.660371,21.888423],[73.660386,21.888419],[73.66039,21.888414],[73.660404,21.888406],[73.660408,21.8884],[73.660431,21.888383],[73.660447,21.888367],[73.660464,21.888356],[73.660466,21.888352],[73.660475,21.888348],[73.660477,21.888345],[73.660509,21.888324],[73.660521,21.888318],[73.660524,21.888311],[73.66053,21.888312],[73.660533,21.888303],[73.660546,21.888297],[73.660555,21.888287],[73.660562,21.888283],[73.66057,21.888282],[73.660575,21.888276],[73.660581,21.888275],[73.660584,21.888267],[73.660591,21.888262],[73.6606,21.888259],[73.660608,21.888251],[73.660617,21.888249],[73.660622,21.888243],[73.660634,21.888238],[73.660636,21.888232],[73.66064,21.888231],[73.660654,21.88822],[73.660664,21.888216],[73.660667,21.888212],[73.660673,21.888211],[73.660677,21.888206],[73.660687,21.888202],[73.660703,21.888188],[73.660724,21.888176],[73.660746,21.888154],[73.660751,21.888153],[73.660753,21.888147],[73.660761,21.888144],[73.660762,21.888139],[73.660769,21.888136],[73.66077,21.888133],[73.660776,21.88813],[73.660782,21.888121],[73.660791,21.888115],[73.660791,21.888112],[73.660803,21.888104],[73.660816,21.88809],[73.660823,21.888089],[73.660829,21.888077],[73.660833,21.888077],[73.660836,21.888072],[73.660844,21.88807],[73.660851,21.888062],[73.660901,21.888028],[73.660903,21.888022],[73.660925,21.888007],[73.660928,21.888002],[73.660938,21.887997],[73.660946,21.887987],[73.66095,21.887986],[73.660955,21.88798],[73.660964,21.887966],[73.660977,21.887964],[73.660983,21.887955],[73.661012,21.887925],[73.661017,21.887897],[73.660989,21.887874],[73.660974,21.887849],[73.660939,21.887843],[73.660912,21.887851],[73.660835,21.887853],[73.660808,21.887861],[73.660807,21.887863],[73.660792,21.887864],[73.660775,21.887873],[73.660772,21.887872],[73.660767,21.887875],[73.660757,21.887874],[73.66074,21.887879],[73.660718,21.887878],[73.660648,21.887895],[73.660632,21.887897],[73.660609,21.887907],[73.660585,21.887911],[73.66055,21.887926],[73.660519,21.887934],[73.660514,21.887939],[73.660491,21.887946],[73.660486,21.887949],[73.660466,21.887953],[73.660443,21.887965],[73.660419,21.887972],[73.660412,21.887977],[73.660403,21.887979],[73.6604,21.887982],[73.660392,21.887983],[73.660391,21.88798],[73.660371,21.887986],[73.660369,21.887988],[73.660356,21.88799],[73.660343,21.887985],[73.660339,21.887985],[73.660337,21.887989],[73.660332,21.887988],[73.660319,21.887989],[73.660301,21.887984],[73.660282,21.887983],[73.66027,21.887978],[73.66026,21.887977],[73.660258,21.887974],[73.660252,21.887974],[73.660249,21.887972],[73.660243,21.887973],[73.660234,21.887967],[73.660225,21.887965],[73.660223,21.887966],[73.660203,21.887963],[73.660202,21.887957],[73.6602,21.887958],[73.660198,21.887962],[73.660188,21.887959],[73.660182,21.887956],[73.660175,21.887955],[73.660168,21.887951],[73.660168,21.887949],[73.660164,21.88795],[73.660161,21.887949],[73.660156,21.887951],[73.660145,21.887946],[73.660133,21.887946],[73.66013,21.887943],[73.660122,21.887939],[73.660108,21.887941],[73.660098,21.88794],[73.660084,21.887936],[73.660074,21.887937],[73.660067,21.887936],[73.660066,21.887933],[73.660051,21.88793],[73.660044,21.887926],[73.660032,21.88793],[73.660028,21.887927],[73.660024,21.887928],[73.660011,21.88794],[73.659998,21.887943],[73.659979,21.887951],[73.659962,21.887953],[73.659946,21.88796],[73.659912,21.887965],[73.659904,21.887969],[73.659888,21.887972],[73.659883,21.887972],[73.659843,21.887983],[73.659839,21.887982],[73.65982,21.887993],[73.65981,21.887996],[73.659798,21.888005],[73.659786,21.88801],[73.659762,21.888012],[73.659749,21.88801],[73.659742,21.888014],[73.659738,21.888013],[73.659731,21.888018],[73.659698,21.888014],[73.659693,21.888016],[73.659687,21.888014],[73.659675,21.888016],[73.659667,21.888011],[73.659664,21.888013],[73.659654,21.888008],[73.659633,21.888008],[73.659625,21.888004],[73.659607,21.888002],[73.659588,21.887997],[73.659571,21.887997],[73.659561,21.887991],[73.659553,21.887991],[73.65955,21.887987],[73.659542,21.887986],[73.659536,21.88799],[73.659531,21.887986],[73.659519,21.887985],[73.65951,21.88798],[73.659493,21.887982],[73.659474,21.887979],[73.65947,21.887977],[73.659449,21.887979],[73.659418,21.887967],[73.659394,21.887963],[73.65938,21.887956],[73.659369,21.887945],[73.659349,21.887942],[73.659347,21.88794],[73.659331,21.887939],[73.65932,21.887941],[73.659309,21.887938],[73.659291,21.887927],[73.65928,21.887918],[73.65925,21.887906],[73.659235,21.887904],[73.659227,21.887907],[73.659205,21.887904],[73.659199,21.887907],[73.659191,21.887914],[73.659179,21.887918],[73.659174,21.887923],[73.659164,21.887923],[73.659153,21.887921],[73.65913,21.887892],[73.659127,21.88789],[73.659124,21.887882],[73.659114,21.887871],[73.659092,21.887855],[73.659081,21.887849],[73.659051,21.887842],[73.659045,21.887843],[73.659021,21.887843],[73.659009,21.887847],[73.658998,21.887845],[73.658988,21.887838],[73.658969,21.887834],[73.658939,21.8878],[73.658927,21.887796],[73.65892,21.887791],[73.658905,21.887788],[73.658893,21.887781],[73.658878,21.887783],[73.658858,21.887767],[73.658851,21.887764],[73.658847,21.887766],[73.658827,21.887759],[73.658809,21.887757],[73.658798,21.887759],[73.658795,21.887757],[73.658789,21.887759],[73.658781,21.887757],[73.658739,21.887761],[73.65872,21.887768],[73.65871,21.887769],[73.658708,21.887773],[73.658693,21.887777],[73.658685,21.887782],[73.65868,21.887782],[73.658662,21.887788],[73.658645,21.887789],[73.658639,21.887792],[73.658613,21.887797],[73.658566,21.8878],[73.658549,21.887797],[73.658545,21.8878],[73.658538,21.887799],[73.658523,21.887803],[73.658523,21.8878],[73.658518,21.887799],[73.658488,21.887807],[73.658485,21.887806],[73.658478,21.887807],[73.658459,21.887811],[73.658453,21.887816],[73.658428,21.887819],[73.658375,21.887834],[73.658367,21.887839],[73.658332,21.887847],[73.658311,21.887855],[73.658303,21.887864],[73.658293,21.887869],[73.658274,21.887885],[73.658273,21.887887],[73.658243,21.8879],[73.658237,21.887907],[73.658226,21.887912],[73.658219,21.887918],[73.658202,21.887926],[73.658202,21.887929],[73.658198,21.887932],[73.65819,21.887936],[73.658181,21.887936],[73.658175,21.887939],[73.658163,21.887941]]}},{"type":"Feature","properties":{"elevation":79},"geometry":{"type":"LineString","coordinates":[[73.658229,21.888648],[73.658233,21.888652],[73.65823,21.888658],[73.658231,21.888663],[73.658228,21.888667],[73.658231,21.88868],[73.658228,21.888682],[73.658228,21.888684],[73.65824,21.888693],[73.658246,21.888704],[73.658258,21.888705],[73.658273,21.888717],[73.658277,21.888729],[73.658284,21.888725],[73.6583,21.888737],[73.6583,21.888742],[73.658303,21.888741],[73.658325,21.88875],[73.658346,21.888754],[73.65835,21.888758],[73.658375,21.888768],[73.658386,21.888769],[73.658392,21.888773],[73.658404,21.888772],[73.658417,21.888782],[73.658421,21.888782],[73.658427,21.888785],[73.658433,21.888784],[73.658462,21.888795],[73.658471,21.888792],[73.658496,21.888795],[73.658516,21.888793],[73.658525,21.888796],[73.658554,21.888794],[73.658571,21.888798],[73.658577,21.888797],[73.658578,21.888794],[73.658575,21.888792],[73.658579,21.888791],[73.658589,21.888795],[73.658607,21.888793],[73.658626,21.888795],[73.658636,21.888792],[73.658639,21.888794],[73.65867,21.888794],[73.658682,21.888787],[73.658699,21.888788],[73.658717,21.888781],[73.658747,21.888778],[73.658769,21.88877],[73.658773,21.888764],[73.658791,21.888757],[73.658805,21.888745],[73.658817,21.888743],[73.658823,21.888747],[73.658829,21.888755],[73.658836,21.888757],[73.65884,21.888762],[73.658859,21.888769],[73.658879,21.888787],[73.658879,21.888791],[73.658885,21.888794],[73.658886,21.8888],[73.6589,21.888804],[73.65891,21.888809],[73.658924,21.888811],[73.658939,21.88882],[73.658941,21.888824],[73.658944,21.888823],[73.658967,21.888835],[73.658974,21.888835],[73.658988,21.888847],[73.658997,21.888847],[73.659003,21.88885],[73.659011,21.888851],[73.659015,21.888858],[73.659019,21.888856],[73.659034,21.888861],[73.659042,21.888861],[73.659047,21.888864],[73.659053,21.888864],[73.659056,21.888866],[73.659078,21.888864],[73.659092,21.888867],[73.659103,21.888866],[73.659125,21.88887],[73.659136,21.888868],[73.659153,21.888868],[73.659161,21.888865],[73.659169,21.888865],[73.659178,21.888861],[73.659207,21.888861],[73.659237,21.888857],[73.659251,21.888859],[73.659258,21.888856],[73.659327,21.888853],[73.659363,21.888842],[73.659373,21.888841],[73.659375,21.888843],[73.659377,21.88884],[73.659386,21.888837],[73.65941,21.888833],[73.659431,21.888826],[73.659433,21.888823],[73.659442,21.888819],[73.659464,21.888813],[73.659467,21.888814],[73.65947,21.88881],[73.659482,21.888809],[73.659508,21.888801],[73.659516,21.888802],[73.659561,21.888791],[73.65957,21.888791],[73.659588,21.888786],[73.659602,21.888789],[73.659614,21.888784],[73.659652,21.888778],[73.659699,21.888763],[73.659715,21.888755],[73.659721,21.888756],[73.659741,21.888752],[73.659778,21.888736],[73.659844,21.888717],[73.659849,21.888712],[73.659859,21.888712],[73.659862,21.888708],[73.659868,21.888709],[73.659889,21.8887],[73.659899,21.8887],[73.659942,21.888686],[73.659946,21.888687],[73.659955,21.888681],[73.659962,21.888681],[73.65997,21.888677],[73.65998,21.888678],[73.659988,21.888674],[73.660005,21.88867],[73.660026,21.888661],[73.660037,21.888659],[73.66005,21.888651],[73.660065,21.888647],[73.660071,21.888643],[73.660082,21.88864],[73.660108,21.888625],[73.660117,21.888622],[73.660127,21.888615],[73.660132,21.888616],[73.660138,21.88861],[73.660144,21.888611],[73.660164,21.888595],[73.660167,21.888595],[73.660174,21.888589],[73.660192,21.888579],[73.660202,21.888567],[73.660207,21.888566],[73.660229,21.888548],[73.660252,21.888534],[73.660258,21.888533],[73.660269,21.888522],[73.660284,21.888513],[73.660287,21.888515],[73.66029,21.888514],[73.66031,21.888494],[73.660322,21.888484],[73.660335,21.888481],[73.660339,21.888481],[73.660351,21.888468],[73.660358,21.888466],[73.660362,21.888462],[73.66038,21.888452],[73.660388,21.888444],[73.660392,21.888443],[73.660399,21.888434],[73.660425,21.888421],[73.660442,21.888404],[73.660457,21.888392],[73.66046,21.888392],[73.660466,21.888387],[73.66047,21.888387],[73.660474,21.888381],[73.660487,21.888372],[73.66049,21.888368],[73.660498,21.888366],[73.660507,21.888359],[73.660512,21.888359],[73.660524,21.888346],[73.660529,21.888346],[73.66054,21.888336],[73.660543,21.888337],[73.660549,21.888332],[73.660553,21.888323],[73.660557,21.888323],[73.660561,21.888318],[73.660564,21.888318],[73.660568,21.888313],[73.660576,21.888312],[73.660582,21.888304],[73.660588,21.888303],[73.6606,21.888292],[73.660606,21.888291],[73.660618,21.888279],[73.660624,21.88828],[73.66063,21.888269],[73.660634,21.888268],[73.660636,21.888261],[73.660644,21.888262],[73.660648,21.888257],[73.660651,21.888257],[73.660651,21.888253],[73.660667,21.888245],[73.660693,21.888226],[73.660705,21.88822],[73.660708,21.888216],[73.66072,21.88821],[73.660723,21.888205],[73.660727,21.888206],[73.660741,21.888192],[73.660766,21.888174],[73.660771,21.888165],[73.660782,21.888158],[73.660791,21.888146],[73.660815,21.88813],[73.660826,21.888117],[73.660836,21.88811],[73.660843,21.888101],[73.660857,21.888094],[73.660889,21.888061],[73.660941,21.888026],[73.660951,21.888014],[73.660959,21.888011],[73.660974,21.887994],[73.660981,21.887992],[73.660988,21.887986],[73.660991,21.887976],[73.661007,21.887967],[73.661014,21.887961],[73.661016,21.887956],[73.661025,21.887949],[73.661033,21.887938],[73.661043,21.887929],[73.661047,21.887916],[73.661054,21.887902],[73.661051,21.887897],[73.661028,21.887892],[73.661009,21.887883],[73.660994,21.887868],[73.660992,21.887855],[73.660989,21.887851],[73.660983,21.887849],[73.66098,21.887838],[73.660968,21.887833],[73.660938,21.887832],[73.660907,21.887838],[73.660881,21.887837],[73.660868,21.887839],[73.660854,21.887837],[73.660847,21.887839],[73.660824,21.887841],[73.660815,21.887844],[73.660794,21.887847],[73.660783,21.88785],[73.660779,21.887854],[73.660775,21.887853],[73.660744,21.887861],[73.660737,21.887858],[73.660713,21.887861],[73.660707,21.887865],[73.660691,21.887866],[73.660688,21.887868],[73.660683,21.887867],[73.660675,21.88787],[73.660659,21.887871],[73.660652,21.887876],[73.660636,21.887876],[73.660606,21.887885],[73.660595,21.887885],[73.660574,21.887893],[73.660567,21.887893],[73.660557,21.887898],[73.660552,21.887898],[73.660548,21.887902],[73.660522,21.887905],[73.660501,21.887918],[73.660477,21.887926],[73.660463,21.887934],[73.660441,21.887941],[73.660438,21.887944],[73.660433,21.887943],[73.660423,21.887949],[73.660406,21.887951],[73.660401,21.887954],[73.660389,21.887951],[73.660384,21.887955],[73.660383,21.88796],[73.660381,21.887962],[73.660375,21.887959],[73.660362,21.887962],[73.660355,21.887959],[73.660351,21.887962],[73.660342,21.887961],[73.66034,21.887964],[73.660335,21.887965],[73.660327,21.887963],[73.660321,21.887964],[73.6603,21.887962],[73.660298,21.887959],[73.660293,21.88796],[73.660271,21.88795],[73.660244,21.887947],[73.660238,21.887942],[73.66023,21.887943],[73.66021,21.887934],[73.660204,21.887935],[73.660201,21.887932],[73.660198,21.887934],[73.660178,21.887929],[73.660175,21.887926],[73.660167,21.887928],[73.660167,21.887924],[73.660164,21.887922],[73.660155,21.887922],[73.660151,21.887919],[73.66014,21.887921],[73.660126,21.887916],[73.660123,21.887918],[73.660113,21.887914],[73.660102,21.887913],[73.660097,21.88791],[73.660082,21.887911],[73.660062,21.887906],[73.660049,21.887906],[73.660048,21.887903],[73.660042,21.887902],[73.660013,21.887908],[73.66001,21.887917],[73.659991,21.887925],[73.659981,21.887926],[73.659958,21.887936],[73.659924,21.88794],[73.659911,21.887945],[73.659908,21.887942],[73.6599,21.887943],[73.659897,21.887947],[73.659886,21.887949],[73.659875,21.887949],[73.659868,21.887953],[73.65985,21.887953],[73.659842,21.88796],[73.659832,21.887961],[73.65983,21.887966],[73.659827,21.887966],[73.659816,21.887974],[73.659791,21.887982],[73.659783,21.887988],[73.659772,21.887989],[73.659767,21.887987],[73.659757,21.887991],[73.659745,21.887989],[73.659742,21.887992],[73.659734,21.887992],[73.659734,21.887996],[73.659727,21.887998],[73.659699,21.887995],[73.659694,21.887991],[73.659685,21.887992],[73.659674,21.887998],[73.659665,21.887991],[73.659647,21.88799],[73.659633,21.887987],[73.659622,21.887989],[73.659608,21.887981],[73.659599,21.887982],[73.659584,21.887978],[73.659577,21.88798],[73.659569,21.887977],[73.659566,21.887978],[73.659554,21.887969],[73.659539,21.887966],[73.659501,21.887966],[73.659493,21.887963],[73.659482,21.887963],[73.659476,21.887965],[73.659466,21.887962],[73.659456,21.887963],[73.659444,21.887958],[73.659434,21.88796],[73.659424,21.887958],[73.659404,21.887945],[73.659395,21.887945],[73.659393,21.887942],[73.659383,21.887939],[73.659378,21.88794],[73.659371,21.887934],[73.65936,21.887933],[73.659352,21.88793],[73.659335,21.887931],[73.65933,21.887928],[73.659315,21.887928],[73.659303,21.887925],[73.659295,21.887921],[73.659289,21.887914],[73.659267,21.887907],[73.659258,21.887901],[73.659208,21.887897],[73.659175,21.887911],[73.659159,21.887912],[73.659153,21.887908],[73.659142,21.887894],[73.659141,21.887889],[73.659122,21.887863],[73.659096,21.887845],[73.65906,21.887832],[73.659037,21.88783],[73.659032,21.887832],[73.65901,21.887829],[73.658995,21.887831],[73.658975,21.887816],[73.658964,21.887812],[73.658946,21.887787],[73.658934,21.887782],[73.658911,21.887779],[73.658888,21.887771],[73.658872,21.887763],[73.658856,21.887748],[73.658844,21.887744],[73.658839,21.887746],[73.658833,21.887742],[73.658814,21.887743],[73.658786,21.887741],[73.658773,21.887744],[73.658728,21.887747],[73.658716,21.887753],[73.658696,21.887758],[73.658688,21.887762],[73.658632,21.887775],[73.658603,21.887785],[73.658579,21.887786],[73.658574,21.887784],[73.658567,21.887786],[73.658562,21.887783],[73.658535,21.887784],[73.658513,21.887779],[73.65851,21.887783],[73.658503,21.887787],[73.658492,21.887789],[73.658481,21.887788],[73.658469,21.887793],[73.658451,21.887796],[73.658432,21.887805],[73.658394,21.887809],[73.658387,21.887813],[73.658382,21.887812],[73.658339,21.88783],[73.658328,21.887831],[73.658309,21.887837],[73.658289,21.887854],[73.658265,21.887867],[73.658262,21.887871],[73.658245,21.887881],[73.658241,21.887881],[73.658224,21.887893],[73.65822,21.887894],[73.658212,21.887892],[73.658199,21.887904],[73.658194,21.8879],[73.658187,21.887908],[73.658179,21.887909],[73.658173,21.887914],[73.658169,21.887912]]}},{"type":"Feature","properties":{"elevation":78},"geometry":{"type":"LineString","coordinates":[[73.658211,21.888728],[73.658216,21.888732],[73.658225,21.888746],[73.658234,21.888755],[73.658236,21.888762],[73.658243,21.88876],[73.658254,21.88877],[73.658258,21.888769],[73.658261,21.888773],[73.658269,21.888766],[73.658274,21.888776],[73.658287,21.888775],[73.658288,21.888772],[73.658294,21.888768],[73.658305,21.888772],[73.658306,21.88878],[73.65831,21.888779],[73.658323,21.888785],[73.658355,21.888792],[73.658382,21.888805],[73.658389,21.888804],[73.658394,21.888808],[73.658399,21.888807],[73.658405,21.888809],[73.658411,21.888807],[73.658412,21.88881],[73.658423,21.888813],[73.658428,21.888816],[73.658443,21.888816],[73.658454,21.88882],[73.658467,21.888818],[73.658501,21.88882],[73.658509,21.888823],[73.658541,21.888825],[73.658545,21.888822],[73.658555,21.888821],[73.658564,21.888824],[73.658577,21.888822],[73.658584,21.888819],[73.658627,21.888816],[73.658638,21.888812],[73.658702,21.888809],[73.658724,21.888804],[73.658736,21.888805],[73.658748,21.8888],[73.658768,21.888803],[73.658779,21.888802],[73.658792,21.888811],[73.658802,21.888806],[73.658801,21.888798],[73.658805,21.888783],[73.658813,21.888772],[73.658817,21.888781],[73.658833,21.888791],[73.658832,21.888794],[73.658836,21.888795],[73.658841,21.888802],[73.658844,21.8888],[73.658847,21.8888],[73.658856,21.888812],[73.658857,21.888816],[73.65887,21.88882],[73.65887,21.888827],[73.658875,21.88883],[73.658878,21.888836],[73.65889,21.888844],[73.658893,21.888849],[73.658891,21.888851],[73.658896,21.888853],[73.658893,21.888849],[73.658896,21.888846],[73.658903,21.888847],[73.65891,21.888845],[73.658918,21.888847],[73.658923,21.888854],[73.658931,21.888858],[73.658933,21.888853],[73.658937,21.888852],[73.658948,21.888857],[73.65895,21.888866],[73.658961,21.88886],[73.65897,21.888863],[73.658973,21.888867],[73.658969,21.888873],[73.65897,21.888875],[73.658978,21.888876],[73.658989,21.888873],[73.658992,21.888869],[73.659001,21.888872],[73.659005,21.888875],[73.659004,21.888878],[73.658999,21.888878],[73.658992,21.888875],[73.658998,21.888883],[73.659012,21.888887],[73.659013,21.888882],[73.659018,21.888881],[73.659025,21.888885],[73.659029,21.888893],[73.659043,21.888891],[73.659058,21.888894],[73.659067,21.888892],[73.659091,21.888894],[73.659097,21.888896],[73.659108,21.888894],[73.659117,21.888896],[73.659145,21.888887],[73.65915,21.888891],[73.659155,21.888887],[73.6592,21.888882],[73.659204,21.888884],[73.659214,21.888881],[73.659257,21.888875],[73.659275,21.888877],[73.65928,21.888873],[73.659309,21.888876],[73.659319,21.888871],[73.65934,21.88887],[73.65935,21.888866],[73.659362,21.888864],[73.659377,21.888858],[73.659396,21.888857],[73.659418,21.888852],[73.659458,21.888839],[73.659466,21.888841],[73.659472,21.888833],[73.659488,21.88883],[73.659491,21.888827],[73.659509,21.888821],[73.659522,21.888821],[73.659538,21.888815],[73.65956,21.888814],[73.65957,21.888808],[73.659577,21.888809],[73.659594,21.888805],[73.659604,21.888807],[73.659623,21.888803],[73.659629,21.8888],[73.65964,21.8888],[73.659647,21.888797],[73.659684,21.88879],[73.659699,21.888781],[73.659735,21.888774],[73.659761,21.888762],[73.659782,21.888757],[73.659793,21.88875],[73.659796,21.888751],[73.659801,21.888747],[73.659808,21.888745],[73.659811,21.888748],[73.659817,21.888745],[73.659824,21.888744],[73.659849,21.888733],[73.659857,21.888731],[73.659861,21.888732],[73.659884,21.888726],[73.659898,21.888719],[73.659901,21.888719],[73.659912,21.888714],[73.659919,21.888714],[73.65994,21.888708],[73.659963,21.888698],[73.659972,21.888699],[73.659994,21.888693],[73.660006,21.888687],[73.660019,21.888687],[73.660027,21.888682],[73.660033,21.888683],[73.660036,21.88868],[73.660057,21.888676],[73.660065,21.888671],[73.660078,21.888668],[73.660084,21.888662],[73.660088,21.888663],[73.660107,21.888653],[73.660116,21.888653],[73.660119,21.888648],[73.660137,21.888643],[73.66014,21.888639],[73.660147,21.888639],[73.660161,21.888632],[73.660164,21.888632],[73.660165,21.888629],[73.66017,21.888626],[73.66019,21.888624],[73.660191,21.888618],[73.660197,21.888613],[73.660202,21.888614],[73.660202,21.88861],[73.660207,21.888606],[73.660228,21.888594],[73.660232,21.888595],[73.660234,21.88859],[73.660252,21.888576],[73.660255,21.888571],[73.660299,21.888542],[73.660306,21.888531],[73.660319,21.888524],[73.660336,21.888521],[73.660342,21.888513],[73.660363,21.888498],[73.660364,21.888504],[73.66037,21.888496],[73.660373,21.888498],[73.660373,21.888492],[73.660378,21.888486],[73.660383,21.888486],[73.660396,21.888474],[73.660409,21.888464],[73.660417,21.888463],[73.660422,21.888459],[73.660423,21.888454],[73.660432,21.888448],[73.660441,21.888443],[73.660448,21.888445],[73.660459,21.888433],[73.660466,21.888431],[73.660466,21.888427],[73.660479,21.888418],[73.66049,21.888415],[73.6605,21.888402],[73.660508,21.888402],[73.660528,21.888388],[73.660534,21.888393],[73.660537,21.888382],[73.660554,21.888375],[73.660564,21.888367],[73.660566,21.888362],[73.660577,21.888354],[73.660581,21.888348],[73.660589,21.888344],[73.660596,21.888338],[73.660598,21.888341],[73.660601,21.888333],[73.660619,21.888324],[73.660623,21.888318],[73.660623,21.888322],[73.660625,21.888321],[73.660629,21.888318],[73.660626,21.888314],[73.660629,21.888314],[73.660632,21.888309],[73.660634,21.888311],[73.660637,21.888309],[73.660644,21.888299],[73.660652,21.8883],[73.660654,21.888297],[73.660659,21.888295],[73.660658,21.88829],[73.660664,21.888289],[73.660665,21.888286],[73.660672,21.888288],[73.660674,21.888283],[73.660677,21.888284],[73.660677,21.888282],[73.660682,21.888277],[73.660687,21.888276],[73.660688,21.88827],[73.660692,21.888265],[73.660711,21.888251],[73.660718,21.88825],[73.660726,21.888238],[73.660742,21.888231],[73.660742,21.888227],[73.660747,21.888229],[73.660755,21.888225],[73.66076,21.888213],[73.660768,21.888212],[73.660769,21.888207],[73.660772,21.888208],[73.660773,21.888205],[73.660778,21.888204],[73.660784,21.888197],[73.660787,21.888198],[73.66079,21.888189],[73.660801,21.888183],[73.660828,21.888155],[73.660836,21.888152],[73.660844,21.888144],[73.660847,21.888144],[73.660848,21.888139],[73.660864,21.888125],[73.660867,21.888125],[73.660871,21.888117],[73.660876,21.888115],[73.66088,21.888106],[73.660897,21.888091],[73.660911,21.888084],[73.660916,21.888077],[73.660921,21.888076],[73.660932,21.888068],[73.660938,21.888059],[73.660948,21.888053],[73.66098,21.888023],[73.660997,21.88802],[73.660998,21.88801],[73.661018,21.887991],[73.661021,21.887982],[73.661037,21.887979],[73.661041,21.887968],[73.661048,21.887964],[73.661056,21.887954],[73.66106,21.887954],[73.661062,21.887948],[73.661067,21.887947],[73.661074,21.887933],[73.661082,21.887924],[73.66108,21.887917],[73.661088,21.887912],[73.661085,21.887909],[73.661087,21.887905],[73.661087,21.887899],[73.66108,21.887891],[73.661073,21.887887],[73.661064,21.887885],[73.661055,21.887887],[73.661048,21.887885],[73.66103,21.887884],[73.661028,21.887881],[73.661005,21.887871],[73.660999,21.88786],[73.660997,21.887842],[73.660994,21.887839],[73.660988,21.887822],[73.660984,21.887819],[73.660963,21.887816],[73.660916,21.887823],[73.660909,21.887824],[73.660905,21.887821],[73.660866,21.887822],[73.660846,21.887827],[73.660832,21.887826],[73.66081,21.88783],[73.6608,21.88783],[73.660774,21.887836],[73.660765,21.887843],[73.660762,21.887841],[73.660755,21.88784],[73.660739,21.887844],[73.660716,21.887845],[73.660707,21.88785],[73.660686,21.887851],[73.660663,21.887859],[73.660624,21.887862],[73.66059,21.887871],[73.660572,21.887871],[73.660557,21.887876],[73.66054,21.887878],[73.660536,21.887883],[73.660525,21.887887],[73.660503,21.887891],[73.660479,21.887904],[73.660463,21.887908],[73.660452,21.887914],[73.660443,21.887914],[73.66043,21.887922],[73.660421,21.88792],[73.660407,21.887927],[73.660393,21.887931],[73.660378,21.887931],[73.660374,21.887934],[73.660363,21.887937],[73.660346,21.887936],[73.660338,21.887939],[73.660328,21.887936],[73.660324,21.887939],[73.660291,21.887929],[73.660276,21.887931],[73.660272,21.887927],[73.660267,21.88793],[73.660251,21.887922],[73.660235,21.887922],[73.660229,21.887918],[73.660219,21.887918],[73.660208,21.887913],[73.660195,21.887914],[73.660194,21.88791],[73.660184,21.88791],[73.660176,21.887906],[73.660168,21.887898],[73.660139,21.887892],[73.660124,21.887886],[73.660098,21.887888],[73.660091,21.887884],[73.660081,21.887882],[73.660049,21.887883],[73.660044,21.887885],[73.660037,21.887883],[73.660031,21.887887],[73.660021,21.887885],[73.660011,21.887888],[73.660005,21.88789],[73.660004,21.887894],[73.659992,21.887903],[73.659984,21.887907],[73.659968,21.88791],[73.659957,21.887916],[73.659925,21.887923],[73.659914,21.887922],[73.659903,21.887923],[73.659896,21.887929],[73.659878,21.887925],[73.659868,21.887927],[73.659858,21.887933],[73.659852,21.887931],[73.659843,21.887933],[73.659841,21.887936],[73.659828,21.88794],[73.65983,21.887945],[73.659828,21.887947],[73.659811,21.887954],[73.659807,21.887954],[73.659805,21.887957],[73.659796,21.887962],[73.659772,21.887971],[73.659766,21.887969],[73.65975,21.887971],[73.659742,21.88797],[73.659731,21.887973],[73.659723,21.887971],[73.65972,21.887974],[73.6597,21.887974],[73.659689,21.887972],[73.659669,21.887974],[73.659659,21.887973],[73.659656,21.88797],[73.659638,21.88797],[73.65963,21.887965],[73.659617,21.887966],[73.659599,21.887962],[73.659596,21.887964],[73.659584,21.887957],[73.659578,21.887959],[73.659572,21.887956],[73.659562,21.887956],[73.659553,21.887951],[73.659517,21.887948],[73.659509,21.887945],[73.65949,21.887948],[73.659474,21.887945],[73.659467,21.887942],[73.65946,21.887944],[73.659458,21.887947],[73.659441,21.887949],[73.659433,21.887945],[73.659417,21.887941],[73.6594,21.887932],[73.659396,21.887933],[73.659384,21.887928],[73.659373,21.887926],[73.659365,21.887927],[73.659337,21.88792],[73.659327,21.88792],[73.65931,21.887915],[73.659306,21.887911],[73.6593,21.887912],[73.659295,21.887909],[73.659284,21.887908],[73.659255,21.887894],[73.659243,21.887894],[73.659233,21.887891],[73.659221,21.887892],[73.659216,21.88789],[73.659197,21.887893],[73.659173,21.8879],[73.659165,21.887898],[73.659153,21.887889],[73.659151,21.887881],[73.659131,21.887864],[73.659123,21.88785],[73.659116,21.887845],[73.659097,21.887838],[73.659092,21.887834],[73.659086,21.887833],[73.659075,21.887825],[73.659069,21.887822],[73.659057,21.88782],[73.659046,21.88782],[73.65904,21.887823],[73.659002,21.887819],[73.658976,21.887805],[73.658969,21.887795],[73.658962,21.887793],[73.658954,21.887777],[73.658944,21.887771],[73.658919,21.887766],[73.658898,21.887765],[73.658885,21.887761],[73.65885,21.887733],[73.658828,21.887726],[73.658821,21.887725],[73.658737,21.887731],[73.65871,21.88774],[73.658703,21.887738],[73.658671,21.887753],[73.658656,21.887752],[73.658641,21.887756],[73.658624,21.887765],[73.6586,21.887771],[73.658545,21.887771],[73.658533,21.887767],[73.658506,21.887764],[73.658495,21.887765],[73.65849,21.887769],[73.658475,21.887769],[73.658464,21.887776],[73.658446,21.887778],[73.658432,21.887784],[73.658406,21.887784],[73.65839,21.887791],[73.658378,21.887792],[73.65837,21.887798],[73.65836,21.887799],[73.658335,21.887812],[73.658321,21.887815],[73.658309,21.88782],[73.658283,21.88784],[73.658277,21.887842],[73.658278,21.887839],[73.65827,21.887846],[73.658266,21.887845],[73.658247,21.887856],[73.658233,21.88787],[73.658212,21.887876],[73.658208,21.887874],[73.658204,21.887877],[73.658199,21.887875],[73.658189,21.887884],[73.658181,21.887882],[73.658176,21.887882]]}},{"type":"Feature","properties":{"elevation":77},"geometry":{"type":"LineString","coordinates":[[73.658196,21.888791],[73.658201,21.888791],[73.658206,21.888777],[73.658214,21.888791],[73.658224,21.888795],[73.658222,21.888797],[73.658225,21.888803],[73.658234,21.8888],[73.65824,21.888795],[73.658248,21.888795],[73.658258,21.888799],[73.658258,21.888805],[73.658262,21.888807],[73.658261,21.888811],[73.658268,21.888814],[73.658276,21.888805],[73.658284,21.888805],[73.65829,21.888808],[73.658292,21.888816],[73.658314,21.888815],[73.658326,21.888823],[73.658334,21.888827],[73.658338,21.888827],[73.658342,21.888831],[73.65836,21.888833],[73.658363,21.888837],[73.658369,21.888836],[73.658373,21.888841],[73.658381,21.888842],[73.658387,21.88884],[73.658387,21.888833],[73.658393,21.888831],[73.658403,21.888834],[73.658408,21.888842],[73.658419,21.888846],[73.658421,21.888844],[73.658418,21.888839],[73.658419,21.888836],[73.658433,21.888836],[73.658436,21.888838],[73.658438,21.888846],[73.658441,21.888848],[73.658448,21.888846],[73.658449,21.888851],[73.658452,21.888853],[73.658457,21.888849],[73.658454,21.888846],[73.658454,21.888843],[73.658461,21.88884],[73.658465,21.888841],[73.658468,21.888847],[73.65847,21.888848],[73.658484,21.888847],[73.65849,21.888848],[73.658492,21.888843],[73.658497,21.888842],[73.658505,21.888844],[73.658512,21.888849],[73.658519,21.888849],[73.658521,21.888845],[73.658528,21.888842],[73.658544,21.888849],[73.658562,21.888843],[73.658592,21.888841],[73.658604,21.888834],[73.65861,21.888834],[73.658614,21.888838],[73.658618,21.888839],[73.65862,21.888837],[73.658661,21.888831],[73.658685,21.888833],[73.658695,21.888826],[73.658721,21.888834],[73.658726,21.888832],[73.658732,21.888833],[73.658736,21.888828],[73.658745,21.88883],[73.65875,21.888834],[73.658749,21.888841],[73.658753,21.888841],[73.658759,21.888847],[73.658764,21.888843],[73.658773,21.888844],[73.65878,21.88885],[73.658789,21.888851],[73.658792,21.888854],[73.658801,21.888856],[73.658805,21.888852],[73.658802,21.888841],[73.658806,21.888838],[73.65881,21.888829],[73.658815,21.888824],[73.65882,21.888824],[73.658822,21.88882],[73.658826,21.888819],[73.658833,21.888826],[73.658838,21.888836],[73.658839,21.888845],[73.658834,21.88885],[73.658828,21.888846],[73.658825,21.888853],[73.658817,21.88885],[73.658824,21.888862],[73.658828,21.888862],[73.658832,21.88886],[73.658835,21.888863],[73.658842,21.888861],[73.658851,21.888864],[73.658854,21.888868],[73.658853,21.888873],[73.658857,21.888874],[73.658859,21.888872],[73.658866,21.888877],[73.65887,21.888875],[73.658871,21.888868],[73.658881,21.888868],[73.658887,21.888872],[73.658888,21.888874],[73.65888,21.888885],[73.658886,21.888885],[73.658889,21.888889],[73.658899,21.888893],[73.658912,21.888889],[73.658919,21.888896],[73.658938,21.888898],[73.658946,21.888904],[73.658954,21.888898],[73.658952,21.888892],[73.658957,21.888892],[73.65896,21.888894],[73.658957,21.888898],[73.658977,21.888903],[73.658983,21.888915],[73.659016,21.888915],[73.659025,21.888922],[73.659031,21.888923],[73.659047,21.888919],[73.65905,21.888921],[73.65906,21.888923],[73.659069,21.888919],[73.659083,21.888922],[73.659096,21.888918],[73.659119,21.888915],[73.659132,21.888916],[73.659147,21.88891],[73.659178,21.888907],[73.659196,21.888901],[73.659218,21.888901],[73.659227,21.888898],[73.659241,21.888899],[73.659246,21.888896],[73.659263,21.888894],[73.659274,21.888896],[73.659291,21.888892],[73.659324,21.888891],[73.659344,21.888886],[73.659379,21.888883],[73.659394,21.888873],[73.659422,21.888868],[73.659427,21.888865],[73.659434,21.888866],[73.659446,21.888859],[73.65945,21.88886],[73.659453,21.888858],[73.659476,21.888855],[73.659482,21.888851],[73.659494,21.888848],[73.659503,21.888843],[73.65952,21.888842],[73.65954,21.888834],[73.659551,21.888835],[73.659561,21.888832],[73.659575,21.888832],[73.659594,21.888825],[73.659603,21.888825],[73.659622,21.888819],[73.659635,21.888821],[73.659665,21.888811],[73.659683,21.888808],[73.659694,21.888803],[73.659733,21.888793],[73.659745,21.888786],[73.659754,21.888786],[73.659788,21.888773],[73.659825,21.888764],[73.65984,21.888757],[73.659855,21.888755],[73.65986,21.888751],[73.659883,21.888749],[73.659886,21.888745],[73.659892,21.888745],[73.6599,21.888739],[73.659919,21.888731],[73.659922,21.888732],[73.65994,21.888728],[73.659946,21.888724],[73.659969,21.888718],[73.659978,21.888714],[73.659988,21.888713],[73.659992,21.88871],[73.659995,21.888711],[73.659999,21.888708],[73.660016,21.888705],[73.66002,21.888702],[73.660056,21.888697],[73.660062,21.888694],[73.660065,21.88869],[73.660076,21.888692],[73.66008,21.888689],[73.660088,21.888692],[73.660104,21.888685],[73.660109,21.888681],[73.660114,21.888682],[73.660122,21.888681],[73.660138,21.888666],[73.660146,21.888665],[73.660169,21.888655],[73.660181,21.888655],[73.660193,21.88865],[73.660201,21.888643],[73.660213,21.88864],[73.660215,21.888635],[73.660226,21.888627],[73.66024,21.888625],[73.660238,21.88862],[73.660244,21.88862],[73.660249,21.888615],[73.660257,21.888616],[73.660259,21.888612],[73.660253,21.888611],[73.660254,21.888609],[73.66027,21.888602],[73.660287,21.888589],[73.660294,21.888588],[73.660301,21.888582],[73.660304,21.888575],[73.66031,21.888569],[73.66032,21.888568],[73.66035,21.888547],[73.660355,21.888548],[73.660356,21.888544],[73.660367,21.888539],[73.660368,21.888536],[73.660375,21.888532],[73.660394,21.888522],[73.660402,21.888512],[73.660407,21.888509],[73.660412,21.888509],[73.660428,21.888496],[73.660444,21.88849],[73.660447,21.888484],[73.660452,21.888484],[73.66046,21.888476],[73.660458,21.888474],[73.660461,21.88847],[73.660468,21.888467],[73.660472,21.888457],[73.660482,21.888453],[73.660498,21.888441],[73.660505,21.888441],[73.660506,21.888436],[73.66051,21.888434],[73.660515,21.888434],[73.660537,21.888418],[73.660546,21.888416],[73.660552,21.888409],[73.660561,21.888407],[73.660567,21.888401],[73.660574,21.888399],[73.660582,21.888392],[73.660585,21.888385],[73.660612,21.88837],[73.660615,21.888364],[73.660624,21.888365],[73.660622,21.888361],[73.660625,21.888361],[73.660629,21.888355],[73.660636,21.888354],[73.660639,21.888349],[73.660645,21.888344],[73.660662,21.888334],[73.66067,21.888334],[73.66068,21.888321],[73.660682,21.888323],[73.660694,21.888317],[73.660703,21.888304],[73.660725,21.888289],[73.660726,21.888284],[73.660734,21.888283],[73.660752,21.888267],[73.660753,21.888264],[73.660761,21.888261],[73.66077,21.888253],[73.660771,21.888247],[73.660782,21.888238],[73.660786,21.888238],[73.660789,21.888234],[73.660794,21.888233],[73.660798,21.888225],[73.660811,21.888217],[73.660811,21.888213],[73.660816,21.888208],[73.66082,21.888205],[73.660824,21.888205],[73.660828,21.888201],[73.660833,21.888198],[73.660836,21.888191],[73.660841,21.88819],[73.660843,21.888185],[73.660851,21.888181],[73.660856,21.888174],[73.660867,21.888169],[73.660869,21.888164],[73.660877,21.888161],[73.660884,21.888149],[73.660889,21.88815],[73.660887,21.888147],[73.660891,21.888139],[73.6609,21.888133],[73.660902,21.888134],[73.660904,21.88813],[73.660913,21.888124],[73.660914,21.888121],[73.660932,21.888108],[73.660936,21.888099],[73.660945,21.888095],[73.660966,21.888073],[73.661005,21.888047],[73.661008,21.888038],[73.661044,21.888006],[73.661052,21.887992],[73.661071,21.887986],[73.661071,21.887977],[73.661082,21.887967],[73.66109,21.887962],[73.661093,21.887958],[73.661102,21.887955],[73.66111,21.887945],[73.661111,21.887939],[73.66112,21.887929],[73.661121,21.887921],[73.661118,21.887916],[73.661126,21.887908],[73.66112,21.887896],[73.661095,21.887885],[73.661095,21.88788],[73.66107,21.887871],[73.661053,21.887875],[73.661053,21.887868],[73.661058,21.887863],[73.661057,21.887858],[73.661059,21.887853],[73.661055,21.88785],[73.661053,21.887843],[73.661054,21.887832],[73.661049,21.887831],[73.661048,21.887827],[73.66104,21.887822],[73.661035,21.887819],[73.661033,21.887822],[73.661027,21.88782],[73.661021,21.887822],[73.661016,21.887821],[73.66101,21.887806],[73.661003,21.887803],[73.660964,21.887804],[73.660957,21.887802],[73.660888,21.887812],[73.66087,21.88781],[73.660809,21.887818],[73.660804,21.887815],[73.660799,21.887816],[73.6608,21.887819],[73.660798,21.887821],[73.660756,21.887829],[73.660736,21.887832],[73.660716,21.887829],[73.66071,21.887834],[73.660704,21.887832],[73.660684,21.887836],[73.660679,21.887838],[73.660601,21.887846],[73.660594,21.887849],[73.66057,21.887852],[73.660544,21.887862],[73.660528,21.887863],[73.66051,21.887871],[73.660479,21.887878],[73.660466,21.887885],[73.660453,21.887885],[73.660441,21.887888],[73.660432,21.887896],[73.660424,21.887898],[73.660423,21.887896],[73.660415,21.887902],[73.660405,21.887903],[73.660387,21.88791],[73.660348,21.887913],[73.660342,21.887915],[73.660316,21.887911],[73.660307,21.887912],[73.660286,21.887906],[73.660251,21.887904],[73.660229,21.887897],[73.660217,21.887898],[73.660203,21.88789],[73.6602,21.887886],[73.660197,21.887886],[73.660194,21.887881],[73.660189,21.887879],[73.660185,21.88788],[73.660174,21.88787],[73.660151,21.887866],[73.66013,21.887858],[73.660104,21.887859],[73.66009,21.887863],[73.660078,21.887861],[73.660071,21.887864],[73.660061,21.887863],[73.660055,21.887864],[73.660048,21.887862],[73.660029,21.887866],[73.660025,21.887865],[73.660007,21.887872],[73.660003,21.887876],[73.659989,21.887878],[73.659982,21.887884],[73.659975,21.887885],[73.659971,21.887888],[73.659961,21.887891],[73.659953,21.887897],[73.659932,21.887901],[73.659907,21.88791],[73.659899,21.887908],[73.659884,21.887916],[73.659852,21.887919],[73.659838,21.887927],[73.659823,21.88793],[73.659817,21.887935],[73.659812,21.887934],[73.659809,21.887936],[73.659797,21.887938],[73.659786,21.887945],[73.659767,21.887946],[73.659758,21.887952],[73.65974,21.887952],[73.659732,21.887954],[73.659729,21.887952],[73.659719,21.887955],[73.659719,21.887957],[73.659723,21.887955],[73.659723,21.887957],[73.6597,21.887958],[73.659666,21.887948],[73.659659,21.887951],[73.65965,21.88795],[73.659646,21.887953],[73.65964,21.887953],[73.659625,21.88795],[73.659616,21.887945],[73.659608,21.887947],[73.659601,21.887942],[73.65957,21.887936],[73.659551,21.887938],[73.659525,21.887933],[73.659513,21.887935],[73.659501,21.887928],[73.659488,21.887928],[73.659479,21.887932],[73.659472,21.88793],[73.65946,21.887931],[73.659448,21.887928],[73.659442,21.88793],[73.659437,21.887928],[73.659419,21.88793],[73.659413,21.887924],[73.659405,21.887921],[73.659399,21.887921],[73.65939,21.887916],[73.659383,21.887916],[73.659364,21.887912],[73.659356,21.887912],[73.659333,21.887905],[73.659321,21.887906],[73.659307,21.887901],[73.659294,21.887901],[73.65929,21.887898],[73.659284,21.887899],[73.659241,21.887884],[73.659229,21.887885],[73.659217,21.887883],[73.659184,21.88789],[73.659175,21.887889],[73.659157,21.887879],[73.659141,21.887855],[73.659121,21.887837],[73.659108,21.88783],[73.659097,21.887826],[73.659092,21.887821],[73.659075,21.887812],[73.65906,21.887809],[73.65904,21.887811],[73.659032,21.887814],[73.659025,21.88781],[73.65901,21.887809],[73.658983,21.887791],[73.658956,21.887762],[73.658933,21.887755],[73.658908,21.887756],[73.658882,21.887744],[73.658865,21.887727],[73.658849,21.88772],[73.658838,21.887715],[73.658797,21.88771],[73.65879,21.887712],[73.658772,21.887711],[73.658727,21.887716],[73.658717,21.88772],[73.658705,21.887722],[73.658694,21.887729],[73.658686,21.887729],[73.658663,21.887742],[73.658624,21.887751],[73.658612,21.88775],[73.658596,21.887755],[73.658563,21.887754],[73.658547,21.887758],[73.658495,21.887747],[73.658468,21.887757],[73.658449,21.887761],[73.658446,21.887759],[73.658443,21.887763],[73.658421,21.887772],[73.658414,21.887769],[73.658399,21.887772],[73.658387,21.887778],[73.658367,21.887777],[73.658339,21.88779],[73.658323,21.887795],[73.658317,21.887802],[73.65831,21.887802],[73.658284,21.887814],[73.658259,21.887829],[73.658249,21.887832],[73.658226,21.887851],[73.658218,21.887853],[73.65821,21.88785],[73.658184,21.887862],[73.65818,21.887862]]}},{"type":"Feature","properties":{"elevation":76},"geometry":{"type":"LineString","coordinates":[[73.658176,21.888876],[73.658179,21.888877],[73.65818,21.888881],[73.658186,21.888879],[73.658188,21.888882],[73.658192,21.888882],[73.658195,21.888885],[73.658209,21.888885],[73.658209,21.888888],[73.658215,21.888892],[73.658218,21.88889],[73.65822,21.888891],[73.658224,21.888899],[73.658227,21.888899],[73.658227,21.888894],[73.65823,21.888894],[73.658232,21.88889],[73.658222,21.888888],[73.658219,21.888884],[73.658223,21.888876],[73.658234,21.888875],[73.658246,21.888878],[73.658247,21.888876],[73.658245,21.888873],[73.658251,21.888869],[73.65826,21.88887],[73.658264,21.888868],[73.658267,21.88887],[73.65828,21.888863],[73.658289,21.888865],[73.658292,21.888868],[73.658302,21.88887],[73.658306,21.888869],[73.658309,21.888872],[73.658312,21.888868],[73.658316,21.888872],[73.658321,21.888868],[73.658313,21.888862],[73.658321,21.888855],[73.658331,21.888855],[73.658336,21.888861],[73.658336,21.888866],[73.65834,21.888864],[73.658345,21.888868],[73.658353,21.888862],[73.658361,21.888864],[73.658364,21.888868],[73.658356,21.888872],[73.658359,21.888877],[73.65837,21.88888],[73.658381,21.888877],[73.658386,21.888879],[73.658388,21.888876],[73.658399,21.888885],[73.658404,21.888881],[73.658408,21.888882],[73.658407,21.888886],[73.65841,21.888888],[73.658412,21.888886],[73.658411,21.888877],[73.65842,21.888873],[73.65843,21.888874],[73.658439,21.888881],[73.658446,21.888881],[73.658452,21.888875],[73.658463,21.888876],[73.658465,21.888878],[73.658464,21.888884],[73.658477,21.888881],[73.658481,21.888884],[73.65849,21.888881],[73.658495,21.888881],[73.658498,21.888877],[73.658501,21.888881],[73.65851,21.888878],[73.658518,21.888879],[73.658525,21.888875],[73.658536,21.888876],[73.658543,21.888875],[73.658549,21.888877],[73.658552,21.888874],[73.658558,21.888876],[73.658561,21.888873],[73.658566,21.888872],[73.658569,21.888875],[73.658574,21.888875],[73.658573,21.888872],[73.658567,21.888868],[73.658568,21.888865],[73.658577,21.888862],[73.658587,21.888861],[73.658596,21.888866],[73.658607,21.88886],[73.658624,21.888863],[73.658637,21.888859],[73.658644,21.88886],[73.658649,21.888865],[73.658658,21.888867],[73.658668,21.888859],[73.658685,21.88886],[73.658694,21.888864],[73.658714,21.888866],[73.658724,21.888875],[73.658735,21.888871],[73.65874,21.888871],[73.658744,21.888877],[73.658731,21.888879],[73.658732,21.888881],[73.658739,21.888887],[73.658755,21.888891],[73.658762,21.888902],[73.658768,21.888906],[73.658775,21.888898],[73.65878,21.8889],[73.658787,21.888897],[73.658794,21.888901],[73.658799,21.8889],[73.658799,21.888896],[73.658791,21.888892],[73.658803,21.888884],[73.658808,21.888894],[73.658807,21.888897],[73.658803,21.8889],[73.658804,21.888906],[73.658811,21.888909],[73.658816,21.888907],[73.658822,21.888911],[73.658823,21.888915],[73.658822,21.888919],[73.658816,21.88892],[73.658803,21.888912],[73.658801,21.888906],[73.658799,21.888908],[73.658801,21.888917],[73.658825,21.888935],[73.658861,21.888947],[73.658893,21.888949],[73.658898,21.888951],[73.658896,21.888954],[73.658898,21.888957],[73.658901,21.888956],[73.658899,21.888952],[73.658904,21.888953],[73.658911,21.888959],[73.658922,21.888955],[73.658934,21.888961],[73.658934,21.888965],[73.658926,21.888968],[73.658931,21.888973],[73.658937,21.888973],[73.658938,21.888975],[73.65894,21.888967],[73.658952,21.888973],[73.65895,21.888969],[73.658951,21.888964],[73.658939,21.888955],[73.658937,21.888947],[73.658958,21.888946],[73.658964,21.888953],[73.658962,21.888967],[73.658978,21.888972],[73.658984,21.88898],[73.658992,21.888983],[73.658996,21.888979],[73.658987,21.888977],[73.658983,21.888973],[73.658992,21.888968],[73.659003,21.888969],[73.659006,21.888968],[73.659009,21.888963],[73.659004,21.88896],[73.659004,21.888957],[73.659016,21.888953],[73.659021,21.888953],[73.659023,21.888956],[73.659038,21.888952],[73.659056,21.888952],[73.659062,21.888955],[73.659066,21.888954],[73.659069,21.888955],[73.659074,21.888951],[73.659084,21.888947],[73.659103,21.888948],[73.659118,21.888941],[73.659131,21.88894],[73.659146,21.888931],[73.659159,21.888934],[73.65918,21.888924],[73.659187,21.888927],[73.659197,21.888926],[73.659204,21.888921],[73.659214,21.888921],[73.659219,21.888911],[73.65923,21.888913],[73.659234,21.888916],[73.659259,21.888913],[73.65927,21.888914],[73.659278,21.888911],[73.659297,21.888911],[73.6593,21.888908],[73.659308,21.888909],[73.659328,21.888906],[73.65934,21.888906],[73.659382,21.888895],[73.659392,21.888897],[73.659422,21.888885],[73.659449,21.888882],[73.659452,21.888878],[73.659455,21.88888],[73.65948,21.888869],[73.659488,21.88887],[73.659536,21.888856],[73.659547,21.888855],[73.659559,21.88885],[73.659569,21.888848],[73.659575,21.888849],[73.659595,21.888842],[73.659613,21.888843],[73.659639,21.888833],[73.659671,21.888827],[73.659677,21.888823],[73.659692,21.888824],[73.659707,21.888814],[73.659724,21.888814],[73.659727,21.888811],[73.659734,21.888811],[73.65977,21.888797],[73.659798,21.888789],[73.659807,21.888783],[73.659834,21.888776],[73.65985,21.888774],[73.659873,21.888766],[73.659877,21.888768],[73.65988,21.888764],[73.659889,21.88876],[73.659906,21.888757],[73.659939,21.888744],[73.659952,21.888744],[73.659959,21.88874],[73.659976,21.888736],[73.659986,21.88873],[73.659994,21.888731],[73.659996,21.888727],[73.660017,21.888719],[73.660023,21.888721],[73.660034,21.888716],[73.660038,21.888716],[73.660056,21.888713],[73.660076,21.888715],[73.660103,21.888705],[73.660131,21.888699],[73.660147,21.888688],[73.660174,21.888684],[73.66018,21.888679],[73.660187,21.888679],[73.660197,21.888673],[73.660208,21.88867],[73.660213,21.888664],[73.660227,21.888661],[73.660237,21.888652],[73.660248,21.888648],[73.660252,21.888643],[73.660272,21.88863],[73.66029,21.888621],[73.660304,21.888608],[73.660318,21.888602],[73.660343,21.888584],[73.66035,21.888581],[73.660357,21.888575],[73.66038,21.888563],[73.660409,21.88854],[73.660438,21.888524],[73.660446,21.888515],[73.660452,21.888513],[73.660459,21.888504],[73.660465,21.888502],[73.660489,21.888485],[73.660492,21.888479],[73.6605,21.888473],[73.660506,21.888471],[73.66053,21.888456],[73.660534,21.888455],[73.660545,21.888445],[73.660548,21.888439],[73.660557,21.888438],[73.660563,21.888433],[73.660568,21.888432],[73.660575,21.888426],[73.660603,21.888412],[73.660611,21.888404],[73.660627,21.8884],[73.660631,21.888394],[73.660643,21.88839],[73.660647,21.888386],[73.66065,21.888386],[73.660652,21.888388],[73.660651,21.888386],[73.660654,21.888382],[73.660665,21.888377],[73.66068,21.888366],[73.660688,21.888365],[73.660693,21.888368],[73.660692,21.888364],[73.660699,21.88836],[73.660707,21.888351],[73.660711,21.888351],[73.660717,21.888343],[73.66073,21.888337],[73.660741,21.888326],[73.660746,21.888329],[73.660754,21.88832],[73.660758,21.888321],[73.660758,21.888317],[73.660761,21.888314],[73.66078,21.888302],[73.660786,21.888288],[73.660807,21.888275],[73.660808,21.888269],[73.660824,21.888255],[73.660825,21.888252],[73.660829,21.88825],[73.660834,21.888251],[73.660837,21.888241],[73.66084,21.888242],[73.66085,21.888224],[73.660859,21.88822],[73.660859,21.888215],[73.660864,21.888217],[73.660868,21.888216],[73.66087,21.888207],[73.66088,21.888202],[73.660887,21.888194],[73.660899,21.888187],[73.660901,21.888184],[73.660914,21.888171],[73.660917,21.88817],[73.660923,21.888162],[73.660928,21.888161],[73.660934,21.888151],[73.660937,21.88815],[73.660937,21.888146],[73.66095,21.888141],[73.660955,21.888131],[73.660962,21.888128],[73.66098,21.888107],[73.660984,21.888107],[73.66099,21.888098],[73.661017,21.888086],[73.661014,21.888083],[73.661038,21.888065],[73.661045,21.888055],[73.661053,21.88805],[73.661069,21.888033],[73.661076,21.888022],[73.661086,21.888015],[73.661092,21.888004],[73.661095,21.888002],[73.661096,21.887997],[73.661109,21.887992],[73.661114,21.887992],[73.661117,21.887984],[73.661116,21.887979],[73.661126,21.887973],[73.661127,21.887968],[73.661131,21.88797],[73.661131,21.887966],[73.661134,21.887965],[73.661135,21.887957],[73.66114,21.88795],[73.661147,21.887946],[73.661146,21.887942],[73.661155,21.887932],[73.661154,21.887928],[73.661158,21.88793],[73.661161,21.887916],[73.661165,21.887916],[73.661169,21.887906],[73.661164,21.887894],[73.661149,21.887892],[73.66115,21.887885],[73.661153,21.887882],[73.661148,21.887881],[73.661148,21.887878],[73.661143,21.887877],[73.661141,21.88788],[73.661133,21.887878],[73.661133,21.887859],[73.661136,21.887852],[73.661131,21.887846],[73.661132,21.887842],[73.661113,21.887815],[73.661111,21.887806],[73.661106,21.887801],[73.661109,21.887784],[73.661108,21.887777],[73.661105,21.887771],[73.661098,21.887766],[73.661087,21.887765],[73.661069,21.887769],[73.661031,21.887787],[73.66102,21.887789],[73.661002,21.887785],[73.660994,21.887787],[73.660976,21.887785],[73.660971,21.887787],[73.660955,21.887785],[73.660938,21.887789],[73.660908,21.88779],[73.660895,21.887795],[73.660886,21.887793],[73.660855,21.887798],[73.660844,21.887794],[73.660812,21.887798],[73.66081,21.887803],[73.660802,21.887801],[73.660744,21.88781],[73.660738,21.887813],[73.660737,21.887817],[73.660728,21.887819],[73.660714,21.887816],[73.6607,21.887818],[73.660683,21.887818],[73.660665,21.887822],[73.660652,21.887821],[73.660644,21.887825],[73.660638,21.887823],[73.660632,21.887825],[73.660617,21.887824],[73.660605,21.887829],[73.660599,21.887828],[73.660591,21.887832],[73.660549,21.887839],[73.660531,21.887846],[73.6605,21.887852],[73.660483,21.887858],[73.660465,21.887861],[73.660454,21.887867],[73.660446,21.887867],[73.660429,21.887874],[73.660419,21.887874],[73.66037,21.887889],[73.660334,21.887892],[73.660292,21.887887],[73.660275,21.887882],[73.660261,21.887886],[73.660248,21.887881],[73.660238,21.887882],[73.660231,21.887875],[73.660225,21.887875],[73.660216,21.887871],[73.660197,21.887858],[73.660189,21.887845],[73.660175,21.887837],[73.660158,21.887841],[73.660153,21.88784],[73.660151,21.887834],[73.660144,21.88783],[73.66013,21.887831],[73.660108,21.887837],[73.660091,21.887839],[73.660081,21.887843],[73.660069,21.887841],[73.660045,21.887846],[73.660024,21.887848],[73.66002,21.887852],[73.660003,21.887861],[73.659988,21.887863],[73.659979,21.887868],[73.659969,21.887868],[73.65995,21.887878],[73.659939,21.887879],[73.659933,21.887883],[73.659912,21.887887],[73.659908,21.887886],[73.659906,21.887888],[73.659891,21.887893],[73.659889,21.887892],[73.659891,21.887888],[73.659889,21.887888],[73.659883,21.887895],[73.659871,21.887902],[73.659861,21.887903],[73.659846,21.887909],[73.659825,21.887913],[73.659815,21.88792],[73.659813,21.887916],[73.659801,21.887921],[73.659791,21.887922],[73.659786,21.887926],[73.659769,21.887931],[73.659755,21.887934],[73.659713,21.887935],[73.659706,21.887939],[73.659698,21.887939],[73.659692,21.887935],[73.659686,21.887937],[73.659666,21.887933],[73.659659,21.88793],[73.659646,21.887931],[73.659635,21.887928],[73.659628,21.887932],[73.659608,21.887927],[73.659587,21.887926],[73.659567,21.887921],[73.659559,21.887916],[73.659552,21.887918],[73.659548,21.887916],[73.659533,21.887916],[73.659526,21.887913],[73.659512,21.887914],[73.659499,21.887912],[73.659475,21.887914],[73.659468,21.887919],[73.659459,21.887916],[73.659445,21.887917],[73.65942,21.887908],[73.659403,21.88791],[73.659395,21.887906],[73.659388,21.887906],[73.659368,21.887897],[73.659359,21.8879],[73.659344,21.887896],[73.659333,21.887896],[73.659313,21.887891],[73.659302,21.887885],[73.659292,21.887886],[73.659287,21.887883],[73.659277,21.887884],[73.65926,21.88788],[73.659255,21.887883],[73.659246,21.887877],[73.659218,21.887874],[73.659215,21.887877],[73.659187,21.887879],[73.659163,21.887866],[73.659138,21.887837],[73.659126,21.887833],[73.659101,21.887814],[73.659089,21.887811],[73.659075,21.887799],[73.659068,21.887799],[73.659061,21.887797],[73.659053,21.887801],[73.659044,21.887801],[73.659014,21.887795],[73.659007,21.887789],[73.658992,21.887785],[73.658983,21.887771],[73.658965,21.887751],[73.658955,21.887744],[73.658911,21.887743],[73.658901,21.887739],[73.658889,21.887727],[73.658869,21.887714],[73.658854,21.887709],[73.658852,21.887705],[73.658794,21.887696],[73.658777,21.887695],[73.658769,21.887697],[73.658741,21.887692],[73.658716,21.887696],[73.658694,21.887705],[73.658691,21.887712],[73.658675,21.887721],[73.658648,21.887727],[73.658645,21.88773],[73.658632,21.887731],[73.658607,21.88774],[73.658594,21.887737],[73.658576,21.887742],[73.658538,21.887743],[73.658525,21.887737],[73.658497,21.887731],[73.658488,21.887731],[73.658472,21.887737],[73.658468,21.887733],[73.658462,21.887737],[73.658454,21.887737],[73.658448,21.887735],[73.658432,21.887743],[73.658421,21.887742],[73.658389,21.887756],[73.658375,21.887758],[73.658367,21.887763],[73.65834,21.887771],[73.658335,21.88777],[73.658327,21.887772],[73.658323,21.887776],[73.658312,21.887778],[73.658312,21.887782],[73.658309,21.887784],[73.658305,21.887784],[73.658282,21.887796],[73.658275,21.887795],[73.658266,21.887804],[73.658247,21.887813],[73.658235,21.887816],[73.658223,21.887825],[73.65822,21.88783],[73.65821,21.887832],[73.658205,21.887835],[73.658186,21.887836]]}},{"type":"Feature","properties":{"elevation":75},"geometry":{"type":"LineString","coordinates":[[73.65816,21.888944],[73.658177,21.888948],[73.658186,21.888957],[73.658207,21.888966],[73.658213,21.888971],[73.658223,21.888968],[73.658227,21.888963],[73.658232,21.888963],[73.65824,21.888955],[73.658246,21.888954],[73.658262,21.888945],[73.658273,21.888934],[73.658276,21.888927],[73.658278,21.888926],[73.658279,21.888928],[73.658284,21.888927],[73.658291,21.888921],[73.65829,21.888917],[73.658305,21.888912],[73.658324,21.88891],[73.658337,21.888911],[73.658344,21.888908],[73.658353,21.888908],[73.658374,21.888911],[73.658408,21.888922],[73.658433,21.888926],[73.658445,21.888923],[73.658457,21.888923],[73.658471,21.888918],[73.658489,21.888919],[73.65851,21.888912],[73.658525,21.888911],[73.658527,21.88891],[73.658526,21.888903],[73.658522,21.888898],[73.658526,21.888894],[73.658539,21.888894],[73.658546,21.888905],[73.658608,21.888897],[73.658636,21.888898],[73.658645,21.8889],[73.658651,21.888905],[73.658659,21.888906],[73.658678,21.888914],[73.65869,21.888928],[73.65869,21.888933],[73.658703,21.888944],[73.658737,21.888955],[73.658748,21.888955],[73.658764,21.888959],[73.658777,21.888969],[73.658785,21.888973],[73.658788,21.888984],[73.658802,21.88899],[73.658812,21.888998],[73.658821,21.888997],[73.658853,21.889002],[73.658856,21.889006],[73.65886,21.889005],[73.658871,21.889009],[73.658877,21.889017],[73.658875,21.889022],[73.658885,21.889038],[73.658893,21.889042],[73.658897,21.889042],[73.658896,21.889045],[73.658904,21.889047],[73.658925,21.88904],[73.658956,21.88904],[73.658985,21.889033],[73.658997,21.889033],[73.659001,21.889035],[73.659006,21.889031],[73.659022,21.889033],[73.659034,21.889031],[73.659052,21.889028],[73.65908,21.889017],[73.659085,21.889017],[73.659099,21.889013],[73.659107,21.889006],[73.659118,21.889005],[73.659116,21.889003],[73.65912,21.889],[73.659126,21.889003],[73.659136,21.889002],[73.65914,21.888999],[73.659142,21.888994],[73.659146,21.88899],[73.659146,21.888985],[73.65915,21.888982],[73.659146,21.888977],[73.659151,21.888972],[73.659163,21.88897],[73.659165,21.888966],[73.659174,21.888959],[73.659182,21.888958],[73.659183,21.888951],[73.659192,21.888946],[73.659207,21.888947],[73.659222,21.888942],[73.659243,21.888941],[73.659256,21.888934],[73.659264,21.888932],[73.659282,21.888934],[73.659307,21.888929],[73.659355,21.888928],[73.659357,21.888925],[73.659366,21.888924],[73.659376,21.888918],[73.659385,21.888916],[73.659393,21.888918],[73.659415,21.888908],[73.659455,21.888901],[73.65947,21.888896],[73.659477,21.888899],[73.659518,21.888882],[73.659541,21.888878],[73.659547,21.888873],[73.65958,21.888867],[73.659599,21.888861],[73.65962,21.888859],[73.659636,21.888854],[73.659641,21.888855],[73.659644,21.888853],[73.65965,21.888853],[73.659678,21.888846],[73.659703,21.888838],[73.659711,21.888833],[73.659714,21.888834],[73.659772,21.888816],[73.6598,21.888812],[73.659808,21.888806],[73.659853,21.888794],[73.659859,21.88879],[73.659872,21.888787],[73.659885,21.888782],[73.659905,21.888778],[73.659915,21.888773],[73.659932,21.88877],[73.659949,21.888763],[73.659953,21.888764],[73.659962,21.88876],[73.659967,21.888762],[73.659995,21.888748],[73.660006,21.888745],[73.660011,21.888746],[73.66002,21.888741],[73.660029,21.88874],[73.660041,21.888735],[73.660052,21.888736],[73.660068,21.888731],[73.660109,21.888727],[73.660126,21.888723],[73.660142,21.888716],[73.660165,21.888712],[73.660181,21.888704],[73.660198,21.888702],[73.660202,21.888698],[73.660211,21.888695],[73.660214,21.888691],[73.660228,21.888684],[73.660251,21.888675],[73.66026,21.888669],[73.660267,21.888668],[73.66028,21.888657],[73.660311,21.888642],[73.660329,21.888626],[73.660338,21.888623],[73.660341,21.888617],[73.66035,21.888611],[73.660378,21.888597],[73.660379,21.888591],[73.660396,21.888582],[73.660424,21.888561],[73.660434,21.888557],[73.660437,21.888554],[73.660448,21.888552],[73.660455,21.888543],[73.660458,21.888544],[73.66047,21.888533],[73.660474,21.888532],[73.660476,21.888527],[73.660491,21.888517],[73.6605,21.888506],[73.660508,21.888504],[73.660542,21.888478],[73.660546,21.888479],[73.660546,21.888476],[73.660553,21.888475],[73.6606,21.888453],[73.660609,21.88845],[73.660612,21.888452],[73.660615,21.888449],[73.660618,21.888451],[73.660635,21.888441],[73.660642,21.888441],[73.660653,21.888433],[73.660679,21.888424],[73.660704,21.888408],[73.660706,21.888403],[73.660711,21.888399],[73.660724,21.888396],[73.660727,21.888391],[73.66074,21.888386],[73.660745,21.88838],[73.660766,21.888363],[73.66077,21.888366],[73.660772,21.888357],[73.660781,21.88835],[73.660784,21.888351],[73.660797,21.888341],[73.660808,21.88833],[73.660809,21.888325],[73.66082,21.888318],[73.660826,21.888318],[73.660829,21.888312],[73.660844,21.888301],[73.660845,21.888292],[73.660857,21.888289],[73.66086,21.888277],[73.660865,21.888277],[73.660872,21.888267],[73.6609,21.888242],[73.660911,21.888237],[73.660918,21.888226],[73.660936,21.888217],[73.660945,21.888204],[73.660966,21.888193],[73.660967,21.88819],[73.660964,21.88819],[73.660964,21.888187],[73.660978,21.888181],[73.66098,21.888178],[73.660988,21.888176],[73.660994,21.888168],[73.660999,21.888167],[73.661009,21.888153],[73.661011,21.888152],[73.661012,21.888156],[73.661014,21.888155],[73.661015,21.888147],[73.661019,21.888142],[73.661033,21.888134],[73.66104,21.888132],[73.661041,21.888127],[73.661038,21.888125],[73.661039,21.888122],[73.661046,21.888124],[73.661045,21.888117],[73.66106,21.888106],[73.661062,21.888098],[73.661069,21.888096],[73.661067,21.888093],[73.661073,21.888086],[73.661082,21.888079],[73.661085,21.888079],[73.661089,21.888077],[73.661087,21.888071],[73.66109,21.888068],[73.661091,21.888063],[73.661098,21.888056],[73.661103,21.888055],[73.661103,21.888051],[73.661111,21.888042],[73.66112,21.888038],[73.661121,21.888029],[73.66113,21.888023],[73.66113,21.88802],[73.661137,21.888017],[73.661135,21.888011],[73.661141,21.888004],[73.661143,21.888004],[73.661142,21.887996],[73.661151,21.887991],[73.661159,21.887983],[73.661164,21.887977],[73.661165,21.887972],[73.661178,21.88796],[73.661178,21.887954],[73.661182,21.887953],[73.661186,21.887944],[73.661189,21.887943],[73.661193,21.887923],[73.661196,21.887922],[73.661199,21.887927],[73.6612,21.887919],[73.661221,21.887908],[73.661224,21.887888],[73.66122,21.887882],[73.661204,21.887873],[73.6612,21.887866],[73.661191,21.887865],[73.661182,21.887859],[73.661179,21.887855],[73.661166,21.887853],[73.661161,21.887848],[73.661153,21.887845],[73.661134,21.887832],[73.661129,21.887823],[73.661124,21.887803],[73.661121,21.8878],[73.66112,21.887789],[73.661124,21.887775],[73.661119,21.887762],[73.661111,21.887755],[73.661082,21.887756],[73.661079,21.887754],[73.661062,21.887757],[73.66105,21.887764],[73.661031,21.887765],[73.661019,21.887774],[73.661014,21.887773],[73.661016,21.88777],[73.661015,21.887768],[73.661002,21.887771],[73.660965,21.88777],[73.660914,21.887779],[73.660872,21.887781],[73.66087,21.887778],[73.660854,21.887777],[73.660828,21.887784],[73.660808,21.887784],[73.660795,21.887783],[73.660774,21.887786],[73.66077,21.88779],[73.660748,21.887795],[73.660744,21.887801],[73.660737,21.887804],[73.660729,21.887802],[73.660688,21.8878],[73.66068,21.887802],[73.660676,21.8878],[73.660668,21.887804],[73.660651,21.887802],[73.660624,21.887805],[73.660609,21.887813],[73.660586,21.887812],[73.660548,21.88782],[73.660528,21.887827],[73.660506,21.887829],[73.660489,21.887835],[73.660471,21.887837],[73.660465,21.887839],[73.660461,21.887838],[73.660455,21.887841],[73.660445,21.887839],[73.660438,21.887844],[73.660425,21.887849],[73.660416,21.887847],[73.660413,21.887852],[73.660401,21.887856],[73.660387,21.887858],[73.660381,21.887862],[73.66036,21.887863],[73.660357,21.887867],[73.660344,21.887865],[73.66034,21.887867],[73.660315,21.887866],[73.660308,21.887863],[73.660287,21.887861],[73.660275,21.887865],[73.660254,21.887858],[73.660251,21.88786],[73.660247,21.88786],[73.660241,21.887858],[73.660239,21.887854],[73.66023,21.887853],[73.660226,21.887849],[73.660221,21.887847],[73.660217,21.88784],[73.660212,21.887836],[73.66021,21.887821],[73.660205,21.887812],[73.660179,21.887805],[73.660176,21.887806],[73.660174,21.887811],[73.66017,21.887812],[73.66016,21.887804],[73.660153,21.887808],[73.66014,21.887808],[73.660133,21.887811],[73.660115,21.887813],[73.660108,21.887817],[73.660088,21.887822],[73.660078,21.887823],[73.660069,21.887828],[73.660062,21.887826],[73.660053,21.88783],[73.660038,21.887832],[73.660033,21.88784],[73.660018,21.887838],[73.66001,21.887843],[73.660006,21.887843],[73.660001,21.887847],[73.659995,21.887848],[73.659977,21.887846],[73.659971,21.88785],[73.659964,21.887858],[73.659958,21.887857],[73.659947,21.887863],[73.659926,21.887865],[73.659914,21.887871],[73.659895,21.887874],[73.659889,21.887879],[73.659885,21.887881],[73.659881,21.887879],[73.659878,21.887883],[73.659866,21.887889],[73.65986,21.887887],[73.659858,21.88789],[73.659856,21.887889],[73.659851,21.887892],[73.659819,21.887896],[73.659813,21.8879],[73.659809,21.887899],[73.659792,21.887909],[73.65978,21.887907],[73.659768,21.88791],[73.659762,21.887908],[73.659731,21.887917],[73.659704,21.887917],[73.65969,21.88792],[73.659678,21.887915],[73.659658,21.887918],[73.659652,21.887914],[73.659635,21.887912],[73.659628,21.887913],[73.659623,21.887916],[73.659616,21.887912],[73.65961,21.887913],[73.659603,21.887909],[73.659589,21.887909],[73.659577,21.887906],[73.659572,21.887901],[73.659547,21.887895],[73.659537,21.887898],[73.659515,21.887901],[73.659508,21.887897],[73.659486,21.8879],[73.65947,21.887898],[73.659461,21.887901],[73.659447,21.887898],[73.659438,21.887899],[73.659419,21.887896],[73.659412,21.887893],[73.659394,21.887893],[73.659388,21.88789],[73.65938,21.887891],[73.65933,21.887883],[73.659324,21.887885],[73.659314,21.887883],[73.659306,21.887877],[73.659288,21.887877],[73.65926,21.887864],[73.659237,21.887859],[73.659218,21.887863],[73.659189,21.887861],[73.659181,21.887863],[73.659164,21.887851],[73.659157,21.887838],[73.659158,21.887834],[73.659156,21.88783],[73.659147,21.887825],[73.659129,21.88782],[73.659118,21.887812],[73.659109,21.887811],[73.659095,21.887802],[73.659092,21.887796],[73.659082,21.887791],[73.659079,21.887786],[73.659058,21.887784],[73.659043,21.887787],[73.659003,21.887777],[73.658987,21.887762],[73.658974,21.887738],[73.658965,21.887733],[73.658946,21.887733],[73.658933,21.88773],[73.658916,21.88773],[73.658901,21.887723],[73.658886,21.88771],[73.658873,21.887705],[73.658863,21.887696],[73.658845,21.887689],[73.65882,21.887687],[73.658799,21.887681],[73.658791,21.887683],[73.658772,21.887678],[73.658757,21.887679],[73.658745,21.887676],[73.658728,21.887679],[73.658711,21.887678],[73.658692,21.887695],[73.658675,21.887701],[73.658666,21.887709],[73.658613,21.887723],[73.658571,21.887725],[73.658551,21.887719],[73.658542,21.887721],[73.658537,21.88772],[73.65853,21.887724],[73.658486,21.887714],[73.658463,21.887718],[73.658457,21.887718],[73.658446,21.887721],[73.658422,21.887722],[73.658413,21.887729],[73.658396,21.887731],[73.658353,21.887749],[73.658342,21.887751],[73.658315,21.887761],[73.658306,21.88776],[73.658291,21.887771],[73.658283,21.887774],[73.658267,21.887784],[73.658257,21.887787],[73.658239,21.887795],[73.658233,21.887794],[73.65823,21.887798],[73.658215,21.887807],[73.65821,21.887813],[73.658202,21.887816],[73.658191,21.887816]]}},{"type":"Feature","properties":{"elevation":74},"geometry":{"type":"LineString","coordinates":[[73.658153,21.888974],[73.658164,21.888978],[73.658167,21.888986],[73.658174,21.888994],[73.658183,21.888996],[73.658187,21.889001],[73.658192,21.889],[73.658201,21.889006],[73.658225,21.889012],[73.658239,21.889011],[73.658244,21.889007],[73.658255,21.889008],[73.658259,21.889003],[73.658267,21.889003],[73.658279,21.888994],[73.658285,21.888987],[73.658284,21.888972],[73.658289,21.88897],[73.658293,21.888963],[73.658304,21.888964],[73.658307,21.888967],[73.658313,21.888969],[73.658321,21.888965],[73.658322,21.888962],[73.658325,21.888961],[73.658328,21.888965],[73.658343,21.888964],[73.658347,21.888959],[73.65836,21.888969],[73.658367,21.888967],[73.658386,21.888972],[73.658397,21.88897],[73.658405,21.888971],[73.658408,21.888969],[73.658422,21.888974],[73.658438,21.888971],[73.65846,21.888977],[73.658474,21.888972],[73.658484,21.888972],[73.658502,21.888958],[73.658508,21.888957],[73.658513,21.888961],[73.658522,21.888959],[73.658539,21.888949],[73.658545,21.88895],[73.658556,21.888943],[73.658566,21.88894],[73.658604,21.888939],[73.658618,21.888947],[73.658623,21.888942],[73.658633,21.888944],[73.658641,21.888958],[73.658646,21.888961],[73.658662,21.888964],[73.658679,21.888972],[73.658698,21.888975],[73.658705,21.888981],[73.658736,21.888989],[73.658753,21.889002],[73.658761,21.889002],[73.658767,21.888996],[73.658774,21.888996],[73.65879,21.88901],[73.658812,21.889018],[73.658826,21.889028],[73.658839,21.889031],[73.65885,21.88904],[73.658866,21.88906],[73.658878,21.889069],[73.658887,21.889071],[73.658893,21.889071],[73.65891,21.889064],[73.65894,21.889057],[73.65896,21.88906],[73.658969,21.88906],[73.658979,21.889055],[73.658994,21.889059],[73.659003,21.889059],[73.659018,21.889053],[73.659044,21.88905],[73.659049,21.889052],[73.659053,21.889049],[73.659064,21.889049],[73.659075,21.889044],[73.659096,21.889042],[73.659103,21.889036],[73.659117,21.889032],[73.659126,21.889028],[73.659132,21.889029],[73.65915,21.889027],[73.659159,21.889023],[73.659166,21.889018],[73.659171,21.889019],[73.659177,21.889015],[73.659178,21.889011],[73.659186,21.88901],[73.659198,21.889005],[73.659212,21.888986],[73.659217,21.888982],[73.659226,21.888981],[73.659229,21.888977],[73.659242,21.888971],[73.659231,21.888964],[73.659233,21.888961],[73.659245,21.888958],[73.659255,21.888962],[73.659269,21.888954],[73.659301,21.888955],[73.659303,21.888953],[73.659321,21.888953],[73.659341,21.888948],[73.659365,21.888949],[73.659378,21.888944],[73.659384,21.888943],[73.65939,21.888945],[73.659409,21.888938],[73.659417,21.888938],[73.659421,21.888936],[73.659434,21.888935],[73.659442,21.88893],[73.659448,21.888932],[73.659454,21.888927],[73.659458,21.888928],[73.659468,21.888925],[73.659474,21.888919],[73.659496,21.888915],[73.659514,21.888906],[73.659528,21.888904],[73.659533,21.888898],[73.659552,21.888897],[73.659567,21.88889],[73.659578,21.888892],[73.659591,21.888884],[73.659597,21.888885],[73.659625,21.888877],[73.659638,21.888877],[73.659661,21.888868],[73.659669,21.88887],[73.659674,21.888868],[73.65968,21.888867],[73.65969,21.88886],[73.659695,21.88886],[73.659699,21.888856],[73.659705,21.888857],[73.659732,21.888847],[73.659743,21.888846],[73.659761,21.888839],[73.65977,21.888838],[73.659777,21.888834],[73.6598,21.88883],[73.659818,21.888822],[73.659832,21.888822],[73.65985,21.888812],[73.659864,21.888812],[73.659878,21.888806],[73.659895,21.888805],[73.659903,21.888799],[73.659908,21.888798],[73.65991,21.888799],[73.659913,21.888795],[73.659929,21.88879],[73.659947,21.888788],[73.659952,21.888784],[73.65998,21.888776],[73.65999,21.888769],[73.660009,21.888767],[73.660043,21.888757],[73.66005,21.888756],[73.660058,21.888752],[73.660072,21.888752],[73.660088,21.888749],[73.660095,21.88875],[73.660106,21.888744],[73.660159,21.888736],[73.660163,21.888737],[73.660172,21.888733],[73.660178,21.888734],[73.66019,21.888729],[73.66021,21.888725],[73.660223,21.888716],[73.660242,21.888711],[73.66025,21.888702],[73.660288,21.888686],[73.660296,21.888679],[73.660309,21.88868],[73.660311,21.888674],[73.660318,21.888673],[73.66033,21.888658],[73.66034,21.888655],[73.660343,21.888649],[73.660357,21.888643],[73.660392,21.888616],[73.660416,21.888605],[73.660421,21.888598],[73.660428,21.888597],[73.660462,21.888572],[73.660472,21.888569],[73.660472,21.888566],[73.660487,21.888553],[73.6605,21.888549],[73.66051,21.888539],[73.660521,21.888535],[73.660528,21.888525],[73.660541,21.888515],[73.660548,21.888514],[73.660559,21.888503],[73.660572,21.888498],[73.660579,21.888499],[73.660587,21.888495],[73.660596,21.888496],[73.660599,21.888493],[73.660607,21.88849],[73.660626,21.888489],[73.660631,21.888484],[73.660638,21.888486],[73.660656,21.888479],[73.660659,21.888472],[73.660677,21.888464],[73.660692,21.888452],[73.660716,21.888441],[73.660724,21.888434],[73.660735,21.888433],[73.660739,21.88843],[73.660742,21.888423],[73.66076,21.888411],[73.660771,21.888401],[73.660787,21.888391],[73.660788,21.888388],[73.6608,21.888382],[73.660847,21.888341],[73.660854,21.888336],[73.66086,21.888336],[73.660862,21.888331],[73.660874,21.888322],[73.660876,21.888317],[73.660887,21.888309],[73.660889,21.888304],[73.660925,21.888279],[73.660926,21.888276],[73.660922,21.888274],[73.660922,21.888272],[73.660932,21.888269],[73.660933,21.888272],[73.660937,21.888271],[73.660938,21.888267],[73.660947,21.888262],[73.660961,21.88825],[73.660965,21.88825],[73.660968,21.888245],[73.660978,21.888243],[73.660981,21.888239],[73.660992,21.888233],[73.660998,21.888224],[73.661004,21.888223],[73.661009,21.888216],[73.661018,21.888213],[73.661023,21.888205],[73.661031,21.888204],[73.661037,21.888195],[73.661041,21.888195],[73.661042,21.88819],[73.661046,21.888191],[73.661053,21.888183],[73.661059,21.888184],[73.661058,21.88818],[73.661064,21.888175],[73.661067,21.888168],[73.661079,21.888165],[73.661086,21.888158],[73.661088,21.888151],[73.661094,21.888145],[73.661094,21.888138],[73.661098,21.888138],[73.661101,21.888134],[73.661115,21.888108],[73.661123,21.888105],[73.661123,21.888101],[73.661127,21.888097],[73.661135,21.888093],[73.661143,21.888077],[73.661151,21.888076],[73.661148,21.888072],[73.661153,21.888069],[73.661159,21.88806],[73.661172,21.888034],[73.661179,21.888027],[73.66118,21.888022],[73.661185,21.888024],[73.661184,21.888015],[73.661195,21.888008],[73.661194,21.888004],[73.661201,21.887998],[73.661199,21.887995],[73.661204,21.88799],[73.661225,21.887986],[73.661227,21.887982],[73.661237,21.887979],[73.66125,21.887966],[73.661254,21.887966],[73.661257,21.887958],[73.661254,21.887953],[73.661242,21.887947],[73.661232,21.88793],[73.661239,21.887926],[73.661235,21.887921],[73.66124,21.887911],[73.661238,21.887903],[73.661241,21.88789],[73.661237,21.88787],[73.661232,21.887866],[73.661234,21.887863],[73.661229,21.887862],[73.661225,21.887858],[73.661205,21.887855],[73.661166,21.887835],[73.661158,21.887836],[73.661144,21.887824],[73.661135,21.8878],[73.661134,21.887751],[73.661124,21.887743],[73.66112,21.887743],[73.661072,21.887743],[73.661029,21.887753],[73.661002,21.887752],[73.660991,21.887755],[73.660972,21.887754],[73.660944,21.887761],[73.660936,21.887762],[73.660914,21.887771],[73.660896,21.887772],[73.660885,21.887769],[73.660863,21.887772],[73.66084,21.887771],[73.660825,21.887775],[73.660794,21.887774],[73.660747,21.887786],[73.660736,21.887792],[73.660723,21.887793],[73.660715,21.88779],[73.660712,21.887792],[73.660709,21.887789],[73.660705,21.887792],[73.660679,21.88779],[73.660654,21.887793],[73.660633,21.887791],[73.660616,21.887793],[73.660607,21.887791],[73.660604,21.887794],[73.660598,21.887792],[73.660595,21.887795],[73.660581,21.887796],[73.660542,21.887804],[73.660527,21.887802],[73.660511,21.887811],[73.660503,21.88781],[73.660497,21.887812],[73.660494,21.887815],[73.660483,21.887816],[73.660463,21.887822],[73.660454,21.887819],[73.660422,21.887823],[73.660396,21.887834],[73.660387,21.887836],[73.660382,21.887834],[73.660368,21.887838],[73.660368,21.887841],[73.660358,21.887845],[73.660349,21.887844],[73.660332,21.887848],[73.660294,21.887844],[73.660277,21.887846],[73.660265,21.887837],[73.660259,21.887839],[73.660251,21.887836],[73.66024,21.887838],[73.660234,21.887835],[73.660231,21.887824],[73.660223,21.887812],[73.660201,21.887792],[73.660178,21.887786],[73.66016,21.887787],[73.660148,21.887785],[73.660123,21.887796],[73.660103,21.887798],[73.660095,21.887803],[73.660089,21.887802],[73.660068,21.887812],[73.660051,21.887814],[73.660037,21.887821],[73.660026,21.887823],[73.66002,21.887828],[73.660017,21.887822],[73.660001,21.887829],[73.65999,21.887828],[73.65998,21.887835],[73.659965,21.887839],[73.659959,21.887846],[73.659948,21.887847],[73.659945,21.887849],[73.659921,21.887853],[73.659912,21.887857],[73.659899,21.887855],[73.65988,21.887864],[73.659865,21.887866],[73.659849,21.887876],[73.659837,21.887876],[73.659825,21.887881],[73.659821,21.887878],[73.659802,21.887886],[73.659767,21.887887],[73.659755,21.887894],[73.659739,21.887897],[73.659729,21.887896],[73.659715,21.8879],[73.659707,21.887898],[73.659686,21.8879],[73.659664,21.887895],[73.659657,21.887897],[73.659647,21.887895],[73.659638,21.887896],[73.65963,21.887893],[73.659618,21.887893],[73.659614,21.887891],[73.659602,21.88789],[73.659593,21.887891],[73.659579,21.887888],[73.659569,21.887881],[73.659561,21.887882],[73.65955,21.887877],[73.659527,21.887882],[73.659516,21.887881],[73.659502,21.887885],[73.659476,21.887882],[73.659471,21.887885],[73.65946,21.887882],[73.659436,21.887885],[73.659432,21.887883],[73.659424,21.887884],[73.659407,21.887881],[73.659399,21.887885],[73.659376,21.887877],[73.659364,21.887876],[73.659361,21.887874],[73.659351,21.887875],[73.659332,21.887874],[73.659312,21.887868],[73.659295,21.88787],[73.65926,21.887854],[73.659252,21.887855],[73.659245,21.887849],[73.659222,21.887848],[73.659203,21.887854],[73.659184,21.887852],[73.659162,21.887823],[73.659145,21.887813],[73.659139,21.887813],[73.659117,21.887803],[73.65911,21.887795],[73.659098,21.887791],[73.659087,21.887781],[73.659053,21.887775],[73.659042,21.887776],[73.659015,21.887767],[73.65899,21.887745],[73.658985,21.887735],[73.658982,21.887726],[73.658975,21.887719],[73.658959,21.887717],[73.658925,21.88772],[73.65891,21.887714],[73.658896,21.887704],[73.65889,21.887702],[73.658862,21.887681],[73.658848,21.887675],[73.658844,21.887676],[73.658839,21.887672],[73.658795,21.887665],[73.658761,21.887664],[73.658749,21.88766],[73.658727,21.887658],[73.658705,21.887666],[73.658694,21.887674],[73.658684,21.887678],[73.658681,21.887684],[73.658664,21.887691],[73.658658,21.887695],[73.658612,21.887708],[73.658606,21.887707],[73.658587,21.887712],[73.658554,21.887708],[73.65855,21.887709],[73.658544,21.887707],[73.65853,21.887708],[73.658524,21.887705],[73.658509,21.887705],[73.658503,21.887701],[73.658489,21.887698],[73.658475,21.887701],[73.658458,21.887701],[73.658443,21.887703],[73.658433,21.887699],[73.658423,21.887703],[73.658423,21.887706],[73.658413,21.88771],[73.658399,21.887713],[73.658387,21.887712],[73.658374,21.887719],[73.658362,21.88772],[73.658338,21.887732],[73.658333,21.887737],[73.658305,21.887747],[73.658298,21.887747],[73.658292,21.887752],[73.658281,21.887755],[73.658261,21.88777],[73.658242,21.887772],[73.658232,21.887778],[73.658228,21.887777],[73.658212,21.887789],[73.658204,21.887788],[73.658197,21.88779]]}},{"type":"Feature","properties":{"elevation":73},"geometry":{"type":"LineString","coordinates":[[73.658148,21.888996],[73.658168,21.889018],[73.658172,21.889019],[73.658176,21.889017],[73.658191,21.88903],[73.658197,21.889028],[73.658209,21.889034],[73.658232,21.889036],[73.658257,21.88903],[73.658274,21.88902],[73.658295,21.889011],[73.6583,21.889001],[73.658331,21.888992],[73.658337,21.888994],[73.65834,21.888991],[73.658355,21.888991],[73.65836,21.888995],[73.658378,21.888996],[73.658401,21.889003],[73.658411,21.888999],[73.658415,21.889006],[73.658422,21.889001],[73.658421,21.888997],[73.658433,21.888996],[73.658448,21.888999],[73.658449,21.889004],[73.658453,21.889006],[73.65846,21.889],[73.658485,21.888997],[73.658491,21.888993],[73.658512,21.888996],[73.65852,21.88899],[73.658522,21.888996],[73.658546,21.888979],[73.658559,21.888977],[73.658565,21.888972],[73.658579,21.888968],[73.6586,21.888971],[73.658611,21.888969],[73.658621,21.888971],[73.658624,21.888976],[73.658629,21.888975],[73.658631,21.888977],[73.65864,21.888975],[73.658657,21.888978],[73.658674,21.888977],[73.658679,21.888983],[73.658679,21.888991],[73.658683,21.888995],[73.658686,21.888996],[73.658689,21.888993],[73.658702,21.888997],[73.658713,21.888997],[73.658719,21.889002],[73.658726,21.889002],[73.658734,21.889008],[73.658741,21.889008],[73.658749,21.889013],[73.658756,21.889015],[73.658772,21.88903],[73.658781,21.88903],[73.658802,21.88904],[73.658815,21.889042],[73.658823,21.889046],[73.65883,21.889046],[73.658832,21.889055],[73.658841,21.889062],[73.658849,21.889076],[73.658861,21.88908],[73.658866,21.889087],[73.65889,21.889093],[73.658911,21.889087],[73.658917,21.889088],[73.658928,21.889079],[73.65894,21.889079],[73.658945,21.889076],[73.658953,21.889075],[73.658963,21.889077],[73.659001,21.889074],[73.659011,21.889077],[73.659019,21.889072],[73.659039,21.889069],[73.659047,21.88907],[73.659055,21.889066],[73.659061,21.889066],[73.659073,21.889062],[73.659093,21.889062],[73.659097,21.889059],[73.659103,21.88906],[73.659134,21.889045],[73.659143,21.889049],[73.659149,21.889049],[73.659153,21.889045],[73.659165,21.889044],[73.659183,21.889036],[73.659184,21.889031],[73.659202,21.88902],[73.659207,21.889015],[73.659232,21.889004],[73.659241,21.889003],[73.659246,21.888996],[73.659265,21.888985],[73.659291,21.888981],[73.65929,21.888985],[73.659294,21.888986],[73.659299,21.888981],[73.659316,21.888987],[73.659325,21.888988],[73.659331,21.888985],[73.659345,21.888986],[73.659356,21.888983],[73.659377,21.888984],[73.659382,21.888981],[73.659394,21.88898],[73.65941,21.888975],[73.65942,21.888974],[73.659426,21.88897],[73.659456,21.888962],[73.659468,21.888955],[73.659484,21.888952],[73.659514,21.888934],[73.659517,21.888932],[73.659516,21.888929],[73.659531,21.888922],[73.659541,21.88892],[73.659557,21.888912],[73.659568,21.888911],[73.659579,21.888913],[73.659592,21.88891],[73.6596,21.888905],[73.659607,21.888904],[73.659611,21.888906],[73.659622,21.8889],[73.659633,21.8889],[73.659661,21.888892],[73.659675,21.888883],[73.659685,21.888887],[73.65969,21.888884],[73.659692,21.888879],[73.659727,21.888872],[73.659748,21.888863],[73.659753,21.888863],[73.659753,21.888865],[73.659754,21.888866],[73.659755,21.888863],[73.659763,21.888862],[73.659764,21.888859],[73.659775,21.888857],[73.659786,21.888852],[73.659789,21.888855],[73.659795,21.888852],[73.659801,21.888853],[73.659829,21.888842],[73.659845,21.888842],[73.659853,21.888838],[73.659855,21.88884],[73.659868,21.88883],[73.659875,21.888831],[73.659881,21.888827],[73.65989,21.888827],[73.65991,21.888818],[73.659919,21.888818],[73.659924,21.888813],[73.659942,21.88881],[73.659942,21.888806],[73.659945,21.888804],[73.659967,21.888801],[73.659978,21.888793],[73.659992,21.88879],[73.659993,21.888786],[73.659999,21.888788],[73.660007,21.888783],[73.660025,21.88878],[73.66003,21.888781],[73.660043,21.888774],[73.660056,21.888774],[73.660068,21.888767],[73.660086,21.888767],[73.660096,21.888771],[73.660101,21.888765],[73.660108,21.888761],[73.660122,21.888759],[73.660133,21.888761],[73.660167,21.888751],[73.660178,21.888751],[73.660181,21.888747],[73.660186,21.888746],[73.660192,21.888747],[73.660201,21.888745],[73.660202,21.888747],[73.66021,21.888744],[73.660215,21.888746],[73.660218,21.888738],[73.660249,21.88873],[73.660255,21.888724],[73.660271,21.888716],[73.660289,21.88871],[73.660306,21.888698],[73.660316,21.888699],[73.660321,21.888694],[73.660331,21.888689],[73.660339,21.888682],[73.660346,21.88868],[73.660368,21.888669],[73.660381,21.888659],[73.660387,21.888659],[73.660387,21.888654],[73.660392,21.888653],[73.660395,21.888649],[73.660416,21.888645],[73.660418,21.88864],[73.660427,21.888635],[73.660431,21.888629],[73.660441,21.888628],[73.660446,21.888617],[73.660453,21.888613],[73.660459,21.888614],[73.660461,21.888608],[73.660465,21.888607],[73.660467,21.888604],[73.660476,21.888598],[73.660478,21.888599],[73.660477,21.888603],[73.66048,21.888603],[73.660482,21.888601],[73.660479,21.888598],[73.660484,21.888596],[73.660491,21.888586],[73.660495,21.88859],[73.660496,21.888585],[73.660504,21.888583],[73.660509,21.888574],[73.660515,21.888572],[73.660524,21.888565],[73.660525,21.888568],[73.660528,21.888568],[73.660533,21.88856],[73.660537,21.888561],[73.66054,21.888554],[73.660544,21.888552],[73.660548,21.888547],[73.660562,21.888542],[73.660571,21.888535],[73.660577,21.888536],[73.660581,21.888531],[73.660607,21.888521],[73.660611,21.888521],[73.660615,21.888518],[73.660623,21.888517],[73.660626,21.888513],[73.660637,21.888513],[73.660643,21.888516],[73.660664,21.888507],[73.660668,21.888503],[73.66068,21.888499],[73.660692,21.888491],[73.660697,21.88849],[73.660698,21.888487],[73.660705,21.888486],[73.660707,21.888479],[73.660711,21.888479],[73.660728,21.888469],[73.66074,21.888459],[73.660745,21.888461],[73.660745,21.888458],[73.660754,21.888452],[73.66076,21.888452],[73.660766,21.888442],[73.660779,21.888435],[73.660783,21.888429],[73.660813,21.888409],[73.66082,21.8884],[73.660839,21.888388],[73.660845,21.88838],[73.660858,21.888377],[73.660868,21.888368],[73.660869,21.888364],[73.660912,21.888331],[73.66092,21.888322],[73.660934,21.888314],[73.660948,21.888303],[73.660952,21.888304],[73.660972,21.888289],[73.660975,21.888291],[73.660988,21.88828],[73.660996,21.88828],[73.661004,21.888274],[73.661008,21.888266],[73.661026,21.888255],[73.661039,21.888241],[73.661047,21.888239],[73.661064,21.888227],[73.661066,21.88822],[73.661075,21.888214],[73.661078,21.888205],[73.661089,21.888199],[73.6611,21.888167],[73.661123,21.888158],[73.661138,21.888141],[73.661149,21.888138],[73.66117,21.888108],[73.66118,21.888097],[73.661184,21.888096],[73.661184,21.888092],[73.661186,21.88809],[73.661201,21.888086],[73.661208,21.888079],[73.661209,21.888068],[73.661214,21.888067],[73.661218,21.888048],[73.661229,21.888032],[73.66123,21.888027],[73.66124,21.888021],[73.66124,21.888018],[73.661242,21.888016],[73.66124,21.888012],[73.661246,21.888007],[73.661247,21.888001],[73.661246,21.887999],[73.661248,21.887995],[73.661254,21.88799],[73.66128,21.887986],[73.66129,21.887979],[73.661298,21.887979],[73.661302,21.887972],[73.661299,21.887965],[73.661293,21.887961],[73.661282,21.887948],[73.661297,21.887945],[73.661295,21.887938],[73.661301,21.887927],[73.6613,21.887924],[73.661293,21.887916],[73.661277,21.887907],[73.661268,21.887905],[73.661266,21.887899],[73.661259,21.887897],[73.661266,21.887891],[73.661274,21.887879],[73.661272,21.887872],[73.661258,21.887861],[73.661244,21.887855],[73.661215,21.887848],[73.661193,21.887839],[73.661163,21.887814],[73.661149,21.887791],[73.661148,21.887741],[73.661144,21.887733],[73.661138,21.88773],[73.661119,21.887733],[73.661081,21.88773],[73.661059,21.887732],[73.661048,21.887736],[73.661025,21.887739],[73.661016,21.887745],[73.661002,21.887746],[73.660995,21.887749],[73.660981,21.887747],[73.660966,21.887751],[73.660945,21.887753],[73.660927,21.88776],[73.66092,21.887765],[73.660909,21.887767],[73.660877,21.887762],[73.660866,21.887766],[73.660848,21.887767],[73.660843,21.887765],[73.660832,21.887768],[73.660792,21.887768],[73.660776,21.88777],[73.660759,21.887777],[73.660731,21.887782],[73.660721,21.887778],[73.660699,21.887778],[73.660694,21.887775],[73.660688,21.887774],[73.660673,21.887777],[73.660635,21.887776],[73.660622,21.887779],[73.66061,21.887775],[73.660605,21.887777],[73.660596,21.887775],[73.660579,21.887777],[73.66055,21.887788],[73.660534,21.887792],[73.660511,21.887793],[73.660494,21.887799],[73.660481,21.887797],[73.660473,21.8878],[73.660463,21.887797],[73.660452,21.8878],[73.660437,21.887799],[73.660413,21.887806],[73.660409,21.887802],[73.660404,21.887806],[73.660385,21.88781],[73.660373,21.887816],[73.660366,21.887817],[73.660362,21.887821],[73.660342,21.887826],[73.660318,21.887824],[73.660309,21.887826],[73.660302,21.887822],[73.660298,21.887824],[73.660289,21.887821],[73.660283,21.887824],[73.660272,21.88782],[73.660269,21.887816],[73.660255,21.887816],[73.660243,21.887813],[73.660226,21.887797],[73.660223,21.887791],[73.66021,21.887786],[73.660197,21.887776],[73.660182,21.887772],[73.66017,21.887773],[73.660156,21.887768],[73.660127,21.887774],[73.66011,21.887785],[73.660081,21.887789],[73.660066,21.887796],[73.66006,21.887801],[73.660041,21.887804],[73.660028,21.887804],[73.660016,21.887809],[73.660011,21.887808],[73.65999,21.887813],[73.659964,21.887827],[73.659955,21.887826],[73.659942,21.887835],[73.659934,21.887833],[73.659926,21.887839],[73.659917,21.887839],[73.659897,21.887844],[73.659889,21.88785],[73.659883,21.88785],[73.659875,21.887855],[73.659868,21.887854],[73.65986,21.88786],[73.659852,21.887858],[73.65984,21.88786],[73.659826,21.887858],[73.659807,21.887868],[73.659799,21.887867],[73.659795,21.887869],[73.659793,21.887868],[73.659762,21.887875],[73.659749,21.887873],[73.659741,21.887877],[73.659735,21.887876],[73.659729,21.887879],[73.659722,21.887877],[73.659701,21.887882],[73.659692,21.887882],[73.659686,21.88788],[73.659682,21.887883],[73.659672,21.887878],[73.659657,21.887879],[73.659642,21.887874],[73.659631,21.887877],[73.659613,21.88787],[73.659597,21.88787],[73.659579,21.887865],[73.659561,21.887867],[73.659541,21.887865],[73.659538,21.887862],[73.659523,21.887866],[73.659515,21.887863],[73.659506,21.887863],[73.659474,21.88787],[73.659454,21.887871],[73.659445,21.887871],[73.659435,21.887867],[73.659426,21.88787],[73.659411,21.887867],[73.65939,21.887869],[73.659368,21.887865],[73.659352,21.887859],[73.659342,21.887861],[73.659297,21.887856],[73.659279,21.887851],[73.659265,21.88785],[73.659253,21.887842],[73.65924,21.887839],[73.659225,21.887842],[73.65921,21.88784],[73.659195,21.887844],[73.659179,21.887833],[73.659161,21.887808],[73.659154,21.887803],[73.659131,21.887797],[73.659111,21.887783],[73.659096,21.887778],[73.659085,21.887768],[73.659074,21.887767],[73.659065,21.887761],[73.659055,21.887766],[73.65904,21.887763],[73.659031,21.88776],[73.659026,21.887753],[73.659017,21.887751],[73.659006,21.887739],[73.658986,21.887704],[73.658973,21.887702],[73.658945,21.887707],[73.658925,21.887706],[73.658916,21.887699],[73.658896,21.887692],[73.658888,21.887687],[73.658885,21.887682],[73.65888,21.887681],[73.658873,21.887674],[73.658857,21.887665],[73.658843,21.887661],[73.658832,21.887656],[73.658782,21.887646],[73.65877,21.887648],[73.658755,21.887645],[73.658745,21.887647],[73.658729,21.887645],[73.658712,21.88765],[73.658684,21.887665],[73.658654,21.887676],[73.658643,21.887683],[73.658618,21.887688],[73.658611,21.887693],[73.658603,21.887692],[73.658588,21.887696],[73.658571,21.887697],[73.658564,21.887695],[73.658547,21.887698],[73.65854,21.887695],[73.658534,21.887696],[73.658523,21.887694],[73.658519,21.887691],[73.658502,21.887691],[73.658499,21.887689],[73.658498,21.887686],[73.658469,21.88768],[73.658455,21.887681],[73.658442,21.887688],[73.65842,21.887688],[73.658404,21.887692],[73.658393,21.887698],[73.658379,21.887701],[73.658368,21.887701],[73.658352,21.887708],[73.658332,21.887713],[73.658323,21.887717],[73.658322,21.88772],[73.658306,21.887727],[73.658293,21.887729],[73.658291,21.887734],[73.658263,21.88774],[73.658243,21.887751],[73.658218,21.887758],[73.658207,21.887765],[73.658207,21.887769],[73.658201,21.887769]]}},{"type":"Feature","properties":{"elevation":72},"geometry":{"type":"LineString","coordinates":[[73.658143,21.889019],[73.658154,21.889027],[73.658155,21.889032],[73.658166,21.88904],[73.658196,21.889054],[73.658202,21.889052],[73.658207,21.889054],[73.658208,21.889058],[73.658232,21.889056],[73.658236,21.889058],[73.65824,21.889056],[73.658245,21.889057],[73.658268,21.889052],[73.65828,21.889046],[73.658294,21.889046],[73.658301,21.88904],[73.658301,21.889035],[73.658304,21.889031],[73.65831,21.889033],[73.658314,21.889027],[73.658322,21.889027],[73.658323,21.889023],[73.658328,21.889021],[73.658345,21.889016],[73.658354,21.889017],[73.658361,21.889013],[73.658365,21.889018],[73.658403,21.889021],[73.658408,21.889027],[73.658419,21.889026],[73.658431,21.88903],[73.658435,21.889026],[73.658441,21.88903],[73.658447,21.889029],[73.658455,21.889031],[73.658474,21.889029],[73.65849,21.889024],[73.658497,21.889028],[73.658516,21.889025],[73.658518,21.88902],[73.658519,21.889022],[73.658527,21.889019],[73.65853,21.889012],[73.658555,21.889004],[73.658566,21.888994],[73.658572,21.888992],[73.658582,21.888982],[73.658603,21.888981],[73.658619,21.888992],[73.658645,21.88899],[73.658653,21.888991],[73.658678,21.88901],[73.658692,21.88901],[73.658702,21.889015],[73.658741,21.889024],[73.65876,21.889039],[73.658796,21.889055],[73.658803,21.889061],[73.658819,21.889063],[73.658828,21.889077],[73.658841,21.88908],[73.658848,21.889088],[73.658852,21.889089],[73.658859,21.889096],[73.658868,21.889094],[73.658885,21.889101],[73.658903,21.889099],[73.658912,21.889102],[73.658922,21.889102],[73.658929,21.889096],[73.65895,21.889095],[73.658961,21.889089],[73.65899,21.889093],[73.65901,21.889086],[73.659041,21.889082],[73.659048,21.889084],[73.659052,21.889082],[73.659093,21.889075],[73.659102,21.889072],[73.659115,21.889074],[73.659124,21.889069],[73.659127,21.889063],[73.659131,21.889063],[73.659131,21.889067],[73.659138,21.889065],[73.659138,21.889063],[73.659133,21.889063],[73.659135,21.889061],[73.65914,21.889062],[73.659144,21.889066],[73.659154,21.889067],[73.65916,21.889065],[73.659162,21.88906],[73.659181,21.889049],[73.659194,21.889046],[73.659204,21.889041],[73.659217,21.889039],[73.659225,21.889031],[73.659232,21.88903],[73.659255,21.889012],[73.659264,21.889012],[73.659272,21.889006],[73.659278,21.889005],[73.659282,21.889007],[73.659287,21.889003],[73.659306,21.889005],[73.659326,21.889013],[73.659335,21.889011],[73.659338,21.889015],[73.659353,21.889015],[73.659369,21.889007],[73.65938,21.889005],[73.659398,21.888999],[73.659411,21.888999],[73.659438,21.88899],[73.659445,21.888987],[73.659456,21.888978],[73.659477,21.888977],[73.659489,21.888969],[73.659498,21.888967],[73.65951,21.888958],[73.659534,21.888947],[73.659548,21.888946],[73.65957,21.888939],[73.659599,21.888938],[73.65961,21.888935],[73.659611,21.888932],[73.659621,21.888929],[73.659629,21.88893],[73.659636,21.888929],[73.659665,21.888917],[73.659674,21.888916],[73.659677,21.888908],[73.659685,21.888903],[73.659689,21.888904],[73.659691,21.888902],[73.659704,21.8889],[73.659736,21.888889],[73.659737,21.88889],[73.659733,21.888896],[73.659743,21.888896],[73.659765,21.888887],[73.659771,21.888881],[73.659789,21.888876],[73.659794,21.888877],[73.6598,21.888875],[73.659815,21.888868],[73.659827,21.888865],[73.659829,21.888863],[73.659842,21.888857],[73.659851,21.888855],[73.659864,21.888857],[73.659873,21.888852],[73.659884,21.888851],[73.65989,21.888847],[73.659913,21.888841],[73.659929,21.888833],[73.659935,21.888834],[73.659939,21.888831],[73.659959,21.888827],[73.659963,21.888822],[73.659983,21.88881],[73.659992,21.888811],[73.660012,21.888804],[73.660016,21.888799],[73.660034,21.888793],[73.660128,21.888782],[73.660146,21.888777],[73.660181,21.888773],[73.660185,21.888771],[73.660201,21.888769],[73.660217,21.888764],[73.660227,21.888758],[73.66024,21.888755],[73.660249,21.888748],[73.660257,21.888747],[73.660274,21.88874],[73.66028,21.88874],[73.660287,21.888734],[73.660297,21.888732],[73.660306,21.888726],[73.660311,21.888726],[73.660313,21.888728],[73.660314,21.888723],[73.660318,21.88872],[73.660344,21.888709],[73.660361,21.888706],[73.660371,21.888697],[73.660376,21.888697],[73.660396,21.888684],[73.660406,21.888685],[73.660409,21.888681],[73.660417,21.888681],[73.660427,21.888676],[73.660429,21.888672],[73.660434,21.888672],[73.660437,21.888668],[73.660446,21.888663],[73.66045,21.888664],[73.660469,21.888646],[73.660473,21.888639],[73.660483,21.888639],[73.660486,21.888636],[73.660489,21.888639],[73.66049,21.888635],[73.660502,21.888627],[73.660503,21.888623],[73.66051,21.888617],[73.660518,21.888616],[73.660531,21.888609],[73.660534,21.888604],[73.660534,21.888602],[73.660538,21.888601],[73.660544,21.888594],[73.660553,21.888588],[73.660557,21.888589],[73.660558,21.888586],[73.660562,21.888587],[73.660563,21.888584],[73.660572,21.888578],[73.660575,21.888578],[73.66058,21.888571],[73.660592,21.888565],[73.660596,21.88856],[73.660609,21.888557],[73.660614,21.888558],[73.660635,21.888544],[73.660649,21.888543],[73.660654,21.888539],[73.660658,21.88854],[73.660661,21.888535],[73.660667,21.888534],[73.660675,21.888527],[73.660685,21.888522],[73.660694,21.88852],[73.660696,21.888522],[73.660697,21.888518],[73.660704,21.888517],[73.660709,21.888512],[73.660717,21.88851],[73.66073,21.8885],[73.660752,21.88849],[73.660763,21.888479],[73.660766,21.88848],[73.660776,21.888468],[73.660782,21.888467],[73.660798,21.888453],[73.660807,21.888449],[73.660813,21.888441],[73.660821,21.888438],[73.660824,21.888432],[73.660848,21.888419],[73.660855,21.88841],[73.660861,21.888408],[73.660864,21.888403],[73.660878,21.888395],[73.660885,21.888387],[73.660888,21.888388],[73.660891,21.888382],[73.660905,21.888371],[73.660906,21.888369],[73.660922,21.888357],[73.660926,21.888356],[73.660936,21.888346],[73.660942,21.888345],[73.660947,21.888339],[73.660954,21.888337],[73.660955,21.888334],[73.660968,21.888327],[73.660971,21.888329],[73.660976,21.888321],[73.660985,21.888317],[73.661007,21.888301],[73.66101,21.888301],[73.661015,21.888298],[73.661022,21.888287],[73.661045,21.888275],[73.661052,21.888266],[73.661067,21.888257],[73.66108,21.888242],[73.66108,21.888236],[73.661088,21.888226],[73.661087,21.888223],[73.661101,21.888213],[73.661106,21.888206],[73.661112,21.888201],[73.66111,21.888192],[73.661117,21.888176],[73.661141,21.888166],[73.661155,21.888155],[73.661178,21.888155],[73.661187,21.888157],[73.661195,21.888155],[73.661208,21.888144],[73.661213,21.888135],[73.661209,21.888129],[73.661209,21.888125],[73.661223,21.888114],[73.661232,21.888092],[73.661243,21.888087],[73.66126,21.888061],[73.661274,21.888047],[73.661277,21.888039],[73.661282,21.888033],[73.661288,21.888032],[73.661298,21.888016],[73.661309,21.88801],[73.661309,21.887994],[73.661325,21.887994],[73.661329,21.887995],[73.661344,21.887987],[73.661355,21.88799],[73.661358,21.887976],[73.661363,21.887972],[73.66137,21.887973],[73.661372,21.88797],[73.661368,21.887963],[73.661348,21.887958],[73.661344,21.887954],[73.661343,21.887936],[73.661339,21.887933],[73.661338,21.887935],[73.661334,21.887935],[73.661338,21.887932],[73.661335,21.887924],[73.661319,21.887917],[73.661312,21.887912],[73.661311,21.887914],[73.661303,21.887907],[73.661293,21.887868],[73.661279,21.887852],[73.661289,21.887855],[73.661293,21.887848],[73.661292,21.887841],[73.661285,21.887838],[73.661282,21.88784],[73.66128,21.887838],[73.661281,21.887835],[73.661275,21.887834],[73.661273,21.88784],[73.661275,21.887841],[73.661277,21.887849],[73.661273,21.88785],[73.66127,21.887847],[73.661264,21.887849],[73.661261,21.887844],[73.661245,21.887843],[73.661238,21.887839],[73.661237,21.887834],[73.661233,21.887837],[73.661225,21.887834],[73.661219,21.887834],[73.661213,21.887829],[73.661207,21.887829],[73.661202,21.887817],[73.6612,21.887823],[73.661198,21.887818],[73.661191,21.887816],[73.661187,21.887809],[73.661186,21.887799],[73.661178,21.887789],[73.661171,21.887789],[73.661167,21.887783],[73.661168,21.88778],[73.661165,21.887774],[73.661165,21.887763],[73.661173,21.88776],[73.661171,21.887755],[73.661167,21.887756],[73.661164,21.887753],[73.66116,21.887728],[73.661153,21.887722],[73.661133,21.887719],[73.661121,21.887721],[73.66111,21.887719],[73.661101,21.887722],[73.661091,21.887721],[73.661057,21.887725],[73.661042,21.887733],[73.661028,21.887735],[73.661008,21.887741],[73.660992,21.887741],[73.660987,21.887739],[73.660973,21.887744],[73.66095,21.887745],[73.660916,21.887758],[73.660884,21.887755],[73.66087,21.887758],[73.660855,21.887757],[73.66081,21.887763],[73.660787,21.887759],[73.660759,21.887766],[73.660742,21.887765],[73.660736,21.887769],[73.660732,21.887769],[73.660728,21.887765],[73.660717,21.887764],[73.660691,21.887765],[73.660684,21.887762],[73.660662,21.887764],[73.660643,21.887758],[73.660632,21.887761],[73.660615,21.887759],[73.660602,21.88776],[73.660591,21.887758],[73.660576,21.887764],[73.660549,21.887778],[73.660533,21.88778],[73.660511,21.887778],[73.660503,21.887785],[73.660494,21.887787],[73.660484,21.887787],[73.660466,21.88778],[73.660446,21.887779],[73.660444,21.887777],[73.660442,21.88778],[73.660438,21.887781],[73.66041,21.887779],[73.660399,21.887784],[73.66039,21.887785],[73.660383,21.887791],[73.660371,21.887794],[73.660362,21.887802],[73.660353,21.887802],[73.660343,21.887805],[73.660328,21.887801],[73.66031,21.887805],[73.660287,21.887802],[73.660274,21.887802],[73.660267,21.887794],[73.660264,21.887793],[73.660261,21.887796],[73.660239,21.887785],[73.66023,21.887778],[73.660221,21.887776],[73.660203,21.887766],[73.66018,21.88776],[73.66017,21.887762],[73.660161,21.887757],[73.660149,21.887755],[73.660123,21.887762],[73.660117,21.887769],[73.6601,21.88777],[73.660095,21.887774],[73.660078,21.887776],[73.660065,21.887785],[73.660059,21.887784],[73.660017,21.887795],[73.660011,21.887795],[73.660008,21.887792],[73.659997,21.887796],[73.659991,21.887793],[73.659985,21.887801],[73.659979,21.887806],[73.659961,21.887811],[73.659949,21.887819],[73.659938,21.887817],[73.65993,21.887819],[73.659923,21.887822],[73.65992,21.887827],[73.659896,21.887832],[73.659885,21.887841],[73.659876,21.887843],[73.659864,21.887842],[73.65986,21.887845],[73.659855,21.887843],[73.659847,21.887843],[73.65983,21.887845],[73.659817,21.88785],[73.65981,21.88785],[73.659794,21.887855],[73.659783,21.887854],[73.659775,21.887858],[73.659755,21.887861],[73.659747,21.887858],[73.65974,21.887858],[73.659727,21.887864],[73.659716,21.88786],[73.659705,21.887863],[73.659692,21.88786],[73.65968,21.88786],[73.659672,21.887863],[73.659656,21.887861],[73.659649,21.887856],[73.659645,21.887858],[73.659639,21.887856],[73.659626,21.887856],[73.65962,21.887853],[73.659612,21.887856],[73.65958,21.887847],[73.659559,21.887849],[73.659555,21.887845],[73.659534,21.887839],[73.659524,21.887842],[73.659514,21.887848],[73.659505,21.887848],[73.659491,21.887852],[73.659469,21.887852],[73.659459,21.887858],[73.659451,21.887857],[73.659447,21.887858],[73.65943,21.887855],[73.659411,21.887856],[73.659397,21.887854],[73.659387,21.887851],[73.659373,21.887854],[73.659361,21.88785],[73.659355,21.887852],[73.659335,21.887844],[73.659321,21.887842],[73.659303,21.887845],[73.65928,21.887841],[73.659272,21.887842],[73.65926,21.887838],[73.65924,21.887835],[73.659225,21.887829],[73.659214,21.887828],[73.659207,21.887829],[73.659199,21.887833],[73.659182,21.887822],[73.65916,21.887796],[73.659139,21.887784],[73.659124,21.887781],[73.659111,21.887775],[73.6591,21.88777],[73.659094,21.887763],[73.659078,21.887757],[73.659068,21.887756],[73.659063,21.887752],[73.65905,21.887751],[73.659039,21.887748],[73.659033,21.88774],[73.659014,21.887729],[73.659004,21.887718],[73.659001,21.887705],[73.658995,21.887696],[73.658989,21.887692],[73.658981,21.88769],[73.65894,21.887692],[73.65892,21.887689],[73.658899,21.887676],[73.658875,21.887667],[73.658843,21.887648],[73.658826,21.887643],[73.658822,21.887638],[73.658812,21.887633],[73.658805,21.887634],[73.658772,21.887628],[73.658759,21.887629],[73.658754,21.887627],[73.658724,21.887632],[73.658698,21.887642],[73.658675,21.887655],[73.658665,21.887657],[73.658643,21.887668],[73.658604,21.887677],[73.658597,21.887677],[73.658592,21.88768],[73.658577,21.887679],[73.658558,21.887685],[73.658516,21.887678],[73.658503,21.88767],[73.658484,21.887668],[73.658472,21.887672],[73.658448,21.887667],[73.658436,21.887667],[73.658431,21.887671],[73.658389,21.887678],[73.658385,21.887681],[73.658378,21.88768],[73.658375,21.887685],[73.658369,21.887684],[73.658337,21.887694],[73.658333,21.887697],[73.658309,21.887707],[73.658303,21.887712],[73.658284,21.887716],[73.658271,21.887723],[73.658263,21.887724],[73.658251,21.887728],[73.658243,21.887728],[73.658237,21.887732],[73.658227,21.887733],[73.658217,21.88774],[73.658207,21.887741]]}},{"type":"Feature","properties":{"elevation":71},"geometry":{"type":"LineString","coordinates":[[73.658136,21.889044],[73.658141,21.889045],[73.658151,21.889056],[73.658156,21.889057],[73.65816,21.889061],[73.658171,21.889065],[73.658173,21.88907],[73.658182,21.889077],[73.658189,21.889078],[73.658194,21.889074],[73.658196,21.889077],[73.658201,21.889076],[73.658219,21.889081],[73.658234,21.889081],[73.658243,21.889078],[73.658262,21.889077],[73.658274,21.889071],[73.658282,21.889065],[73.658291,21.889068],[73.658306,21.889061],[73.658312,21.88906],[73.658316,21.889055],[73.658326,21.889057],[73.658331,21.889056],[73.658335,21.889051],[73.65835,21.889044],[73.658367,21.889045],[73.658372,21.889043],[73.658377,21.889045],[73.658384,21.889043],[73.658388,21.889047],[73.658393,21.889047],[73.658393,21.889051],[73.658401,21.889059],[73.65842,21.889056],[73.658457,21.88906],[73.65847,21.889055],[73.658477,21.889057],[73.658487,21.889055],[73.658499,21.88905],[73.65851,21.889048],[73.658528,21.88904],[73.658537,21.889032],[73.658547,21.889027],[73.658551,21.88902],[73.658572,21.889007],[73.658584,21.888994],[73.658587,21.888994],[73.658593,21.88899],[73.6586,21.888995],[73.658604,21.888993],[73.65861,21.888994],[73.658617,21.888999],[73.658633,21.889],[73.65865,21.889014],[73.658663,21.889021],[73.658668,21.889021],[73.658672,21.889018],[73.658676,21.889021],[73.658682,21.889022],[73.658691,21.88902],[73.658699,21.889027],[73.658706,21.889028],[73.658716,21.889033],[73.658732,21.889036],[73.658749,21.88905],[73.65875,21.889057],[73.658777,21.889062],[73.658808,21.889079],[73.658809,21.889081],[73.65882,21.889084],[73.658833,21.889098],[73.658844,21.889102],[73.658847,21.889107],[73.658859,21.88911],[73.658865,21.889108],[73.65887,21.889115],[73.658873,21.889114],[73.658885,21.88912],[73.658893,21.889117],[73.658902,21.889121],[73.658938,21.889118],[73.658974,21.889111],[73.658991,21.889102],[73.659029,21.8891],[73.659034,21.889098],[73.659037,21.889094],[73.659047,21.889093],[73.659054,21.889096],[73.659072,21.889092],[73.659094,21.889095],[73.659099,21.889094],[73.65911,21.889086],[73.65912,21.889089],[73.659135,21.889085],[73.659143,21.889078],[73.659156,21.88908],[73.659167,21.889078],[73.659171,21.889075],[73.65918,21.889073],[73.659193,21.889064],[73.659196,21.889066],[73.6592,21.889063],[73.659209,21.889063],[73.65922,21.889057],[73.659227,21.889056],[73.659254,21.889036],[73.659286,21.889023],[73.659305,21.889023],[73.659326,21.889029],[73.659339,21.889027],[73.659368,21.889026],[73.659391,21.889018],[73.659414,21.889016],[73.659432,21.889007],[73.65945,21.889003],[73.659456,21.888998],[73.659463,21.888997],[73.65948,21.888989],[73.65949,21.888987],[73.6595,21.888981],[73.659515,21.888979],[73.659524,21.888972],[73.659528,21.888972],[73.659565,21.888957],[73.659585,21.888955],[73.659592,21.888958],[73.659605,21.888955],[73.659621,21.888956],[73.659629,21.888953],[73.659639,21.888953],[73.659647,21.888946],[73.659664,21.888944],[73.65967,21.88894],[73.659673,21.888941],[73.659677,21.888934],[73.659681,21.888932],[73.65969,21.888933],[73.659691,21.888929],[73.659695,21.888927],[73.659705,21.888927],[73.65972,21.888921],[73.659727,21.888922],[73.659735,21.888919],[73.659739,21.888914],[73.659764,21.888907],[73.659798,21.888891],[73.659811,21.888889],[73.659817,21.888885],[73.65983,21.888885],[73.659843,21.888875],[73.659853,21.888875],[73.659872,21.88887],[73.659881,21.888871],[73.659893,21.88887],[73.659914,21.888859],[73.659928,21.888858],[73.659944,21.888852],[73.659952,21.888847],[73.659972,21.888842],[73.659982,21.888833],[73.659996,21.888831],[73.660016,21.88882],[73.660035,21.888813],[73.66004,21.888814],[73.660042,21.888816],[73.66005,21.888812],[73.660063,21.888813],[73.660066,21.888811],[73.66008,21.88881],[73.660082,21.888807],[73.660087,21.888808],[73.660093,21.888807],[73.660097,21.888804],[73.660108,21.888803],[73.660112,21.8888],[73.660126,21.888801],[73.660182,21.888792],[73.660184,21.888794],[73.66019,21.88879],[73.660209,21.888788],[73.660216,21.88879],[73.660224,21.888783],[73.660232,21.888781],[73.660237,21.888777],[73.660246,21.888775],[73.660254,21.888771],[73.660275,21.888768],[73.660307,21.888753],[73.660314,21.888753],[73.660331,21.888742],[73.660339,21.888743],[73.660353,21.888731],[73.660372,21.888731],[73.660397,21.888716],[73.660402,21.88872],[73.66041,21.888719],[73.660418,21.888711],[73.66042,21.888712],[73.66043,21.888707],[73.660433,21.888702],[73.660444,21.8887],[73.660452,21.888695],[73.660458,21.888695],[73.660463,21.888691],[73.660466,21.888693],[73.660468,21.888693],[73.660472,21.888686],[73.660485,21.888677],[73.660493,21.888677],[73.660503,21.888666],[73.660518,21.88866],[73.660531,21.888648],[73.660543,21.888648],[73.660543,21.888644],[73.660547,21.888643],[73.660562,21.888625],[73.660582,21.888611],[73.660586,21.88861],[73.660584,21.888612],[73.660585,21.888614],[73.660591,21.888611],[73.660595,21.888605],[73.660601,21.888602],[73.660613,21.888587],[73.660621,21.888585],[73.660622,21.888581],[73.660629,21.888576],[73.660645,21.888571],[73.660669,21.888559],[73.660675,21.88856],[73.660682,21.888555],[73.660691,21.888554],[73.660701,21.888546],[73.660707,21.888547],[73.66071,21.888543],[73.660715,21.888544],[73.660722,21.888542],[73.660724,21.888539],[73.660729,21.888537],[73.66073,21.888533],[73.660735,21.888534],[73.660744,21.888526],[73.660751,21.888526],[73.660766,21.888512],[73.660775,21.888509],[73.66078,21.888503],[73.660796,21.888492],[73.660802,21.888483],[73.660814,21.888478],[73.660819,21.888473],[73.660823,21.888472],[73.660828,21.888464],[73.660832,21.888465],[73.660834,21.88846],[73.660841,21.888457],[73.660845,21.888451],[73.660867,21.888436],[73.660877,21.888425],[73.660897,21.888415],[73.660906,21.888403],[73.660914,21.8884],[73.660919,21.888392],[73.660928,21.88839],[73.660931,21.888385],[73.660937,21.888383],[73.660938,21.88838],[73.660943,21.888376],[73.660948,21.888376],[73.660955,21.88837],[73.660966,21.888367],[73.660973,21.888361],[73.660975,21.888356],[73.660981,21.888353],[73.660982,21.888348],[73.660994,21.888339],[73.661006,21.888334],[73.661021,21.888321],[73.66105,21.888302],[73.661055,21.888297],[73.661054,21.888294],[73.661065,21.888282],[73.661078,21.888277],[73.661081,21.888271],[73.661104,21.88826],[73.661105,21.888251],[73.661112,21.888249],[73.661111,21.888247],[73.661113,21.888245],[73.66112,21.888244],[73.661126,21.888236],[73.661134,21.888234],[73.661136,21.888231],[73.661134,21.888228],[73.661135,21.888217],[73.661137,21.888212],[73.66114,21.888211],[73.661133,21.8882],[73.661135,21.888193],[73.66114,21.888189],[73.661152,21.888186],[73.661162,21.888186],[73.66116,21.88819],[73.661165,21.888188],[73.661177,21.888195],[73.661187,21.88819],[73.66119,21.888183],[73.661203,21.888182],[73.661206,21.888178],[73.661219,21.888168],[73.661228,21.888157],[73.661234,21.888141],[73.661251,21.888124],[73.661255,21.888111],[73.661259,21.888113],[73.661259,21.888109],[73.661265,21.888099],[73.661276,21.888093],[73.661283,21.888086],[73.661292,21.88808],[73.661294,21.888073],[73.6613,21.888071],[73.661306,21.888064],[73.661308,21.888054],[73.66132,21.888044],[73.661323,21.888039],[73.661336,21.888032],[73.661338,21.888027],[73.661346,21.888024],[73.661348,21.888019],[73.661356,21.888017],[73.661359,21.888012],[73.661366,21.888007],[73.66137,21.888007],[73.661372,21.888004],[73.661378,21.888004],[73.661385,21.887995],[73.661393,21.887999],[73.661401,21.888],[73.661409,21.888005],[73.661421,21.888007],[73.661434,21.888001],[73.661428,21.887996],[73.661425,21.887986],[73.661408,21.887966],[73.661402,21.88795],[73.661398,21.887945],[73.661392,21.887942],[73.66137,21.887937],[73.661352,21.887929],[73.661339,21.887917],[73.661335,21.887911],[73.661328,21.887908],[73.661324,21.887894],[73.66132,21.887893],[73.66132,21.887889],[73.661325,21.887885],[73.661325,21.887873],[73.66132,21.887868],[73.66132,21.887858],[73.661314,21.887853],[73.661313,21.887847],[73.661313,21.88783],[73.661311,21.887825],[73.661315,21.887811],[73.661307,21.887801],[73.66131,21.887794],[73.661315,21.887793],[73.661312,21.887791],[73.661313,21.887781],[73.661325,21.887764],[73.661344,21.887756],[73.661355,21.887756],[73.661372,21.887761],[73.661379,21.887767],[73.661387,21.887766],[73.661395,21.887768],[73.661412,21.887777],[73.661423,21.887786],[73.661432,21.887789],[73.661445,21.887788],[73.66146,21.887793],[73.661486,21.88781],[73.661498,21.887812],[73.661537,21.887811],[73.661558,21.887815],[73.66157,21.8878],[73.661567,21.887785],[73.661569,21.887778],[73.661564,21.887764],[73.66157,21.887755],[73.661564,21.887752],[73.661565,21.887748],[73.66158,21.887736],[73.661589,21.887737],[73.6616,21.887736],[73.661602,21.887733],[73.661606,21.887736],[73.661618,21.887729],[73.66162,21.887733],[73.661626,21.887727],[73.661624,21.887725],[73.661625,21.88772],[73.661621,21.88772],[73.661611,21.887731],[73.661613,21.887724],[73.661609,21.887723],[73.661607,21.88772],[73.661602,21.887722],[73.661605,21.887719],[73.661616,21.887716],[73.661617,21.887717],[73.661614,21.88772],[73.661616,21.887721],[73.661626,21.887711],[73.661604,21.887707],[73.661595,21.887685],[73.66159,21.887682],[73.661582,21.887681],[73.661572,21.887683],[73.661561,21.88769],[73.661552,21.887685],[73.661518,21.887695],[73.661511,21.887694],[73.661496,21.88771],[73.661477,21.887718],[73.66146,21.887721],[73.661436,21.887715],[73.661423,21.887718],[73.661409,21.887719],[73.661395,21.887725],[73.661381,21.887727],[73.661378,21.887725],[73.661362,21.88773],[73.661346,21.887727],[73.661339,21.887731],[73.661333,21.887731],[73.661324,21.887727],[73.661316,21.887728],[73.661286,21.887712],[73.661274,21.88771],[73.661267,21.887707],[73.661247,21.887708],[73.661235,21.887703],[73.661212,21.887701],[73.661206,21.887703],[73.6612,21.887702],[73.661187,21.887705],[73.661177,21.887703],[73.661165,21.887705],[73.661157,21.887709],[73.661142,21.887707],[73.66113,21.88771],[73.661114,21.887708],[73.661087,21.887712],[73.661074,21.887712],[73.66105,21.887722],[73.661022,21.887728],[73.660984,21.887733],[73.660946,21.887734],[73.660939,21.887739],[73.660921,21.887742],[73.660917,21.887745],[73.660912,21.887744],[73.660908,21.887746],[73.660905,21.887742],[73.660898,21.887741],[73.660874,21.887747],[73.660864,21.887745],[73.66085,21.88775],[73.660835,21.887749],[73.660821,21.887746],[73.660805,21.887748],[73.660792,21.887747],[73.660784,21.887749],[73.66078,21.887747],[73.660766,21.887747],[73.660723,21.887755],[73.660701,21.88775],[73.660675,21.887753],[73.660658,21.887748],[73.660646,21.887748],[73.660637,21.887745],[73.660635,21.887741],[73.660616,21.887738],[73.660606,21.88774],[73.660594,21.887739],[73.660585,21.887742],[73.660577,21.887745],[73.660574,21.887751],[73.66056,21.887755],[73.66055,21.887763],[73.660538,21.887766],[73.660518,21.887763],[73.660508,21.887765],[73.660502,21.887763],[73.660489,21.887764],[73.66048,21.887763],[73.660472,21.887754],[73.660448,21.887755],[73.660439,21.887753],[73.660428,21.887759],[73.660402,21.887762],[73.660391,21.887766],[73.660387,21.887762],[73.660379,21.887767],[73.660382,21.887769],[73.66038,21.887772],[73.660349,21.887781],[73.660337,21.887781],[73.660327,21.887785],[73.660311,21.887781],[73.660304,21.887783],[73.660302,21.887785],[73.66029,21.887785],[73.660283,21.887782],[73.660287,21.88778],[73.660286,21.887777],[73.660264,21.887771],[73.660261,21.887772],[73.660263,21.887775],[73.660253,21.887773],[73.660244,21.887769],[73.660239,21.887761],[73.660229,21.887756],[73.660219,21.887756],[73.660199,21.88775],[73.660196,21.887751],[73.660182,21.887751],[73.66017,21.887746],[73.660122,21.887747],[73.660099,21.88776],[73.660088,21.887761],[73.660083,21.887765],[73.660067,21.887767],[73.660056,21.88777],[73.660042,21.887777],[73.660031,21.88778],[73.660028,21.887778],[73.660005,21.887785],[73.659993,21.887782],[73.659973,21.887794],[73.659968,21.887795],[73.659957,21.887802],[73.659951,21.887801],[73.659941,21.88781],[73.65992,21.887811],[73.659914,21.887816],[73.659903,21.887817],[73.659894,21.887823],[73.659882,21.887825],[73.659878,21.887824],[73.659857,21.887831],[73.659846,21.88783],[73.659806,21.887837],[73.65978,21.887845],[73.659756,21.887842],[73.659739,21.887846],[73.659724,21.887843],[73.659708,21.887846],[73.659703,21.887844],[73.659693,21.887847],[73.659681,21.887841],[73.659669,21.887843],[73.659649,21.887839],[73.659641,21.887839],[73.659623,21.887834],[73.659613,21.887836],[73.659596,21.887834],[73.659592,21.887829],[73.659588,21.88783],[73.65957,21.887825],[73.659552,21.887824],[73.659542,21.887821],[73.659536,21.887824],[73.659532,21.887824],[73.659534,21.887822],[73.659531,21.887821],[73.65953,21.887824],[73.65952,21.887828],[73.659515,21.887825],[73.659509,21.887824],[73.659506,21.887828],[73.659509,21.887829],[73.659513,21.887827],[73.659513,21.88783],[73.659496,21.887836],[73.659487,21.887835],[73.65948,21.887841],[73.659438,21.887845],[73.659434,21.887844],[73.659396,21.887844],[73.659377,21.887836],[73.659341,21.887836],[73.659322,21.88783],[73.659305,21.887832],[73.659293,21.887828],[73.659283,21.88783],[73.659278,21.887828],[73.659251,21.887831],[73.65922,21.887822],[73.659203,21.887822],[73.659187,21.887807],[73.659178,21.887804],[73.659163,21.887788],[73.659151,21.887785],[73.65914,21.887777],[73.659128,21.887775],[73.659111,21.887766],[73.659099,21.887756],[73.659075,21.887742],[73.659064,21.887742],[73.65904,21.887735],[73.659031,21.887727],[73.659018,21.887707],[73.659011,21.887703],[73.658998,21.887683],[73.658975,21.887676],[73.658957,21.887679],[73.658946,21.887674],[73.658939,21.887676],[73.658917,21.887672],[73.658887,21.887653],[73.658863,21.887643],[73.658854,21.887636],[73.658843,21.887635],[73.658836,21.887632],[73.65882,21.887624],[73.658812,21.887618],[73.658795,21.887614],[73.658787,21.887616],[73.658777,21.887612],[73.658723,21.887616],[73.658709,21.88762],[73.658704,21.887619],[73.658696,21.887626],[73.65869,21.887627],[73.658676,21.88764],[73.65866,21.887643],[73.65865,21.887649],[73.658623,21.887657],[73.658617,21.887662],[73.658607,21.887662],[73.658587,21.887668],[73.658581,21.887666],[73.658577,21.887668],[73.658535,21.887669],[73.658523,21.887664],[73.658511,21.887663],[73.658498,21.887657],[73.658463,21.887663],[73.658443,21.887653],[73.658434,21.887654],[73.65843,21.887656],[73.658422,21.887655],[73.658409,21.887657],[73.658396,21.887662],[73.658378,21.887663],[73.658341,21.887674],[73.658315,21.887687],[73.658309,21.887685],[73.658301,21.887688],[73.658283,21.887699],[73.658276,21.887701],[73.658271,21.887699],[73.658263,21.887706],[73.658251,21.887708],[73.658217,21.887721],[73.658212,21.887721]]}},{"type":"Feature","properties":{"elevation":70},"geometry":{"type":"LineString","coordinates":[[73.658131,21.889068],[73.658142,21.889077],[73.658145,21.889082],[73.658153,21.889085],[73.658157,21.889084],[73.658159,21.889089],[73.658166,21.889091],[73.658171,21.889093],[73.658174,21.889091],[73.65818,21.889096],[73.658185,21.889096],[73.658192,21.8891],[73.658196,21.889099],[73.658212,21.889099],[73.658221,21.889103],[73.658225,21.889102],[73.658231,21.889105],[73.658281,21.889101],[73.658301,21.889094],[73.658303,21.889092],[73.658303,21.889088],[73.658323,21.889078],[73.658337,21.889079],[73.658343,21.889072],[73.658349,21.889075],[73.658357,21.889073],[73.658361,21.889076],[73.65837,21.889077],[73.658372,21.889075],[73.658378,21.889079],[73.658397,21.889079],[73.658408,21.889077],[73.65841,21.889082],[73.658433,21.889079],[73.658442,21.889084],[73.65847,21.889079],[73.658488,21.889072],[73.658497,21.889072],[73.658507,21.889067],[73.65851,21.889069],[73.658513,21.889067],[73.658518,21.889067],[73.658528,21.889064],[73.658541,21.889055],[73.658562,21.889037],[73.658569,21.889035],[73.658575,21.889026],[73.658589,21.889015],[73.658594,21.889012],[73.65861,21.889011],[73.658616,21.889016],[73.658622,21.889018],[73.658635,21.88903],[73.658639,21.889029],[73.658676,21.889041],[73.65868,21.889039],[73.658687,21.889043],[73.658691,21.889042],[73.658702,21.889046],[73.658707,21.889045],[73.658712,21.88905],[73.658759,21.889069],[73.658764,21.889075],[73.658775,21.88908],[73.658776,21.889085],[73.658781,21.88909],[73.658798,21.889098],[73.658801,21.889095],[73.658806,21.889096],[73.658822,21.889107],[73.658827,21.889109],[73.658827,21.889111],[73.658839,21.889115],[73.658844,21.889123],[73.658855,21.889125],[73.65887,21.889133],[73.658873,21.889136],[73.658886,21.889134],[73.658909,21.889139],[73.658916,21.889136],[73.658928,21.889137],[73.658962,21.88913],[73.658971,21.889126],[73.658999,21.889123],[73.659004,21.889119],[73.659017,21.889117],[73.659024,21.889119],[73.65903,21.889115],[73.659044,21.889111],[73.659047,21.889113],[73.659076,21.889106],[73.659088,21.889105],[73.6591,21.889104],[73.659109,21.889107],[73.659116,21.889103],[73.659132,21.889101],[73.659142,21.889093],[73.659194,21.889087],[73.659209,21.889078],[73.659218,21.889079],[73.659229,21.889075],[73.659241,21.889065],[73.659261,21.889057],[73.659275,21.889048],[73.659287,21.889047],[73.659298,21.889042],[73.659306,21.889045],[73.65932,21.889043],[73.659336,21.889047],[73.659364,21.889039],[73.659409,21.889035],[73.659413,21.889032],[73.659431,21.889029],[73.659476,21.889009],[73.659491,21.889007],[73.659511,21.888992],[73.659516,21.888993],[73.659518,21.888989],[73.659523,21.888987],[73.659528,21.88899],[73.659541,21.888982],[73.65955,21.888981],[73.659555,21.888974],[73.659594,21.888972],[73.659605,21.888973],[73.659619,21.88897],[73.659623,21.888971],[73.659631,21.888967],[73.659641,21.888968],[73.659651,21.888964],[73.65966,21.888964],[73.659665,21.888961],[73.659665,21.888958],[73.659674,21.888957],[73.659684,21.888951],[73.65969,21.888953],[73.659693,21.888948],[73.659697,21.888949],[73.659711,21.888943],[73.659728,21.888942],[73.659733,21.888937],[73.659746,21.888933],[73.659761,21.888931],[73.659766,21.888929],[73.659768,21.888925],[73.659774,21.888926],[73.659782,21.888922],[73.659803,21.888917],[73.659813,21.888912],[73.659819,21.888911],[73.659828,21.888905],[73.659828,21.8889],[73.659834,21.888897],[73.659848,21.888896],[73.659852,21.888892],[73.659874,21.888888],[73.659881,21.888885],[73.659901,21.888883],[73.659919,21.888875],[73.659937,21.888873],[73.659954,21.888868],[73.659971,21.88886],[73.659975,21.888861],[73.659996,21.888848],[73.660005,21.888847],[73.660008,21.888848],[73.660027,21.88884],[73.660061,21.888831],[73.660075,21.888831],[73.660104,21.888824],[73.660109,21.888826],[73.660116,21.888823],[73.660136,21.888822],[73.660143,21.888818],[73.660155,21.888818],[73.66016,21.88882],[73.660169,21.888815],[73.660192,21.888814],[73.660197,21.888815],[73.660211,21.888808],[73.660239,21.888806],[73.660251,21.888799],[73.660263,21.888798],[73.660268,21.888794],[73.660274,21.888796],[73.660283,21.888793],[73.660284,21.88879],[73.660298,21.88878],[73.660307,21.888777],[73.660311,21.888779],[73.660323,21.888774],[73.660327,21.888775],[73.660358,21.888759],[73.660362,21.888761],[73.660364,21.888759],[73.66037,21.88876],[73.660375,21.888755],[73.660389,21.888748],[73.660398,21.888751],[73.660415,21.888745],[73.660421,21.888739],[73.660425,21.888739],[73.66044,21.88873],[73.660446,21.888731],[73.66046,21.888726],[73.660469,21.888726],[73.660473,21.888724],[73.660477,21.888725],[73.660486,21.88872],[73.660491,21.888721],[73.660507,21.88871],[73.660511,21.888711],[73.660515,21.888707],[73.66052,21.888707],[73.660535,21.888697],[73.660537,21.88869],[73.660542,21.888686],[73.660559,21.888678],[73.66059,21.888658],[73.660594,21.888651],[73.660598,21.888649],[73.660603,21.888639],[73.660606,21.888634],[73.660604,21.888631],[73.66062,21.88862],[73.660623,21.888615],[73.66063,21.888616],[73.660637,21.888607],[73.660673,21.888587],[73.660686,21.888585],[73.660705,21.888575],[73.660709,21.888576],[73.660719,21.888571],[73.660726,21.888571],[73.660738,21.888561],[73.660744,21.888561],[73.660751,21.888553],[73.660771,21.888542],[73.660776,21.888538],[73.660782,21.888538],[73.660783,21.888534],[73.660795,21.888528],[73.6608,21.888521],[73.660809,21.888516],[73.660816,21.888506],[73.660821,21.888507],[73.660825,21.888502],[73.660833,21.888501],[73.660834,21.888495],[73.660891,21.888442],[73.660901,21.888439],[73.660916,21.888428],[73.660921,21.888428],[73.660927,21.888418],[73.660942,21.888411],[73.660951,21.888402],[73.660965,21.888397],[73.660972,21.888389],[73.660981,21.888385],[73.660988,21.888376],[73.661009,21.888362],[73.661036,21.888336],[73.661051,21.888327],[73.661052,21.888324],[73.661064,21.888317],[73.661067,21.888314],[73.661072,21.888314],[73.661082,21.888305],[73.661091,21.888302],[73.661097,21.888294],[73.661109,21.888288],[73.661117,21.888281],[73.661126,21.888279],[73.661143,21.888266],[73.661152,21.888263],[73.661177,21.88824],[73.661185,21.888229],[73.6612,21.888214],[73.661212,21.888206],[73.661213,21.888202],[73.661234,21.888182],[73.661254,21.888152],[73.661257,21.888151],[73.661268,21.888139],[73.661279,21.888133],[73.661292,21.888115],[73.661307,21.8881],[73.661312,21.888098],[73.661312,21.888094],[73.661315,21.888094],[73.661326,21.888079],[73.661337,21.888074],[73.661338,21.888069],[73.661346,21.88806],[73.661351,21.888059],[73.661357,21.888053],[73.661365,21.888052],[73.661368,21.888044],[73.661386,21.88803],[73.661393,21.888032],[73.661406,21.888023],[73.661409,21.888024],[73.661413,21.888021],[73.661424,21.888018],[73.661453,21.888007],[73.661456,21.888002],[73.661456,21.888],[73.661444,21.887995],[73.661433,21.88797],[73.661405,21.887941],[73.661392,21.887934],[73.661365,21.887929],[73.661357,21.887923],[73.661353,21.88791],[73.661349,21.887908],[73.661344,21.887895],[73.661348,21.887877],[73.661345,21.887869],[73.661344,21.887858],[73.661352,21.88785],[73.661353,21.887845],[73.661358,21.887843],[73.661364,21.887844],[73.661373,21.887835],[73.661381,21.887835],[73.661403,21.887809],[73.661415,21.887799],[73.66142,21.887797],[73.661439,21.887798],[73.661458,21.887802],[73.661478,21.887815],[73.66149,21.887818],[73.661537,21.887819],[73.661599,21.887828],[73.661605,21.887826],[73.661612,21.887826],[73.661615,21.887829],[73.661618,21.887827],[73.661622,21.887817],[73.661633,21.887816],[73.661633,21.887811],[73.661629,21.887814],[73.661628,21.887807],[73.661632,21.887804],[73.661638,21.887804],[73.661638,21.887801],[73.661647,21.887793],[73.661653,21.887795],[73.661655,21.887791],[73.661662,21.887789],[73.661676,21.88779],[73.661687,21.887788],[73.661689,21.887782],[73.661694,21.887785],[73.661693,21.887781],[73.661697,21.887776],[73.661702,21.887777],[73.661701,21.887773],[73.661709,21.887764],[73.661721,21.887762],[73.661724,21.887766],[73.661728,21.887766],[73.661733,21.887763],[73.661734,21.887758],[73.661746,21.887756],[73.66175,21.887758],[73.661767,21.887753],[73.661791,21.88775],[73.6618,21.887743],[73.661808,21.887744],[73.661817,21.887739],[73.661823,21.88774],[73.661824,21.887727],[73.661818,21.887719],[73.661832,21.887713],[73.661833,21.887706],[73.66184,21.887698],[73.661842,21.887691],[73.66184,21.887681],[73.661842,21.887674],[73.66184,21.887667],[73.661844,21.887666],[73.661838,21.887663],[73.661842,21.887655],[73.66184,21.887649],[73.661838,21.887647],[73.661835,21.88765],[73.661833,21.887648],[73.661835,21.887645],[73.661833,21.887637],[73.661812,21.88763],[73.661802,21.887621],[73.66179,21.887619],[73.661778,21.887626],[73.661769,21.887627],[73.661742,21.887619],[73.661718,21.887621],[73.6617,21.887626],[73.661694,21.887625],[73.661685,21.887631],[73.661667,21.887638],[73.661663,21.887642],[73.661648,21.887643],[73.66164,21.887649],[73.661627,21.887654],[73.661608,21.887651],[73.661595,21.887655],[73.661591,21.887654],[73.661555,21.887664],[73.661544,21.887665],[73.661532,21.887672],[73.661521,21.887672],[73.66151,21.887677],[73.661502,21.887689],[73.661484,21.887702],[73.661469,21.887704],[73.661466,21.887706],[73.661402,21.887705],[73.661374,21.887715],[73.661364,21.887714],[73.66136,21.887711],[73.661335,21.887717],[73.661316,21.887711],[73.66131,21.887711],[73.661294,21.887703],[73.661254,21.887692],[73.661244,21.887693],[73.661238,21.887691],[73.661231,21.887694],[73.661227,21.887689],[73.661216,21.887688],[73.661213,21.887686],[73.661207,21.887688],[73.661188,21.887688],[73.661184,21.887691],[73.66117,21.887691],[73.661153,21.887695],[73.661139,21.887694],[73.661133,21.887697],[73.661126,21.887698],[73.661112,21.887696],[73.661084,21.8877],[73.661078,21.887698],[73.661066,21.887702],[73.66106,21.887703],[73.661054,21.88771],[73.661032,21.887715],[73.66102,21.887715],[73.661015,21.887717],[73.660997,21.887715],[73.660982,21.887717],[73.660979,21.887721],[73.660976,21.887721],[73.660971,21.887719],[73.660959,21.887721],[73.660947,21.887721],[73.660935,21.887727],[73.660926,21.887727],[73.660921,21.887731],[73.660898,21.887729],[73.660879,21.887736],[73.660869,21.887734],[73.660854,21.887738],[73.660843,21.887735],[73.660801,21.887738],[73.660783,21.887734],[73.660762,21.887733],[73.66074,21.887738],[73.660728,21.887735],[73.660718,21.887739],[73.660689,21.887736],[73.660691,21.887732],[73.660688,21.88773],[73.660641,21.88773],[73.660638,21.887729],[73.660635,21.887731],[73.660632,21.887728],[73.660613,21.887724],[73.660585,21.887728],[73.660576,21.887731],[73.660574,21.887734],[73.660553,21.887741],[73.660547,21.887738],[73.660543,21.887726],[73.660527,21.887724],[73.660506,21.88773],[73.660499,21.887736],[73.660456,21.887737],[73.660431,21.88774],[73.660423,21.887744],[73.660395,21.887742],[73.660364,21.887752],[73.660353,21.887757],[73.660355,21.88776],[73.66035,21.887762],[73.660317,21.887765],[73.660297,21.887761],[73.660289,21.887763],[73.660286,21.887758],[73.660281,21.887759],[73.660271,21.887753],[73.660263,21.887754],[73.660261,21.887749],[73.66025,21.887745],[73.660234,21.887745],[73.660218,21.887741],[73.66021,21.887741],[73.660201,21.887737],[73.660182,21.887734],[73.660156,21.887738],[73.660142,21.88774],[73.660138,21.887738],[73.660112,21.887743],[73.6601,21.887743],[73.660084,21.887749],[73.66008,21.887747],[73.66007,21.887749],[73.660055,21.887758],[73.66005,21.887757],[73.660037,21.887763],[73.660018,21.887767],[73.660009,21.887773],[73.659991,21.887775],[73.65998,21.887781],[73.659974,21.887781],[73.659959,21.887787],[73.659952,21.887786],[73.659939,21.887796],[73.659936,21.887795],[73.659927,21.887799],[73.65992,21.887799],[73.659913,21.887803],[73.659909,21.887801],[73.659903,21.887806],[73.65988,21.887809],[73.659867,21.887815],[73.659856,21.887814],[73.659828,21.887822],[73.659808,21.887822],[73.659802,21.887826],[73.659795,21.887823],[73.65979,21.887823],[73.659774,21.887831],[73.659744,21.887826],[73.659721,21.887829],[73.659709,21.887826],[73.659699,21.887829],[73.659668,21.887825],[73.659662,21.887826],[73.659658,21.887823],[73.659637,21.887822],[73.659632,21.887816],[73.659616,21.887816],[73.659608,21.887818],[73.659587,21.887812],[73.659583,21.887808],[73.659574,21.887809],[73.659551,21.887805],[73.659545,21.887802],[73.659536,21.887804],[73.659533,21.887808],[73.659525,21.887808],[73.659515,21.887813],[73.659498,21.887814],[73.659485,21.887819],[73.659472,21.887827],[73.659457,21.887828],[73.659449,21.887833],[73.659435,21.887829],[73.659425,21.88783],[73.659417,21.887832],[73.659408,21.887832],[73.659394,21.887829],[73.65939,21.887826],[73.659379,21.887825],[73.659356,21.88782],[73.659347,21.887819],[73.659343,21.887821],[73.659306,21.887817],[73.659298,21.88782],[73.659286,21.887816],[73.659267,21.887819],[73.659246,21.887814],[73.659238,21.887818],[73.659231,21.887818],[73.659223,21.887813],[73.65921,21.887811],[73.65917,21.887781],[73.659154,21.887775],[73.659148,21.887766],[73.659131,21.887763],[73.659127,21.887759],[73.659112,21.887752],[73.659087,21.887735],[73.659075,21.887733],[73.659058,21.887725],[73.659046,21.887723],[73.65903,21.887708],[73.65902,21.887688],[73.659009,21.887678],[73.659008,21.887672],[73.659003,21.887668],[73.658984,21.887662],[73.658961,21.887665],[73.658947,21.887661],[73.65894,21.887663],[73.658937,21.887661],[73.658924,21.887661],[73.658881,21.887641],[73.658868,21.887632],[73.658852,21.887627],[73.658844,21.887619],[73.658837,21.887618],[73.658824,21.88761],[73.658795,21.8876],[73.658792,21.887602],[73.65878,21.887599],[73.658768,21.8876],[73.65876,21.887596],[73.658738,21.887598],[73.658736,21.8876],[73.658709,21.887604],[73.658703,21.887603],[73.65869,21.88761],[73.658675,21.887624],[73.658651,21.887635],[73.658634,21.887636],[73.658599,21.887651],[73.65857,21.887652],[73.658549,21.887658],[73.658538,21.887658],[73.658532,21.887655],[73.658518,21.887653],[73.658505,21.887648],[73.658492,21.887649],[73.658487,21.887652],[73.658476,21.88765],[73.658464,21.887652],[73.658458,21.887651],[73.658446,21.887643],[73.658432,21.887639],[73.658422,21.887642],[73.658398,21.887638],[73.658395,21.88764],[73.658392,21.887643],[73.658363,21.887647],[73.658357,21.887649],[73.65835,21.887656],[73.658334,21.887658],[73.658316,21.887663],[73.658304,21.88767],[73.658297,21.88767],[73.65829,21.887675],[73.658284,21.887676],[73.658283,21.887679],[73.658278,21.887682],[73.658271,21.88768],[73.658263,21.887686],[73.658254,21.887685],[73.658252,21.887687],[73.658253,21.887692],[73.65823,21.887695],[73.658228,21.887699],[73.658216,21.887703]]}},{"type":"Feature","properties":{"elevation":69},"geometry":{"type":"LineString","coordinates":[[73.658124,21.889098],[73.658129,21.889096],[73.658139,21.889101],[73.658141,21.889105],[73.658145,21.889104],[73.658143,21.889111],[73.658145,21.889112],[73.658148,21.88911],[73.658151,21.889112],[73.658155,21.88911],[73.658163,21.889118],[73.658164,21.889113],[73.658167,21.889113],[73.658169,21.889116],[73.658173,21.889117],[73.658181,21.889125],[73.658189,21.889124],[73.658203,21.889129],[73.658209,21.889134],[73.658218,21.889135],[73.658223,21.889127],[73.658248,21.889133],[73.65826,21.889133],[73.658265,21.88913],[73.658277,21.889132],[73.658284,21.889129],[73.65829,21.889123],[73.658302,21.889119],[73.658306,21.889115],[73.658315,21.889113],[73.658313,21.889117],[73.658314,21.88912],[73.65832,21.889118],[73.658319,21.889115],[73.658327,21.889111],[73.65833,21.889113],[73.658339,21.889106],[73.65834,21.889109],[73.658344,21.889109],[73.658347,21.889103],[73.658356,21.889106],[73.658362,21.889103],[73.658379,21.889103],[73.658388,21.889106],[73.658393,21.889103],[73.658411,21.889107],[73.658417,21.889105],[73.658422,21.889107],[73.65843,21.889104],[73.658452,21.889101],[73.658467,21.889104],[73.658476,21.889101],[73.65848,21.889096],[73.658502,21.889094],[73.658514,21.889089],[73.658519,21.889083],[73.658538,21.889079],[73.658542,21.889074],[73.658552,21.889073],[73.658568,21.889054],[73.658586,21.889042],[73.658597,21.889038],[73.658608,21.889039],[73.658615,21.889038],[73.658623,21.88904],[73.658638,21.889052],[73.658644,21.88905],[73.658646,21.889054],[73.658653,21.889053],[73.658661,21.889056],[73.658671,21.889054],[73.658681,21.889058],[73.658687,21.889058],[73.658689,21.889061],[73.658702,21.889064],[73.658706,21.889067],[73.658714,21.889065],[73.658728,21.889073],[73.658735,21.889073],[73.65876,21.889096],[73.658782,21.889098],[73.658793,21.889107],[73.658795,21.889112],[73.658802,21.889114],[73.65881,21.889124],[73.658824,21.889129],[73.658826,21.889133],[73.658832,21.889135],[73.658835,21.88914],[73.658863,21.889146],[73.658872,21.889154],[73.658878,21.889155],[73.658886,21.889152],[73.65891,21.889154],[73.658944,21.889152],[73.658964,21.889145],[73.658979,21.889145],[73.65899,21.889141],[73.659016,21.889139],[73.659027,21.889132],[73.659098,21.88912],[73.659113,21.889114],[73.65912,21.889115],[73.659125,21.889118],[73.659142,21.889114],[73.659164,21.889103],[73.659173,21.889103],[73.659178,21.889105],[73.659183,21.889103],[73.659199,21.889102],[73.659207,21.889098],[73.659211,21.8891],[73.659243,21.889084],[73.659263,21.889077],[73.65927,21.889072],[73.659279,21.889071],[73.659288,21.889065],[73.659298,21.889067],[73.659305,21.889061],[73.659311,21.889059],[73.659336,21.889059],[73.65936,21.889055],[73.659368,21.889057],[73.659385,21.889054],[73.659388,21.889055],[73.659416,21.889049],[73.659422,21.889046],[73.659431,21.889046],[73.65944,21.889041],[73.659464,21.889036],[73.6595,21.889019],[73.659507,21.889019],[73.659529,21.889005],[73.659537,21.889006],[73.659539,21.889003],[73.659546,21.889002],[73.659564,21.888992],[73.659571,21.88899],[73.659594,21.88899],[73.659604,21.888987],[73.659622,21.888989],[73.659631,21.888984],[73.659637,21.888985],[73.659648,21.888981],[73.659652,21.888984],[73.65966,21.888982],[73.659666,21.888976],[73.659673,21.888978],[73.659682,21.888975],[73.659689,21.888969],[73.659713,21.888961],[73.659722,21.888962],[73.659728,21.888956],[73.659733,21.888959],[73.659739,21.888953],[73.659771,21.888945],[73.659793,21.888934],[73.659811,21.888929],[73.659822,21.888922],[73.659872,21.888906],[73.659874,21.888903],[73.659888,21.888901],[73.65989,21.888894],[73.659894,21.888892],[73.659925,21.888891],[73.659944,21.888885],[73.659949,21.888887],[73.659963,21.88888],[73.659966,21.888882],[73.659967,21.888878],[73.65997,21.88888],[73.659972,21.888877],[73.659991,21.888874],[73.66,21.88887],[73.660004,21.88887],[73.660022,21.88886],[73.660041,21.888857],[73.660045,21.888858],[73.66005,21.888855],[73.660063,21.888853],[73.660069,21.888855],[73.660071,21.888852],[73.660078,21.888853],[73.660086,21.888848],[73.660112,21.888845],[73.660141,21.888847],[73.660145,21.888845],[73.660149,21.888847],[73.660152,21.888845],[73.660161,21.888846],[73.660168,21.888843],[73.660176,21.888844],[73.660188,21.888839],[73.660223,21.888836],[73.660238,21.888828],[73.660246,21.88883],[73.66026,21.888823],[73.66027,21.888826],[73.660279,21.888816],[73.660302,21.888813],[73.660305,21.88881],[73.660318,21.888806],[73.660323,21.88881],[73.660329,21.888809],[73.660335,21.888806],[73.660342,21.888797],[73.66035,21.888793],[73.660358,21.888792],[73.660364,21.888788],[73.660366,21.888788],[73.660366,21.888793],[73.660371,21.888788],[73.660376,21.88879],[73.660385,21.88879],[73.66039,21.888787],[73.660392,21.88878],[73.6604,21.888778],[73.660401,21.888775],[73.660414,21.88877],[73.660429,21.888768],[73.660447,21.888758],[73.660469,21.888754],[73.660475,21.888757],[73.660496,21.888752],[73.660505,21.888747],[73.660508,21.888742],[73.660515,21.888744],[73.660532,21.888728],[73.660546,21.888723],[73.660552,21.888715],[73.66056,21.888711],[73.660565,21.888702],[73.660573,21.888696],[73.660595,21.888688],[73.660596,21.888684],[73.660604,21.888677],[73.660622,21.888667],[73.660628,21.888657],[73.660632,21.888655],[73.660639,21.888643],[73.660645,21.888643],[73.660651,21.888636],[73.660661,21.888632],[73.660667,21.888624],[73.660685,21.888619],[73.660691,21.888614],[73.660691,21.888611],[73.660697,21.888611],[73.660702,21.888605],[73.660726,21.888596],[73.660729,21.888597],[73.660735,21.888593],[73.660747,21.888592],[73.660753,21.888586],[73.660758,21.888586],[73.660761,21.888581],[73.660768,21.888579],[73.660773,21.888572],[73.660783,21.888564],[73.660803,21.888554],[73.660804,21.88855],[73.660822,21.888539],[73.660826,21.888539],[73.660839,21.888528],[73.66084,21.888529],[73.660844,21.888525],[73.660849,21.888523],[73.660864,21.888501],[73.660872,21.888499],[73.660875,21.888493],[73.660882,21.88849],[73.660893,21.888476],[73.660919,21.888457],[73.66093,21.888443],[73.660948,21.888439],[73.660947,21.888436],[73.660955,21.888431],[73.660957,21.888427],[73.660968,21.888425],[73.660982,21.888413],[73.66099,21.888412],[73.660994,21.888403],[73.661003,21.888401],[73.661011,21.888395],[73.661024,21.888379],[73.661054,21.888351],[73.661058,21.888345],[73.661064,21.888343],[73.661089,21.888322],[73.661091,21.888325],[73.661097,21.888322],[73.661099,21.888316],[73.661103,21.888316],[73.661103,21.888312],[73.661134,21.888293],[73.661135,21.888289],[73.661147,21.888287],[73.661174,21.888267],[73.661186,21.88826],[73.66119,21.888255],[73.661197,21.888251],[73.661198,21.888252],[73.661204,21.888243],[73.661211,21.888241],[73.661217,21.888229],[73.661238,21.888204],[73.661263,21.888184],[73.66127,21.888171],[73.661282,21.888157],[73.661287,21.888155],[73.66129,21.888149],[73.661294,21.888148],[73.661298,21.88814],[73.661306,21.888132],[73.661326,21.888121],[73.661332,21.88811],[73.661343,21.888106],[73.661351,21.888096],[73.66136,21.888088],[73.661366,21.888086],[73.661367,21.888082],[73.661373,21.888081],[73.661389,21.888065],[73.661417,21.888049],[73.66142,21.888051],[73.661426,21.888049],[73.661436,21.888039],[73.661443,21.888036],[73.661447,21.888032],[73.661449,21.888033],[73.661454,21.888024],[73.661467,21.888013],[73.661467,21.887993],[73.661457,21.88799],[73.661434,21.887949],[73.661425,21.887942],[73.661396,21.887928],[73.661379,21.887925],[73.661368,21.887919],[73.66136,21.887891],[73.661361,21.887879],[73.661367,21.887871],[73.661365,21.887856],[73.661377,21.887851],[73.66139,21.887833],[73.661411,21.887816],[73.661417,21.887808],[73.661435,21.887803],[73.661444,21.887808],[73.661457,21.887811],[73.661464,21.88782],[73.661471,21.887824],[73.661476,21.887823],[73.661494,21.887825],[73.661503,21.887823],[73.661538,21.887825],[73.661551,21.887828],[73.661558,21.887832],[73.661576,21.887834],[73.661587,21.88784],[73.661595,21.887841],[73.661614,21.887848],[73.661627,21.887848],[73.661642,21.887842],[73.661648,21.887843],[73.661657,21.88784],[73.661666,21.887832],[73.661678,21.887828],[73.661681,21.887818],[73.661698,21.887806],[73.661707,21.887794],[73.661721,21.887794],[73.661734,21.887789],[73.661743,21.887782],[73.661757,21.887784],[73.661774,21.887774],[73.661793,21.887773],[73.6618,21.887769],[73.661814,21.887768],[73.661823,21.887765],[73.661831,21.887759],[73.661837,21.887758],[73.661864,21.887747],[73.661869,21.887743],[73.661877,21.887724],[73.661881,21.887721],[73.661886,21.887721],[73.661887,21.887715],[73.66189,21.887712],[73.661893,21.887711],[73.661892,21.887707],[73.661894,21.887707],[73.661885,21.887704],[73.661878,21.887699],[73.661875,21.887695],[73.661877,21.887692],[73.661871,21.887677],[73.661873,21.887663],[73.66187,21.887663],[73.661871,21.887654],[73.661879,21.887641],[73.661884,21.887625],[73.661883,21.887622],[73.661874,21.887622],[73.661869,21.887614],[73.661859,21.887615],[73.661859,21.887608],[73.661851,21.887606],[73.661834,21.887605],[73.661831,21.887607],[73.661817,21.887604],[73.661803,21.887604],[73.661785,21.887608],[73.661776,21.887607],[73.661771,21.88761],[73.661767,21.887608],[73.661764,21.88761],[73.661756,21.887607],[73.661737,21.887605],[73.661707,21.887609],[73.661692,21.887615],[73.661665,21.88762],[73.661647,21.88763],[73.661626,21.887631],[73.661617,21.887635],[73.661599,21.887637],[73.661592,21.887641],[73.661564,21.887643],[73.661553,21.887648],[73.661533,21.887652],[73.661527,21.887657],[73.661512,21.88766],[73.661487,21.887681],[73.661486,21.887685],[73.661471,21.887693],[73.661461,21.887693],[73.661457,21.88769],[73.661451,21.88769],[73.661443,21.887692],[73.661418,21.887693],[73.661398,21.887697],[73.66139,21.887696],[73.661367,21.887697],[73.661364,21.887699],[73.661357,21.887697],[73.661353,21.8877],[73.661336,21.887703],[73.661311,21.887695],[73.661301,21.887695],[73.661277,21.887686],[73.661256,21.887683],[73.661219,21.887674],[73.66121,21.887678],[73.661199,21.887676],[73.661183,21.887679],[73.661174,21.887677],[73.661157,21.887685],[73.661151,21.887683],[73.661133,21.887684],[73.661125,21.887682],[73.661111,21.887685],[73.661076,21.887686],[73.66105,21.887694],[73.66104,21.8877],[73.66103,21.887699],[73.661013,21.887705],[73.661006,21.887703],[73.660953,21.887709],[73.660929,21.887713],[73.660921,21.887717],[73.660894,21.887716],[73.660885,21.887719],[73.660883,21.887717],[73.660874,21.887718],[73.660865,21.887715],[73.660857,21.88772],[73.660845,21.887721],[73.660782,21.887716],[73.660769,21.887716],[73.660757,21.887719],[73.660751,21.887717],[73.660729,21.887716],[73.660725,21.887718],[73.66071,21.887714],[73.6607,21.887709],[73.660679,21.887708],[73.660639,21.887716],[73.660607,21.887708],[73.660596,21.88771],[73.660587,21.887714],[73.660565,21.887715],[73.660549,21.887704],[73.660538,21.887703],[73.660513,21.887714],[73.660503,21.887712],[73.660497,21.887716],[73.660491,21.887715],[73.660474,21.887724],[73.660461,21.887726],[73.660449,21.88773],[73.660432,21.88773],[73.660423,21.887732],[73.66042,21.887735],[73.660414,21.887735],[73.6604,21.887731],[73.660393,21.887726],[73.66038,21.887724],[73.660374,21.887725],[73.660366,21.88773],[73.660359,21.887739],[73.66035,21.887736],[73.660345,21.887741],[73.660337,21.88774],[73.660316,21.887745],[73.660304,21.887744],[73.660298,21.887742],[73.660291,21.887744],[73.660283,21.887737],[73.660272,21.887738],[73.660253,21.887728],[73.660235,21.887726],[73.660225,21.887729],[73.66022,21.887725],[73.660201,21.887722],[73.660194,21.887719],[73.660164,21.887719],[73.660153,21.887722],[73.660142,21.88772],[73.660139,21.887723],[73.660133,21.887723],[73.66013,21.887725],[73.660113,21.887727],[73.660107,21.887725],[73.660091,21.887728],[73.66008,21.887734],[73.660064,21.887737],[73.660038,21.887747],[73.660021,21.887751],[73.660013,21.887751],[73.659988,21.887767],[73.659963,21.887774],[73.659954,21.887774],[73.65995,21.887778],[73.659942,21.887782],[73.659938,21.88778],[73.659935,21.887783],[73.659933,21.88778],[73.65992,21.887782],[73.659899,21.887791],[73.659877,21.887793],[73.65987,21.887798],[73.659851,21.887797],[73.659838,21.887803],[73.65982,21.887803],[73.659809,21.887807],[73.659799,21.887807],[73.659769,21.887814],[73.659753,21.887815],[73.659725,21.887809],[73.659708,21.887814],[73.659679,21.887808],[73.659669,21.887812],[73.659667,21.887811],[73.659666,21.887805],[73.659659,21.887803],[73.659654,21.887803],[73.65965,21.887805],[73.659646,21.887803],[73.65964,21.887807],[73.659621,21.8878],[73.659614,21.887801],[73.659581,21.887795],[73.659575,21.88779],[73.659566,21.88779],[73.659558,21.887793],[73.659546,21.887789],[73.659529,21.887793],[73.659524,21.887791],[73.659517,21.887796],[73.659501,21.887797],[73.659479,21.887803],[73.65947,21.887813],[73.65946,21.887816],[73.659442,21.887817],[73.659433,21.887821],[73.659429,21.88782],[73.659412,21.887822],[73.6594,21.887817],[73.659371,21.887809],[73.659337,21.887807],[73.659324,21.88781],[73.659305,21.887805],[73.659292,21.887804],[73.659267,21.887806],[73.659258,21.887804],[73.659253,21.887806],[73.659246,21.887803],[73.659228,21.887802],[73.659212,21.887797],[73.659206,21.88779],[73.659191,21.887785],[73.659147,21.887759],[73.659124,21.887752],[73.659104,21.887727],[73.659086,21.887727],[73.659067,21.88772],[73.659058,21.887712],[73.659052,21.887711],[73.659048,21.887703],[73.65904,21.887702],[73.659024,21.887668],[73.659016,21.887662],[73.659011,21.887652],[73.658999,21.887652],[73.658987,21.887656],[73.658966,21.887657],[73.658957,21.887656],[73.658947,21.887651],[73.658926,21.88765],[73.658915,21.887643],[73.658907,21.887641],[73.658892,21.887629],[73.658884,21.887629],[73.658875,21.887625],[73.658861,21.887609],[73.658851,21.887609],[73.658848,21.887606],[73.65884,21.887604],[73.658818,21.887595],[73.658806,21.887586],[73.658792,21.887585],[73.658788,21.887582],[73.658755,21.887586],[73.658737,21.887583],[73.658704,21.887587],[73.658676,21.887603],[73.658664,21.887613],[73.658635,21.887625],[73.658623,21.887622],[73.658613,21.887631],[73.658601,21.887633],[73.658596,21.887638],[73.658571,21.887639],[73.658561,21.887642],[73.658544,21.887638],[73.658526,21.887641],[73.658518,21.887637],[73.658476,21.887639],[73.65846,21.887642],[73.658423,21.887627],[73.658417,21.887626],[73.658408,21.887628],[73.658389,21.887623],[73.658376,21.887623],[73.658373,21.887625],[73.658357,21.88763],[73.658346,21.887636],[73.658341,21.887636],[73.658334,21.887641],[73.658318,21.887643],[73.658314,21.887647],[73.658297,21.887654],[73.658292,21.887658],[73.658286,21.887657],[73.658277,21.887662],[73.65827,21.887662],[73.658249,21.887673],[73.658233,21.887675],[73.658224,21.887683],[73.65822,21.887684]]}},{"type":"Feature","properties":{"elevation":68},"geometry":{"type":"LineString","coordinates":[[73.658117,21.889127],[73.658125,21.889133],[73.658129,21.889133],[73.658133,21.889129],[73.658137,21.889137],[73.658144,21.889143],[73.658152,21.889142],[73.658156,21.889146],[73.658164,21.889147],[73.658169,21.889144],[73.658177,21.889147],[73.65818,21.889151],[73.658186,21.889154],[73.658191,21.889151],[73.658197,21.889151],[73.658212,21.889156],[73.658213,21.889158],[73.658216,21.889157],[73.658228,21.889158],[73.658228,21.889161],[73.658231,21.889163],[73.658234,21.889162],[73.658238,21.889157],[73.658242,21.889156],[73.658251,21.889156],[73.658253,21.889159],[73.658262,21.889155],[73.658272,21.889157],[73.65828,21.889154],[73.658284,21.889156],[73.658293,21.889155],[73.658304,21.889156],[73.658328,21.889147],[73.658335,21.889141],[73.65834,21.889141],[73.658349,21.889136],[73.658364,21.889138],[73.658373,21.889135],[73.65838,21.889135],[73.65839,21.88913],[73.658407,21.889133],[73.658426,21.889128],[73.65843,21.889129],[73.658443,21.889127],[73.658447,21.889129],[73.658455,21.889124],[73.658467,21.889126],[73.658492,21.889112],[73.658506,21.889108],[73.658513,21.88911],[73.658521,21.889106],[73.658522,21.889107],[73.658535,21.889098],[73.658546,21.889095],[73.658562,21.889086],[73.658573,21.889082],[73.658581,21.889072],[73.658588,21.889069],[73.658592,21.889064],[73.658597,21.889065],[73.658615,21.889061],[73.658639,21.889069],[73.658654,21.88907],[73.658671,21.889076],[73.658698,21.889081],[73.658706,21.889086],[73.658723,21.889085],[73.658735,21.889096],[73.658744,21.889097],[73.65875,21.889104],[73.658766,21.889111],[73.65877,21.889116],[73.658776,21.889118],[73.658779,21.889123],[73.658788,21.889131],[73.658808,21.889134],[73.658816,21.889146],[73.658823,21.889149],[73.658828,21.889154],[73.658837,21.889156],[73.658843,21.889161],[73.658863,21.889164],[73.65887,21.889168],[73.658877,21.889169],[73.658888,21.889166],[73.658901,21.889167],[73.658909,21.889164],[73.658911,21.889161],[73.658918,21.889158],[73.658948,21.889157],[73.658965,21.889152],[73.65899,21.889159],[73.659003,21.889155],[73.65902,21.889154],[73.659026,21.889151],[73.659038,21.889152],[73.65904,21.88915],[73.659059,21.889146],[73.659068,21.889142],[73.659084,21.889141],[73.65909,21.889143],[73.659094,21.88914],[73.659111,21.889135],[73.659122,21.889135],[73.65914,21.889131],[73.659158,21.889123],[73.659173,21.889126],[73.659189,21.88912],[73.659198,21.889119],[73.659204,21.889121],[73.659234,21.889111],[73.659261,21.889097],[73.659294,21.889085],[73.659304,21.889083],[73.659309,21.889084],[73.659321,21.889078],[73.65934,21.889078],[73.659347,21.889073],[73.659364,21.889075],[73.659378,21.88907],[73.659394,21.88907],[73.659418,21.889066],[73.65945,21.889057],[73.659483,21.889047],[73.659503,21.889035],[73.659513,21.889033],[73.659522,21.889029],[73.659529,21.889029],[73.659543,21.889019],[73.659571,21.88901],[73.659582,21.889008],[73.659591,21.889009],[73.659597,21.889005],[73.659613,21.889004],[73.659621,21.889],[73.659627,21.889003],[73.659631,21.889001],[73.659636,21.889005],[73.659647,21.889004],[73.659654,21.888999],[73.659662,21.888996],[73.659666,21.888997],[73.65969,21.888988],[73.659702,21.888987],[73.659709,21.888981],[73.659716,21.88898],[73.659724,21.888976],[73.659736,21.888974],[73.659743,21.888971],[73.659747,21.888971],[73.659764,21.888966],[73.659767,21.888962],[73.659794,21.888957],[73.659802,21.88895],[73.659824,21.888944],[73.65983,21.888939],[73.659842,21.888936],[73.659847,21.888933],[73.65985,21.888934],[73.659853,21.888931],[73.65987,21.888929],[73.65988,21.888923],[73.659886,21.888923],[73.659889,21.88892],[73.659924,21.888909],[73.659939,21.888908],[73.659945,21.888903],[73.659982,21.888896],[73.659989,21.888891],[73.660008,21.888887],[73.660012,21.888884],[73.66003,21.888879],[73.660047,21.888879],[73.660058,21.888882],[73.660062,21.888876],[73.660066,21.888878],[73.660118,21.888868],[73.660127,21.88887],[73.66014,21.88887],[73.660142,21.888873],[73.66015,21.888874],[73.660158,21.888873],[73.660159,21.88887],[73.660176,21.888871],[73.660183,21.888873],[73.66023,21.88886],[73.660235,21.888862],[73.660254,21.888855],[73.660265,21.888857],[73.660269,21.888852],[73.660275,21.88885],[73.66028,21.888846],[73.660287,21.888845],[73.660293,21.888849],[73.660299,21.888848],[73.660304,21.888842],[73.66031,21.888842],[73.660313,21.888839],[73.660316,21.888841],[73.660322,21.888836],[73.660331,21.888836],[73.660357,21.888821],[73.660359,21.88883],[73.660362,21.888827],[73.660365,21.888828],[73.660371,21.888826],[73.66037,21.888821],[73.660374,21.888823],[73.660376,21.888822],[73.660378,21.888814],[73.660381,21.888812],[73.6604,21.888812],[73.660404,21.888808],[73.660411,21.888808],[73.660422,21.888803],[73.660437,21.888794],[73.660451,21.88879],[73.660452,21.888794],[73.660458,21.888789],[73.660469,21.888789],[73.660479,21.888782],[73.660491,21.888779],[73.660494,21.888775],[73.660498,21.888776],[73.660502,21.888772],[73.660506,21.888772],[73.66051,21.88877],[73.660513,21.888773],[73.66053,21.888759],[73.66054,21.888756],[73.660544,21.888752],[73.660562,21.888742],[73.660574,21.88873],[73.66058,21.888729],[73.660584,21.888722],[73.660588,21.888721],[73.660603,21.888709],[73.660609,21.888709],[73.660619,21.88869],[73.660626,21.888682],[73.660638,21.888679],[73.660658,21.888662],[73.660662,21.888662],[73.660681,21.888649],[73.660687,21.888642],[73.660701,21.888635],[73.66071,21.888634],[73.660723,21.888627],[73.660731,21.888628],[73.66075,21.888618],[73.660756,21.888618],[73.660782,21.888603],[73.660795,21.888592],[73.660795,21.888589],[73.6608,21.888588],[73.660802,21.888582],[73.660815,21.888575],[73.660822,21.888575],[73.660827,21.888568],[73.660839,21.888562],[73.660846,21.888562],[73.660846,21.888555],[73.660852,21.888552],[73.660861,21.888542],[73.660865,21.888542],[73.660869,21.888539],[73.660881,21.888518],[73.660899,21.888498],[73.660911,21.888492],[73.660919,21.888482],[73.660929,21.888478],[73.66094,21.888467],[73.660962,21.888453],[73.660963,21.888451],[73.660982,21.888445],[73.660989,21.888438],[73.66102,21.888417],[73.661046,21.888386],[73.661052,21.888382],[73.66107,21.888361],[73.661088,21.888345],[73.661096,21.888341],[73.661113,21.888327],[73.661127,21.888322],[73.661137,21.888315],[73.661143,21.888307],[73.661168,21.888296],[73.661177,21.888287],[73.661202,21.888271],[73.661203,21.888268],[73.661217,21.88826],[73.661223,21.88825],[73.661254,21.888222],[73.661259,21.888215],[73.661266,21.88821],[73.661268,21.888204],[73.661276,21.8882],[73.661276,21.888195],[73.661285,21.888184],[73.66129,21.888185],[73.661296,21.888179],[73.661301,21.888168],[73.661305,21.888167],[73.661313,21.888157],[73.661323,21.888151],[73.661328,21.888151],[73.661337,21.888137],[73.661341,21.888138],[73.661344,21.888132],[73.661364,21.888123],[73.661367,21.888117],[73.661378,21.88811],[73.661379,21.888105],[73.661386,21.888102],[73.661389,21.888097],[73.6614,21.888096],[73.661404,21.888086],[73.661409,21.88809],[73.661412,21.888089],[73.661411,21.888085],[73.661418,21.888086],[73.661426,21.888082],[73.661448,21.888056],[73.661468,21.888044],[73.661481,21.88802],[73.661477,21.887985],[73.661459,21.887974],[73.661454,21.887965],[73.661453,21.887958],[73.661444,21.887953],[73.661437,21.887942],[73.661422,21.887935],[73.661416,21.88793],[73.66139,21.887922],[73.661385,21.887916],[73.661381,21.887901],[73.661382,21.887884],[73.661381,21.88788],[73.661388,21.887868],[73.661386,21.887862],[73.661393,21.887852],[73.661394,21.887843],[73.661416,21.887818],[73.661429,21.887811],[73.661443,21.887815],[73.661474,21.887833],[73.661478,21.887832],[73.661497,21.887833],[73.661528,21.887832],[73.661561,21.887839],[73.661576,21.887839],[73.661592,21.887848],[73.661604,21.887851],[73.661625,21.887868],[73.661642,21.887871],[73.661658,21.887867],[73.66167,21.887873],[73.661679,21.887872],[73.661683,21.887874],[73.661687,21.887857],[73.661679,21.88785],[73.661688,21.887841],[73.661692,21.887834],[73.661699,21.887831],[73.661709,21.887824],[73.661718,21.887822],[73.661722,21.887825],[73.661733,21.887813],[73.661748,21.887807],[73.661763,21.887797],[73.661778,21.887795],[73.661793,21.88779],[73.661808,21.887794],[73.66181,21.887792],[73.66182,21.887789],[73.661823,21.887785],[73.661842,21.887781],[73.661857,21.887772],[73.661882,21.887766],[73.661902,21.887743],[73.661912,21.887742],[73.661921,21.887735],[73.661935,21.88773],[73.661936,21.887722],[73.661947,21.887713],[73.66195,21.887709],[73.66195,21.887705],[73.661959,21.887696],[73.661955,21.887685],[73.661957,21.887658],[73.661959,21.887652],[73.661966,21.887643],[73.661963,21.887628],[73.661951,21.887617],[73.661943,21.887613],[73.661924,21.887611],[73.661916,21.887605],[73.661901,21.887603],[73.661896,21.887599],[73.661878,21.887598],[73.661859,21.887589],[73.661843,21.88759],[73.661836,21.887588],[73.6618,21.887587],[73.661766,21.887596],[73.661749,21.887592],[73.661725,21.887591],[73.66171,21.887594],[73.661701,21.887597],[73.661662,21.887603],[73.661654,21.887614],[73.661642,21.887621],[73.66163,21.887623],[73.66162,21.88762],[73.661607,21.887621],[73.661602,21.887624],[73.66157,21.887631],[73.661533,21.887644],[73.661503,21.88765],[73.661473,21.887678],[73.661464,21.88768],[73.661459,21.887678],[73.661451,21.887679],[73.661436,21.887683],[73.661409,21.887682],[73.661401,21.887685],[73.661392,21.887682],[73.661382,21.887683],[73.661376,21.887679],[73.661372,21.887681],[73.66137,21.887678],[73.661365,21.887679],[73.661362,21.887686],[73.661348,21.887686],[73.661336,21.887689],[73.661331,21.887683],[73.661325,21.887683],[73.66132,21.887681],[73.661311,21.887681],[73.661298,21.887676],[73.661274,21.887672],[73.661268,21.887669],[73.661251,21.887667],[73.661242,21.88767],[73.661228,21.887664],[73.661212,21.887663],[73.661181,21.887667],[73.661172,21.887666],[73.661149,21.887673],[73.66111,21.88767],[73.661096,21.887671],[73.661092,21.887674],[73.661063,21.887672],[73.661058,21.887674],[73.661055,21.887678],[73.661041,21.887678],[73.661024,21.887684],[73.661022,21.887683],[73.66102,21.887687],[73.661019,21.887684],[73.661014,21.887689],[73.66101,21.887686],[73.661,21.887687],[73.660997,21.88769],[73.660985,21.887687],[73.660983,21.887689],[73.660965,21.887687],[73.660945,21.887691],[73.66093,21.887699],[73.660918,21.887702],[73.660901,21.887699],[73.660892,21.887702],[73.660877,21.887695],[73.660866,21.887698],[73.660864,21.887702],[73.660854,21.887704],[73.66085,21.887701],[73.660844,21.887703],[73.66084,21.8877],[73.660827,21.8877],[73.660821,21.887696],[73.660805,21.887697],[73.660799,21.887701],[73.660779,21.887698],[73.660763,21.887701],[73.660757,21.887699],[73.660744,21.887706],[73.66073,21.887695],[73.66072,21.887691],[73.660713,21.887695],[73.660692,21.887693],[73.660657,21.887696],[73.660653,21.887695],[73.660637,21.8877],[73.660601,21.887696],[73.660592,21.887699],[73.660579,21.8877],[73.660568,21.887695],[73.660557,21.887695],[73.660549,21.887691],[73.660541,21.887691],[73.660519,21.887694],[73.660499,21.8877],[73.660476,21.887703],[73.660463,21.887711],[73.660459,21.88771],[73.660452,21.887714],[73.660452,21.887719],[73.660428,21.887724],[73.660409,21.887721],[73.660397,21.887714],[73.660383,21.887711],[73.660371,21.887711],[73.660363,21.887714],[73.660357,21.887713],[73.66035,21.887719],[73.660299,21.887723],[73.660287,21.887718],[73.660281,21.887718],[73.660278,21.887722],[73.660271,21.887721],[73.660258,21.887716],[73.660252,21.887716],[73.660243,21.887712],[73.660233,21.887712],[73.66022,21.887706],[73.660216,21.887708],[73.660203,21.887706],[73.660192,21.887709],[73.660177,21.887706],[73.660163,21.887709],[73.660156,21.887706],[73.660133,21.887707],[73.660125,21.887706],[73.660113,21.887711],[73.660084,21.887715],[73.660067,21.887719],[73.660057,21.887725],[73.66005,21.887726],[73.66004,21.887732],[73.66003,21.887731],[73.66002,21.887733],[73.660017,21.887737],[73.660003,21.887738],[73.659999,21.887741],[73.659986,21.887745],[73.659978,21.887752],[73.659954,21.887757],[73.659937,21.887765],[73.659934,21.887764],[73.659925,21.887769],[73.659895,21.887776],[73.659878,21.887776],[73.659858,21.88778],[73.659825,21.88779],[73.659815,21.887788],[73.659783,21.887795],[73.659763,21.887794],[73.659755,21.887797],[73.659732,21.887792],[73.659722,21.887795],[73.659715,21.887793],[73.659709,21.887793],[73.659706,21.887796],[73.659691,21.887796],[73.659681,21.887791],[73.659668,21.887795],[73.659665,21.887792],[73.659649,21.887788],[73.659627,21.887789],[73.659614,21.887781],[73.659607,21.887782],[73.65959,21.887779],[73.659579,21.887774],[73.659571,21.887776],[73.659566,21.887772],[73.659562,21.887772],[73.659542,21.887778],[73.659521,21.887775],[73.659506,21.887776],[73.6595,21.887783],[73.659491,21.887783],[73.659477,21.887791],[73.659473,21.887797],[73.659455,21.887806],[73.659449,21.887802],[73.659433,21.887801],[73.659421,21.887804],[73.659412,21.88781],[73.659401,21.887808],[73.659398,21.887805],[73.659383,21.887803],[73.659378,21.887796],[73.659361,21.887794],[73.659351,21.887798],[73.659341,21.887796],[73.659328,21.887798],[73.65932,21.887796],[73.659314,21.887793],[73.659305,21.887793],[73.659299,21.887791],[73.659291,21.887794],[73.659261,21.887789],[73.659244,21.88779],[73.659231,21.887784],[73.659196,21.887778],[73.659182,21.887768],[73.659172,21.887766],[73.659154,21.887754],[73.659144,21.887752],[73.659115,21.887728],[73.659076,21.887711],[73.659065,21.887699],[73.659052,21.887694],[73.659025,21.887648],[73.659004,21.887644],[73.658974,21.88765],[73.658948,21.887641],[73.658929,21.887641],[73.658923,21.887635],[73.658914,21.887633],[73.65891,21.887628],[73.658896,21.887623],[73.658891,21.887614],[73.658857,21.887594],[73.658822,21.887584],[73.658795,21.887571],[73.658776,21.887572],[73.658765,21.887567],[73.658756,21.887566],[73.658746,21.887569],[73.658712,21.88757],[73.658703,21.887574],[73.658698,21.887574],[73.658683,21.887581],[73.658675,21.887587],[73.658664,21.8876],[73.65864,21.887611],[73.658626,21.887612],[73.658607,21.887618],[73.658587,21.887621],[73.658576,21.887626],[73.658547,21.887629],[73.658528,21.887629],[73.658521,21.887626],[73.658503,21.88763],[73.658494,21.887627],[73.658474,21.887629],[73.658452,21.887628],[73.658445,21.88763],[73.658435,21.887625],[73.65843,21.887615],[73.658425,21.887613],[73.658377,21.887604],[73.658366,21.88761],[73.658362,21.887615],[73.658348,21.887613],[73.658339,21.887618],[73.658326,21.887621],[73.658321,21.887626],[73.658317,21.887628],[73.658312,21.887627],[73.658303,21.887634],[73.658294,21.887633],[73.658279,21.887644],[73.658267,21.887649],[73.658256,21.887649],[73.658243,21.887656],[73.658227,21.887655]]}},{"type":"Feature","properties":{"elevation":67},"geometry":{"type":"LineString","coordinates":[[73.658109,21.889161],[73.658114,21.889162],[73.65812,21.889158],[73.658126,21.889166],[73.658126,21.889169],[73.658128,21.889167],[73.658133,21.889169],[73.658136,21.889168],[73.658139,21.889163],[73.658141,21.889163],[73.658147,21.889169],[73.658169,21.889174],[73.658172,21.889178],[73.658169,21.889182],[73.658176,21.889184],[73.658177,21.889181],[73.658182,21.88918],[73.658191,21.889188],[73.658193,21.889185],[73.658201,21.889184],[73.658211,21.889186],[73.658224,21.889183],[73.658227,21.88919],[73.658233,21.88919],[73.658232,21.889193],[73.658234,21.889194],[73.658246,21.889192],[73.658251,21.889189],[73.658254,21.88919],[73.658267,21.889189],[73.658269,21.889194],[73.658272,21.889195],[73.65831,21.889196],[73.658316,21.889194],[73.658318,21.88919],[73.658334,21.889185],[73.658339,21.88918],[73.658353,21.889175],[73.658356,21.889172],[73.658366,21.88917],[73.658374,21.889165],[73.658383,21.889164],[73.658388,21.889161],[73.658393,21.889153],[73.658399,21.889149],[73.658467,21.889144],[73.658478,21.88914],[73.658489,21.889132],[73.658501,21.889129],[73.658507,21.889125],[73.658525,21.889129],[73.658537,21.889122],[73.658551,21.889119],[73.658564,21.889105],[73.65858,21.8891],[73.658588,21.889088],[73.658596,21.889085],[73.658599,21.889081],[73.658603,21.889081],[73.658608,21.889086],[73.658627,21.889084],[73.658629,21.889086],[73.658661,21.889091],[73.658682,21.889098],[73.658706,21.889098],[73.658709,21.889101],[73.658725,21.889105],[73.658726,21.889109],[73.658737,21.889111],[73.65874,21.889118],[73.658751,21.88912],[73.658756,21.889127],[73.658769,21.88913],[73.658775,21.889139],[73.658785,21.889145],[73.658792,21.889152],[73.658797,21.889154],[73.658804,21.889165],[73.658833,21.889178],[73.658849,21.889178],[73.658862,21.889182],[73.658873,21.889178],[73.658887,21.889177],[73.658892,21.889174],[73.658907,21.889173],[73.658922,21.889163],[73.658935,21.889162],[73.658947,21.889163],[73.658962,21.889157],[73.659009,21.889173],[73.659037,21.889167],[73.659055,21.889167],[73.659066,21.889162],[73.659091,21.88916],[73.659112,21.889152],[73.659116,21.889152],[73.65912,21.889156],[73.659146,21.889147],[73.659174,21.889144],[73.659189,21.889139],[73.659207,21.889139],[73.659213,21.889135],[73.659223,21.889134],[73.659236,21.889126],[73.659253,21.889123],[73.659269,21.889112],[73.659299,21.889104],[73.659304,21.889106],[73.65931,21.8891],[73.659322,21.889096],[73.659329,21.889097],[73.659337,21.889093],[73.659351,21.889093],[73.65937,21.889087],[73.659382,21.88909],[73.659401,21.889083],[73.659428,21.889083],[73.659441,21.889076],[73.659469,21.88907],[73.659491,21.889062],[73.659502,21.889055],[73.659524,21.889047],[73.659528,21.889044],[73.659553,21.88904],[73.659564,21.889033],[73.659574,21.88903],[73.65958,21.889031],[73.659586,21.889027],[73.659591,21.88903],[73.659602,21.889023],[73.659615,21.88902],[73.659629,21.889022],[73.659634,21.889018],[73.659661,21.889017],[73.659672,21.889015],[73.659675,21.889012],[73.659689,21.889011],[73.659703,21.889002],[73.659711,21.889003],[73.65972,21.888996],[73.659732,21.888994],[73.659741,21.888988],[73.659756,21.888988],[73.65976,21.888984],[73.659773,21.888981],[73.659796,21.88897],[73.659811,21.888967],[73.65983,21.888958],[73.659836,21.888959],[73.65987,21.888945],[73.659906,21.888937],[73.65992,21.888928],[73.659946,21.888924],[73.65997,21.888916],[73.659993,21.888916],[73.660004,21.88891],[73.660048,21.888901],[73.660052,21.888896],[73.660064,21.888898],[73.660076,21.888894],[73.660096,21.888895],[73.660102,21.888898],[73.66012,21.888895],[73.660132,21.888897],[73.660137,21.888895],[73.660141,21.888899],[73.660145,21.888896],[73.660148,21.888899],[73.660155,21.888898],[73.66018,21.888902],[73.660189,21.888899],[73.660192,21.888902],[73.660197,21.888901],[73.6602,21.888904],[73.660202,21.888902],[73.660199,21.888898],[73.660202,21.888897],[73.660215,21.888902],[73.660224,21.888898],[73.660235,21.888898],[73.660245,21.888893],[73.660253,21.888895],[73.66027,21.88889],[73.660279,21.88889],[73.660281,21.888887],[73.660292,21.888884],[73.660297,21.888885],[73.660295,21.888878],[73.660286,21.888877],[73.66029,21.888872],[73.660325,21.888862],[73.660328,21.888863],[73.660328,21.888871],[73.660331,21.888873],[73.660334,21.888868],[73.660346,21.888864],[73.660349,21.888859],[73.660362,21.888855],[73.660365,21.888851],[73.660374,21.888852],[73.660385,21.888846],[73.660388,21.888847],[73.660389,21.88885],[73.660395,21.88885],[73.660403,21.888845],[73.660409,21.888835],[73.660416,21.888838],[73.660424,21.888835],[73.660432,21.888836],[73.660437,21.888831],[73.660449,21.888825],[73.660459,21.888826],[73.66047,21.888821],[73.660474,21.888814],[73.66048,21.888812],[73.660481,21.888808],[73.660497,21.888807],[73.660504,21.888804],[73.660506,21.8888],[73.660512,21.8888],[73.660517,21.888798],[73.66052,21.888793],[73.660528,21.888788],[73.660545,21.888783],[73.660554,21.888777],[73.660558,21.88877],[73.660563,21.888771],[73.660569,21.888764],[73.660573,21.888764],[73.660575,21.888761],[73.660582,21.888758],[73.660595,21.888743],[73.660619,21.88873],[73.660621,21.888726],[73.660627,21.888724],[73.660638,21.888704],[73.660648,21.888699],[73.66065,21.888694],[73.660673,21.888681],[73.660679,21.888674],[73.660683,21.888674],[73.660692,21.888667],[73.660704,21.888663],[73.660705,21.888661],[73.660716,21.888655],[73.660725,21.888654],[73.660729,21.888657],[73.660738,21.88865],[73.660752,21.888647],[73.660762,21.888638],[73.66077,21.888642],[73.660778,21.88863],[73.660795,21.888623],[73.660806,21.888609],[73.660812,21.888608],[73.660818,21.8886],[73.660838,21.888592],[73.660845,21.888582],[73.660848,21.888584],[73.660855,21.888583],[73.660868,21.888574],[73.660882,21.88856],[73.660884,21.888551],[73.66089,21.888544],[73.660901,21.888537],[73.660907,21.888524],[73.660918,21.888514],[73.660924,21.888512],[73.660924,21.888506],[73.660935,21.8885],[73.66094,21.888492],[73.660948,21.888488],[73.660956,21.88848],[73.66096,21.888481],[73.660977,21.888467],[73.660995,21.88846],[73.661004,21.888449],[73.661013,21.888447],[73.661019,21.888442],[73.661027,21.888435],[73.661035,21.888418],[73.661071,21.888394],[73.661073,21.888388],[73.661083,21.88838],[73.661088,21.88837],[73.661106,21.888357],[73.661113,21.888348],[73.661125,21.88834],[73.661133,21.888337],[73.661139,21.888331],[73.661146,21.888333],[73.661155,21.888323],[73.661169,21.888315],[73.661184,21.888307],[73.66119,21.888306],[73.661189,21.888303],[73.661192,21.888299],[73.661214,21.888284],[73.661228,21.888273],[73.66123,21.888266],[73.661244,21.888261],[73.661253,21.888249],[73.661268,21.88824],[73.66128,21.888221],[73.661292,21.888212],[73.661303,21.888198],[73.661316,21.888192],[73.66132,21.888182],[73.661327,21.888178],[73.661334,21.888168],[73.661357,21.888156],[73.66136,21.888147],[73.66137,21.888144],[73.661374,21.888138],[73.661396,21.888124],[73.66141,21.888122],[73.661426,21.888113],[73.661433,21.888111],[73.661432,21.888103],[73.661451,21.888097],[73.661452,21.88809],[73.661458,21.888085],[73.661459,21.888081],[73.661471,21.888072],[73.661474,21.888066],[73.66148,21.888061],[73.661487,21.88804],[73.661486,21.888028],[73.66149,21.888007],[73.661497,21.887994],[73.661489,21.887982],[73.661483,21.887975],[73.661474,21.887972],[73.661467,21.887961],[73.661452,21.887949],[73.661439,21.887934],[73.661413,21.887923],[73.661407,21.887916],[73.661399,21.887914],[73.661397,21.887902],[73.661402,21.887894],[73.661401,21.887878],[73.661411,21.887874],[73.661415,21.887869],[73.661412,21.887865],[73.661414,21.887865],[73.661414,21.887862],[73.661406,21.887858],[73.66141,21.88785],[73.661408,21.887848],[73.661422,21.887829],[73.661438,21.887821],[73.661449,21.887827],[73.661449,21.887832],[73.661452,21.887835],[73.66148,21.88784],[73.661486,21.887844],[73.661498,21.887844],[73.661521,21.887837],[73.661526,21.88784],[73.66154,21.88784],[73.661548,21.887844],[73.661569,21.887845],[73.661573,21.887848],[73.661584,21.88785],[73.66159,21.887856],[73.661605,21.887862],[73.661611,21.887869],[73.661616,21.88787],[73.661619,21.887877],[73.661626,21.887879],[73.661659,21.88788],[73.661664,21.887883],[73.661673,21.887883],[73.661678,21.887886],[73.66169,21.887887],[73.661703,21.887877],[73.661708,21.887869],[73.661723,21.887867],[73.661728,21.88786],[73.66173,21.887847],[73.661742,21.88783],[73.661748,21.887829],[73.661748,21.887827],[73.661783,21.887813],[73.661802,21.887814],[73.661811,21.887809],[73.661815,21.88781],[73.661817,21.887807],[73.661827,21.887802],[73.661831,21.887802],[73.661839,21.887798],[73.66185,21.887798],[73.661852,21.887795],[73.661865,21.887792],[73.661883,21.88779],[73.661896,21.887784],[73.661915,21.887766],[73.661929,21.88776],[73.661932,21.887755],[73.66194,21.887749],[73.661941,21.887744],[73.661947,21.88774],[73.661953,21.887721],[73.66196,21.887714],[73.661971,21.887709],[73.661975,21.887695],[73.661973,21.887682],[73.661975,21.887657],[73.661978,21.88765],[73.661985,21.887646],[73.661975,21.887615],[73.661963,21.88761],[73.661966,21.887604],[73.661962,21.887602],[73.661961,21.887598],[73.661958,21.887596],[73.661955,21.887599],[73.661939,21.887591],[73.661881,21.887583],[73.661874,21.887578],[73.661853,21.887572],[73.661835,21.887571],[73.661825,21.887574],[73.661793,21.887577],[73.661762,21.887588],[73.661724,21.88758],[73.661701,21.887583],[73.661685,21.887591],[73.661661,21.887593],[73.661652,21.887596],[73.661649,21.887601],[73.661639,21.887607],[73.661628,21.887611],[73.661599,21.88761],[73.66159,21.887612],[73.661588,21.887616],[73.661568,21.887623],[73.661549,21.887627],[73.661535,21.887632],[73.661506,21.887634],[73.661493,21.887641],[73.661472,21.887659],[73.661454,21.887663],[73.661451,21.887666],[73.661447,21.887665],[73.661439,21.887669],[73.661405,21.887671],[73.66137,21.887661],[73.661349,21.887663],[73.661338,21.887669],[73.661332,21.887668],[73.66132,21.887665],[73.661306,21.887657],[73.661266,21.887649],[73.661247,21.887648],[73.661228,21.887651],[73.661219,21.88765],[73.661211,21.887652],[73.661205,21.88765],[73.661199,21.88765],[73.661196,21.887652],[73.661192,21.887649],[73.661188,21.887651],[73.661174,21.887648],[73.661153,21.887648],[73.661134,21.887656],[73.66112,21.887654],[73.66108,21.887661],[73.661047,21.88766],[73.661,21.887668],[73.660987,21.887664],[73.660975,21.887667],[73.660971,21.887665],[73.660969,21.887668],[73.66096,21.887667],[73.660945,21.887673],[73.660941,21.887679],[73.660936,21.887681],[73.660909,21.887685],[73.66089,21.887686],[73.660889,21.88768],[73.660878,21.887679],[73.660872,21.887675],[73.660864,21.887675],[73.660851,21.887671],[73.660829,21.887673],[73.660826,21.887669],[73.660819,21.887668],[73.660817,21.887671],[73.660798,21.887679],[73.660779,21.887683],[73.660762,21.88768],[73.660761,21.887682],[73.660756,21.887678],[73.660747,21.88768],[73.660736,21.887675],[73.660711,21.887674],[73.660673,21.887682],[73.660658,21.88768],[73.660631,21.887685],[73.660611,21.887682],[73.660604,21.887685],[73.660578,21.887682],[73.66057,21.887684],[73.660552,21.887681],[73.66053,21.887681],[73.660515,21.887683],[73.660507,21.887687],[73.660501,21.887686],[73.660465,21.887691],[73.660461,21.887693],[73.66045,21.887703],[73.660439,21.887701],[73.660424,21.887706],[73.660418,21.887703],[73.660415,21.887706],[73.660413,21.887705],[73.660416,21.887703],[73.660415,21.887701],[73.660399,21.887694],[73.660382,21.887697],[73.660367,21.887694],[73.660353,21.887697],[73.660346,21.8877],[73.660321,21.887697],[73.660316,21.887698],[73.660314,21.8877],[73.660312,21.887699],[73.660308,21.8877],[73.660297,21.887698],[73.660285,21.8877],[73.660279,21.887697],[73.660265,21.887697],[73.660259,21.887699],[73.660257,21.887702],[73.660241,21.887701],[73.660233,21.887695],[73.660224,21.887695],[73.660211,21.88769],[73.660205,21.88769],[73.660198,21.887694],[73.660184,21.88769],[73.660173,21.887694],[73.660171,21.887692],[73.660163,21.887694],[73.660132,21.887691],[73.660121,21.887694],[73.660106,21.887693],[73.660094,21.887697],[73.66009,21.887696],[73.660079,21.8877],[73.660071,21.8877],[73.660062,21.887706],[73.660046,21.88771],[73.660043,21.887714],[73.660031,21.887714],[73.660017,21.887719],[73.660008,21.887725],[73.659993,21.887728],[73.659988,21.887733],[73.659965,21.88774],[73.65996,21.887744],[73.659949,21.887745],[73.659944,21.887744],[73.659927,21.887752],[73.659917,21.887752],[73.659905,21.887756],[73.659893,21.887764],[73.65987,21.887765],[73.659854,21.887774],[73.659844,21.88777],[73.659829,21.88777],[73.659799,21.887774],[73.659787,21.887778],[73.659782,21.887776],[73.659776,21.887778],[73.659773,21.887777],[73.65976,21.887779],[73.65975,21.887779],[73.659727,21.887774],[73.659712,21.887778],[73.659698,21.887775],[73.659671,21.887778],[73.659663,21.887775],[73.659658,21.887769],[73.659632,21.887769],[73.659626,21.887767],[73.659623,21.887764],[73.659612,21.887757],[73.659604,21.887758],[73.659588,21.887754],[73.659571,21.887757],[73.659568,21.887761],[73.659542,21.887765],[73.659518,21.887762],[73.65951,21.887765],[73.659504,21.887763],[73.659493,21.887767],[73.659488,21.887767],[73.659477,21.88778],[73.659473,21.887782],[73.659473,21.887787],[73.659468,21.887789],[73.659437,21.887791],[73.659407,21.887798],[73.659399,21.887793],[73.659375,21.88779],[73.659364,21.887784],[73.659352,21.887786],[73.659318,21.887782],[73.659305,21.887784],[73.659286,21.887777],[73.659259,21.887774],[73.659252,21.887776],[73.65924,21.887773],[73.659227,21.887774],[73.659207,21.887764],[73.659153,21.887744],[73.659122,21.88772],[73.659108,21.887707],[73.659093,21.887704],[73.659087,21.887701],[73.659062,21.887681],[73.659031,21.88763],[73.658976,21.887635],[73.658951,21.887628],[73.658932,21.887627],[73.658926,21.887623],[73.658919,21.887621],[73.658892,21.887604],[73.658868,21.887593],[73.658852,21.887583],[73.658806,21.887567],[73.658793,21.88756],[73.658782,21.88756],[73.658765,21.887554],[73.658756,21.887554],[73.658745,21.887558],[73.658722,21.887553],[73.658706,21.887558],[73.658692,21.88756],[73.658663,21.887584],[73.65865,21.887591],[73.658614,21.8876],[73.658606,21.887606],[73.658594,21.887609],[73.658581,21.88761],[73.658575,21.887612],[73.658566,21.88761],[73.658545,21.887612],[73.658535,21.887612],[73.658517,21.887616],[73.658471,21.887614],[73.658457,21.887615],[73.658452,21.887615],[73.658432,21.887598],[73.65842,21.887598],[73.65841,21.887595],[73.658382,21.887596],[73.658379,21.887598],[73.658373,21.887596],[73.658362,21.887596],[73.65835,21.887601],[73.658339,21.887603],[73.658333,21.887607],[73.658312,21.887609],[73.658302,21.887616],[73.658298,21.887615],[73.658297,21.887618],[73.658286,21.887623],[73.658277,21.887622],[73.658268,21.887628],[73.658262,21.887629],[73.658259,21.887633],[73.658246,21.887638],[73.65823,21.88764]]}},{"type":"Feature","properties":{"elevation":66},"geometry":{"type":"LineString","coordinates":[[73.658102,21.889194],[73.658122,21.889198],[73.658137,21.889206],[73.658142,21.889206],[73.658146,21.889201],[73.658151,21.889214],[73.65816,21.88922],[73.658165,21.889219],[73.658169,21.889222],[73.658193,21.889216],[73.658218,21.889227],[73.658225,21.889222],[73.658227,21.889226],[73.658236,21.889224],[73.658231,21.889229],[73.658233,21.889231],[73.658237,21.88923],[73.658242,21.889225],[73.658246,21.889228],[73.65825,21.889225],[73.658252,21.889228],[73.658261,21.889224],[73.658271,21.889217],[73.658288,21.889212],[73.658298,21.889205],[73.658317,21.889203],[73.658324,21.889198],[73.658342,21.889196],[73.658359,21.889187],[73.658371,21.889184],[73.658386,21.889175],[73.658395,21.889159],[73.658401,21.889155],[73.658473,21.88915],[73.658492,21.889138],[73.658504,21.889135],[73.658522,21.889138],[73.65853,21.889137],[73.658543,21.889131],[73.658566,21.889134],[73.658582,21.889122],[73.658584,21.889113],[73.658588,21.889109],[73.6586,21.889106],[73.658609,21.889108],[73.658618,21.889105],[73.658642,21.889105],[73.658661,21.889109],[73.658665,21.889112],[73.658685,21.889115],[73.658696,21.889121],[73.658705,21.88912],[73.658714,21.889123],[73.658716,21.889125],[73.658723,21.889124],[73.658739,21.889137],[73.658752,21.889143],[73.658764,21.889154],[73.658767,21.889158],[73.658789,21.889165],[73.658798,21.889176],[73.658813,21.889176],[73.658841,21.88919],[73.658859,21.889189],[73.658875,21.889185],[73.658885,21.889187],[73.658903,21.889182],[73.658927,21.889169],[73.658953,21.889167],[73.658962,21.889164],[73.658976,21.889165],[73.658998,21.889176],[73.659031,21.889184],[73.659071,21.889181],[73.659091,21.889179],[73.659101,21.889175],[73.659107,21.889176],[73.6592,21.889156],[73.659207,21.889157],[73.659221,21.889152],[73.659244,21.889147],[73.659252,21.889141],[73.659257,21.889145],[73.659259,21.889142],[73.659271,21.889134],[73.659274,21.889136],[73.659281,21.889131],[73.659293,21.88913],[73.659304,21.889125],[73.659306,21.889122],[73.659327,21.889115],[73.659333,21.889116],[73.659347,21.88911],[73.659355,21.889109],[73.659363,21.88911],[73.659364,21.889108],[73.659369,21.889106],[73.659386,21.889107],[73.659403,21.889104],[73.659415,21.889099],[73.659423,21.889101],[73.659432,21.889097],[73.659457,21.889094],[73.659468,21.889088],[73.659475,21.889087],[73.659491,21.889078],[73.659508,21.889077],[73.659524,21.889066],[73.659528,21.889066],[73.659552,21.889056],[73.659562,21.889056],[73.659577,21.88905],[73.659591,21.889049],[73.659615,21.889042],[73.659623,21.889042],[73.659632,21.889037],[73.659653,21.889035],[73.659659,21.88903],[73.659682,21.889028],[73.65969,21.889023],[73.659709,21.889024],[73.659714,21.889019],[73.659717,21.88902],[73.659733,21.889011],[73.659747,21.889009],[73.659758,21.889004],[73.659769,21.889003],[73.659778,21.888998],[73.659793,21.888994],[73.659822,21.888978],[73.659833,21.888977],[73.659843,21.888971],[73.659861,21.888969],[73.659914,21.888952],[73.659919,21.888955],[73.659928,21.888949],[73.659931,21.88895],[73.659947,21.888941],[73.659978,21.888936],[73.659987,21.888937],[73.659998,21.88893],[73.660024,21.888927],[73.660027,21.888929],[73.660031,21.888929],[73.660035,21.888925],[73.660047,21.888924],[73.660053,21.88892],[73.660054,21.888922],[73.660073,21.88892],[73.66008,21.888922],[73.660098,21.888922],[73.660101,21.888919],[73.660107,21.888922],[73.660118,21.888921],[73.660119,21.888924],[73.66013,21.888923],[73.660137,21.888925],[73.660143,21.888924],[73.660159,21.88893],[73.660162,21.888928],[73.660161,21.888923],[73.660164,21.88892],[73.660175,21.888919],[73.660175,21.888922],[73.660167,21.888926],[73.660169,21.88893],[73.660198,21.888937],[73.660211,21.888932],[73.660227,21.888933],[73.660237,21.888927],[73.660255,21.888927],[73.660257,21.888932],[73.660265,21.888934],[73.660266,21.888929],[73.660281,21.888917],[73.660296,21.888915],[73.660298,21.888921],[73.660297,21.888925],[73.660304,21.888917],[73.660302,21.888912],[73.660308,21.888907],[73.660318,21.888908],[73.66032,21.888911],[73.660317,21.888916],[73.660324,21.888919],[73.660332,21.888909],[73.660327,21.888903],[73.660334,21.888895],[73.66034,21.888899],[73.66034,21.888904],[73.660348,21.888906],[73.660356,21.888904],[73.660365,21.888894],[73.660387,21.888882],[73.660393,21.888875],[73.660389,21.888873],[73.660391,21.888869],[73.660402,21.888868],[73.660397,21.888873],[73.660405,21.888876],[73.660408,21.888881],[73.660411,21.888875],[73.660416,21.888872],[73.660428,21.888867],[73.66044,21.888866],[73.66047,21.888848],[73.660475,21.888849],[73.660483,21.888844],[73.660489,21.888845],[73.660494,21.888842],[73.660492,21.888838],[73.660494,21.888836],[73.660522,21.888828],[73.660525,21.888823],[73.660535,21.888818],[73.660534,21.888814],[73.660528,21.888812],[73.660528,21.888809],[73.660539,21.888803],[73.660557,21.888802],[73.660554,21.888798],[73.660556,21.888795],[73.660568,21.88879],[73.66057,21.888797],[73.66056,21.888799],[73.660567,21.888804],[73.660574,21.888798],[73.660578,21.888782],[73.660583,21.88878],[73.660589,21.888774],[73.660597,21.888774],[73.660611,21.888771],[73.660615,21.888763],[73.660618,21.888761],[73.660628,21.888748],[73.660648,21.888734],[73.660651,21.888729],[73.660657,21.888725],[73.66067,21.888711],[73.660676,21.888707],[73.660681,21.888708],[73.660685,21.888702],[73.66069,21.888703],[73.660713,21.888683],[73.660726,21.888679],[73.660734,21.888674],[73.660749,21.88867],[73.660752,21.888667],[73.660784,21.888658],[73.660792,21.888653],[73.660797,21.888648],[73.660805,21.888646],[73.660806,21.888641],[73.66081,21.888637],[73.660816,21.888636],[73.660823,21.888629],[73.660832,21.888626],[73.660838,21.888615],[73.660843,21.888615],[73.660861,21.888602],[73.660864,21.888596],[73.660871,21.888594],[73.660883,21.888582],[73.660889,21.888581],[73.660896,21.888569],[73.660909,21.88856],[73.660947,21.888515],[73.660954,21.888512],[73.660965,21.888499],[73.660977,21.888494],[73.660994,21.888483],[73.661009,21.888478],[73.661015,21.888466],[73.661024,21.888462],[73.661035,21.888443],[73.661049,21.888431],[73.661051,21.888423],[73.661066,21.888416],[73.66108,21.888406],[73.661091,21.888389],[73.661118,21.88837],[73.66112,21.888371],[73.661118,21.888374],[73.66112,21.888373],[73.661129,21.888363],[73.661132,21.888364],[73.661134,21.888359],[73.661154,21.888347],[73.661162,21.888338],[73.661174,21.888332],[73.66118,21.888333],[73.66118,21.888328],[73.661197,21.888321],[73.661204,21.888314],[73.661209,21.888313],[73.661216,21.888304],[73.661235,21.888291],[73.661238,21.888286],[73.661262,21.888271],[73.661266,21.888266],[73.661282,21.888252],[73.661297,21.888233],[73.661322,21.888213],[73.661348,21.888184],[73.661354,21.888182],[73.66136,21.888175],[73.661369,21.888171],[73.661378,21.888161],[73.661388,21.888157],[73.661395,21.88815],[73.661408,21.888146],[73.661422,21.888137],[73.661456,21.888105],[73.661463,21.88809],[73.661474,21.888081],[73.661479,21.888072],[73.66149,21.888059],[73.661493,21.888047],[73.661499,21.888038],[73.6615,21.888026],[73.661504,21.888021],[73.661503,21.888015],[73.661509,21.888012],[73.661508,21.888007],[73.661513,21.888001],[73.661514,21.887987],[73.661507,21.887978],[73.661498,21.887973],[73.661488,21.887957],[73.661485,21.887957],[73.661485,21.887954],[73.661483,21.887956],[73.661482,21.887952],[73.661485,21.887947],[73.66148,21.88794],[73.661487,21.887935],[73.661486,21.887928],[73.66149,21.887921],[73.661488,21.887916],[73.661495,21.887907],[73.661489,21.887902],[73.661493,21.887903],[73.661498,21.887901],[73.661497,21.887883],[73.661501,21.887875],[73.661508,21.887869],[73.661508,21.887864],[73.661511,21.88786],[73.661539,21.887858],[73.661546,21.887861],[73.661551,21.887866],[73.66156,21.887868],[73.661576,21.887867],[73.661579,21.887861],[73.661586,21.887861],[73.661608,21.887874],[73.661615,21.887881],[73.661623,21.887884],[73.661643,21.887884],[73.661662,21.887891],[73.661675,21.887899],[73.661678,21.887897],[73.66169,21.8879],[73.6617,21.887908],[73.661716,21.887901],[73.661719,21.887903],[73.661727,21.887902],[73.661734,21.887908],[73.661744,21.887896],[73.661746,21.887887],[73.661741,21.887878],[73.661743,21.887866],[73.661745,21.887863],[73.661752,21.887861],[73.661757,21.887854],[73.661756,21.887851],[73.661763,21.887847],[73.661771,21.887846],[73.661777,21.88784],[73.661789,21.887836],[73.661794,21.88783],[73.66181,21.887825],[73.66185,21.887818],[73.661858,21.887813],[73.661881,21.887809],[73.661889,21.887803],[73.661906,21.8878],[73.661917,21.8878],[73.661927,21.887788],[73.661941,21.887781],[73.661941,21.887777],[73.661945,21.887776],[73.661956,21.887762],[73.661959,21.88776],[73.661961,21.887752],[73.661967,21.887741],[73.661974,21.887737],[73.661981,21.887718],[73.661984,21.887716],[73.66199,21.887701],[73.661988,21.887689],[73.66199,21.887666],[73.661995,21.88766],[73.661995,21.887657],[73.662,21.887643],[73.661997,21.887602],[73.661986,21.887589],[73.661973,21.887583],[73.661956,21.88758],[73.661934,21.887574],[73.661929,21.887575],[73.661921,21.887574],[73.661901,21.887564],[73.661891,21.88757],[73.661865,21.887556],[73.661838,21.887556],[73.661813,21.887567],[73.661807,21.887566],[73.661782,21.887571],[73.661769,21.88757],[73.661749,21.887573],[73.661724,21.88757],[73.661718,21.887568],[73.661709,21.887568],[73.661684,21.887578],[73.661674,21.887579],[73.661647,21.887588],[73.661636,21.88759],[73.661622,21.887597],[73.661605,21.887597],[73.661599,21.8876],[73.661595,21.8876],[73.661563,21.887607],[73.661526,21.887622],[73.661493,21.887625],[73.661466,21.887635],[73.661458,21.887644],[73.661454,21.887643],[73.661439,21.887649],[73.661436,21.887646],[73.661431,21.88765],[73.661426,21.887648],[73.661414,21.887652],[73.661406,21.887648],[73.661382,21.887644],[73.661378,21.887645],[73.661373,21.887643],[73.661352,21.887647],[73.661342,21.887645],[73.661337,21.887647],[73.66133,21.887641],[73.661326,21.887646],[73.661307,21.887641],[73.661283,21.88764],[73.661268,21.887636],[73.661244,21.887633],[73.661236,21.88763],[73.661227,21.887633],[73.661207,21.88763],[73.661202,21.887633],[73.661167,21.887629],[73.661157,21.887633],[73.661138,21.887631],[73.661123,21.887634],[73.661117,21.887633],[73.661109,21.887637],[73.661089,21.887642],[73.66108,21.887639],[73.661057,21.887642],[73.661043,21.88764],[73.661034,21.887642],[73.661031,21.88764],[73.661015,21.887637],[73.661005,21.887639],[73.661,21.887643],[73.660993,21.887641],[73.660991,21.887643],[73.660988,21.887642],[73.660973,21.887644],[73.660953,21.887639],[73.660945,21.887639],[73.660932,21.887644],[73.660925,21.887642],[73.660915,21.887647],[73.660916,21.887651],[73.660913,21.887655],[73.660913,21.887658],[73.660909,21.887662],[73.660905,21.88766],[73.660901,21.887663],[73.660893,21.887662],[73.660885,21.887656],[73.660876,21.887657],[73.660853,21.887651],[73.66083,21.887655],[73.660824,21.887652],[73.660813,21.887652],[73.660802,21.887655],[73.660792,21.887662],[73.660779,21.887668],[73.660765,21.887671],[73.660734,21.887662],[73.660727,21.887665],[73.660716,21.887661],[73.660708,21.887662],[73.660699,21.887661],[73.660672,21.887668],[73.660657,21.887665],[73.660627,21.887673],[73.660613,21.88767],[73.6606,21.88767],[73.660594,21.887667],[73.660588,21.887668],[73.660581,21.887666],[73.660566,21.887666],[73.660528,21.887672],[73.660523,21.88767],[73.660518,21.887673],[73.660509,21.887671],[73.660501,21.887672],[73.660497,21.887671],[73.660475,21.887676],[73.660475,21.887672],[73.660472,21.887671],[73.660442,21.887682],[73.660434,21.887678],[73.660418,21.887677],[73.660413,21.887673],[73.660399,21.88767],[73.660376,21.887682],[73.66037,21.88768],[73.66036,21.887685],[73.660345,21.887682],[73.660325,21.887684],[73.660318,21.88768],[73.660309,21.887679],[73.660294,21.887685],[73.660278,21.887683],[73.660262,21.887684],[73.660257,21.887684],[73.660248,21.887677],[73.660241,21.887677],[73.660235,21.887677],[73.66023,21.887683],[73.660199,21.887681],[73.660191,21.887677],[73.660174,21.887677],[73.660164,21.887678],[73.660157,21.887682],[73.660147,21.88768],[73.660144,21.887682],[73.660132,21.887681],[73.660118,21.887684],[73.660089,21.887683],[73.660067,21.887691],[73.660056,21.88769],[73.659991,21.887715],[73.65996,21.887721],[73.659946,21.887727],[73.659941,21.887726],[73.659931,21.887733],[73.659903,21.887739],[73.659888,21.887759],[73.659867,21.887761],[73.659855,21.887765],[73.65985,21.887763],[73.659838,21.887751],[73.659813,21.887758],[73.659803,21.887759],[73.659792,21.887756],[73.659777,21.887758],[73.659765,21.887763],[73.659761,21.887761],[73.659751,21.887764],[73.65974,21.887758],[73.659728,21.887755],[73.659699,21.887759],[73.65969,21.887764],[73.659682,21.887765],[73.659659,21.887757],[73.659634,21.887755],[73.659618,21.887748],[73.659583,21.887745],[73.659562,21.887751],[73.659554,21.887756],[73.659539,21.887756],[73.659528,21.887753],[73.659506,21.887753],[73.659476,21.887767],[73.659473,21.88777],[73.65946,21.887774],[73.659456,21.887778],[73.659445,21.887782],[73.659428,21.887783],[73.659381,21.887777],[73.65937,21.887772],[73.659341,21.887771],[73.659331,21.887768],[73.659323,21.88777],[73.659306,21.887769],[73.659274,21.88776],[73.659243,21.887759],[73.65923,21.88776],[73.65922,21.88775],[73.659213,21.887747],[73.659205,21.887744],[73.659199,21.887747],[73.659194,21.887743],[73.659189,21.887745],[73.659175,21.887737],[73.659163,21.887736],[73.659132,21.887716],[73.659122,21.887703],[73.659116,21.887701],[73.659111,21.887695],[73.659103,21.887694],[73.659097,21.88769],[73.659071,21.887665],[73.659063,21.887661],[73.659054,21.887648],[73.659055,21.887645],[73.65905,21.887637],[73.659048,21.887627],[73.65903,21.887611],[73.659016,21.887605],[73.658992,21.887618],[73.658985,21.887614],[73.658975,21.887616],[73.658952,21.88761],[73.658923,21.887608],[73.658913,21.887603],[73.658902,21.887601],[73.658892,21.887592],[73.658877,21.887585],[73.658861,21.887573],[73.658856,21.887574],[73.658847,21.887572],[73.658821,21.88756],[73.658814,21.887559],[73.658809,21.887553],[73.658806,21.887552],[73.658756,21.88754],[73.658726,21.887541],[73.658686,21.887549],[73.658666,21.887567],[73.658648,21.887573],[73.658644,21.887577],[73.658637,21.887576],[73.658624,21.887582],[73.658617,21.887583],[73.658592,21.887592],[73.658571,21.887592],[73.65857,21.8876],[73.658555,21.887603],[73.65851,21.887599],[73.6585,21.887601],[73.65848,21.887599],[73.658463,21.887601],[73.658437,21.887586],[73.658421,21.887585],[73.658403,21.887587],[73.658386,21.887584],[73.658374,21.887587],[73.658348,21.887582],[73.658327,21.887592],[73.658315,21.887593],[73.658307,21.887599],[73.658286,21.887601],[73.658281,21.887605],[73.65828,21.887608],[73.658272,21.887608],[73.658253,21.887615],[73.658249,21.887619],[73.658245,21.887619],[73.658242,21.887622],[73.658239,21.887619],[73.658234,21.88762]]}},{"type":"Feature","properties":{"elevation":65},"geometry":{"type":"LineString","coordinates":[[73.658092,21.889235],[73.658096,21.889234],[73.658098,21.889228],[73.658104,21.889228],[73.658111,21.889232],[73.658108,21.889235],[73.658109,21.889237],[73.658113,21.889237],[73.658115,21.889234],[73.65812,21.889235],[73.658117,21.88924],[73.658124,21.889244],[73.65813,21.889241],[73.658135,21.889245],[73.658142,21.889244],[73.658145,21.889239],[73.658151,21.889247],[73.658157,21.88925],[73.658171,21.889247],[73.658175,21.88925],[73.658186,21.889251],[73.658194,21.889254],[73.6582,21.88925],[73.658203,21.889257],[73.658205,21.889259],[73.658209,21.889258],[73.658214,21.889261],[73.658229,21.889263],[73.658238,21.88926],[73.658243,21.889264],[73.658251,21.889259],[73.658256,21.889235],[73.658265,21.889228],[73.658278,21.889224],[73.658303,21.88921],[73.658312,21.889208],[73.658318,21.889209],[73.658327,21.889205],[73.658341,21.889204],[73.658361,21.889196],[73.658365,21.889192],[73.658381,21.889187],[73.658391,21.88918],[73.658397,21.889167],[73.658403,21.889163],[73.658446,21.889155],[73.658479,21.889156],[73.658498,21.889143],[73.658528,21.889146],[73.658541,21.889141],[73.658567,21.889141],[73.658578,21.889135],[73.658595,21.889132],[73.658601,21.889129],[73.658638,21.889126],[73.658655,21.889126],[73.658668,21.889131],[73.658682,21.889133],[73.658706,21.889144],[73.658716,21.889143],[73.65873,21.889146],[73.658741,21.889144],[73.658753,21.889167],[73.658769,21.88917],[73.658778,21.889168],[73.658792,21.889181],[73.658833,21.889195],[73.658851,21.889196],[73.658894,21.889189],[73.658909,21.889185],[73.658929,21.889175],[73.658938,21.889175],[73.658964,21.889171],[73.658983,21.889174],[73.659007,21.889188],[73.659021,21.889187],[73.659034,21.889191],[73.659052,21.889188],[73.659077,21.889189],[73.659097,21.889195],[73.659109,21.889195],[73.659132,21.889188],[73.659153,21.889186],[73.659161,21.889182],[73.659185,21.889179],[73.659191,21.88918],[73.659205,21.889178],[73.659226,21.889171],[73.659229,21.889168],[73.659242,21.889167],[73.659249,21.889163],[73.65926,21.889163],[73.659263,21.889157],[73.659269,21.889154],[73.659279,21.889154],[73.659296,21.889148],[73.659302,21.889149],[73.659311,21.889141],[73.659318,21.889141],[73.659322,21.889138],[73.659337,21.889136],[73.659353,21.889127],[73.659361,21.88913],[73.65937,21.889127],[73.659386,21.889128],[73.659399,21.889123],[73.659406,21.889124],[73.659419,21.889121],[73.659425,21.889118],[73.659432,21.889121],[73.659442,21.889121],[73.659457,21.889112],[73.65947,21.889111],[73.659481,21.889107],[73.659494,21.889096],[73.659513,21.889092],[73.659521,21.889088],[73.659533,21.889088],[73.659535,21.889084],[73.659544,21.889079],[73.659568,21.889075],[73.659581,21.889069],[73.659591,21.889071],[73.659603,21.889066],[73.659615,21.889064],[73.659627,21.889058],[73.659644,21.889056],[73.659648,21.889053],[73.659678,21.889046],[73.659683,21.889043],[73.65969,21.889044],[73.659702,21.889042],[73.659709,21.889038],[73.659719,21.889039],[73.659725,21.889035],[73.659744,21.889032],[73.659762,21.889027],[73.659771,21.889021],[73.659793,21.889015],[73.659816,21.889003],[73.659825,21.888999],[73.659834,21.888999],[73.659847,21.888992],[73.659886,21.888984],[73.65989,21.88898],[73.659906,21.888975],[73.659919,21.888975],[73.659929,21.88897],[73.659937,21.888971],[73.659963,21.888961],[73.659988,21.888958],[73.659993,21.888954],[73.660004,21.888955],[73.660017,21.888948],[73.660033,21.888947],[73.660037,21.88895],[73.660041,21.888949],[73.660047,21.888951],[73.66008,21.888945],[73.660089,21.888949],[73.660114,21.888951],[73.660123,21.888958],[73.660134,21.888956],[73.660146,21.888961],[73.660155,21.888962],[73.660161,21.888965],[73.660163,21.888971],[73.660173,21.888977],[73.660183,21.888977],[73.660187,21.888979],[73.660195,21.888971],[73.660203,21.88897],[73.660214,21.888976],[73.660213,21.88898],[73.660223,21.888982],[73.660227,21.888977],[73.660228,21.888971],[73.660238,21.888965],[73.660248,21.888967],[73.660247,21.888971],[73.660254,21.888976],[73.660262,21.888973],[73.66026,21.888963],[73.660271,21.888957],[73.660277,21.888956],[73.660285,21.888958],[73.660295,21.888956],[73.660302,21.888949],[73.660309,21.888948],[73.660315,21.888949],[73.660311,21.888954],[73.660314,21.888957],[73.660325,21.888956],[73.660333,21.888951],[73.660335,21.888946],[73.660332,21.888944],[73.660337,21.888939],[73.660351,21.888937],[73.660343,21.888947],[73.660344,21.888949],[73.660352,21.888949],[73.66037,21.888942],[73.660371,21.888934],[73.660367,21.888931],[73.660374,21.888924],[73.660385,21.888925],[73.660382,21.888932],[73.660387,21.888937],[73.660391,21.88893],[73.660401,21.888924],[73.6604,21.888919],[73.66041,21.888912],[73.66042,21.888913],[73.660451,21.888893],[73.66046,21.888896],[73.660464,21.888891],[73.660479,21.888883],[73.660487,21.888879],[73.660491,21.888879],[73.660492,21.888876],[73.660487,21.88887],[73.660491,21.888865],[73.660507,21.88886],[73.66051,21.888862],[73.660511,21.888865],[73.660518,21.888868],[73.660521,21.888861],[73.660521,21.888854],[73.660528,21.888847],[73.660536,21.888846],[73.660542,21.888848],[73.660555,21.888837],[73.66056,21.888836],[73.660563,21.888838],[73.66057,21.888836],[73.660577,21.888827],[73.660594,21.888817],[73.660606,21.888806],[73.660616,21.888795],[73.660627,21.88879],[73.660632,21.888781],[73.660653,21.888764],[73.660666,21.88875],[73.660675,21.888745],[73.660688,21.888731],[73.660694,21.888727],[73.660697,21.888727],[73.660697,21.888723],[73.660701,21.888726],[73.660703,21.888722],[73.660716,21.888712],[73.660728,21.88871],[73.660735,21.888703],[73.660769,21.888688],[73.660771,21.888684],[73.66078,21.888683],[73.660809,21.88867],[73.660811,21.888666],[73.660818,21.888664],[73.660821,21.888659],[73.660828,21.888657],[73.660831,21.888654],[73.660842,21.888649],[73.660855,21.888636],[73.660869,21.888629],[73.660879,21.888614],[73.660886,21.88861],[73.660889,21.888605],[73.660896,21.888601],[73.6609,21.888594],[73.660932,21.888565],[73.660935,21.888559],[73.660943,21.888553],[73.660947,21.888546],[73.660962,21.888539],[73.660971,21.888526],[73.660974,21.888524],[73.660978,21.888526],[73.660981,21.888518],[73.660989,21.88851],[73.660995,21.888508],[73.661004,21.888501],[73.661011,21.888501],[73.661019,21.888493],[73.66103,21.888489],[73.661034,21.888484],[73.66104,21.888482],[73.661055,21.888462],[73.66106,21.888459],[73.66106,21.888454],[73.661076,21.888434],[73.661115,21.888396],[73.661131,21.888389],[73.661142,21.888377],[73.661157,21.888365],[73.661182,21.888351],[73.66121,21.888329],[73.661216,21.888327],[73.661242,21.888304],[73.661247,21.888302],[73.661267,21.888285],[73.661272,21.888285],[73.661298,21.888263],[73.661313,21.888244],[73.661321,21.888238],[73.661327,21.888231],[73.661344,21.888218],[73.661351,21.888216],[73.661356,21.888209],[73.661361,21.888207],[73.661369,21.888196],[73.66139,21.888184],[73.661405,21.88817],[73.661414,21.888153],[73.66146,21.888109],[73.661466,21.888095],[73.66148,21.888086],[73.661489,21.888075],[73.661493,21.888062],[73.661503,21.888055],[73.661511,21.888042],[73.661521,21.888034],[73.661524,21.888024],[73.661529,21.888019],[73.661531,21.888011],[73.661531,21.887985],[73.661534,21.88798],[73.661532,21.887974],[73.66154,21.88797],[73.661539,21.887963],[73.661542,21.887959],[73.661549,21.887969],[73.661555,21.88797],[73.66156,21.887963],[73.661574,21.88796],[73.661577,21.887962],[73.661581,21.88796],[73.661583,21.887957],[73.661582,21.887953],[73.661584,21.887951],[73.661611,21.887947],[73.661636,21.887951],[73.661638,21.887954],[73.661638,21.887957],[73.66164,21.887957],[73.661651,21.887966],[73.661665,21.887965],[73.661669,21.887968],[73.66167,21.887976],[73.66169,21.887971],[73.661692,21.887973],[73.661698,21.887973],[73.661717,21.887969],[73.661714,21.887975],[73.661719,21.887981],[73.661715,21.887983],[73.661711,21.887979],[73.661707,21.88798],[73.661707,21.887988],[73.661713,21.887989],[73.661716,21.887994],[73.66173,21.887993],[73.66174,21.887983],[73.661743,21.887976],[73.661742,21.887971],[73.661748,21.887968],[73.661756,21.887954],[73.661755,21.887942],[73.661758,21.887939],[73.66176,21.887927],[73.661759,21.88791],[73.661756,21.887904],[73.661757,21.887894],[73.661759,21.887879],[73.661765,21.887873],[73.661787,21.887862],[73.661789,21.887858],[73.661792,21.887859],[73.661794,21.887855],[73.661802,21.887853],[73.661809,21.887849],[73.661813,21.88785],[73.661817,21.887846],[73.661829,21.887844],[73.661832,21.887839],[73.661841,21.887835],[73.661848,21.887836],[73.661852,21.887833],[73.661855,21.887834],[73.661858,21.887831],[73.661862,21.887832],[73.661875,21.887829],[73.661878,21.887831],[73.66188,21.887829],[73.661889,21.887824],[73.661902,21.887824],[73.661912,21.88782],[73.661917,21.887822],[73.661922,21.88782],[73.66194,21.887807],[73.661949,21.887806],[73.661957,21.887793],[73.661965,21.887791],[73.661968,21.887781],[73.661972,21.887782],[73.661981,21.887774],[73.661988,21.887757],[73.66199,21.887746],[73.661995,21.887741],[73.661994,21.887734],[73.662007,21.8877],[73.662007,21.88768],[73.66201,21.887666],[73.662009,21.887659],[73.662014,21.887629],[73.662011,21.887621],[73.662013,21.887616],[73.662011,21.887613],[73.662011,21.887592],[73.662001,21.887576],[73.661995,21.887572],[73.661975,21.887565],[73.66197,21.887567],[73.661953,21.887563],[73.661923,21.887561],[73.661894,21.887554],[73.661877,21.887546],[73.661856,21.887542],[73.661829,21.887545],[73.661791,21.887557],[73.661772,21.887559],[73.66176,21.887559],[73.661756,21.887557],[73.661708,21.887554],[73.661689,21.887559],[73.661682,21.887563],[73.661655,21.887568],[73.661652,21.887571],[73.66164,21.887573],[73.661629,21.88758],[73.661616,21.887584],[73.661597,21.887586],[73.661565,21.887595],[73.661542,21.887602],[73.66152,21.887613],[73.661507,21.887613],[73.661497,21.88761],[73.661456,21.887617],[73.661444,21.887622],[73.661438,21.887622],[73.661418,21.887626],[73.661405,21.887625],[73.661389,21.887631],[73.661373,21.887633],[73.661348,21.887633],[73.661331,21.887628],[73.661324,21.88763],[73.661319,21.887626],[73.661313,21.887625],[73.6613,21.887627],[73.661293,21.887625],[73.661289,21.887626],[73.661288,21.887629],[73.661278,21.88763],[73.661224,21.887617],[73.661197,21.88762],[73.661166,21.887617],[73.661129,21.887621],[73.661125,21.88762],[73.661092,21.887627],[73.661089,21.887625],[73.661066,21.887622],[73.661046,21.887628],[73.661022,21.887624],[73.660974,21.88763],[73.660949,21.887626],[73.660917,21.887631],[73.660912,21.887629],[73.660895,21.887625],[73.660884,21.887632],[73.660874,21.887632],[73.660857,21.887636],[73.660855,21.887639],[73.660798,21.887644],[73.660778,21.887655],[73.660766,21.887658],[73.66076,21.887657],[73.660758,21.887659],[73.660741,21.887654],[73.660711,21.887654],[73.660696,21.887652],[73.660671,21.887658],[73.660664,21.887658],[73.660659,21.887656],[73.660646,21.887658],[73.660624,21.887656],[73.660615,21.887658],[73.660589,21.88765],[73.660565,21.887655],[73.660545,21.887654],[73.660522,21.887659],[73.660489,21.887659],[73.660471,21.887656],[73.660461,21.887661],[73.660432,21.887661],[73.660429,21.887663],[73.660424,21.88766],[73.660393,21.887659],[73.660355,21.88767],[73.660341,21.887672],[73.660337,21.88767],[73.660321,21.88767],[73.660291,21.887663],[73.66028,21.887664],[73.660277,21.887662],[73.660272,21.887663],[73.660269,21.887667],[73.660251,21.887662],[73.660235,21.887666],[73.660228,21.887664],[73.660225,21.887662],[73.660196,21.887665],[73.660176,21.887661],[73.660166,21.887662],[73.660158,21.887668],[73.660149,21.887664],[73.660143,21.887664],[73.660137,21.887667],[73.660104,21.88767],[73.6601,21.887673],[73.660088,21.887672],[73.660068,21.887678],[73.660058,21.887678],[73.660051,21.887676],[73.660044,21.887681],[73.660013,21.88769],[73.660002,21.887691],[73.659959,21.887708],[73.659935,21.887712],[73.659933,21.887716],[73.659901,21.887729],[73.659881,21.88775],[73.659868,21.887749],[73.65986,21.887753],[73.659854,21.887752],[73.659842,21.88774],[73.659833,21.887736],[73.659816,21.88774],[73.659796,21.887738],[73.659792,21.88774],[73.659778,21.887742],[73.659766,21.88774],[73.659757,21.887745],[73.659742,21.887744],[73.659725,21.887741],[73.659705,21.887752],[73.659678,21.88775],[73.65967,21.887748],[73.659664,21.887743],[73.65964,21.887743],[73.659628,21.887741],[73.659615,21.887743],[73.659604,21.887737],[73.659588,21.887741],[73.659575,21.887741],[73.659568,21.887744],[73.659562,21.887743],[73.659539,21.887746],[73.659504,21.887745],[73.659497,21.88775],[73.659484,21.887752],[73.659466,21.887763],[73.659443,21.887767],[73.659437,21.88777],[73.659434,21.887768],[73.659429,21.88777],[73.659411,21.887768],[73.659406,21.887763],[73.659402,21.887763],[73.659376,21.887765],[73.659364,21.887761],[73.659324,21.887759],[73.659318,21.887756],[73.659311,21.887756],[73.659298,21.887751],[73.659271,21.887748],[73.659256,21.887751],[73.659233,21.887748],[73.659214,21.887733],[73.659165,21.887723],[73.659132,21.887701],[73.659078,21.887656],[73.659069,21.887641],[73.659063,21.887628],[73.659064,21.887625],[73.659059,21.88762],[73.659048,21.887603],[73.659015,21.887594],[73.659007,21.887588],[73.658989,21.887586],[73.658986,21.887584],[73.658958,21.887585],[73.658941,21.887589],[73.658916,21.88759],[73.658899,21.887587],[73.658889,21.88758],[73.658881,21.887578],[73.658856,21.887564],[73.658852,21.887559],[73.658836,21.887552],[73.658818,21.88755],[73.658801,21.887542],[73.658796,21.887537],[73.658785,21.887534],[73.658771,21.887535],[73.658738,21.88753],[73.658728,21.887534],[73.658717,21.887533],[73.658704,21.887538],[73.65869,21.887538],[73.658682,21.887541],[73.658676,21.887539],[73.658663,21.887552],[73.65862,21.887567],[73.658595,21.887572],[73.658587,21.887576],[73.658576,21.887575],[73.658564,21.88758],[73.658534,21.887582],[73.658531,21.887584],[73.658501,21.88759],[73.658479,21.887586],[73.658471,21.887587],[73.658444,21.887576],[73.658435,21.887578],[73.658421,21.887577],[73.658395,21.887569],[73.658388,21.887572],[73.658345,21.887569],[73.658315,21.887579],[73.658301,21.887586],[73.658289,21.887586],[73.658285,21.887591],[73.658269,21.887594],[73.65826,21.8876],[73.658238,21.887601]]}},{"type":"Feature","properties":{"elevation":64},"geometry":{"type":"LineString","coordinates":[[73.658082,21.889275],[73.658088,21.889274],[73.658095,21.889277],[73.658097,21.889275],[73.658095,21.889272],[73.6581,21.88927],[73.658114,21.889275],[73.658118,21.889282],[73.658126,21.889281],[73.658129,21.889275],[73.658135,21.889273],[73.658137,21.889282],[73.658143,21.889281],[73.658145,21.889284],[73.658152,21.889286],[73.658152,21.889283],[73.658155,21.889287],[73.658158,21.889283],[73.658167,21.889286],[73.658177,21.889284],[73.658178,21.889292],[73.658193,21.889294],[73.658198,21.889292],[73.6582,21.889301],[73.658206,21.889303],[73.658207,21.88931],[73.658218,21.889315],[73.658226,21.889315],[73.658236,21.889309],[73.65824,21.889303],[73.658237,21.889298],[73.65825,21.889302],[73.658255,21.889296],[73.658259,21.889296],[73.658256,21.889284],[73.65826,21.889275],[73.658259,21.889266],[73.658262,21.889252],[73.658265,21.889242],[73.658277,21.889232],[73.658313,21.889216],[73.658335,21.889211],[73.658343,21.889211],[73.65835,21.889206],[73.658363,21.889204],[73.658369,21.889197],[73.658387,21.88919],[73.658405,21.889175],[73.658428,21.889166],[73.658435,21.889167],[73.65845,21.889162],[73.658456,21.889163],[73.658462,21.889161],[73.658465,21.889164],[73.658476,21.889164],[73.658492,21.889158],[73.658497,21.889152],[73.658519,21.889156],[73.658535,21.889155],[73.658576,21.889146],[73.658584,21.88914],[73.658597,21.889143],[73.658607,21.889142],[73.658611,21.889138],[73.658643,21.889142],[73.658663,21.889142],[73.658684,21.889153],[73.658707,21.889154],[73.658717,21.88915],[73.658726,21.889153],[73.658732,21.889152],[73.658738,21.889158],[73.658738,21.889167],[73.658742,21.88917],[73.658752,21.889174],[73.658769,21.889177],[73.65878,21.889182],[73.65883,21.889198],[73.658848,21.8892],[73.658865,21.889198],[73.658871,21.8892],[73.658881,21.889196],[73.658893,21.889196],[73.658932,21.88918],[73.658955,21.889178],[73.65897,21.889183],[73.658985,21.889183],[73.659004,21.889191],[73.659014,21.889191],[73.659045,21.889199],[73.659056,21.889196],[73.659077,21.889197],[73.659112,21.88921],[73.659125,21.889211],[73.659132,21.889208],[73.659155,21.889203],[73.659161,21.889206],[73.659162,21.889204],[73.659168,21.889205],[73.659173,21.889203],[73.659175,21.889199],[73.659184,21.889197],[73.659193,21.889197],[73.659199,21.889201],[73.659202,21.889198],[73.659236,21.889194],[73.659245,21.889187],[73.65925,21.889187],[73.659256,21.889184],[73.659257,21.889182],[73.659254,21.889179],[73.659255,21.889178],[73.659258,21.889181],[73.659276,21.889174],[73.659283,21.889177],[73.659284,21.889174],[73.659292,21.889174],[73.659312,21.889165],[73.659319,21.889167],[73.659337,21.889159],[73.659341,21.889155],[73.659351,21.889153],[73.659357,21.88915],[73.659374,21.889149],[73.659378,21.889146],[73.659406,21.889144],[73.659411,21.889141],[73.659433,21.889144],[73.659443,21.889139],[73.659457,21.889139],[73.65948,21.889131],[73.659501,21.889119],[73.659506,21.889114],[73.65951,21.889115],[73.659519,21.88911],[73.659523,21.889111],[73.659527,21.889108],[73.659536,21.889108],[73.659556,21.889097],[73.659579,21.889093],[73.659582,21.88909],[73.659589,21.889087],[73.659612,21.889087],[73.659672,21.889067],[73.659685,21.889066],[73.659692,21.889062],[73.659699,21.889065],[73.659715,21.889058],[73.659724,21.889058],[73.659759,21.889048],[73.659767,21.889044],[73.659787,21.889039],[73.659796,21.889034],[73.659802,21.889035],[73.659821,21.889025],[73.659868,21.889006],[73.659883,21.889003],[73.659891,21.889003],[73.6599,21.888997],[73.65993,21.888994],[73.659938,21.88899],[73.659961,21.888984],[73.659966,21.888986],[73.659982,21.888982],[73.659996,21.888982],[73.659999,21.888979],[73.660018,21.888975],[73.660033,21.888976],[73.660047,21.888973],[73.660052,21.888975],[73.660076,21.888972],[73.66009,21.888976],[73.660095,21.888974],[73.660104,21.888978],[73.660112,21.888985],[73.660119,21.888984],[73.66012,21.888987],[73.660124,21.888988],[73.660126,21.888991],[73.66013,21.88899],[73.660138,21.888994],[73.660151,21.888998],[73.660151,21.889004],[73.660147,21.889002],[73.660145,21.889004],[73.66015,21.889008],[73.660161,21.889007],[73.660166,21.889013],[73.660176,21.889015],[73.660183,21.889019],[73.660205,21.889019],[73.660212,21.889011],[73.660219,21.889009],[73.660225,21.88901],[73.660227,21.889012],[73.660223,21.889016],[73.660228,21.889024],[73.660237,21.889021],[73.660249,21.889021],[73.660256,21.889017],[73.660262,21.889017],[73.660274,21.88901],[73.660279,21.889011],[73.660287,21.889008],[73.660301,21.889006],[73.660307,21.889004],[73.660314,21.888998],[73.660338,21.888995],[73.660345,21.888989],[73.66035,21.88899],[73.660357,21.888985],[73.660366,21.888987],[73.660371,21.888982],[73.660382,21.888978],[73.660389,21.888977],[73.660393,21.888983],[73.660398,21.888983],[73.660399,21.888971],[73.660412,21.888966],[73.660419,21.888967],[73.660421,21.88896],[73.660431,21.888949],[73.660448,21.888941],[73.660438,21.888942],[73.660439,21.88894],[73.660449,21.888939],[73.660452,21.888936],[73.660454,21.888942],[73.66046,21.888942],[73.660468,21.888938],[73.660465,21.888931],[73.660473,21.888924],[73.660479,21.888922],[73.660491,21.888925],[73.660496,21.888924],[73.660498,21.888919],[73.660506,21.888915],[73.660508,21.888907],[73.660502,21.888901],[73.660511,21.888894],[73.660516,21.888893],[73.660522,21.888895],[73.660518,21.888901],[73.660524,21.888908],[73.660533,21.888899],[73.660538,21.888888],[73.660555,21.888879],[73.660561,21.888879],[73.660578,21.888867],[73.660586,21.888868],[73.660587,21.888862],[73.660578,21.888863],[73.660574,21.88886],[73.660578,21.888855],[73.660585,21.888855],[73.660588,21.888858],[73.660593,21.888849],[73.660598,21.888845],[73.660609,21.888842],[73.660627,21.888826],[73.660638,21.888825],[73.660644,21.888821],[73.660646,21.888818],[73.660643,21.888817],[73.660643,21.888805],[73.660655,21.888796],[73.660675,21.888787],[73.660686,21.888775],[73.660688,21.888776],[73.660685,21.888779],[73.66069,21.888777],[73.660691,21.888771],[73.660694,21.888765],[73.660698,21.888762],[73.660702,21.888762],[73.660705,21.888758],[73.66071,21.888758],[73.660713,21.888756],[73.660722,21.888741],[73.660733,21.888737],[73.660739,21.888731],[73.660744,21.888732],[73.660757,21.888721],[73.660769,21.888719],[73.660774,21.888711],[73.66078,21.888711],[73.660786,21.888706],[73.660794,21.888705],[73.660804,21.888699],[73.660819,21.888694],[73.660828,21.888684],[73.660842,21.888679],[73.660858,21.888668],[73.660876,21.888652],[73.660881,21.888645],[73.660891,21.888639],[73.660903,21.888622],[73.660911,21.888616],[73.660919,21.888607],[73.660922,21.888607],[73.660926,21.888599],[73.660937,21.888587],[73.66096,21.888568],[73.660977,21.888547],[73.660994,21.888533],[73.660999,21.888532],[73.661007,21.888524],[73.661009,21.888525],[73.661013,21.888521],[73.661025,21.888518],[73.661031,21.888508],[73.661053,21.888495],[73.661084,21.888457],[73.661089,21.888455],[73.661092,21.888449],[73.661121,21.888423],[73.661126,21.888416],[73.661132,21.888414],[73.661146,21.888399],[73.661158,21.888393],[73.661164,21.888383],[73.661189,21.888368],[73.661196,21.888366],[73.661208,21.888354],[73.661221,21.888349],[73.661223,21.888345],[73.661236,21.888339],[73.661241,21.88833],[73.661251,21.888325],[73.661262,21.88831],[73.661277,21.888303],[73.661298,21.888286],[73.661302,21.88828],[73.661315,21.888272],[73.661333,21.888244],[73.661348,21.888233],[73.661355,21.888232],[73.661359,21.888229],[73.661371,21.888204],[73.661379,21.888197],[73.661396,21.888189],[73.661402,21.88818],[73.661411,21.888173],[73.661419,21.888157],[73.661432,21.888144],[73.661441,21.888138],[73.661443,21.888134],[73.661449,21.888131],[73.661449,21.888128],[73.661455,21.888126],[73.661469,21.888105],[73.661487,21.888089],[73.661488,21.888081],[73.6615,21.88807],[73.661501,21.888066],[73.661514,21.888063],[73.661526,21.88805],[73.661527,21.888054],[73.661535,21.888054],[73.661539,21.888047],[73.661549,21.888039],[73.661561,21.888038],[73.661574,21.888028],[73.661593,21.888023],[73.66161,21.888024],[73.661622,21.888028],[73.661626,21.888033],[73.661623,21.888043],[73.661637,21.888051],[73.661642,21.88805],[73.661643,21.888053],[73.66164,21.888057],[73.661653,21.888056],[73.66166,21.88806],[73.661669,21.888059],[73.661681,21.888054],[73.661717,21.888026],[73.661726,21.888013],[73.661732,21.888011],[73.661742,21.887996],[73.661757,21.887982],[73.661759,21.887969],[73.661767,21.887959],[73.661768,21.887948],[73.661775,21.887934],[73.661771,21.887908],[73.661774,21.887906],[73.661773,21.8879],[73.661776,21.887897],[73.661777,21.887892],[73.661788,21.887887],[73.661801,21.887877],[73.661815,21.887871],[73.661833,21.887859],[73.661846,21.887859],[73.66186,21.887852],[73.661891,21.887845],[73.661901,21.887846],[73.661917,21.887838],[73.661924,21.887838],[73.661942,21.887832],[73.661954,21.887823],[73.661958,21.887824],[73.661959,21.887821],[73.661966,21.887825],[73.661975,21.88782],[73.661984,21.887806],[73.661992,21.887805],[73.662001,21.887787],[73.662005,21.887784],[73.662008,21.88777],[73.662015,21.887757],[73.662018,21.887742],[73.662025,21.887732],[73.662024,21.88773],[73.662021,21.887728],[73.662025,21.887714],[73.662024,21.887694],[73.662018,21.887681],[73.662029,21.88763],[73.66203,21.887622],[73.662027,21.887612],[73.662027,21.887594],[73.66203,21.887585],[73.662015,21.887562],[73.662007,21.887555],[73.661991,21.887551],[73.661963,21.887551],[73.661956,21.887547],[73.66195,21.887549],[73.661919,21.887547],[73.6619,21.887539],[73.661895,21.88754],[73.661884,21.887534],[73.661864,21.88753],[73.661853,21.887529],[73.661848,21.88753],[73.66184,21.887528],[73.661816,21.887535],[73.661802,21.887535],[73.661789,21.887543],[73.661761,21.887547],[73.661746,21.887545],[73.661732,21.887546],[73.661713,21.88754],[73.661698,21.887541],[73.66167,21.887551],[73.661635,21.887557],[73.661615,21.887571],[73.661599,21.887574],[73.661529,21.887598],[73.661509,21.887601],[73.661496,21.887599],[73.661477,21.887605],[73.661458,21.887603],[73.661449,21.887609],[73.661428,21.887613],[73.661412,21.887614],[73.661394,21.887612],[73.661375,21.887619],[73.661361,21.887619],[73.66135,21.887614],[73.66133,21.887616],[73.661311,21.887614],[73.661295,21.887617],[73.661274,21.887614],[73.66127,21.887611],[73.66125,21.88761],[73.661237,21.887604],[73.661193,21.887605],[73.661186,21.887606],[73.66117,21.887605],[73.66116,21.887609],[73.661143,21.887608],[73.661137,21.88761],[73.661113,21.887609],[73.661098,21.887614],[73.661087,21.887611],[73.661069,21.887611],[73.661046,21.887616],[73.661012,21.887612],[73.660983,21.887619],[73.660974,21.887615],[73.660957,21.887619],[73.660945,21.887616],[73.660924,21.887619],[73.66092,21.887617],[73.660899,21.887615],[73.660895,21.887612],[73.660885,21.887612],[73.660877,21.887614],[73.660853,21.887624],[73.660844,21.887624],[73.660835,21.887631],[73.660815,21.88763],[73.660794,21.887635],[73.660787,21.887639],[73.660781,21.887638],[73.660769,21.887642],[73.660756,21.887642],[73.660744,21.887645],[73.660735,21.887645],[73.660732,21.887643],[73.660718,21.887645],[73.660708,21.887641],[73.660697,21.887641],[73.660669,21.887648],[73.660639,21.887642],[73.660617,21.887642],[73.660598,21.887638],[73.660589,21.88764],[73.660578,21.887636],[73.660574,21.887637],[73.660572,21.88764],[73.660563,21.887641],[73.660546,21.887639],[73.660527,21.887643],[73.660521,21.887641],[73.660512,21.887646],[73.660494,21.887649],[73.66041,21.887645],[73.660374,21.887653],[73.660362,21.887654],[73.660358,21.887652],[73.660354,21.887654],[73.66035,21.887652],[73.660343,21.887654],[73.660317,21.887651],[73.660304,21.887653],[73.660284,21.887645],[73.660281,21.887646],[73.660271,21.887646],[73.660268,21.887648],[73.66026,21.887644],[73.660247,21.88765],[73.660219,21.887648],[73.660213,21.887645],[73.660194,21.887644],[73.660188,21.88765],[73.660151,21.887654],[73.660144,21.88765],[73.660128,21.887649],[73.660112,21.887655],[73.660098,21.887656],[73.660082,21.887662],[73.660067,21.887661],[73.660062,21.887663],[73.660045,21.887663],[73.660029,21.887669],[73.660024,21.887668],[73.660011,21.887674],[73.659972,21.887685],[73.659954,21.887693],[73.65993,21.887697],[73.659916,21.887706],[73.659915,21.887712],[73.659911,21.887716],[73.659896,21.887723],[73.659879,21.887735],[73.659868,21.887732],[73.65986,21.887737],[73.659856,21.887736],[73.659842,21.887729],[73.659839,21.887722],[73.659831,21.887721],[73.659816,21.887723],[73.659785,21.887723],[73.659757,21.887732],[73.659749,21.887729],[73.659735,21.887733],[73.659718,21.887732],[73.6597,21.887739],[73.659688,21.88774],[73.659676,21.887731],[73.659638,21.887737],[73.659615,21.887734],[73.659602,21.88773],[73.659572,21.887738],[73.659553,21.887736],[73.659542,21.88774],[73.659534,21.887739],[73.659505,21.887741],[73.659475,21.887748],[73.659469,21.887753],[73.659465,21.887752],[73.659458,21.887753],[73.65945,21.887751],[73.659446,21.887754],[73.659442,21.887753],[73.659436,21.887755],[73.659411,21.887755],[73.659378,21.887749],[73.659368,21.887751],[73.659361,21.887749],[73.659339,21.88775],[73.659324,21.887745],[73.659301,21.887741],[73.659294,21.887738],[73.659244,21.887735],[73.659215,21.88772],[73.659182,21.887715],[73.659173,21.887707],[73.659141,21.88769],[73.659129,21.887679],[73.659124,21.887672],[73.659124,21.887668],[73.659116,21.887666],[73.659103,21.887653],[73.659091,21.887644],[73.659081,21.887634],[73.659073,21.887623],[73.659071,21.887615],[73.659065,21.88761],[73.659057,21.887598],[73.659043,21.887588],[73.659028,21.887582],[73.659022,21.887582],[73.659004,21.887573],[73.658993,21.88757],[73.658987,21.887572],[73.658974,21.887571],[73.658968,21.887575],[73.658962,21.887572],[73.658925,21.887572],[73.658915,21.887569],[73.658884,21.887567],[73.658872,21.88756],[73.658862,21.887558],[73.658851,21.887548],[73.658843,21.887547],[73.658841,21.887542],[73.658832,21.887538],[73.65878,21.887526],[73.658758,21.887527],[73.65874,21.887523],[73.658719,21.887526],[73.658698,21.887523],[73.658687,21.887529],[73.658674,21.887529],[73.65866,21.887535],[73.658649,21.887543],[73.658633,21.887545],[73.658608,21.887557],[73.658573,21.887565],[73.658537,21.887568],[73.658527,21.887567],[73.658519,21.88757],[73.658513,21.887568],[73.658509,21.88757],[73.658487,21.887569],[73.658477,21.887577],[73.658468,21.887574],[73.658427,21.887568],[73.658392,21.887556],[73.658385,21.887557],[73.658371,21.887553],[73.658334,21.887555],[73.658326,21.887559],[73.658305,21.887563],[73.658279,21.887577],[73.658257,21.887582],[73.658252,21.887581],[73.658242,21.887586]]}},{"type":"Feature","properties":{"elevation":63},"geometry":{"type":"LineString","coordinates":[[73.658074,21.889308],[73.658085,21.889312],[73.658096,21.889312],[73.658101,21.889315],[73.658108,21.889312],[73.658121,21.889315],[73.658132,21.889309],[73.65814,21.889318],[73.658145,21.889318],[73.658155,21.889323],[73.658177,21.889328],[73.658187,21.889327],[73.658191,21.889331],[73.658194,21.889329],[73.658204,21.889333],[73.658222,21.889333],[73.658226,21.889335],[73.658232,21.889334],[73.658246,21.889339],[73.658252,21.889336],[73.658255,21.88934],[73.658261,21.88934],[73.658281,21.889339],[73.658282,21.889336],[73.658288,21.889333],[73.658281,21.889327],[73.658274,21.889318],[73.658276,21.889307],[73.658271,21.889304],[73.658273,21.889299],[73.658268,21.889278],[73.658269,21.889268],[73.658278,21.88925],[73.658283,21.889252],[73.658288,21.889246],[73.658294,21.889246],[73.658308,21.88923],[73.65833,21.889222],[73.658337,21.889223],[73.658358,21.88921],[73.658366,21.889207],[73.658373,21.889199],[73.65839,21.889193],[73.658421,21.889174],[73.658437,21.889172],[73.658449,21.889168],[73.658459,21.88917],[73.658477,21.889169],[73.658486,21.889165],[73.658495,21.889164],[73.658507,21.889168],[73.658531,21.889168],[73.658546,21.889161],[73.658556,21.889162],[73.658584,21.889155],[73.658607,21.889156],[73.658617,21.889148],[73.658623,21.889147],[73.65864,21.889151],[73.658661,21.889147],[73.658678,21.889162],[73.658686,21.889165],[73.658718,21.889158],[73.658728,21.889159],[73.65873,21.889172],[73.658763,21.889181],[73.658776,21.889186],[73.658793,21.889189],[73.658806,21.889196],[73.658844,21.889203],[73.658862,21.889203],[73.658871,21.889205],[73.658877,21.889203],[73.658887,21.889205],[73.65891,21.889193],[73.65892,21.889192],[73.658941,21.889184],[73.658952,21.889187],[73.658962,21.889193],[73.658967,21.889194],[73.658987,21.889194],[73.658996,21.889198],[73.659015,21.889199],[73.659044,21.889206],[73.659075,21.889205],[73.659101,21.889213],[73.659107,21.889216],[73.659124,21.889217],[73.659142,21.889224],[73.659163,21.889225],[73.659168,21.889222],[73.659184,21.889221],[73.659191,21.889217],[73.659199,21.889221],[73.6592,21.889219],[73.659212,21.889216],[73.659227,21.889216],[73.659241,21.889209],[73.65925,21.889209],[73.659262,21.889205],[73.659287,21.889193],[73.659307,21.889187],[73.659311,21.889189],[73.659318,21.889186],[73.659318,21.889183],[73.659325,21.88918],[73.65933,21.889179],[73.659335,21.889182],[73.659344,21.889176],[73.659358,21.889171],[73.659364,21.889174],[73.659366,21.889169],[73.659371,21.889168],[73.659379,21.889169],[73.659385,21.889165],[73.659412,21.889163],[73.659417,21.889167],[73.659437,21.88916],[73.659445,21.889161],[73.659461,21.889158],[73.659464,21.88916],[73.659465,21.889155],[73.659477,21.889153],[73.659486,21.88915],[73.65949,21.889151],[73.659495,21.889145],[73.659504,21.889143],[73.659521,21.889131],[73.659536,21.889124],[73.659546,21.889124],[73.659559,21.889117],[73.659582,21.88911],[73.659594,21.889112],[73.659626,21.889102],[73.65964,21.889102],[73.659683,21.889086],[73.659688,21.889086],[73.659703,21.889081],[73.659719,21.889082],[73.659726,21.889077],[73.659748,21.88907],[73.659759,21.889071],[73.659772,21.889065],[73.659785,21.889063],[73.6598,21.889054],[73.659808,21.889054],[73.659811,21.88905],[73.65982,21.889048],[73.659826,21.889042],[73.659849,21.889037],[73.659865,21.889029],[73.659882,21.889029],[73.659884,21.889025],[73.659888,21.889023],[73.65991,21.88902],[73.659937,21.889013],[73.659958,21.889013],[73.659964,21.88901],[73.659979,21.88901],[73.660007,21.889002],[73.660035,21.889003],[73.660036,21.889001],[73.660048,21.889002],[73.660056,21.888999],[73.660089,21.88901],[73.660103,21.889013],[73.660104,21.889018],[73.660123,21.889036],[73.660124,21.889041],[73.660138,21.889044],[73.660148,21.889051],[73.660154,21.889046],[73.660158,21.889046],[73.660159,21.889049],[73.660174,21.889049],[73.660188,21.889067],[73.660193,21.889065],[73.660193,21.889061],[73.660195,21.889059],[73.660203,21.889062],[73.66021,21.889061],[73.660218,21.889064],[73.660222,21.889058],[73.660227,21.889054],[73.660237,21.889055],[73.660238,21.889057],[73.660232,21.889064],[73.660238,21.889069],[73.660238,21.889078],[73.66022,21.889082],[73.660203,21.889096],[73.660198,21.889114],[73.660193,21.889121],[73.660195,21.889124],[73.66021,21.889125],[73.660215,21.889128],[73.660221,21.889127],[73.660257,21.889116],[73.660262,21.889111],[73.660266,21.889111],[73.660294,21.889102],[73.660316,21.889087],[73.660322,21.889079],[73.660336,21.889074],[73.660344,21.889063],[73.660351,21.889058],[73.660354,21.889057],[73.660363,21.889061],[73.660369,21.889051],[73.660371,21.889039],[73.660388,21.889034],[73.660398,21.889034],[73.660405,21.889031],[73.66041,21.889024],[73.66042,21.889026],[73.660434,21.889017],[73.660443,21.889016],[73.660471,21.888996],[73.660482,21.888993],[73.660491,21.888988],[73.6605,21.888987],[73.660498,21.888981],[73.66049,21.888974],[73.660503,21.888958],[73.660509,21.888957],[73.660518,21.888965],[73.660521,21.888962],[73.660524,21.888965],[73.660529,21.888962],[73.660536,21.88895],[73.660535,21.888948],[73.660527,21.888946],[73.660529,21.888943],[73.660539,21.888937],[73.660543,21.888939],[73.66054,21.888944],[73.660546,21.888944],[73.660564,21.888928],[73.660567,21.888923],[73.660566,21.888916],[73.660572,21.888905],[73.660591,21.888899],[73.660597,21.888894],[73.660596,21.88889],[73.660599,21.888888],[73.660611,21.888882],[73.660618,21.888882],[73.660621,21.888878],[73.660629,21.888873],[73.660631,21.888868],[73.660637,21.888864],[73.660639,21.888859],[73.660648,21.888855],[73.66065,21.888851],[73.660664,21.888846],[73.660668,21.888841],[73.660677,21.888841],[73.660689,21.888829],[73.660691,21.888822],[73.660695,21.88882],[73.660697,21.888815],[73.660701,21.888815],[73.660703,21.888812],[73.660712,21.888791],[73.660736,21.888777],[73.660737,21.888772],[73.660742,21.888771],[73.660751,21.888761],[73.660758,21.888758],[73.660761,21.888755],[73.660769,21.888754],[73.660773,21.888746],[73.660779,21.888743],[73.660782,21.888739],[73.660785,21.888739],[73.66079,21.888736],[73.660793,21.888737],[73.6608,21.888732],[73.660806,21.888732],[73.660817,21.888725],[73.660824,21.888725],[73.660832,21.888714],[73.660837,21.888715],[73.660846,21.88871],[73.66086,21.888699],[73.66086,21.888702],[73.660864,21.888702],[73.660862,21.888699],[73.660872,21.888694],[73.660874,21.888688],[73.660878,21.888686],[73.660892,21.888671],[73.660921,21.888651],[73.66092,21.888643],[73.660926,21.88864],[73.660926,21.888635],[73.660931,21.888629],[73.660937,21.888626],[73.660947,21.888615],[73.66095,21.888615],[73.660952,21.888612],[73.660955,21.888613],[73.660958,21.888608],[73.660961,21.888608],[73.66097,21.888598],[73.660968,21.888592],[73.66098,21.888577],[73.660987,21.888575],[73.661001,21.88856],[73.661004,21.88856],[73.661006,21.888555],[73.661017,21.888549],[73.661029,21.888536],[73.661049,21.888525],[73.661054,21.888518],[73.661071,21.888502],[73.661082,21.888487],[73.66109,21.888484],[73.661107,21.888462],[73.661117,21.888456],[73.661132,21.888438],[73.661154,21.888423],[73.661161,21.888414],[73.661165,21.888414],[73.661167,21.888407],[73.661178,21.888403],[73.661197,21.888386],[73.661207,21.888384],[73.661217,21.888372],[73.66123,21.888366],[73.661252,21.88835],[73.661258,21.88834],[73.661273,21.888329],[73.661277,21.888312],[73.661296,21.888307],[73.661316,21.888288],[73.661331,21.888264],[73.661344,21.888254],[73.661346,21.888245],[73.661355,21.888242],[73.661361,21.888235],[73.661366,21.888228],[73.661371,21.888213],[73.661378,21.888204],[73.661384,21.888199],[73.661399,21.888194],[73.661404,21.888185],[73.661409,21.888185],[73.661418,21.888177],[73.661435,21.888153],[73.661448,21.888144],[73.661465,21.888123],[73.661481,21.88811],[73.661497,21.8881],[73.661508,21.8881],[73.661517,21.888096],[73.66152,21.888102],[73.661522,21.8881],[73.66154,21.888098],[73.66154,21.888092],[73.661548,21.888086],[73.661556,21.888086],[73.661561,21.888082],[73.66157,21.888079],[73.661585,21.888086],[73.661592,21.888095],[73.661598,21.888096],[73.661603,21.888117],[73.66161,21.888124],[73.661622,21.888121],[73.66164,21.888098],[73.661645,21.888083],[73.661644,21.888078],[73.661647,21.888074],[73.661653,21.88807],[73.661674,21.888072],[73.66169,21.88806],[73.661699,21.888057],[73.661707,21.888048],[73.661724,21.888036],[73.661742,21.888018],[73.661776,21.887972],[73.661785,21.887942],[73.661783,21.887924],[73.661795,21.887911],[73.661796,21.887905],[73.661804,21.887897],[73.661816,21.887892],[73.661821,21.887893],[73.661835,21.887883],[73.661844,21.887883],[73.661846,21.887876],[73.661851,21.887873],[73.661866,21.887874],[73.661885,21.88787],[73.661908,21.887861],[73.661931,21.887857],[73.661941,21.887857],[73.661944,21.88786],[73.661961,21.887856],[73.661964,21.887859],[73.661979,21.887847],[73.661991,21.887843],[73.662,21.887835],[73.66201,21.887828],[73.662012,21.887829],[73.662011,21.887821],[73.662026,21.887807],[73.662025,21.8878],[73.662027,21.887799],[73.66203,21.887803],[73.662032,21.887802],[73.662031,21.887792],[73.662043,21.887765],[73.662045,21.887745],[73.662048,21.887727],[73.662052,21.887721],[73.662047,21.887717],[73.662044,21.887691],[73.662036,21.887672],[73.662031,21.887667],[73.662036,21.887657],[73.662038,21.887643],[73.662045,21.887628],[73.662046,21.887615],[73.662044,21.887599],[73.662047,21.88758],[73.662042,21.887568],[73.66203,21.88755],[73.662017,21.887541],[73.662005,21.887539],[73.661965,21.887532],[73.66193,21.887534],[73.661909,21.88753],[73.661901,21.887524],[73.661894,21.887525],[73.661875,21.887518],[73.661851,21.887514],[73.661825,21.887517],[73.661806,21.887522],[73.661801,21.887521],[73.661793,21.887525],[73.661789,21.887525],[73.661758,21.887535],[73.661735,21.887533],[73.66172,21.887527],[73.661689,21.887527],[73.661677,21.887531],[73.661654,21.887543],[73.661645,21.887542],[73.661626,21.887549],[73.661606,21.887561],[73.661586,21.887562],[73.661561,21.887572],[73.661557,21.887576],[73.6615,21.887592],[73.661463,21.887591],[73.661442,21.887597],[73.661433,21.887597],[73.661426,21.887602],[73.661397,21.887603],[73.661366,21.887609],[73.661361,21.887608],[73.661355,21.887604],[73.661337,21.887601],[73.661318,21.887601],[73.661303,21.887605],[73.661269,21.887596],[73.661247,21.887598],[73.661232,21.887593],[73.661215,21.887591],[73.661203,21.887594],[73.661183,21.887593],[73.661171,21.887597],[73.661132,21.887595],[73.661124,21.887598],[73.66111,21.887598],[73.661099,21.887602],[73.661094,21.8876],[73.661083,21.887601],[73.661074,21.887599],[73.661038,21.887605],[73.66102,21.887602],[73.660982,21.887607],[73.660967,21.887604],[73.660954,21.887606],[73.660948,21.887603],[73.660939,21.887604],[73.660933,21.887601],[73.660911,21.887605],[73.660896,21.887602],[73.660876,21.887602],[73.660858,21.88761],[73.660836,21.887612],[73.660825,21.887617],[73.660818,21.887615],[73.660815,21.887618],[73.660804,21.88762],[73.660797,21.887627],[73.660788,21.887626],[73.660784,21.887627],[73.660779,21.887626],[73.660766,21.887627],[73.660761,21.887625],[73.660754,21.887629],[73.660741,21.887631],[73.660722,21.887629],[73.66071,21.887631],[73.6607,21.887628],[73.660677,21.887633],[73.660672,21.88763],[73.660659,21.887635],[73.660642,21.887633],[73.660636,21.887628],[73.660625,21.88763],[73.660616,21.887627],[73.660583,21.887622],[73.660568,21.887624],[73.660554,21.88763],[73.660523,21.887628],[73.660516,21.887631],[73.660499,21.88763],[73.660493,21.887633],[73.660435,21.88763],[73.660425,21.887633],[73.660408,21.887631],[73.660392,21.887635],[73.660386,21.887632],[73.660378,21.887636],[73.660373,21.887635],[73.660358,21.887639],[73.660337,21.887635],[73.66033,21.887635],[73.660327,21.887638],[73.66031,21.887637],[73.660306,21.887633],[73.660299,21.887631],[73.660293,21.887633],[73.660282,21.887629],[73.660274,21.88763],[73.660258,21.887629],[73.660249,21.887631],[73.660246,21.887628],[73.660236,21.887629],[73.660232,21.887627],[73.660225,21.887633],[73.66022,21.887631],[73.660215,21.887633],[73.660193,21.887627],[73.660187,21.887627],[73.660174,21.887635],[73.660157,21.887634],[73.660147,21.887638],[73.660141,21.887635],[73.660119,21.887634],[73.660113,21.887638],[73.660105,21.887638],[73.660098,21.887642],[73.660096,21.88764],[73.660071,21.887645],[73.660063,21.887651],[73.660045,21.887651],[73.660016,21.887655],[73.660006,21.887659],[73.660002,21.887658],[73.659999,21.887661],[73.659987,21.887663],[73.659978,21.887668],[73.659972,21.887667],[73.659953,21.887675],[73.659942,21.887678],[73.659933,21.887682],[73.659925,21.887691],[73.65991,21.887699],[73.659907,21.887705],[73.659895,21.887713],[73.659881,21.887717],[73.659858,21.88772],[73.659846,21.887718],[73.659821,21.887705],[73.659794,21.887705],[73.659778,21.887711],[73.659771,21.88771],[73.659758,21.887718],[73.659736,21.887714],[73.659727,21.887721],[73.659721,21.887719],[73.659719,21.887721],[73.659716,21.887719],[73.659709,21.887719],[73.659694,21.887724],[73.65968,21.887721],[73.659654,21.887723],[73.65965,21.887726],[73.659636,21.887727],[73.659592,21.887725],[73.659574,21.887728],[73.659565,21.887732],[73.659555,21.887729],[73.65955,21.88773],[73.659544,21.887734],[73.659534,21.887734],[73.659526,21.887731],[73.65951,21.887733],[73.659499,21.887738],[73.659493,21.887738],[73.659476,21.887743],[73.659473,21.887742],[73.659464,21.887743],[73.659462,21.88774],[73.659446,21.887737],[73.659421,21.887744],[73.659394,21.887742],[73.659386,21.887739],[73.659371,21.887739],[73.659365,21.887736],[73.659351,21.887742],[73.65934,21.887742],[73.65932,21.887732],[73.659311,21.887733],[73.659284,21.887724],[73.659249,21.88772],[73.659241,21.887713],[73.659237,21.887714],[73.659225,21.887708],[73.659186,21.887707],[73.659162,21.887689],[73.65916,21.887683],[73.659148,21.887675],[73.659134,21.887659],[73.659121,21.887652],[73.659101,21.887628],[73.659088,21.88762],[73.659082,21.887609],[73.65908,21.887597],[73.659077,21.887596],[73.65907,21.887598],[73.659066,21.887598],[73.659061,21.887587],[73.659056,21.887583],[73.659046,21.887582],[73.659032,21.887577],[73.659017,21.887566],[73.659,21.887562],[73.658962,21.887557],[73.658934,21.887557],[73.658902,21.887549],[73.658887,21.887549],[73.658881,21.887545],[73.658873,21.887545],[73.658867,21.887543],[73.658861,21.887545],[73.658855,21.887543],[73.658844,21.887532],[73.658813,21.887524],[73.658798,21.887517],[73.65879,21.887518],[73.658781,21.887516],[73.658772,21.887521],[73.658757,21.887522],[73.658712,21.887513],[73.658688,21.887514],[73.658645,21.887529],[73.658637,21.88753],[73.658617,21.887538],[73.658614,21.887537],[73.65861,21.88754],[73.658583,21.887542],[73.658561,21.887548],[73.658551,21.887546],[73.658524,21.887555],[73.658515,21.887554],[73.658494,21.887558],[73.65847,21.887553],[73.658451,21.887555],[73.658439,21.88755],[73.658426,21.887552],[73.658425,21.887556],[73.658422,21.887556],[73.658414,21.887554],[73.65841,21.887548],[73.658393,21.887546],[73.658375,21.887539],[73.658348,21.887537],[73.658332,21.887542],[73.658324,21.887541],[73.658294,21.887559],[73.658245,21.887569]]}},{"type":"Feature","properties":{"elevation":62},"geometry":{"type":"LineString","coordinates":[[73.658067,21.889339],[73.658086,21.889339],[73.658102,21.889344],[73.658111,21.889344],[73.658116,21.889349],[73.65812,21.889348],[73.658124,21.889345],[73.658133,21.889344],[73.658138,21.88935],[73.658144,21.889349],[73.658147,21.889353],[73.658151,21.889352],[73.658164,21.88936],[73.658181,21.889363],[73.658201,21.889361],[73.658205,21.889366],[73.658219,21.889368],[73.658226,21.889373],[73.658236,21.889372],[73.658255,21.889376],[73.65826,21.889374],[73.658257,21.88937],[73.658267,21.889369],[73.658273,21.889371],[73.65828,21.889369],[73.658285,21.889372],[73.658309,21.889373],[73.658313,21.88937],[73.658316,21.889363],[73.658313,21.889356],[73.658314,21.889344],[73.65831,21.889343],[73.658307,21.889335],[73.658308,21.889291],[73.658305,21.889282],[73.658296,21.889279],[73.658298,21.889269],[73.658306,21.889261],[73.658311,21.889243],[73.658336,21.889234],[73.658358,21.889215],[73.658375,21.889208],[73.65838,21.889201],[73.658396,21.889194],[73.658406,21.889186],[73.658414,21.889184],[73.658422,21.889177],[73.658434,21.889176],[73.658486,21.889177],[73.658507,21.889181],[73.658526,21.889179],[73.658534,21.889181],[73.658556,21.889174],[73.65859,21.88917],[73.658593,21.889168],[73.658607,21.88917],[73.658613,21.889168],[73.658619,21.88916],[73.658626,21.88916],[73.658636,21.889156],[73.658651,21.88916],[73.658667,21.88916],[73.658674,21.889169],[73.658688,21.889174],[73.658695,21.889173],[73.658706,21.889168],[73.65872,21.889167],[73.658722,21.889174],[73.658727,21.889177],[73.658771,21.88919],[73.658792,21.889192],[73.658801,21.889199],[73.658825,21.889204],[73.658847,21.889212],[73.658857,21.889208],[73.658867,21.88921],[73.65887,21.889208],[73.658883,21.88921],[73.658899,21.889202],[73.658914,21.889203],[73.658929,21.889198],[73.658937,21.889199],[73.658944,21.889196],[73.658968,21.889207],[73.658985,21.889206],[73.658999,21.88921],[73.659011,21.889209],[73.659059,21.889212],[73.659079,21.889212],[73.659108,21.889223],[73.659125,21.889224],[73.659136,21.889229],[73.659145,21.88923],[73.659156,21.889242],[73.659167,21.889244],[73.659187,21.889244],[73.6592,21.889241],[73.65921,21.889241],[73.659215,21.889237],[73.659223,21.889235],[73.65925,21.889234],[73.659255,21.88923],[73.659264,21.889229],[73.65929,21.889217],[73.6593,21.889219],[73.659311,21.889212],[73.659333,21.889204],[73.659338,21.889199],[73.65936,21.889196],[73.659367,21.88919],[73.659374,21.889189],[73.659382,21.889192],[73.659385,21.889189],[73.659395,21.889189],[73.659405,21.889186],[73.659412,21.889189],[73.659416,21.889185],[73.659431,21.889188],[73.659441,21.889183],[73.659472,21.889181],[73.659501,21.88917],[73.659508,21.889169],[73.65951,21.889163],[73.659516,21.88916],[73.65952,21.889156],[73.659531,21.889154],[73.659535,21.88915],[73.659543,21.889152],[73.659549,21.889145],[73.659567,21.889138],[73.65962,21.889125],[73.65963,21.889128],[73.659633,21.889124],[73.659638,21.889124],[73.659649,21.889119],[73.659667,21.889116],[73.659691,21.889104],[73.659698,21.889105],[73.659746,21.889093],[73.659755,21.889087],[73.659763,21.88909],[73.65979,21.889075],[73.659808,21.889074],[73.65983,21.889063],[73.659837,21.889063],[73.659846,21.889057],[73.659872,21.889052],[73.65989,21.889042],[73.659903,21.889044],[73.659933,21.889039],[73.65994,21.889035],[73.659948,21.889036],[73.659954,21.889034],[73.659958,21.889036],[73.660007,21.889031],[73.66002,21.889034],[73.660028,21.889031],[73.660053,21.889037],[73.660057,21.889034],[73.66007,21.889033],[73.660087,21.889054],[73.660105,21.889055],[73.660118,21.889061],[73.660123,21.889067],[73.660124,21.88907],[73.660121,21.889075],[73.660113,21.88908],[73.660124,21.889089],[73.660124,21.889095],[73.660137,21.889098],[73.660141,21.889106],[73.660162,21.889112],[73.660164,21.889116],[73.660161,21.889121],[73.660168,21.889131],[73.660177,21.889135],[73.660186,21.889145],[73.66022,21.889142],[73.660239,21.889134],[73.660258,21.889132],[73.660266,21.889126],[73.660278,21.889124],[73.660304,21.889114],[73.66031,21.889107],[73.660321,21.889103],[73.660326,21.889096],[73.660326,21.889093],[73.660331,21.889088],[73.660359,21.889084],[73.660367,21.889072],[73.660372,21.889058],[73.660385,21.889049],[73.660406,21.889056],[73.660407,21.889053],[73.660423,21.889045],[73.660427,21.88904],[73.660447,21.889032],[73.660467,21.889032],[73.660491,21.889042],[73.660493,21.889036],[73.660487,21.889025],[73.660485,21.88901],[73.660487,21.889007],[73.6605,21.889005],[73.660526,21.889016],[73.660528,21.889013],[73.660536,21.889012],[73.660539,21.889008],[73.66055,21.889003],[73.660558,21.888995],[73.660566,21.888997],[73.660566,21.888993],[73.660576,21.888989],[73.660586,21.888978],[73.660592,21.888976],[73.660592,21.888973],[73.660599,21.888972],[73.660587,21.888958],[73.660587,21.888955],[73.660609,21.88895],[73.660622,21.88894],[73.660621,21.888932],[73.660624,21.888927],[73.660618,21.888922],[73.660621,21.888918],[73.660634,21.888914],[73.660642,21.888915],[73.660643,21.888918],[73.660645,21.888918],[73.660645,21.888912],[73.66066,21.888902],[73.660664,21.88889],[73.660657,21.888886],[73.660663,21.888879],[73.660666,21.888878],[73.660674,21.88888],[73.660674,21.888883],[73.66067,21.888885],[73.660673,21.888892],[73.66068,21.888889],[73.660684,21.888879],[73.660708,21.888856],[73.660705,21.88885],[73.660709,21.888847],[73.660712,21.888839],[73.660723,21.888834],[73.660737,21.888834],[73.660738,21.888831],[73.660736,21.888826],[73.660737,21.88882],[73.660759,21.888804],[73.660762,21.888806],[73.66076,21.888803],[73.660766,21.888796],[73.660774,21.888798],[73.660781,21.888795],[73.660783,21.888791],[73.660786,21.888789],[73.660787,21.888784],[73.660797,21.888777],[73.660801,21.888777],[73.660804,21.888765],[73.66082,21.888762],[73.660825,21.888754],[73.660829,21.888756],[73.660831,21.888751],[73.660839,21.888748],[73.660841,21.888744],[73.66085,21.888741],[73.660856,21.888737],[73.66086,21.888738],[73.660863,21.888735],[73.660868,21.888735],[73.660884,21.888722],[73.660886,21.888717],[73.660896,21.888708],[73.660902,21.888707],[73.660903,21.888702],[73.660908,21.888699],[73.660913,21.88869],[73.660916,21.88869],[73.660917,21.888686],[73.660923,21.888683],[73.660928,21.888674],[73.660943,21.888656],[73.66096,21.888646],[73.660962,21.888641],[73.66096,21.88864],[73.660965,21.888635],[73.660968,21.888627],[73.660981,21.888618],[73.660989,21.888602],[73.660997,21.888598],[73.661,21.888591],[73.661009,21.888587],[73.661021,21.888571],[73.661032,21.888564],[73.66104,21.888555],[73.661045,21.888556],[73.661046,21.88855],[73.661055,21.888546],[73.661067,21.888531],[73.661077,21.888527],[73.661087,21.888526],[73.661089,21.888513],[73.661095,21.888509],[73.661102,21.888511],[73.661106,21.88851],[73.661116,21.888486],[73.661135,21.888465],[73.66115,21.888452],[73.661164,21.888446],[73.661176,21.88843],[73.661193,21.888416],[73.661205,21.88841],[73.66121,21.888402],[73.661216,21.888396],[73.661241,21.888383],[73.661246,21.888373],[73.661258,21.888366],[73.661261,21.88836],[73.661281,21.888342],[73.661289,21.888325],[73.661299,21.888313],[73.661306,21.88831],[73.661309,21.888304],[73.661322,21.888292],[73.661331,21.88828],[73.661339,21.888274],[73.661342,21.888269],[73.661354,21.888265],[73.66136,21.88825],[73.661368,21.888247],[73.661371,21.888237],[73.661379,21.888225],[73.661383,21.888213],[73.661389,21.888205],[73.661419,21.888189],[73.661424,21.888181],[73.661433,21.888173],[73.661436,21.888178],[73.661444,21.888177],[73.66145,21.888172],[73.661451,21.888167],[73.661455,21.88817],[73.661459,21.888168],[73.661459,21.88817],[73.661456,21.888171],[73.661459,21.888174],[73.66147,21.888167],[73.661477,21.888166],[73.661483,21.88816],[73.661494,21.888158],[73.661499,21.888154],[73.661503,21.888158],[73.66151,21.888153],[73.661512,21.888148],[73.661527,21.888141],[73.661549,21.888141],[73.661549,21.888147],[73.661556,21.88815],[73.661562,21.888157],[73.661578,21.888156],[73.661583,21.88816],[73.661588,21.888167],[73.661593,21.888167],[73.661605,21.88816],[73.661613,21.888152],[73.661618,21.888141],[73.661623,21.888138],[73.661632,21.888139],[73.661638,21.888131],[73.661646,21.888126],[73.661646,21.888116],[73.661655,21.88811],[73.661661,21.888098],[73.661673,21.888092],[73.661683,21.888079],[73.661704,21.888069],[73.661719,21.888052],[73.661735,21.888042],[73.661761,21.888016],[73.661774,21.887994],[73.661781,21.887991],[73.661783,21.887981],[73.66179,21.887968],[73.661795,21.887954],[73.661798,21.887934],[73.661806,21.887924],[73.661826,21.887917],[73.661846,21.887903],[73.661851,21.887903],[73.66186,21.887898],[73.661866,21.8879],[73.661868,21.887892],[73.661877,21.887893],[73.661883,21.887888],[73.661895,21.887884],[73.661908,21.887892],[73.661911,21.887889],[73.661917,21.887891],[73.661932,21.887884],[73.661934,21.887887],[73.661936,21.887884],[73.661947,21.88788],[73.661973,21.887878],[73.661982,21.887875],[73.662004,21.887862],[73.662007,21.887862],[73.662018,21.887849],[73.662029,21.887846],[73.662036,21.887833],[73.66205,21.887822],[73.662066,21.887789],[73.662065,21.887782],[73.66207,21.887762],[73.662078,21.887751],[73.662081,21.88774],[73.662085,21.88774],[73.662087,21.887736],[73.662086,21.887723],[73.662078,21.88772],[73.662065,21.887707],[73.662063,21.887697],[73.662054,21.88769],[73.662045,21.88767],[73.662048,21.887663],[73.662048,21.887656],[73.662056,21.887647],[73.662059,21.887634],[73.662056,21.887591],[73.662063,21.887556],[73.662061,21.887548],[73.662054,21.88754],[73.662032,21.887527],[73.662017,21.887523],[73.662003,21.887524],[73.661988,21.887521],[73.661976,21.887523],[73.661925,21.88752],[73.661912,21.887513],[73.661904,21.887512],[73.661896,21.887508],[73.661872,21.887505],[73.661855,21.887506],[73.661842,21.887503],[73.66181,21.887506],[73.661772,21.887522],[73.661756,21.887526],[73.661739,21.887524],[73.66172,21.887514],[73.661694,21.887514],[73.661678,21.887519],[73.661657,21.887533],[73.661639,21.887532],[73.661631,21.887536],[73.661624,21.887536],[73.661607,21.887548],[73.66158,21.887552],[73.661574,21.887555],[73.661562,21.887557],[73.661521,21.887578],[73.661498,21.887576],[73.661492,21.887579],[73.661475,21.887577],[73.661445,21.887588],[73.661425,21.887589],[73.661404,21.887587],[73.661395,21.88759],[73.661382,21.88759],[73.661372,21.887596],[73.661366,21.887594],[73.661353,21.887597],[73.661339,21.887594],[73.661334,21.88759],[73.661314,21.887589],[73.661301,21.887586],[73.661284,21.887587],[73.661268,21.887584],[73.661251,21.887588],[73.661246,21.887584],[73.661226,21.887583],[73.661219,21.887579],[73.661203,21.887578],[73.661198,21.88758],[73.661193,21.887578],[73.661186,21.887581],[73.661173,21.88758],[73.661158,21.887585],[73.661132,21.887583],[73.661126,21.887586],[73.661101,21.887585],[73.661088,21.88759],[73.661079,21.887588],[73.661075,21.887591],[73.661063,21.887587],[73.66105,21.887589],[73.661047,21.887591],[73.661001,21.887591],[73.660977,21.887595],[73.660971,21.887592],[73.660958,21.887593],[73.660955,21.88759],[73.660943,21.887589],[73.660907,21.887593],[73.660893,21.887589],[73.660882,21.88759],[73.66086,21.887598],[73.660841,21.8876],[73.660827,21.887605],[73.660803,21.887606],[73.660797,21.887612],[73.660779,21.887611],[73.660773,21.887615],[73.660753,21.887616],[73.660735,21.887615],[73.660732,21.887617],[73.660727,21.887617],[73.660719,21.887615],[73.6607,21.887618],[73.660694,21.887621],[73.660677,21.887617],[73.660663,21.88762],[73.660651,21.887616],[73.660624,21.887617],[73.660616,21.887614],[73.660561,21.887611],[73.660535,21.887602],[73.660531,21.887603],[73.66052,21.887616],[73.660516,21.887616],[73.660512,21.887609],[73.660509,21.887607],[73.660494,21.887615],[73.660476,21.88762],[73.660459,21.887619],[73.660448,21.887614],[73.660424,21.887622],[73.660413,21.887617],[73.660392,21.887616],[73.660367,21.887623],[73.66036,21.887622],[73.660354,21.887623],[73.660337,21.88762],[73.660331,21.887621],[73.660326,21.887618],[73.660314,21.887615],[73.660308,21.887619],[73.660308,21.887617],[73.660302,21.887618],[73.66029,21.887614],[73.660279,21.887614],[73.660271,21.887616],[73.660255,21.887616],[73.660247,21.88761],[73.66024,21.887609],[73.660226,21.887614],[73.660218,21.887614],[73.660208,21.887618],[73.660199,21.887615],[73.660187,21.887614],[73.660176,21.887617],[73.660166,21.887615],[73.660149,21.887622],[73.66014,21.887619],[73.660121,21.887624],[73.660105,21.887622],[73.660098,21.887625],[73.660071,21.887629],[73.660067,21.887631],[73.660067,21.887634],[73.660063,21.887638],[73.660048,21.887638],[73.660039,21.887642],[73.660017,21.88764],[73.660007,21.887641],[73.659994,21.887646],[73.659988,21.887655],[73.65998,21.887655],[73.659975,21.887659],[73.659964,21.88766],[73.659959,21.887658],[73.659951,21.887659],[73.659928,21.887679],[73.65991,21.88769],[73.659906,21.88769],[73.659901,21.887696],[73.65988,21.887702],[73.659873,21.887701],[73.659852,21.887705],[73.659846,21.887699],[73.659832,21.887698],[73.659826,21.88769],[73.659808,21.887692],[73.659803,21.88769],[73.659795,21.887693],[73.659778,21.887692],[73.659765,21.887701],[73.659721,21.887707],[73.659701,21.887707],[73.659686,21.887716],[73.659645,21.887717],[73.659633,21.887712],[73.659606,21.887715],[73.659586,21.887712],[73.659575,21.887713],[73.659567,21.887719],[73.659561,21.887717],[73.659546,21.887724],[73.659524,21.887725],[73.659485,21.887732],[73.659479,21.887731],[73.659476,21.887728],[73.659457,21.887726],[73.659428,21.887731],[73.659399,21.887733],[73.659386,21.887732],[73.65937,21.887727],[73.659347,21.88773],[73.659322,21.887724],[73.659282,21.887707],[73.659266,21.887707],[73.659259,21.887709],[73.65924,21.887702],[73.659233,21.887694],[73.659222,21.887688],[73.659201,21.887698],[73.659192,21.887698],[73.659181,21.887693],[73.659167,21.887683],[73.659162,21.887677],[73.659163,21.887671],[73.659156,21.887661],[73.659144,21.887652],[73.659128,21.887644],[73.659119,21.887631],[73.659097,21.887608],[73.659084,21.887591],[73.659069,21.887587],[73.659065,21.887579],[73.659059,21.887575],[73.659047,21.88757],[73.659032,21.887568],[73.659005,21.88755],[73.658983,21.88755],[73.658971,21.887545],[73.658938,21.887543],[73.658926,21.887539],[73.658905,21.887537],[73.6589,21.887534],[73.65888,21.887532],[73.658869,21.887526],[73.658851,21.887526],[73.658813,21.887513],[73.658804,21.887512],[73.658796,21.887505],[73.65878,21.887505],[73.658764,21.887515],[73.658756,21.887516],[73.658728,21.887504],[73.658688,21.887501],[73.658672,21.887506],[73.658662,21.887511],[73.658638,21.887513],[73.658606,21.887531],[73.6586,21.88753],[73.658567,21.887535],[73.658559,21.88754],[73.658545,21.88754],[73.658524,21.887549],[73.658501,21.887542],[73.658465,21.887544],[73.658445,21.887542],[73.658426,21.887535],[73.658417,21.887526],[73.658382,21.887527],[73.658373,21.887525],[73.658356,21.887529],[73.658349,21.887527],[73.658344,21.887522],[73.658323,21.887524],[73.658305,21.887533],[73.658297,21.887534],[73.658284,21.887539],[73.658274,21.88754],[73.658257,21.887546],[73.65825,21.887546]]}},{"type":"Feature","properties":{"elevation":61},"geometry":{"type":"LineString","coordinates":[[73.658061,21.889364],[73.658074,21.889371],[73.658083,21.889371],[73.65809,21.889375],[73.658095,21.889374],[73.658108,21.889382],[73.658114,21.889382],[73.658117,21.889379],[73.658123,21.889381],[73.658125,21.889385],[73.658133,21.889386],[73.658137,21.889385],[73.658139,21.88938],[73.658149,21.889391],[73.658159,21.889394],[73.658175,21.889396],[73.658183,21.889393],[73.658191,21.889393],[73.658192,21.889394],[73.658189,21.889396],[73.658191,21.889397],[73.658193,21.889397],[73.658195,21.889395],[73.658216,21.889401],[73.65822,21.88941],[73.658223,21.889406],[73.658236,21.889404],[73.658267,21.889408],[73.658273,21.889411],[73.658287,21.889408],[73.65829,21.889411],[73.658292,21.889409],[73.658304,21.889411],[73.65831,21.889407],[73.658329,21.889409],[73.658335,21.889406],[73.658344,21.889408],[73.658347,21.889406],[73.65835,21.889408],[73.658348,21.889402],[73.658339,21.889396],[73.65833,21.889379],[73.658322,21.889345],[73.658315,21.889333],[73.658319,21.889324],[73.658314,21.889313],[73.658319,21.889305],[73.658319,21.889299],[73.658316,21.88929],[73.658314,21.889276],[73.658318,21.889259],[73.658325,21.889247],[73.658334,21.889245],[73.658361,21.889221],[73.658382,21.889211],[73.658392,21.889201],[73.658412,21.889188],[73.658418,21.889187],[73.658423,21.889183],[73.658434,21.889181],[73.658447,21.889182],[73.658462,21.889188],[73.658478,21.88919],[73.658488,21.889195],[73.65852,21.889198],[73.658537,21.889194],[73.658551,21.889186],[73.658568,21.889187],[73.658581,21.889183],[73.658612,21.889188],[73.658616,21.889187],[73.658621,21.889176],[73.658634,21.889174],[73.658639,21.88917],[73.658648,21.88917],[73.658663,21.889173],[73.658684,21.889186],[73.658694,21.889187],[73.658705,21.88918],[73.658718,21.889181],[73.658723,21.889186],[73.658729,21.889184],[73.658741,21.889186],[73.658754,21.889195],[73.658783,21.889194],[73.658792,21.889197],[73.658797,21.889204],[73.658852,21.889217],[73.658858,21.889214],[73.658887,21.889216],[73.658899,21.88921],[73.658917,21.88921],[73.658922,21.889212],[73.65894,21.889208],[73.658957,21.889217],[73.658981,21.889217],[73.65899,21.88922],[73.659012,21.889217],[73.659026,21.88922],[73.659082,21.889222],[73.659096,21.889225],[73.659113,21.889232],[73.659127,21.88923],[73.659156,21.889249],[73.659171,21.889251],[73.659177,21.889259],[73.659183,21.88926],[73.659189,21.889265],[73.659192,21.889263],[73.659205,21.889262],[73.659219,21.889257],[73.659219,21.889265],[73.659226,21.88926],[73.659238,21.88926],[73.659242,21.889255],[73.659273,21.889252],[73.659278,21.889246],[73.659292,21.88924],[73.659299,21.889242],[73.65931,21.88924],[73.659326,21.889226],[73.659352,21.88922],[73.659361,21.88922],[73.659375,21.889215],[73.659379,21.889216],[73.659391,21.889213],[73.659405,21.889213],[73.65942,21.889209],[73.659433,21.889211],[73.659441,21.889208],[73.659462,21.88921],[73.659483,21.889202],[73.659492,21.889199],[73.659496,21.889201],[73.659501,21.889196],[73.659514,21.889191],[73.659532,21.889177],[73.659543,21.889173],[73.65955,21.889173],[73.659557,21.889166],[73.659565,21.889166],[73.659568,21.889163],[73.659597,21.88915],[73.659623,21.889147],[73.659634,21.889142],[73.659675,21.889135],[73.659692,21.889127],[73.659701,21.889128],[73.659714,21.889124],[73.659716,21.889125],[73.659719,21.889121],[73.65974,21.889117],[73.659777,21.889104],[73.659782,21.889099],[73.659786,21.8891],[73.659822,21.889088],[73.659835,21.889086],[73.659844,21.889082],[73.659846,21.889083],[73.65986,21.889075],[73.659907,21.889066],[73.659917,21.889067],[73.659925,21.889065],[73.65994,21.889065],[73.659947,21.889063],[73.659982,21.889062],[73.659994,21.889064],[73.659997,21.889066],[73.660011,21.889062],[73.66002,21.889063],[73.660034,21.889069],[73.660037,21.889074],[73.660035,21.889082],[73.660046,21.889087],[73.660048,21.889091],[73.660052,21.889093],[73.660066,21.88911],[73.66007,21.889118],[73.660085,21.889119],[73.660089,21.889122],[73.660096,21.889132],[73.660104,21.889133],[73.660102,21.889135],[73.660094,21.889139],[73.660097,21.889142],[73.660109,21.889144],[73.660119,21.88915],[73.660128,21.889147],[73.660132,21.889153],[73.660136,21.889155],[73.660152,21.889154],[73.660157,21.889157],[73.660168,21.889156],[73.660191,21.889159],[73.660211,21.889151],[73.660221,21.889151],[73.660226,21.889147],[73.660237,21.889145],[73.660246,21.88914],[73.66027,21.889134],[73.660293,21.889124],[73.660309,21.88912],[73.660322,21.889121],[73.660326,21.889117],[73.660347,21.889111],[73.660352,21.889113],[73.660358,21.889113],[73.66038,21.889098],[73.660394,21.8891],[73.660414,21.889093],[73.660425,21.889095],[73.660441,21.889092],[73.660444,21.889097],[73.660449,21.8891],[73.66046,21.889102],[73.660456,21.889112],[73.660463,21.889115],[73.660469,21.889113],[73.660469,21.889121],[73.660477,21.889119],[73.66048,21.889121],[73.660482,21.889126],[73.660474,21.889135],[73.660473,21.88914],[73.660459,21.889148],[73.660453,21.889144],[73.660446,21.889149],[73.660432,21.889147],[73.660433,21.889143],[73.660429,21.889148],[73.660426,21.889145],[73.660412,21.889143],[73.660399,21.889146],[73.660391,21.889153],[73.660362,21.889159],[73.660324,21.889178],[73.66028,21.889195],[73.660261,21.889208],[73.660263,21.889217],[73.660249,21.889228],[73.660248,21.889233],[73.660252,21.889237],[73.660261,21.889231],[73.66027,21.889231],[73.660272,21.889235],[73.660281,21.889234],[73.660288,21.889239],[73.660286,21.889243],[73.660289,21.889245],[73.660288,21.889252],[73.660293,21.889251],[73.660302,21.889253],[73.660316,21.889241],[73.660326,21.889242],[73.660342,21.889238],[73.660345,21.889235],[73.660358,21.889233],[73.660363,21.88923],[73.660365,21.889227],[73.660378,21.889222],[73.660385,21.889213],[73.660397,21.889214],[73.660411,21.889206],[73.66042,21.889203],[73.660424,21.889199],[73.660448,21.889194],[73.660462,21.889182],[73.660472,21.889181],[73.660484,21.889175],[73.660487,21.889176],[73.660492,21.889172],[73.660505,21.889167],[73.660519,21.889167],[73.660521,21.889165],[73.660539,21.88916],[73.660541,21.889157],[73.660554,21.889153],[73.660558,21.889143],[73.660567,21.88913],[73.660573,21.889133],[73.660581,21.889126],[73.660583,21.88912],[73.660593,21.889117],[73.660593,21.88911],[73.660591,21.889108],[73.660594,21.889101],[73.660596,21.889091],[73.6606,21.889092],[73.660618,21.889087],[73.660624,21.889078],[73.66063,21.88908],[73.660645,21.889077],[73.660649,21.889073],[73.660671,21.889063],[73.660675,21.889046],[73.660671,21.889043],[73.660672,21.88904],[73.66067,21.889031],[73.660647,21.889032],[73.660656,21.889024],[73.660651,21.889019],[73.660658,21.889008],[73.660657,21.889003],[73.660639,21.889005],[73.660635,21.888995],[73.660631,21.888995],[73.660633,21.889005],[73.660621,21.889007],[73.66062,21.889006],[73.660631,21.888993],[73.660644,21.888986],[73.660647,21.888982],[73.660662,21.888976],[73.660667,21.888964],[73.660686,21.888946],[73.66069,21.888946],[73.660704,21.888939],[73.660697,21.888939],[73.660687,21.888929],[73.660691,21.88892],[73.660706,21.88891],[73.660717,21.888917],[73.660718,21.888921],[73.660724,21.888919],[73.66072,21.888911],[73.660729,21.888899],[73.66074,21.888894],[73.660747,21.888896],[73.66075,21.88889],[73.660755,21.888891],[73.660754,21.888894],[73.660758,21.888896],[73.660752,21.888883],[73.660755,21.888876],[73.660773,21.888869],[73.660787,21.888867],[73.66079,21.888869],[73.660786,21.888861],[73.66078,21.888858],[73.660784,21.888856],[73.66079,21.888858],[73.660797,21.888854],[73.660799,21.888845],[73.660803,21.888842],[73.660802,21.888836],[73.660807,21.888827],[73.660815,21.888825],[73.660809,21.888823],[73.660813,21.888817],[73.660824,21.88881],[73.660829,21.888801],[73.660862,21.88877],[73.660864,21.888764],[73.66088,21.888752],[73.660886,21.888751],[73.660891,21.88874],[73.660903,21.888729],[73.66091,21.888727],[73.660914,21.888723],[73.660929,21.888703],[73.660949,21.888687],[73.660964,21.888661],[73.660977,21.888655],[73.660982,21.888642],[73.660994,21.88863],[73.661009,21.888624],[73.661017,21.888608],[73.661021,21.888607],[73.66103,21.888598],[73.661033,21.888591],[73.661052,21.888581],[73.661055,21.888575],[73.66106,21.888575],[73.661061,21.888571],[73.661074,21.888557],[73.661076,21.888552],[73.661088,21.888542],[73.661097,21.888538],[73.6611,21.88853],[73.661103,21.888531],[73.661104,21.888527],[73.661112,21.888519],[73.661136,21.888501],[73.66115,21.888482],[73.661158,21.888475],[73.661174,21.888467],[73.66118,21.888455],[73.661189,21.888449],[73.661203,21.888435],[73.661227,21.888416],[73.661236,21.8884],[73.66125,21.888386],[73.661254,21.888376],[73.66126,21.888371],[73.661272,21.888354],[73.661278,21.888352],[73.661285,21.888352],[73.66129,21.888348],[73.661293,21.888331],[73.661305,21.888315],[73.661322,21.888303],[73.66133,21.888294],[73.661335,21.888293],[73.661341,21.888287],[73.661347,21.888286],[73.66135,21.888282],[73.661355,21.888281],[73.661357,21.888277],[73.661365,21.888275],[73.66137,21.888262],[73.661379,21.888255],[73.661383,21.888237],[73.661389,21.888235],[73.661403,21.888236],[73.66141,21.888233],[73.661416,21.888234],[73.661416,21.88823],[73.66142,21.888228],[73.661426,21.888233],[73.661437,21.888227],[73.661443,21.888221],[73.661451,21.888224],[73.661469,21.888212],[73.661472,21.888215],[73.661478,21.888213],[73.661482,21.888214],[73.661492,21.88821],[73.66149,21.888221],[73.6615,21.888225],[73.661499,21.88823],[73.661503,21.888232],[73.661505,21.888236],[73.661506,21.888234],[73.661504,21.888232],[73.661506,21.888226],[73.661512,21.888228],[73.661518,21.888224],[73.661521,21.888228],[73.661532,21.888226],[73.661536,21.888221],[73.661542,21.888221],[73.66155,21.888226],[73.661557,21.888223],[73.661559,21.888215],[73.661562,21.888219],[73.661571,21.888213],[73.661574,21.888215],[73.661575,21.88821],[73.661582,21.888208],[73.661588,21.888201],[73.661593,21.888191],[73.661602,21.888184],[73.661607,21.888182],[73.66161,21.888175],[73.661625,21.888159],[73.661627,21.888153],[73.661637,21.888151],[73.661652,21.888139],[73.661659,21.888125],[73.661665,21.888121],[73.661666,21.888115],[73.661671,21.888112],[73.661672,21.888107],[73.661678,21.888104],[73.661679,21.8881],[73.661701,21.888081],[73.661717,21.888073],[73.66173,21.88806],[73.661751,21.888045],[73.661755,21.888037],[73.661767,21.888026],[73.661789,21.887997],[73.66181,21.887951],[73.661813,21.887948],[73.661821,21.887946],[73.661822,21.887943],[73.661818,21.887941],[73.661821,21.887939],[73.661827,21.887936],[73.661833,21.887937],[73.661843,21.887929],[73.661856,21.887924],[73.661862,21.887919],[73.661872,21.887914],[73.661893,21.887913],[73.661899,21.887909],[73.661914,21.88791],[73.661917,21.887908],[73.661927,21.887908],[73.661943,21.887899],[73.661952,21.887901],[73.661967,21.887893],[73.661972,21.887893],[73.661975,21.88789],[73.661993,21.887887],[73.662023,21.887869],[73.66203,21.887869],[73.662043,21.887853],[73.662052,21.887849],[73.662062,21.88783],[73.662064,21.887822],[73.662069,21.887817],[73.662079,21.887796],[73.662081,21.887782],[73.662089,21.887773],[73.662099,21.887723],[73.662096,21.887707],[73.662087,21.887696],[73.662068,21.887686],[73.662069,21.887678],[73.662061,21.887665],[73.66206,21.887653],[73.662065,21.887641],[73.662065,21.88763],[73.66206,21.887603],[73.662061,21.887589],[73.662066,21.887573],[73.662071,21.887543],[73.662069,21.887534],[73.662055,21.887514],[73.662044,21.887511],[73.662029,21.887513],[73.662018,21.887509],[73.661989,21.88751],[73.661976,21.887512],[73.661966,21.887512],[73.66196,21.88751],[73.661931,21.887511],[73.661916,21.887503],[73.661914,21.887499],[73.6619,21.887493],[73.661882,21.887494],[73.661869,21.887491],[73.66179,21.887501],[73.661783,21.887507],[73.661768,21.88751],[73.661759,21.887516],[73.661743,21.887516],[73.661738,21.887513],[73.661725,21.887511],[73.661674,21.887512],[73.661667,21.887515],[73.661656,21.887525],[73.66163,21.887528],[73.661596,21.887544],[73.661585,21.887545],[73.661557,21.887551],[73.661545,21.887559],[73.661529,21.88756],[73.661519,21.887565],[73.66151,21.887564],[73.661493,21.887568],[73.66147,21.887568],[73.661465,21.887572],[73.661456,21.887573],[73.661446,21.88758],[73.661441,21.887581],[73.661405,21.887579],[73.661391,21.887582],[73.66137,21.887581],[73.661364,21.887583],[73.66136,21.88758],[73.661342,21.887583],[73.661334,21.887581],[73.661324,21.887582],[73.661281,21.887572],[73.661272,21.887575],[73.661258,21.887574],[73.661254,21.887575],[73.661244,21.887573],[73.661237,21.887574],[73.661231,21.88757],[73.661217,21.88757],[73.661199,21.887566],[73.661194,21.887568],[73.661185,21.887567],[73.661164,21.887572],[73.661141,21.887569],[73.661111,21.887574],[73.661086,21.887575],[73.661076,21.887578],[73.661067,21.887576],[73.661041,21.88758],[73.661033,21.887577],[73.66101,21.887579],[73.661004,21.887577],[73.661001,21.887579],[73.660981,21.887582],[73.660966,21.887583],[73.660943,21.887578],[73.660934,21.887581],[73.66092,21.887576],[73.660902,21.887576],[73.660894,21.887579],[73.660884,21.887576],[73.660874,21.887578],[73.660867,21.887583],[73.660854,21.887582],[73.66084,21.887588],[73.660826,21.887588],[73.660803,21.887593],[73.660777,21.887594],[73.660762,21.887601],[73.660748,21.887602],[73.660733,21.887598],[73.660722,21.887598],[73.660699,21.887603],[73.660695,21.887601],[73.660681,21.887604],[73.660679,21.8876],[73.660676,21.887603],[73.660672,21.887601],[73.66066,21.887601],[73.66065,21.887595],[73.66064,21.887602],[73.660606,21.887602],[73.660588,21.887598],[73.660579,21.887601],[73.660568,21.887595],[73.660565,21.887587],[73.660559,21.887588],[73.660553,21.887587],[73.660546,21.88759],[73.660528,21.887593],[73.66052,21.887596],[73.660518,21.887599],[73.660503,21.8876],[73.660486,21.887606],[73.660472,21.887606],[73.66046,21.887603],[73.660432,21.887602],[73.660422,21.887599],[73.660405,21.887602],[73.660398,21.887601],[73.66039,21.887604],[73.660387,21.887603],[73.660384,21.887606],[73.660369,21.887606],[73.660361,21.887609],[73.660351,21.887608],[73.660344,21.887604],[73.660332,21.887605],[73.660326,21.887601],[73.660319,21.8876],[73.660277,21.887599],[73.660268,21.887596],[73.660265,21.887599],[73.660251,21.887594],[73.66025,21.8876],[73.660242,21.887597],[73.660232,21.887597],[73.660198,21.887604],[73.660187,21.887601],[73.660163,21.887603],[73.660149,21.887601],[73.660137,21.887604],[73.660129,21.887603],[73.660121,21.887607],[73.6601,21.887607],[73.660079,21.887612],[73.66007,21.887616],[73.660065,21.887623],[73.660054,21.887629],[73.660017,21.887631],[73.660002,21.887636],[73.65999,21.887638],[73.65998,21.887644],[73.659973,21.887644],[73.659967,21.887648],[73.659949,21.887648],[73.659942,21.887654],[73.659937,21.887663],[73.659925,21.887666],[73.659916,21.887672],[73.659904,21.887672],[73.659896,21.88768],[73.659875,21.887686],[73.65987,21.887685],[73.659853,21.887689],[73.659845,21.887686],[73.659836,21.887677],[73.659824,21.887675],[73.659809,21.887678],[73.659796,21.887683],[73.659782,21.887681],[73.659759,21.887686],[73.659749,21.887691],[73.659739,21.887689],[73.659732,21.887692],[73.659711,21.887691],[73.659702,21.887696],[73.659695,21.887697],[73.659688,21.887702],[73.659683,21.887709],[73.659678,21.887711],[73.659648,21.887709],[73.659638,21.887703],[73.659619,21.887697],[73.659602,21.887696],[73.65959,21.887698],[73.659576,21.887704],[73.659568,21.887703],[73.659544,21.887706],[73.659523,21.887718],[73.659487,21.887717],[73.65947,21.887713],[73.659445,21.887717],[73.659425,21.887717],[73.659384,21.88772],[73.659379,21.887718],[73.659363,21.887718],[73.65935,21.887712],[73.65932,21.88771],[73.659306,21.887705],[73.659306,21.887701],[73.659297,21.887698],[73.659253,21.887697],[73.659249,21.887699],[73.659238,21.887683],[73.659224,21.887675],[73.659218,21.887676],[73.659209,21.887683],[73.659199,21.887685],[73.659197,21.887687],[73.659189,21.887688],[73.659173,21.887675],[73.659156,21.887649],[73.659138,21.887638],[73.659129,21.887626],[73.65912,21.88762],[73.659117,21.887608],[73.659102,21.887601],[73.659094,21.887588],[73.659086,21.887586],[73.659075,21.887579],[73.65907,21.88757],[73.659061,21.887567],[73.659056,21.887562],[73.659046,21.887558],[73.659035,21.887558],[73.659024,21.887555],[73.659018,21.887545],[73.658993,21.887534],[73.658921,21.887526],[73.6589,21.887519],[73.658888,21.887519],[73.658875,21.887512],[73.658846,21.887509],[73.658837,21.887501],[73.658822,21.8875],[73.658807,21.887496],[73.658794,21.887499],[73.658787,21.887493],[73.658779,21.887492],[73.658764,21.887498],[73.658758,21.887506],[73.658752,21.887499],[73.658746,21.887496],[73.658737,21.887497],[73.658732,21.887491],[73.658713,21.887489],[73.658706,21.887485],[73.6587,21.887486],[73.658678,21.887492],[73.658657,21.887505],[73.658636,21.887505],[73.658605,21.887518],[73.658592,21.887526],[73.658539,21.887535],[73.658524,21.887543],[73.658501,21.887537],[73.658486,21.887539],[73.658472,21.887535],[73.658459,21.887537],[73.658452,21.887533],[73.65844,21.887531],[73.658432,21.88752],[73.65842,21.887513],[73.658389,21.887512],[73.658383,21.88751],[73.658359,21.887521],[73.658333,21.887515],[73.658322,21.887519],[73.658307,21.88752],[73.658298,21.887526],[73.65828,21.887525],[73.658255,21.887528]]}},{"type":"Feature","properties":{"elevation":60},"geometry":{"type":"LineString","coordinates":[[73.658058,21.889379],[73.658087,21.889388],[73.658098,21.889402],[73.658098,21.889407],[73.65811,21.889409],[73.658107,21.889411],[73.65811,21.889415],[73.658122,21.88942],[73.658127,21.889418],[73.65813,21.889414],[73.658139,21.88942],[73.658142,21.889416],[73.658145,21.889416],[73.658153,21.889427],[73.658163,21.889428],[73.658164,21.889432],[73.658181,21.889437],[73.658184,21.889441],[73.658191,21.889444],[73.658201,21.889443],[73.658204,21.889445],[73.658205,21.889441],[73.658213,21.889445],[73.658217,21.889442],[73.658225,21.889443],[73.658226,21.88944],[73.65823,21.889439],[73.658237,21.889443],[73.658247,21.889443],[73.658247,21.889438],[73.658251,21.889432],[73.658253,21.889437],[73.658268,21.889444],[73.658278,21.889441],[73.658279,21.889449],[73.658292,21.889455],[73.658296,21.889454],[73.658295,21.88945],[73.658297,21.889448],[73.658299,21.889452],[73.658307,21.889451],[73.658309,21.889455],[73.658314,21.889451],[73.658339,21.889443],[73.658346,21.889439],[73.65835,21.88944],[73.658367,21.889438],[73.65837,21.889439],[73.658373,21.889437],[73.658383,21.889436],[73.658391,21.889433],[73.658388,21.889415],[73.658392,21.88941],[73.658387,21.889395],[73.65838,21.889387],[73.65837,21.889382],[73.658366,21.889377],[73.658354,21.889374],[73.658341,21.889367],[73.658334,21.889357],[73.658322,21.889328],[73.658321,21.889318],[73.658327,21.88931],[73.658331,21.889299],[73.658329,21.88926],[73.658345,21.889241],[73.658365,21.889233],[73.658378,21.889218],[73.658391,21.889211],[73.6584,21.889202],[73.658423,21.889192],[73.658433,21.88919],[73.658441,21.889193],[73.658446,21.889192],[73.658452,21.889197],[73.658488,21.88921],[73.65851,21.88921],[73.658527,21.889212],[73.658538,21.889204],[73.658545,21.889206],[73.658557,21.889203],[73.658562,21.889199],[73.658581,21.889197],[73.658592,21.889192],[73.658618,21.889194],[73.658635,21.889187],[73.658644,21.889187],[73.65865,21.889184],[73.658662,21.889187],[73.658663,21.889191],[73.658669,21.889194],[73.658703,21.889198],[73.658716,21.889193],[73.658755,21.889199],[73.658776,21.889199],[73.658791,21.889207],[73.65882,21.889212],[73.65883,21.889219],[73.658852,21.889222],[73.658859,21.88922],[73.658864,21.889222],[73.658902,21.889223],[73.658919,21.889225],[73.658938,21.88922],[73.658952,21.889228],[73.658977,21.889228],[73.658985,21.889231],[73.659,21.889231],[73.65901,21.889228],[73.659014,21.889229],[73.65902,21.889228],[73.659032,21.889232],[73.659051,21.889231],[73.659063,21.889234],[73.659075,21.889232],[73.659131,21.889242],[73.659156,21.889256],[73.659172,21.889261],[73.659179,21.889268],[73.659187,21.889283],[73.65921,21.889285],[73.659241,21.889279],[73.65926,21.889279],[73.659268,21.889272],[73.659275,21.88927],[73.659277,21.889272],[73.659284,21.889267],[73.659289,21.889269],[73.659298,21.889267],[73.659301,21.889262],[73.659317,21.889254],[73.659328,21.889254],[73.659333,21.889248],[73.659345,21.889242],[73.659354,21.889244],[73.65936,21.88924],[73.659369,21.88924],[73.659383,21.889235],[73.659389,21.889238],[73.659394,21.889238],[73.659399,21.889236],[73.659397,21.889234],[73.65941,21.889231],[73.659443,21.889235],[73.659456,21.889231],[73.659463,21.889233],[73.659471,21.889232],[73.659474,21.889229],[73.659491,21.889226],[73.659497,21.889221],[73.659509,21.889219],[73.659512,21.889216],[73.659535,21.889205],[73.65954,21.8892],[73.659552,21.889196],[73.659561,21.889189],[73.659565,21.889189],[73.659575,21.889185],[73.659582,21.889179],[73.659588,21.889179],[73.659605,21.889171],[73.659615,21.889171],[73.659646,21.88916],[73.659691,21.889151],[73.659697,21.889152],[73.659701,21.889148],[73.659709,21.889146],[73.659723,21.889147],[73.659726,21.889142],[73.659733,21.889139],[73.659744,21.889138],[73.659752,21.889132],[73.659776,21.889125],[73.659785,21.889126],[73.659792,21.889121],[73.659815,21.889116],[73.659825,21.88911],[73.659837,21.889108],[73.659845,21.889104],[73.659862,21.889103],[73.659866,21.8891],[73.659873,21.889101],[73.659885,21.889096],[73.659892,21.889096],[73.659904,21.889092],[73.659914,21.889093],[73.659918,21.889091],[73.659937,21.88909],[73.659949,21.889093],[73.659952,21.8891],[73.659963,21.889097],[73.659969,21.889098],[73.659971,21.889101],[73.659975,21.889099],[73.659977,21.889103],[73.659979,21.889102],[73.659983,21.889105],[73.659992,21.889105],[73.659998,21.889108],[73.660001,21.889113],[73.659999,21.889123],[73.66,21.889136],[73.660004,21.889137],[73.660004,21.889145],[73.66001,21.889145],[73.660015,21.889141],[73.66002,21.889141],[73.660024,21.889145],[73.660027,21.889159],[73.660041,21.88916],[73.66004,21.889164],[73.66003,21.889167],[73.660026,21.889166],[73.660023,21.889162],[73.660026,21.889173],[73.660019,21.889178],[73.660023,21.889182],[73.660033,21.889184],[73.660039,21.889188],[73.660052,21.889179],[73.660047,21.889171],[73.66005,21.889169],[73.660064,21.889171],[73.660066,21.889177],[73.660089,21.889178],[73.6601,21.889182],[73.660108,21.88918],[73.660127,21.889171],[73.660173,21.889171],[73.660179,21.889167],[73.660228,21.889154],[73.660249,21.889153],[73.660266,21.889148],[73.660282,21.88915],[73.660286,21.889161],[73.660291,21.889164],[73.660294,21.889177],[73.660279,21.889186],[73.660248,21.8892],[73.660242,21.889201],[73.660234,21.889208],[73.660214,21.889218],[73.660206,21.889225],[73.660203,21.889232],[73.660194,21.889242],[73.660196,21.889244],[73.660215,21.889243],[73.660221,21.889247],[73.660222,21.889254],[73.660228,21.889261],[73.660234,21.889264],[73.660236,21.889269],[73.660256,21.889278],[73.660281,21.889275],[73.6603,21.889266],[73.660311,21.889264],[73.660321,21.889258],[73.660338,21.889255],[73.660342,21.889252],[73.66036,21.889251],[73.660362,21.889253],[73.660363,21.88925],[73.660373,21.889244],[73.660404,21.88923],[73.660416,21.889228],[73.660414,21.889235],[73.660418,21.889236],[73.660422,21.88923],[73.660419,21.889227],[73.660435,21.88922],[73.660442,21.889218],[73.660448,21.88922],[73.660457,21.889217],[73.660461,21.889219],[73.660476,21.889213],[73.660485,21.889213],[73.660484,21.889205],[73.660494,21.889204],[73.6605,21.889206],[73.660503,21.889203],[73.660499,21.889202],[73.660497,21.889199],[73.6605,21.889197],[73.660509,21.889195],[73.660512,21.889199],[73.660519,21.889201],[73.660527,21.889199],[73.660529,21.889194],[73.660526,21.88919],[73.660539,21.889189],[73.660551,21.88918],[73.660566,21.889178],[73.660573,21.889169],[73.660573,21.88916],[73.660578,21.889164],[73.660575,21.889171],[73.660579,21.889172],[73.660582,21.889169],[73.66058,21.889162],[73.660594,21.889148],[73.660597,21.88915],[73.660604,21.889144],[73.66061,21.889131],[73.660614,21.88913],[73.660612,21.889125],[73.66062,21.889116],[73.660633,21.889109],[73.660637,21.889109],[73.660652,21.889098],[73.66066,21.889098],[73.66067,21.889093],[73.660678,21.889097],[73.660686,21.889089],[73.660696,21.889087],[73.6607,21.88908],[73.660706,21.889079],[73.660708,21.889076],[73.660705,21.889065],[73.660712,21.889061],[73.660716,21.889062],[73.660726,21.889057],[73.660728,21.889058],[73.660728,21.889052],[73.660743,21.889037],[73.660749,21.889037],[73.660752,21.88903],[73.660757,21.889031],[73.66076,21.889037],[73.660763,21.889037],[73.66078,21.889028],[73.660788,21.889015],[73.660795,21.889014],[73.660803,21.889009],[73.660802,21.888998],[73.660804,21.888984],[73.660801,21.888973],[73.660804,21.888961],[73.660801,21.888959],[73.660788,21.888963],[73.660785,21.88896],[73.660778,21.88896],[73.660775,21.888955],[73.660776,21.888948],[73.660782,21.888941],[73.660783,21.888937],[73.660772,21.888929],[73.660771,21.888916],[73.660776,21.888902],[73.660797,21.888887],[73.6608,21.888878],[73.660821,21.888866],[73.66082,21.888854],[73.660822,21.888852],[73.660822,21.88884],[73.660833,21.888826],[73.660834,21.88882],[73.660841,21.888817],[73.66085,21.888809],[73.660856,21.8888],[73.660864,21.888795],[73.660873,21.888795],[73.660875,21.888789],[73.660879,21.888789],[73.660885,21.888783],[73.660889,21.88877],[73.660908,21.888749],[73.660905,21.888744],[73.66091,21.888738],[73.66092,21.888732],[73.660926,21.888721],[73.660954,21.888693],[73.660958,21.888691],[73.660969,21.888673],[73.660974,21.88867],[73.660986,21.888655],[73.660987,21.888651],[73.660991,21.888648],[73.660992,21.888644],[73.661002,21.88864],[73.661007,21.888632],[73.661015,21.888628],[73.661022,21.888615],[73.661027,21.888611],[73.661028,21.888607],[73.661046,21.888596],[73.661058,21.8886],[73.661068,21.8886],[73.6611,21.888565],[73.661107,21.888563],[73.661109,21.888554],[73.661121,21.888547],[73.661138,21.888532],[73.661166,21.8885],[73.661177,21.888494],[73.661181,21.888485],[73.661194,21.888476],[73.661201,21.888477],[73.661205,21.888462],[73.661211,21.888454],[73.661225,21.888443],[73.661235,21.888424],[73.661252,21.88841],[73.66125,21.888405],[73.661261,21.888394],[73.66126,21.888391],[73.661269,21.888376],[73.661276,21.888374],[73.661278,21.888367],[73.661286,21.888356],[73.661296,21.888347],[73.661302,21.88833],[73.661313,21.888323],[73.661317,21.888318],[73.661316,21.888314],[73.661326,21.888311],[73.661331,21.888314],[73.661335,21.888314],[73.661342,21.888306],[73.661347,21.888304],[73.661353,21.888306],[73.661356,21.888303],[73.661366,21.888302],[73.661366,21.888297],[73.661373,21.888293],[73.661377,21.888294],[73.661382,21.8883],[73.661387,21.888299],[73.661401,21.888288],[73.661404,21.888289],[73.6614,21.888298],[73.661411,21.88829],[73.661424,21.888286],[73.661418,21.888301],[73.661425,21.888299],[73.661431,21.8883],[73.66144,21.888294],[73.661445,21.888295],[73.661448,21.888293],[73.66145,21.888298],[73.661454,21.888295],[73.661457,21.8883],[73.661461,21.888298],[73.661459,21.888293],[73.661462,21.888292],[73.661465,21.888295],[73.661463,21.888302],[73.661469,21.888303],[73.661474,21.888297],[73.661481,21.888297],[73.661489,21.888291],[73.66149,21.888293],[73.661486,21.8883],[73.661495,21.888301],[73.661495,21.888298],[73.661498,21.888299],[73.661507,21.888294],[73.661517,21.888294],[73.661527,21.888283],[73.661531,21.888286],[73.661533,21.888281],[73.661539,21.888279],[73.661543,21.888271],[73.661552,21.888262],[73.661562,21.888259],[73.661565,21.888248],[73.661578,21.888243],[73.661596,21.888228],[73.661597,21.88822],[73.661602,21.888213],[73.661603,21.888202],[73.661607,21.888197],[73.661615,21.888192],[73.661623,21.888183],[73.661627,21.888173],[73.661652,21.888152],[73.661665,21.888144],[73.661666,21.888133],[73.661673,21.888131],[73.661676,21.888126],[73.661686,21.888117],[73.661697,21.888101],[73.661705,21.888096],[73.661708,21.888091],[73.661716,21.888088],[73.661721,21.888083],[73.661726,21.888081],[73.661727,21.888078],[73.661735,21.888075],[73.661747,21.888061],[73.661759,21.888053],[73.661774,21.888037],[73.66181,21.887982],[73.661818,21.887976],[73.661818,21.887971],[73.661824,21.88797],[73.661828,21.887965],[73.661845,21.887955],[73.661851,21.887946],[73.66186,21.887944],[73.661866,21.88794],[73.661869,21.887944],[73.661871,21.887942],[73.661876,21.887942],[73.661882,21.887936],[73.661893,21.887933],[73.661902,21.887927],[73.661953,21.887921],[73.661962,21.887914],[73.661982,21.887909],[73.661999,21.887897],[73.662006,21.887895],[73.662011,21.887889],[73.662022,21.887886],[73.66204,21.887875],[73.662048,21.887866],[73.662059,21.887858],[73.662068,21.887846],[73.662073,21.887834],[73.662069,21.887823],[73.662105,21.887779],[73.662104,21.887763],[73.662107,21.887753],[73.662106,21.887736],[73.662113,21.887726],[73.662104,21.887702],[73.662092,21.887687],[73.662084,21.887673],[73.662074,21.887667],[73.662071,21.887661],[73.662069,21.887652],[73.662072,21.887648],[73.662072,21.887627],[73.662064,21.887602],[73.662064,21.88759],[73.662071,21.887573],[73.662074,21.887544],[73.662072,21.887533],[73.66206,21.887509],[73.662053,21.887505],[73.662015,21.887494],[73.66198,21.887501],[73.661962,21.887498],[73.661951,21.8875],[73.66194,21.887498],[73.661932,21.887502],[73.661905,21.887485],[73.661891,21.887481],[73.661874,21.887486],[73.661867,21.887485],[73.661853,21.88749],[73.661803,21.887493],[73.661797,21.887491],[73.661789,21.887492],[73.661762,21.887503],[73.66174,21.887508],[73.661695,21.887506],[73.661663,21.887511],[73.661655,21.887519],[73.661632,21.88752],[73.661603,21.887534],[73.66159,21.887536],[73.661575,21.887543],[73.661557,21.887545],[73.661548,21.887549],[73.661517,21.887552],[73.661499,21.887558],[73.66149,21.887559],[73.661481,21.887563],[73.661464,21.887563],[73.661439,21.887573],[73.661394,21.887574],[73.661359,21.887564],[73.661345,21.88757],[73.661336,21.88757],[73.661332,21.887575],[73.661316,21.887574],[73.6613,21.887567],[73.661296,21.887561],[73.66129,21.887559],[73.661287,21.887563],[73.661274,21.887565],[73.661267,21.887561],[73.661237,21.887555],[73.661211,21.887557],[73.661207,21.887554],[73.66118,21.887556],[73.661166,21.887553],[73.661154,21.887559],[73.661131,21.887557],[73.661124,21.887558],[73.661121,21.887562],[73.661108,21.88756],[73.661093,21.887565],[73.661056,21.887564],[73.661042,21.887562],[73.661025,21.887567],[73.661021,21.887563],[73.661,21.887563],[73.660987,21.887565],[73.660981,21.887569],[73.660964,21.887568],[73.66096,21.887566],[73.660945,21.887568],[73.660928,21.887567],[73.660919,21.887564],[73.660904,21.887566],[73.660891,21.887563],[73.660887,21.887566],[73.66085,21.887569],[73.660835,21.887576],[73.660829,21.887573],[73.660821,21.887572],[73.660793,21.887582],[73.660783,21.887577],[73.660777,21.887581],[73.660749,21.887583],[73.660735,21.887581],[73.660719,21.887583],[73.660708,21.88758],[73.660695,21.887582],[73.660679,21.88758],[73.660662,21.887589],[73.660649,21.887585],[73.660638,21.887587],[73.660618,21.887582],[73.6606,21.887583],[73.660571,21.887573],[73.660565,21.887577],[73.660557,21.887575],[73.660542,21.887577],[73.660535,21.887586],[73.660532,21.887584],[73.66048,21.887594],[73.660445,21.887589],[73.660412,21.887588],[73.660386,21.887591],[73.660378,21.887588],[73.660363,21.88759],[73.660327,21.887584],[73.660316,21.88758],[73.660304,21.887583],[73.660295,21.887583],[73.660292,21.887585],[73.660288,21.887582],[73.660286,21.887585],[73.660278,21.887583],[73.660268,21.887585],[73.660263,21.887582],[73.660251,21.88758],[73.660243,21.887581],[73.660228,21.887587],[73.660218,21.887584],[73.6602,21.887588],[73.660195,21.887587],[73.660184,21.88759],[73.660168,21.887585],[73.660161,21.887585],[73.660156,21.887587],[73.660138,21.887585],[73.66012,21.887588],[73.660112,21.887592],[73.660102,21.887594],[73.660093,21.887592],[73.660072,21.887596],[73.660061,21.887604],[73.660061,21.887611],[73.66005,21.887621],[73.66002,21.887622],[73.660004,21.887628],[73.66,21.887627],[73.659974,21.887638],[73.659948,21.887638],[73.659932,21.887647],[73.659922,21.887657],[73.659903,21.88766],[73.659892,21.887657],[73.659886,21.887661],[73.659876,21.88766],[73.659871,21.887662],[73.659869,21.887667],[73.659865,21.887668],[73.659859,21.887667],[73.65985,21.887669],[73.659842,21.887666],[73.659816,21.887661],[73.659771,21.887675],[73.659748,21.887675],[73.659734,21.887683],[73.659716,21.887679],[73.659702,21.887681],[73.659697,21.887686],[73.659691,21.887685],[73.659683,21.887694],[73.659669,21.887701],[73.659663,21.887698],[73.659651,21.8877],[73.659645,21.887696],[73.659609,21.887684],[73.6596,21.887685],[73.659593,21.887683],[73.659541,21.887688],[73.659535,21.88769],[73.659529,21.887699],[73.65952,21.887704],[73.659506,21.887708],[73.659492,21.887707],[73.659485,21.88771],[73.659468,21.887704],[73.659448,21.887703],[73.659401,21.887708],[73.659381,21.887701],[73.659364,21.887707],[73.659349,21.887702],[73.659337,21.887701],[73.659329,21.887696],[73.659318,21.887697],[73.659304,21.88769],[73.659264,21.88769],[73.659252,21.887683],[73.659245,21.887673],[73.659226,21.887668],[73.659217,21.887668],[73.659199,21.887675],[73.659189,21.887673],[73.659179,21.887666],[73.65917,21.887652],[73.65916,21.887641],[73.659139,21.887627],[73.659137,21.887622],[73.659126,21.887615],[73.659117,21.887599],[73.659106,21.887594],[73.659094,21.887582],[73.659081,21.887575],[73.659076,21.887564],[73.659047,21.88755],[73.659032,21.887549],[73.659027,21.887546],[73.65902,21.887535],[73.659011,21.887535],[73.659003,21.887528],[73.658993,21.887524],[73.658982,21.887523],[73.658971,21.887515],[73.658946,21.887509],[73.658942,21.887512],[73.658938,21.88751],[73.658914,21.887513],[73.658901,21.887503],[73.658892,21.887506],[73.658863,21.887496],[73.658849,21.887497],[73.658848,21.887492],[73.658844,21.88749],[73.658828,21.887491],[73.658794,21.887488],[73.658781,21.887484],[73.658767,21.887486],[73.658753,21.887485],[73.658699,21.887475],[73.658678,21.887486],[73.658666,21.88749],[73.658651,21.8875],[73.658645,21.887496],[73.658636,21.887497],[73.658614,21.887507],[73.6586,21.887511],[73.658592,21.887519],[73.658565,21.887525],[73.658534,21.887526],[73.658517,21.887531],[73.658501,21.887528],[73.658487,21.88753],[73.658468,21.887525],[73.658453,21.887528],[73.658449,21.887526],[73.658431,21.887507],[73.658415,21.887505],[73.658409,21.887501],[73.658399,21.887505],[73.658393,21.887502],[73.658381,21.887505],[73.658374,21.887502],[73.658364,21.887507],[73.65836,21.887506],[73.658357,21.887509],[73.658352,21.887507],[73.658325,21.887508],[73.6583,21.887513],[73.658293,21.887519],[73.658287,21.88752],[73.658271,21.887512],[73.658258,21.887513]]}},{"type":"Feature","properties":{"elevation":59},"geometry":{"type":"LineString","coordinates":[[73.658039,21.889461],[73.658047,21.889461],[73.658057,21.889467],[73.658062,21.889467],[73.658064,21.88947],[73.658072,21.88947],[73.658075,21.889472],[73.658088,21.889471],[73.658102,21.88946],[73.658103,21.889468],[73.658106,21.889467],[73.658106,21.889464],[73.658109,21.889463],[73.658116,21.889465],[73.658114,21.889459],[73.658135,21.889465],[73.658138,21.889462],[73.658143,21.889469],[73.658149,21.889467],[73.658149,21.889471],[73.658151,21.889473],[73.658157,21.88947],[73.658169,21.889475],[73.65818,21.889473],[73.658189,21.889474],[73.658195,21.889477],[73.658198,21.889477],[73.658196,21.88948],[73.6582,21.889481],[73.658201,21.889479],[73.658207,21.889483],[73.658212,21.88948],[73.658223,21.889483],[73.658226,21.889481],[73.658235,21.889492],[73.658238,21.889491],[73.658244,21.889494],[73.658247,21.889489],[73.658251,21.889491],[73.658254,21.88949],[73.658258,21.889493],[73.658263,21.889493],[73.658268,21.889497],[73.658272,21.889504],[73.658278,21.8895],[73.658279,21.88951],[73.658286,21.889515],[73.658288,21.889513],[73.658288,21.889505],[73.658283,21.889498],[73.658289,21.889486],[73.658288,21.889484],[73.658293,21.889477],[73.658302,21.889476],[73.658306,21.889478],[73.658309,21.889484],[73.658317,21.88949],[73.658323,21.889482],[73.658325,21.889483],[73.658323,21.889486],[73.658331,21.889479],[73.658347,21.889479],[73.658363,21.889473],[73.658377,21.889476],[73.658384,21.889471],[73.658389,21.889471],[73.658393,21.889467],[73.658411,21.889464],[73.658416,21.889459],[73.658416,21.889453],[73.658395,21.889389],[73.658357,21.889361],[73.658346,21.889356],[73.658337,21.88934],[73.658333,21.889327],[73.658338,21.889319],[73.65834,21.889304],[73.658338,21.889294],[73.658341,21.889289],[73.658339,21.88927],[73.658341,21.889259],[73.658349,21.889248],[73.658357,21.889241],[73.658366,21.889237],[73.658382,21.889224],[73.658387,21.889221],[73.658393,21.88922],[73.658402,21.889213],[73.65841,21.889213],[73.658418,21.88921],[73.658422,21.889211],[73.658434,21.889207],[73.658452,21.88921],[73.658463,21.889217],[73.65848,21.889224],[73.658494,21.889227],[73.658518,21.889228],[73.658549,21.889221],[73.658568,21.889211],[73.658597,21.889213],[73.658602,21.889211],[73.658603,21.889208],[73.658609,21.889203],[73.658629,21.889206],[73.658635,21.889202],[73.658655,21.889198],[73.658662,21.889201],[73.658665,21.889204],[73.658695,21.889203],[73.658705,21.889205],[73.65871,21.889208],[73.658715,21.889204],[73.658727,21.8892],[73.658749,21.889204],[73.658774,21.889202],[73.65879,21.88921],[73.658815,21.889215],[73.658836,21.88923],[73.658858,21.88923],[73.658868,21.889235],[73.658922,21.889235],[73.658933,21.88923],[73.658937,21.88923],[73.658952,21.889237],[73.658964,21.889236],[73.658967,21.889238],[73.658976,21.889235],[73.65899,21.889241],[73.659015,21.889237],[73.659026,21.889241],[73.659036,21.88924],[73.659055,21.889244],[73.659061,21.889242],[73.659086,21.889243],[73.659121,21.889249],[73.65915,21.889261],[73.659172,21.889272],[73.659182,21.889297],[73.659195,21.889307],[73.659225,21.889307],[73.659241,21.8893],[73.659258,21.8893],[73.659262,21.889296],[73.659268,21.889295],[73.659274,21.889294],[73.659276,21.889296],[73.659277,21.889292],[73.659306,21.889281],[73.659318,21.88928],[73.659332,21.88927],[73.65935,21.889267],[73.659361,21.889262],[73.659371,21.889261],[73.659381,21.889255],[73.659395,21.889255],[73.659395,21.889261],[73.659403,21.889257],[73.659423,21.889255],[73.659433,21.88926],[73.659445,21.889256],[73.659459,21.889257],[73.659473,21.889253],[73.659491,21.889254],[73.659503,21.889246],[73.659531,21.889236],[73.659546,21.889225],[73.659558,21.889221],[73.659571,21.889211],[73.659579,21.889209],[73.659585,21.889203],[73.659595,21.889201],[73.65963,21.889184],[73.659687,21.889175],[73.659705,21.889168],[73.659724,21.889166],[73.659747,21.889157],[73.659767,21.889158],[73.659808,21.889139],[73.659837,21.889133],[73.659842,21.889134],[73.659871,21.889124],[73.659879,21.889125],[73.659897,21.88912],[73.659927,21.889122],[73.659942,21.889128],[73.659951,21.889125],[73.659962,21.889124],[73.659965,21.889132],[73.659959,21.889135],[73.659954,21.889145],[73.659976,21.889167],[73.65997,21.889177],[73.659969,21.889182],[73.65998,21.889193],[73.660011,21.889201],[73.660024,21.889202],[73.660056,21.889199],[73.660063,21.8892],[73.660066,21.889203],[73.660087,21.889191],[73.660123,21.889188],[73.660133,21.889185],[73.660141,21.889185],[73.66017,21.88918],[73.660184,21.889183],[73.66019,21.889192],[73.660198,21.889195],[73.660192,21.889203],[73.660201,21.889206],[73.660201,21.889208],[73.660191,21.889216],[73.66016,21.889231],[73.660156,21.889232],[73.660148,21.889238],[73.660146,21.889259],[73.660149,21.889256],[73.660156,21.88926],[73.660157,21.889262],[73.66016,21.889261],[73.660158,21.889259],[73.66016,21.889258],[73.660173,21.889257],[73.660174,21.889253],[73.660176,21.889255],[73.660176,21.889265],[73.660171,21.889273],[73.660153,21.889288],[73.660152,21.889301],[73.660154,21.889303],[73.660178,21.889305],[73.660179,21.889301],[73.660181,21.889299],[73.660189,21.889301],[73.660197,21.889299],[73.660203,21.889301],[73.660212,21.889297],[73.660234,21.889299],[73.660244,21.889303],[73.66026,21.889317],[73.66027,21.889319],[73.660278,21.889332],[73.660292,21.88933],[73.660296,21.889323],[73.6603,21.88932],[73.660322,21.889322],[73.660329,21.889318],[73.660339,21.889318],[73.66035,21.889314],[73.660373,21.889311],[73.660378,21.889312],[73.660406,21.8893],[73.660413,21.8893],[73.660414,21.889306],[73.660401,21.889312],[73.660399,21.889318],[73.660403,21.889323],[73.660409,21.889319],[73.660409,21.889313],[73.660415,21.889316],[73.660418,21.889313],[73.660425,21.889318],[73.660429,21.889312],[73.660448,21.889311],[73.660451,21.889315],[73.660467,21.889307],[73.660476,21.88931],[73.660486,21.889307],[73.660491,21.8893],[73.660508,21.889302],[73.660518,21.889292],[73.660519,21.889285],[73.660522,21.889281],[73.660532,21.88928],[73.66054,21.88927],[73.660543,21.889273],[73.660542,21.889269],[73.660539,21.88927],[73.660537,21.889267],[73.660544,21.889261],[73.660548,21.889261],[73.660545,21.889266],[73.66055,21.889271],[73.660555,21.889272],[73.660559,21.88927],[73.660565,21.88926],[73.660562,21.889259],[73.660559,21.889262],[73.66055,21.889261],[73.660544,21.889252],[73.660552,21.889245],[73.660574,21.889246],[73.660583,21.889242],[73.660584,21.889235],[73.660588,21.889236],[73.660599,21.889233],[73.660613,21.889221],[73.660622,21.889222],[73.660643,21.889215],[73.660659,21.889214],[73.660666,21.889208],[73.660689,21.889204],[73.660696,21.889199],[73.660711,21.889194],[73.66072,21.889193],[73.660728,21.889195],[73.660732,21.889192],[73.66076,21.889184],[73.660766,21.889176],[73.660769,21.889157],[73.660776,21.889154],[73.660775,21.889153],[73.660768,21.889154],[73.660764,21.889146],[73.660774,21.889138],[73.660774,21.889131],[73.660785,21.889126],[73.66078,21.889117],[73.660783,21.889113],[73.660795,21.889113],[73.660807,21.889109],[73.660814,21.889099],[73.660823,21.889095],[73.660838,21.889099],[73.660861,21.889096],[73.660878,21.889086],[73.660897,21.88907],[73.660922,21.889039],[73.660928,21.889029],[73.660936,21.889023],[73.660944,21.889009],[73.660947,21.88901],[73.660959,21.888991],[73.660958,21.888987],[73.660967,21.888956],[73.660962,21.888936],[73.660957,21.888928],[73.660956,21.888908],[73.660947,21.888891],[73.660952,21.888891],[73.660963,21.888896],[73.660973,21.888895],[73.66098,21.888892],[73.660982,21.888889],[73.660981,21.888886],[73.660996,21.888884],[73.661005,21.888869],[73.661006,21.888859],[73.66101,21.888849],[73.661015,21.888847],[73.661018,21.888843],[73.661019,21.888836],[73.661031,21.888816],[73.661039,21.888813],[73.661048,21.888799],[73.661058,21.888792],[73.661079,21.888785],[73.661088,21.888776],[73.661096,21.888762],[73.66112,21.888751],[73.661125,21.888744],[73.661126,21.888733],[73.661125,21.888728],[73.661121,21.888724],[73.661121,21.888719],[73.661135,21.888727],[73.661145,21.888722],[73.66115,21.888714],[73.661146,21.888711],[73.661146,21.888706],[73.661154,21.888695],[73.661153,21.888691],[73.661147,21.888689],[73.661148,21.888686],[73.661152,21.888686],[73.66116,21.888675],[73.661168,21.88867],[73.661171,21.888662],[73.661178,21.888659],[73.661188,21.888639],[73.661198,21.888626],[73.661213,21.888618],[73.661226,21.888594],[73.661235,21.888584],[73.661247,21.888575],[73.661251,21.888569],[73.661251,21.888561],[73.661248,21.888559],[73.66125,21.888555],[73.661261,21.888549],[73.661271,21.88855],[73.661276,21.888546],[73.661282,21.888537],[73.66128,21.888531],[73.661289,21.888527],[73.661286,21.888516],[73.661298,21.888512],[73.661305,21.888505],[73.661306,21.888501],[73.661301,21.888501],[73.661299,21.888505],[73.661296,21.888502],[73.6613,21.888491],[73.661313,21.888483],[73.661311,21.888479],[73.661313,21.888476],[73.661317,21.888478],[73.661321,21.888475],[73.661316,21.888475],[73.661319,21.888468],[73.661326,21.888466],[73.661326,21.888459],[73.661322,21.888459],[73.661321,21.888457],[73.66133,21.88845],[73.661337,21.888451],[73.661343,21.888444],[73.661344,21.888438],[73.661339,21.88843],[73.66134,21.888415],[73.661335,21.888405],[73.661342,21.888394],[73.661347,21.888392],[73.661352,21.888395],[73.661365,21.888395],[73.66137,21.888388],[73.661373,21.888387],[73.661375,21.888388],[73.661375,21.888392],[73.661382,21.88839],[73.66138,21.888394],[73.661387,21.888393],[73.661392,21.888396],[73.661398,21.888392],[73.661401,21.888396],[73.661401,21.888387],[73.661404,21.888387],[73.661404,21.888384],[73.661399,21.888373],[73.661413,21.888379],[73.661421,21.888379],[73.661428,21.888376],[73.661434,21.888378],[73.661436,21.888373],[73.66145,21.88837],[73.661461,21.888365],[73.66147,21.888365],[73.661472,21.888361],[73.66148,21.888365],[73.661484,21.888364],[73.661494,21.888351],[73.661504,21.88835],[73.661508,21.888345],[73.66152,21.888342],[73.661523,21.888332],[73.66153,21.888329],[73.661534,21.888323],[73.661533,21.888321],[73.661529,21.888322],[73.661531,21.888318],[73.661541,21.888318],[73.661545,21.888315],[73.661545,21.888312],[73.661554,21.888309],[73.661557,21.888295],[73.661561,21.888292],[73.661562,21.888284],[73.661572,21.888279],[73.661587,21.88826],[73.661604,21.888247],[73.66161,21.888226],[73.661616,21.888217],[73.661616,21.888207],[73.661619,21.888208],[73.661627,21.888193],[73.661635,21.88819],[73.661639,21.888177],[73.661648,21.888168],[73.661661,21.888163],[73.661667,21.888156],[73.661684,21.888147],[73.661686,21.88814],[73.661685,21.888135],[73.661689,21.888128],[73.661709,21.88811],[73.661718,21.888105],[73.661732,21.88809],[73.661764,21.888069],[73.661774,21.888054],[73.661794,21.888034],[73.661802,21.888019],[73.661815,21.888005],[73.661832,21.887992],[73.661835,21.887993],[73.661846,21.887984],[73.661854,21.887981],[73.661876,21.887962],[73.661891,21.887957],[73.661896,21.887957],[73.661906,21.88795],[73.661918,21.887948],[73.661925,21.887943],[73.661942,21.88794],[73.66195,21.887931],[73.661965,21.887924],[73.661985,21.887921],[73.661991,21.887917],[73.662,21.887916],[73.662003,21.887913],[73.66202,21.887906],[73.662025,21.887898],[73.662051,21.887885],[73.662059,21.887877],[73.662066,21.887864],[73.662071,21.887861],[73.662084,21.887846],[73.662084,21.887826],[73.66209,21.887816],[73.662099,21.88781],[73.662108,21.887808],[73.662115,21.887792],[73.662133,21.887776],[73.662137,21.887755],[73.66214,21.887752],[73.662141,21.887746],[73.662147,21.88774],[73.662149,21.887734],[73.662142,21.887712],[73.662134,21.887711],[73.662131,21.887708],[73.662125,21.887709],[73.662121,21.887708],[73.66212,21.88769],[73.662117,21.887684],[73.66211,21.887676],[73.662094,21.887665],[73.662093,21.88766],[73.662078,21.887647],[73.662079,21.887626],[73.662073,21.887613],[73.662075,21.887605],[73.662069,21.88759],[73.662076,21.887573],[73.662078,21.88755],[73.662075,21.887532],[73.662062,21.887505],[73.662056,21.887502],[73.662014,21.887492],[73.661946,21.887495],[73.661924,21.887489],[73.661915,21.88748],[73.661894,21.887477],[73.661874,21.887482],[73.661862,21.88748],[73.661847,21.887485],[73.66183,21.887487],[73.661793,21.887486],[73.661764,21.887492],[73.661747,21.887499],[73.661726,21.887499],[73.661701,21.887494],[73.661697,21.887495],[73.661685,21.887494],[73.661676,21.887502],[73.661651,21.887505],[73.661647,21.887509],[73.661636,21.887512],[73.661611,21.887515],[73.661599,21.887519],[73.661589,21.887526],[73.661566,21.887535],[73.661555,21.887534],[73.661551,21.887538],[73.661547,21.887536],[73.661532,21.887542],[73.661498,21.887542],[73.66149,21.887547],[73.66147,21.887553],[73.661458,21.887552],[73.661446,21.88756],[73.661432,21.887565],[73.661406,21.887563],[73.661397,21.887557],[73.661389,21.887556],[73.661375,21.887557],[73.661365,21.887551],[73.661351,21.887554],[73.661337,21.887554],[73.661325,21.887556],[73.661319,21.887554],[73.66131,21.887558],[73.661298,21.887554],[73.661287,21.887555],[73.661242,21.887541],[73.661233,21.887545],[73.661212,21.887543],[73.661195,21.88755],[73.661185,21.88755],[73.661179,21.887544],[73.661163,21.887541],[73.661148,21.887543],[73.661124,21.887549],[73.661109,21.887549],[73.661101,21.887547],[73.66108,21.887552],[73.661059,21.887548],[73.661052,21.887552],[73.661028,21.887548],[73.661017,21.887552],[73.661006,21.887549],[73.660994,21.887551],[73.660983,21.88755],[73.660977,21.887554],[73.660968,21.887552],[73.660955,21.887557],[73.660944,21.887556],[73.660928,21.887552],[73.660921,21.887556],[73.660908,21.887553],[73.660894,21.887553],[73.660889,21.887555],[73.660867,21.887554],[73.660854,21.887557],[73.660837,21.887553],[73.660817,21.887558],[73.660805,21.887567],[73.66079,21.887566],[73.660778,21.887569],[73.66075,21.887568],[73.660731,21.88757],[73.660698,21.887569],[73.660671,21.887565],[73.660652,21.887566],[73.66063,21.887555],[73.660619,21.887559],[73.660618,21.887568],[73.660613,21.887569],[73.660611,21.887572],[73.660609,21.887568],[73.660595,21.887569],[73.660572,21.887558],[73.660561,21.887559],[73.660553,21.887565],[73.660534,21.887563],[73.660509,21.887573],[73.660482,21.887566],[73.660476,21.88757],[73.660448,21.887578],[73.660426,21.887576],[73.660415,21.887573],[73.6604,21.887574],[73.660386,21.887568],[73.660381,21.887569],[73.660382,21.887574],[73.660372,21.887575],[73.66036,21.887568],[73.66034,21.887573],[73.660335,21.887571],[73.66033,21.887566],[73.660316,21.887566],[73.660298,21.887562],[73.660293,21.887565],[73.660273,21.887564],[73.660246,21.887567],[73.660224,21.887568],[73.660205,21.887572],[73.660182,21.887574],[73.660131,21.887569],[73.660123,21.887572],[73.660101,21.887574],[73.660093,21.887578],[73.660079,21.88758],[73.660075,21.887585],[73.660056,21.887589],[73.660053,21.887597],[73.660044,21.887609],[73.660019,21.88761],[73.660012,21.887611],[73.660006,21.887615],[73.659995,21.887616],[73.659976,21.887631],[73.659962,21.88763],[73.659952,21.887626],[73.65994,21.887627],[73.659932,21.887634],[73.65992,21.887638],[73.659912,21.887639],[73.659901,21.887635],[73.659884,21.887641],[73.659874,21.887648],[73.659868,21.887646],[73.659865,21.887649],[73.659846,21.887654],[73.65983,21.887652],[73.659816,21.887653],[73.659795,21.887661],[73.659778,21.88766],[73.659761,21.887663],[73.659756,21.887666],[73.659747,21.887666],[73.65973,21.887674],[73.659717,21.88767],[73.659703,21.88767],[73.659684,21.88768],[73.659679,21.887685],[73.659669,21.887689],[73.659659,21.887689],[73.659652,21.887686],[73.659627,21.887681],[73.659607,21.887672],[73.659592,21.887668],[73.659581,21.887674],[73.65957,21.887673],[73.659551,21.88768],[73.659528,21.887681],[73.659504,21.887689],[73.6595,21.887694],[73.65949,21.887694],[73.65948,21.887698],[73.659457,21.887694],[73.659426,21.887694],[73.659411,21.88769],[73.659399,21.887695],[73.659384,21.88769],[73.659364,21.887699],[73.659352,21.887694],[73.659337,21.887691],[73.65932,21.887683],[73.659305,21.88768],[73.659271,21.887681],[73.659257,21.887676],[73.65925,21.887667],[73.659229,21.88766],[73.659223,21.887655],[73.659199,21.887655],[73.659187,21.88766],[73.65918,21.887655],[73.659179,21.88765],[73.65917,21.887645],[73.659162,21.887634],[73.659132,21.88761],[73.659122,21.887594],[73.659111,21.887588],[73.659095,21.887573],[73.659085,21.887568],[73.659078,21.887558],[73.659058,21.887546],[73.659042,21.887544],[73.65903,21.88754],[73.659024,21.88753],[73.659017,21.887523],[73.659005,21.887519],[73.658985,21.887517],[73.658964,21.887503],[73.658953,21.887498],[73.658938,21.887498],[73.658925,21.887503],[73.658918,21.887504],[73.658903,21.887496],[73.658888,21.887495],[73.658882,21.887489],[73.658866,21.887484],[73.65882,21.887483],[73.658813,21.88748],[73.658799,21.887482],[73.65878,21.887476],[73.658749,21.887473],[73.658713,21.887462],[73.65868,21.887471],[73.65867,21.887477],[73.658639,21.887487],[73.658617,21.887501],[73.658606,21.887499],[73.658595,21.887502],[73.658583,21.887513],[73.658561,21.887519],[73.658554,21.887517],[73.658522,21.887499],[73.658478,21.88747],[73.658445,21.887465],[73.65842,21.887446],[73.658408,21.887448],[73.658398,21.887464],[73.658393,21.887469],[73.658365,21.887475],[73.65831,21.88748],[73.658299,21.887478],[73.658283,21.887469],[73.658267,21.887471]]}},{"type":"Feature","properties":{"elevation":58},"geometry":{"type":"LineString","coordinates":[[73.657949,21.889982],[73.657962,21.889979],[73.657976,21.88998],[73.657981,21.889984],[73.657999,21.889984],[73.658004,21.889982],[73.658008,21.889983],[73.658025,21.889972],[73.658043,21.889969],[73.658082,21.88997],[73.658092,21.889973],[73.658095,21.889971],[73.658109,21.889971],[73.658119,21.889969],[73.658136,21.889974],[73.658147,21.889973],[73.65815,21.889976],[73.658162,21.889972],[73.65817,21.88997],[73.658179,21.889973],[73.658194,21.889969],[73.658202,21.889973],[73.658212,21.889972],[73.658222,21.88997],[73.658222,21.889967],[73.658226,21.889965],[73.658238,21.889965],[73.658241,21.88996],[73.658249,21.889963],[73.658253,21.889959],[73.658263,21.889955],[73.658265,21.889956],[73.65827,21.889952],[73.658279,21.88995],[73.658284,21.889951],[73.658287,21.889947],[73.658323,21.889939],[73.658334,21.889932],[73.658345,21.889932],[73.658346,21.889929],[73.658365,21.889923],[73.658365,21.889919],[73.658359,21.889913],[73.658364,21.889901],[73.658352,21.889894],[73.65834,21.889882],[73.658334,21.889865],[73.658322,21.889859],[73.658305,21.889868],[73.658291,21.889871],[73.658279,21.889879],[73.658266,21.889881],[73.658252,21.889878],[73.658243,21.889869],[73.658215,21.889849],[73.658199,21.889832],[73.6582,21.889824],[73.658208,21.889816],[73.658209,21.889805],[73.658222,21.889795],[73.65823,21.889793],[73.658233,21.889789],[73.658273,21.889783],[73.65828,21.889784],[73.658284,21.889781],[73.658306,21.889777],[73.658317,21.889772],[73.658314,21.889759],[73.658316,21.889745],[73.658312,21.889731],[73.658313,21.889725],[73.658325,21.889697],[73.658338,21.889678],[73.65834,21.889673],[73.658343,21.88967],[73.658352,21.889668],[73.658369,21.889641],[73.658371,21.889626],[73.658375,21.889616],[73.658387,21.889604],[73.658397,21.889598],[73.658435,21.889596],[73.658432,21.889586],[73.658421,21.889572],[73.658415,21.889577],[73.658405,21.889573],[73.658403,21.889578],[73.658394,21.88958],[73.658389,21.889585],[73.658386,21.889578],[73.658383,21.88958],[73.658381,21.889572],[73.658374,21.889568],[73.65836,21.889572],[73.658356,21.889575],[73.658351,21.889571],[73.658339,21.88957],[73.658332,21.889561],[73.658336,21.889557],[73.658334,21.889552],[73.658336,21.88955],[73.658357,21.889542],[73.658362,21.889544],[73.658368,21.889541],[73.65839,21.889526],[73.658395,21.88953],[73.658394,21.889526],[73.658397,21.889525],[73.6584,21.889514],[73.658404,21.889508],[73.658397,21.889504],[73.6584,21.8895],[73.658413,21.889497],[73.658414,21.889495],[73.65841,21.889494],[73.658424,21.889487],[73.658432,21.889489],[73.658439,21.889482],[73.658442,21.889484],[73.658456,21.889479],[73.658457,21.889483],[73.658459,21.889483],[73.658459,21.889479],[73.658463,21.889478],[73.658462,21.889474],[73.658468,21.88947],[73.658456,21.889461],[73.658453,21.889453],[73.658447,21.889446],[73.65842,21.889429],[73.658406,21.889392],[73.658388,21.88937],[73.658376,21.889363],[73.658358,21.889349],[73.658352,21.889337],[73.65835,21.889329],[73.658352,21.889315],[73.65835,21.889298],[73.658352,21.889287],[73.658346,21.889279],[73.658348,21.889259],[73.658351,21.889253],[73.658357,21.889249],[73.658361,21.88925],[73.658369,21.889246],[73.658373,21.889248],[73.658392,21.889235],[73.658423,21.88923],[73.658427,21.889232],[73.658436,21.88923],[73.658454,21.889235],[73.658469,21.889243],[73.658481,21.889241],[73.658504,21.889244],[73.658511,21.889241],[73.658532,21.889242],[73.658552,21.889237],[73.658558,21.889239],[73.658572,21.889237],[73.658584,21.88924],[73.658588,21.889238],[73.658601,21.88924],[73.658607,21.889238],[73.658613,21.889228],[73.658616,21.889229],[73.658622,21.889226],[73.658633,21.889229],[73.658649,21.889217],[73.658656,21.889217],[73.658661,21.889213],[73.658672,21.889216],[73.658693,21.889214],[73.658718,21.889218],[73.658731,21.889217],[73.65874,21.889212],[73.658764,21.889211],[73.658771,21.889208],[73.658777,21.889207],[73.658791,21.889215],[73.658802,21.889217],[73.658806,21.889222],[73.658815,21.889224],[73.658822,21.889229],[73.658821,21.889233],[73.658825,21.889235],[73.658841,21.889238],[73.658855,21.889245],[73.65888,21.889249],[73.658903,21.88925],[73.658912,21.889245],[73.658928,21.889246],[73.658935,21.889243],[73.658944,21.889248],[73.658974,21.889247],[73.658999,21.889251],[73.659011,21.889248],[73.659024,21.889253],[73.659035,21.889252],[73.659045,21.889253],[73.659051,21.889257],[73.659063,21.889253],[73.659104,21.889256],[73.659142,21.88927],[73.659155,21.889272],[73.659165,21.88928],[73.65917,21.889288],[73.659188,21.889328],[73.659199,21.889332],[73.65922,21.889332],[73.659249,21.889324],[73.659254,21.889319],[73.65927,21.889319],[73.659282,21.889311],[73.659291,21.889315],[73.659304,21.889309],[73.659306,21.889312],[73.65931,21.889311],[73.659312,21.889305],[73.659333,21.889296],[73.659339,21.889296],[73.659346,21.889289],[73.659359,21.889286],[73.659367,21.889286],[73.659385,21.88928],[73.659395,21.88928],[73.659401,21.889283],[73.65941,21.88928],[73.659416,21.889281],[73.659422,21.889278],[73.659433,21.889278],[73.659451,21.88928],[73.659457,21.889278],[73.659469,21.88928],[73.659479,21.889277],[73.659484,21.889277],[73.65949,21.889272],[73.659507,21.88927],[73.659525,21.889263],[73.65953,21.889263],[73.659544,21.889253],[73.65956,21.889247],[73.659563,21.889248],[73.659566,21.889243],[73.659586,21.889233],[73.659592,21.889224],[73.659598,21.88922],[73.659618,21.889217],[73.659622,21.889213],[73.659629,21.889211],[73.659633,21.889208],[73.659644,21.889206],[73.65965,21.889202],[73.659653,21.889205],[73.659658,21.889204],[73.659661,21.889199],[73.659668,21.889196],[73.659687,21.889194],[73.659694,21.889197],[73.659706,21.889187],[73.659702,21.889187],[73.659699,21.889184],[73.659702,21.889182],[73.659708,21.889181],[73.659709,21.889187],[73.659721,21.889189],[73.659728,21.889185],[73.659755,21.889179],[73.659772,21.889179],[73.659778,21.889175],[73.659787,21.889177],[73.659811,21.889163],[73.659823,21.889162],[73.659852,21.889155],[73.659879,21.889152],[73.659886,21.889156],[73.659902,21.889156],[73.659921,21.889164],[73.659926,21.889173],[73.659943,21.889185],[73.659945,21.889193],[73.659952,21.88919],[73.659968,21.889192],[73.659959,21.8892],[73.659959,21.889202],[73.659965,21.889207],[73.659968,21.889216],[73.659975,21.889218],[73.659983,21.889218],[73.659996,21.889214],[73.660012,21.889216],[73.660041,21.889214],[73.660064,21.889209],[73.6601,21.889208],[73.660106,21.889218],[73.660114,21.889221],[73.660113,21.88923],[73.66012,21.889237],[73.660126,21.88925],[73.660125,21.889255],[73.660128,21.889264],[73.660124,21.889268],[73.660125,21.889283],[73.66013,21.889286],[73.660129,21.889298],[73.660132,21.8893],[73.660132,21.889307],[73.660125,21.889317],[73.66013,21.889324],[73.66016,21.889326],[73.660165,21.889329],[73.660165,21.889333],[73.660173,21.889336],[73.660188,21.889331],[73.660193,21.889334],[73.660231,21.889343],[73.660236,21.889346],[73.660239,21.889352],[73.660245,21.889354],[73.660252,21.889352],[73.660265,21.889355],[73.660266,21.88936],[73.660271,21.889363],[73.660288,21.889361],[73.660301,21.889368],[73.660314,21.889366],[73.660324,21.88937],[73.660337,21.889372],[73.66034,21.889365],[73.660343,21.889363],[73.66036,21.889366],[73.660387,21.889365],[73.660409,21.88937],[73.660414,21.889377],[73.66042,21.889376],[73.660424,21.88938],[73.660433,21.889376],[73.660436,21.889377],[73.660445,21.889375],[73.660462,21.889382],[73.660468,21.889381],[73.660469,21.889379],[73.66048,21.889375],[73.66048,21.889372],[73.660474,21.88937],[73.660477,21.889367],[73.660491,21.889373],[73.660496,21.889366],[73.660519,21.889358],[73.660527,21.889352],[73.660531,21.889352],[73.660539,21.889349],[73.660539,21.889352],[73.660545,21.889351],[73.660552,21.889345],[73.660557,21.889345],[73.660555,21.889351],[73.660546,21.889356],[73.660549,21.889358],[73.660557,21.889358],[73.660562,21.889355],[73.66056,21.889349],[73.660564,21.889354],[73.660567,21.889355],[73.660572,21.889349],[73.660568,21.889348],[73.660568,21.889344],[73.660582,21.889339],[73.660584,21.889336],[73.660603,21.889337],[73.660603,21.889335],[73.660598,21.889334],[73.660598,21.889332],[73.660613,21.889324],[73.660622,21.889314],[73.660623,21.889309],[73.66063,21.889307],[73.660632,21.889303],[73.660642,21.889297],[73.660647,21.889289],[73.660668,21.889278],[73.660672,21.889272],[73.660681,21.889268],[73.660686,21.889267],[73.660687,21.889269],[73.660691,21.889269],[73.660692,21.889264],[73.660715,21.889255],[73.660737,21.889241],[73.660742,21.889235],[73.660759,21.889228],[73.660772,21.889215],[73.660777,21.889214],[73.660789,21.889205],[73.660794,21.889205],[73.660797,21.8892],[73.660803,21.889198],[73.660807,21.889193],[73.660806,21.88919],[73.660802,21.889188],[73.660803,21.889185],[73.660827,21.889169],[73.660839,21.889163],[73.660843,21.889157],[73.660849,21.889158],[73.660864,21.889151],[73.660869,21.88914],[73.660879,21.889137],[73.660882,21.889131],[73.660879,21.889128],[73.660881,21.889115],[73.660896,21.889101],[73.660898,21.889095],[73.660902,21.889094],[73.660904,21.889088],[73.66091,21.889085],[73.660916,21.889076],[73.660915,21.889071],[73.660932,21.889049],[73.660961,21.889022],[73.66097,21.888996],[73.660976,21.888996],[73.660983,21.888984],[73.660989,21.888983],[73.66099,21.888973],[73.660988,21.888965],[73.660993,21.888958],[73.660992,21.888956],[73.660989,21.888956],[73.660984,21.888947],[73.660986,21.888943],[73.660984,21.888936],[73.66098,21.888933],[73.660978,21.888927],[73.660975,21.888927],[73.66098,21.888923],[73.66098,21.888914],[73.660991,21.888912],[73.66099,21.888907],[73.661003,21.888903],[73.661006,21.888893],[73.661012,21.888889],[73.661016,21.88889],[73.661021,21.888879],[73.661027,21.888874],[73.66103,21.888865],[73.661028,21.888862],[73.66103,21.888855],[73.661034,21.888845],[73.661039,21.88884],[73.661039,21.888836],[73.661047,21.888831],[73.66105,21.888822],[73.661058,21.888818],[73.661058,21.888813],[73.661063,21.888811],[73.661063,21.888807],[73.661076,21.888803],[73.661082,21.888797],[73.661091,21.888793],[73.661101,21.888783],[73.661111,21.888769],[73.66112,21.888765],[73.661124,21.888759],[73.66113,21.888754],[73.661137,21.888742],[73.661145,21.888741],[73.661155,21.888734],[73.661168,21.88871],[73.661171,21.888694],[73.661174,21.88869],[73.661173,21.888685],[73.661177,21.888679],[73.661182,21.888679],[73.661188,21.888673],[73.661202,21.888645],[73.661214,21.888638],[73.661216,21.888632],[73.661224,21.888628],[73.661234,21.888617],[73.661239,21.8886],[73.66126,21.888587],[73.661267,21.888574],[73.661271,21.888569],[73.661297,21.888556],[73.661299,21.888551],[73.661313,21.888536],[73.661315,21.888531],[73.661327,21.888521],[73.661357,21.888482],[73.661363,21.888479],[73.661373,21.888481],[73.661381,21.888478],[73.661387,21.888473],[73.661394,21.88846],[73.661393,21.888453],[73.661389,21.88845],[73.66139,21.888444],[73.6614,21.888445],[73.661403,21.888432],[73.661407,21.888432],[73.661412,21.888437],[73.661428,21.888437],[73.661439,21.888428],[73.661445,21.888422],[73.661445,21.888418],[73.661453,21.888415],[73.661456,21.888406],[73.66147,21.888401],[73.661474,21.888391],[73.661481,21.888386],[73.661486,21.888387],[73.661498,21.888376],[73.661543,21.888348],[73.661551,21.88834],[73.661559,21.88832],[73.661569,21.888308],[73.661571,21.888301],[73.66158,21.888288],[73.661591,21.88828],[73.661591,21.888275],[73.661593,21.888272],[73.661601,21.888269],[73.661612,21.888257],[73.661616,21.888244],[73.661624,21.888237],[73.661626,21.88823],[73.661625,21.888224],[73.661632,21.888218],[73.661634,21.88821],[73.661641,21.888202],[73.661641,21.888198],[73.661644,21.888197],[73.661653,21.888179],[73.661665,21.888174],[73.661695,21.888149],[73.661699,21.888136],[73.661705,21.88813],[73.661712,21.888127],[73.661719,21.888116],[73.66173,21.888116],[73.661738,21.888109],[73.661745,21.888103],[73.661747,21.888094],[73.661753,21.888094],[73.661758,21.888092],[73.661764,21.888082],[73.661775,21.888075],[73.661799,21.888047],[73.661809,21.888042],[73.66181,21.888037],[73.661817,21.888032],[73.661827,21.888021],[73.661836,21.888021],[73.661849,21.888008],[73.661881,21.887986],[73.661898,21.887982],[73.661905,21.887971],[73.661917,21.88796],[73.661948,21.887944],[73.661957,21.887932],[73.661988,21.887924],[73.662025,21.887923],[73.66204,21.887916],[73.662052,21.887901],[73.662072,21.887884],[73.662084,21.887866],[73.662098,21.887853],[73.662109,21.88784],[73.662111,21.887833],[73.662117,21.887829],[73.662133,21.887812],[73.662142,21.887791],[73.662148,21.887785],[73.662153,21.887775],[73.662173,21.887719],[73.662165,21.887703],[73.66215,21.887699],[73.662138,21.887683],[73.662116,21.887663],[73.662112,21.887663],[73.662104,21.887649],[73.662097,21.887646],[73.662095,21.887641],[73.66209,21.88764],[73.662089,21.88763],[73.66208,21.887609],[73.662082,21.887598],[73.662079,21.887589],[73.662084,21.887562],[73.662089,21.887553],[73.662088,21.887549],[73.662082,21.887547],[73.66207,21.887511],[73.662064,21.887502],[73.662056,21.887498],[73.662006,21.887488],[73.661962,21.887489],[73.66194,21.887488],[73.661928,21.887483],[73.661914,21.88747],[73.661898,21.887467],[73.661892,21.887467],[73.661876,21.887473],[73.661857,21.887471],[73.661846,21.887478],[73.66183,21.887477],[73.661814,21.887481],[73.661799,21.88748],[73.661771,21.887484],[73.661757,21.887484],[73.661743,21.887489],[73.661731,21.887488],[73.661713,21.88749],[73.661702,21.887487],[73.661679,21.887486],[73.661668,21.887489],[73.661656,21.88749],[73.661649,21.887494],[73.661638,21.887495],[73.661627,21.887504],[73.661599,21.887507],[73.661588,21.887513],[73.66158,21.887521],[73.661557,21.887522],[73.661539,21.887529],[73.661509,21.887529],[73.66149,21.887523],[73.661483,21.88753],[73.661482,21.887536],[73.661469,21.887536],[73.661453,21.887542],[73.661441,21.88755],[73.661429,21.887553],[73.661418,21.887546],[73.661407,21.887545],[73.661396,21.887548],[73.661385,21.887542],[73.661368,21.887539],[73.661334,21.887542],[73.661307,21.887537],[73.661293,21.887538],[73.661289,21.887541],[73.661284,21.887541],[73.661264,21.887532],[73.661246,21.88753],[73.661206,21.88753],[73.661187,21.887537],[73.661156,21.887528],[73.661106,21.887536],[73.661099,21.887535],[73.661081,21.88754],[73.661063,21.887536],[73.661061,21.887538],[73.661043,21.887534],[73.661038,21.887536],[73.661034,21.887532],[73.661025,21.887533],[73.661017,21.887536],[73.660998,21.88754],[73.660988,21.887538],[73.660982,21.887542],[73.660962,21.887544],[73.660955,21.88754],[73.660921,21.887537],[73.660913,21.887539],[73.660904,21.887543],[73.660896,21.887542],[73.660846,21.887547],[73.660828,21.887545],[73.660796,21.887554],[73.66079,21.887552],[73.660778,21.887554],[73.660762,21.887551],[73.660738,21.887553],[73.660731,21.887549],[73.66072,21.887552],[73.660713,21.887551],[73.660709,21.887554],[73.660697,21.887549],[73.660671,21.887543],[73.660652,21.887547],[73.660638,21.887542],[73.66063,21.887546],[73.660621,21.887543],[73.660596,21.88755],[73.660587,21.887546],[73.660578,21.887548],[73.660558,21.887546],[73.660546,21.887552],[73.660543,21.88755],[73.660541,21.887542],[73.660524,21.887539],[73.660511,21.887543],[73.660505,21.88755],[73.660477,21.887553],[73.660473,21.887552],[73.66046,21.887556],[73.660435,21.887555],[73.660428,21.887552],[73.66042,21.887555],[73.660411,21.887553],[73.660402,21.887555],[73.660375,21.88755],[73.660367,21.887552],[73.66036,21.887548],[73.660347,21.88755],[73.660343,21.887547],[73.660334,21.887551],[73.660328,21.887549],[73.66032,21.88754],[73.660316,21.88754],[73.66031,21.887541],[73.660294,21.887548],[73.660287,21.887547],[73.660266,21.887553],[73.660257,21.887553],[73.660254,21.88755],[73.660238,21.887547],[73.660233,21.88755],[73.660201,21.887555],[73.660188,21.887553],[73.660177,21.887556],[73.66017,21.887551],[73.660157,21.887556],[73.660127,21.887558],[73.66012,21.887561],[73.660113,21.88756],[73.660098,21.887568],[73.660076,21.887571],[73.660067,21.887578],[73.660053,21.887583],[73.660044,21.887588],[73.660039,21.887594],[73.660032,21.887597],[73.660018,21.887601],[73.659995,21.887602],[73.659985,21.887607],[73.659977,21.887614],[73.659971,21.887614],[73.659964,21.88762],[73.659942,21.887616],[73.659922,21.887621],[73.659899,21.887622],[73.659884,21.887625],[73.65988,21.887628],[73.659845,21.887629],[73.659805,21.887649],[73.659771,21.887653],[73.659753,21.887653],[73.659731,21.88766],[73.65972,21.887657],[73.659706,21.887657],[73.659702,21.887661],[73.659693,21.887663],[73.659686,21.887668],[73.659678,21.88767],[73.659669,21.887676],[73.659666,21.887673],[73.659638,21.887664],[73.659622,21.887667],[73.659612,21.887663],[73.659604,21.887658],[73.659592,21.887657],[73.65958,21.887662],[73.65956,21.887661],[73.659538,21.887671],[73.659516,21.887668],[73.65951,21.887675],[73.659498,21.88768],[73.659484,21.887681],[73.659469,21.887687],[73.659446,21.887688],[73.659425,21.88768],[73.659402,21.887683],[73.659384,21.887681],[73.659364,21.887685],[73.65935,21.887684],[73.659309,21.88767],[73.659269,21.887668],[73.659265,21.887665],[73.65926,21.887655],[73.659243,21.887655],[73.659221,21.887645],[73.659211,21.887643],[73.659187,21.887646],[73.659178,21.887644],[73.659172,21.887639],[73.659163,21.887626],[73.659144,21.887613],[73.659138,21.887604],[73.659138,21.887599],[73.659132,21.887596],[73.65913,21.887589],[73.659115,21.887576],[73.659101,21.887571],[73.659096,21.887562],[73.659084,21.887552],[73.659061,21.88754],[73.659036,21.887536],[73.659024,21.88752],[73.659016,21.887514],[73.659007,21.88751],[73.658993,21.887511],[73.658982,21.887507],[73.658967,21.887494],[73.658959,21.88749],[73.658934,21.887491],[73.658918,21.887488],[73.658909,21.887491],[73.658893,21.887488],[73.658875,21.887477],[73.658831,21.887476],[73.658811,21.887472],[73.658802,21.887475],[73.658794,21.887473],[73.658783,21.887469],[73.658765,21.887467],[73.658736,21.887458],[73.658726,21.887457],[73.658722,21.887454],[73.658706,21.887449],[73.658697,21.88745],[73.658684,21.887463],[73.658676,21.887456],[73.658665,21.887458],[73.658654,21.88747],[73.65863,21.88748],[73.65862,21.88747],[73.658613,21.887467],[73.658593,21.887469],[73.658545,21.887467],[73.65849,21.887457],[73.658453,21.887459],[73.658436,21.88745],[73.658427,21.88744],[73.658419,21.887438],[73.658409,21.887439],[73.658386,21.887449],[73.658312,21.887463],[73.658285,21.887459],[73.658269,21.887461]]}},{"type":"Feature","properties":{"elevation":57},"geometry":{"type":"LineString","coordinates":[[73.65795,21.889997],[73.657955,21.889999],[73.657964,21.889997],[73.657976,21.890003],[73.657988,21.889999],[73.658007,21.89],[73.658019,21.889996],[73.658031,21.889998],[73.658037,21.889991],[73.65804,21.889992],[73.658043,21.889989],[73.658048,21.889989],[73.658053,21.889986],[73.658064,21.889986],[73.658067,21.889989],[73.658075,21.889987],[73.658089,21.889991],[73.658095,21.889989],[73.658095,21.889986],[73.658097,21.889984],[73.658112,21.889981],[73.65816,21.889991],[73.658173,21.889987],[73.658177,21.889989],[73.658191,21.889988],[73.658208,21.889983],[73.658213,21.889984],[73.658216,21.889981],[73.658226,21.889982],[73.658234,21.889978],[73.658237,21.88998],[73.658242,21.889977],[73.65827,21.889969],[73.658285,21.889963],[73.65832,21.889956],[73.658327,21.88995],[73.658346,21.889946],[73.658353,21.889942],[73.658375,21.88994],[73.658378,21.889942],[73.658387,21.889939],[73.658397,21.889942],[73.658407,21.88994],[73.65841,21.889943],[73.658419,21.889939],[73.658424,21.889941],[73.658432,21.889939],[73.658429,21.889935],[73.658437,21.889934],[73.658446,21.889925],[73.658443,21.889921],[73.658425,21.889916],[73.658416,21.889905],[73.658402,21.889906],[73.658394,21.889902],[73.658389,21.889902],[73.658385,21.889897],[73.658368,21.889891],[73.658358,21.889884],[73.658355,21.88988],[73.65835,21.889864],[73.658352,21.889857],[73.658349,21.889838],[73.658344,21.889833],[73.658333,21.88983],[73.658322,21.889831],[73.658315,21.889836],[73.658309,21.889844],[73.658297,21.889844],[73.65829,21.889851],[73.658276,21.889855],[73.658274,21.889854],[73.658276,21.889851],[73.658274,21.889848],[73.658271,21.889849],[73.65826,21.889843],[73.658254,21.889846],[73.658251,21.889838],[73.658246,21.88984],[73.658235,21.889835],[73.658231,21.889836],[73.658223,21.889828],[73.658225,21.889814],[73.658234,21.889802],[73.658244,21.889802],[73.65825,21.889798],[73.658263,21.889798],[73.658266,21.889794],[73.658282,21.889791],[73.65829,21.889788],[73.658299,21.889789],[73.658309,21.889788],[73.65833,21.889781],[73.658331,21.889776],[73.658324,21.889757],[73.658326,21.88974],[73.658323,21.889732],[73.658328,21.889724],[73.658343,21.889689],[73.658362,21.889675],[73.658368,21.889675],[73.658375,21.889667],[73.658378,21.889658],[73.658376,21.889654],[73.658378,21.88965],[73.658378,21.889631],[73.65839,21.889623],[73.658395,21.889615],[73.658448,21.88961],[73.658473,21.889597],[73.658498,21.889579],[73.658501,21.889573],[73.6585,21.889567],[73.658476,21.889562],[73.658469,21.889556],[73.658472,21.889553],[73.658472,21.889543],[73.658502,21.889527],[73.658528,21.889522],[73.65853,21.889514],[73.658536,21.889507],[73.658542,21.889506],[73.658548,21.8895],[73.658545,21.889498],[73.658539,21.889498],[73.658553,21.88949],[73.658543,21.889486],[73.658553,21.889482],[73.658552,21.889475],[73.658531,21.889479],[73.658523,21.889475],[73.658512,21.889476],[73.658493,21.889468],[73.658486,21.889463],[73.65848,21.889464],[73.658473,21.889456],[73.65847,21.889449],[73.658444,21.889429],[73.658441,21.889422],[73.658429,21.889412],[73.658415,21.889384],[73.658406,21.889372],[73.658391,21.88936],[73.65839,21.889356],[73.658386,21.889353],[73.658385,21.889348],[73.65838,21.889344],[73.658381,21.889341],[73.658369,21.889323],[73.658362,21.889319],[73.658359,21.88931],[73.658359,21.889282],[73.658366,21.889276],[73.658372,21.889274],[73.658384,21.889278],[73.658388,21.889276],[73.658392,21.889267],[73.658401,21.889264],[73.658406,21.88926],[73.658419,21.889259],[73.658426,21.889263],[73.658434,21.889263],[73.658444,21.889258],[73.658446,21.88926],[73.658453,21.889263],[73.658466,21.889275],[73.658475,21.889276],[73.658491,21.889269],[73.658503,21.889271],[73.658504,21.889268],[73.658501,21.889263],[73.658502,21.889261],[73.65851,21.889263],[73.65852,21.88926],[73.658537,21.889259],[73.658554,21.889266],[73.658564,21.889259],[73.658575,21.889258],[73.658587,21.889262],[73.658602,21.889258],[73.658605,21.889253],[73.65862,21.88925],[73.658625,21.889244],[73.658639,21.889237],[73.658646,21.889238],[73.658657,21.889231],[73.658675,21.889227],[73.658697,21.889229],[73.658715,21.889236],[73.658724,21.889236],[73.658728,21.889234],[73.658733,21.889236],[73.658741,21.889231],[73.658752,21.889231],[73.658759,21.889227],[73.658773,21.889227],[73.658776,21.889223],[73.65878,21.889226],[73.658788,21.889221],[73.658794,21.889233],[73.658806,21.889238],[73.658813,21.889248],[73.658828,21.889256],[73.65885,21.889257],[73.658854,21.889255],[73.658874,21.889261],[73.658883,21.88926],[73.658889,21.889257],[73.658919,21.889255],[73.658925,21.889256],[73.658929,21.889261],[73.658938,21.889263],[73.658946,21.889259],[73.658976,21.889257],[73.65901,21.889262],[73.659017,21.889261],[73.659034,21.889264],[73.659036,21.889267],[73.659044,21.889269],[73.659061,21.889265],[73.659072,21.889265],[73.659109,21.889268],[73.659129,21.889274],[73.659152,21.889284],[73.659165,21.889301],[73.65917,21.889304],[73.659173,21.889317],[73.65918,21.889322],[73.659185,21.889334],[73.659207,21.889355],[73.659213,21.889355],[73.659221,21.889347],[73.659245,21.889341],[73.65926,21.889342],[73.659272,21.889346],[73.659283,21.889344],[73.659298,21.889335],[73.659315,21.889331],[73.659321,21.889325],[73.659327,21.889326],[73.659355,21.889314],[73.65936,21.889317],[73.659365,21.889314],[73.659372,21.889314],[73.659382,21.889311],[73.659385,21.889305],[73.659401,21.889304],[73.659402,21.889307],[73.659405,21.889307],[73.659414,21.889302],[73.659415,21.889306],[73.659421,21.88931],[73.659434,21.88931],[73.659439,21.889306],[73.659462,21.889305],[73.659466,21.889301],[73.659494,21.889298],[73.659536,21.889288],[73.659543,21.889288],[73.659547,21.889283],[73.659561,21.889278],[73.659568,21.889269],[73.65958,21.889268],[73.659583,21.889266],[73.65958,21.889263],[73.659594,21.889256],[73.659598,21.889249],[73.659607,21.889244],[73.659612,21.889245],[73.659626,21.889234],[73.65963,21.889234],[73.659629,21.889238],[73.659635,21.889236],[73.659637,21.889234],[73.659636,21.889231],[73.659647,21.889226],[73.659657,21.889228],[73.659662,21.889224],[73.659676,21.889219],[73.65968,21.88922],[73.6597,21.889214],[73.659734,21.889211],[73.659743,21.889206],[73.659756,21.889205],[73.659768,21.889193],[73.659775,21.889194],[73.659782,21.889191],[73.659787,21.889193],[73.659798,21.88919],[73.659814,21.889181],[73.659842,21.88918],[73.659851,21.889175],[73.659857,21.889174],[73.659865,21.889175],[73.659871,21.889179],[73.659879,21.889179],[73.659881,21.889182],[73.65989,21.889173],[73.6599,21.889171],[73.659909,21.889174],[73.659911,21.889176],[73.659906,21.889192],[73.659906,21.889194],[73.659909,21.889196],[73.659908,21.889201],[73.65991,21.889205],[73.659914,21.889202],[73.659914,21.889199],[73.659919,21.889195],[73.659927,21.889194],[73.659933,21.889198],[73.659933,21.889201],[73.659922,21.889211],[73.659916,21.889211],[73.659914,21.889209],[73.659913,21.88921],[73.659917,21.889214],[73.659918,21.889218],[73.659921,21.889213],[73.659925,21.889215],[73.659926,21.889219],[73.659932,21.889221],[73.659935,21.88923],[73.659944,21.889236],[73.659947,21.88924],[73.659956,21.889234],[73.65997,21.889233],[73.659973,21.889235],[73.659976,21.889232],[73.659981,21.889233],[73.659997,21.88923],[73.660017,21.88923],[73.660025,21.889234],[73.660026,21.88924],[73.660037,21.889249],[73.660037,21.889262],[73.66004,21.889264],[73.660053,21.889266],[73.660057,21.889268],[73.660058,21.889274],[73.66007,21.889282],[73.660077,21.889296],[73.660082,21.8893],[73.660083,21.889305],[73.660079,21.88931],[73.660084,21.889314],[73.660081,21.88932],[73.660081,21.889326],[73.660078,21.889329],[73.660081,21.889335],[73.660121,21.889344],[73.660131,21.889355],[73.660139,21.889353],[73.660149,21.889355],[73.660153,21.889358],[73.660159,21.889358],[73.660163,21.889363],[73.660169,21.889363],[73.660174,21.889367],[73.660177,21.889365],[73.660184,21.889367],[73.660201,21.889376],[73.66022,21.889373],[73.660242,21.889387],[73.660246,21.889393],[73.66025,21.889391],[73.660264,21.889395],[73.660274,21.889393],[73.660286,21.889397],[73.660295,21.889404],[73.660303,21.889398],[73.660306,21.889402],[73.660313,21.889403],[73.660319,21.8894],[73.660327,21.889403],[73.660331,21.889398],[73.660339,21.8894],[73.660345,21.889398],[73.660368,21.889404],[73.660373,21.889402],[73.66038,21.889404],[73.660394,21.889398],[73.660413,21.889395],[73.660442,21.889394],[73.660449,21.889398],[73.660453,21.889404],[73.660458,21.889405],[73.660461,21.889409],[73.660485,21.88942],[73.660491,21.889421],[73.660518,21.889436],[73.660527,21.889436],[73.660535,21.88943],[73.660546,21.889429],[73.660549,21.889427],[73.660557,21.889427],[73.660569,21.889422],[73.660576,21.889424],[73.660588,21.889411],[73.660592,21.889404],[73.660593,21.889386],[73.660598,21.889372],[73.660602,21.88937],[73.660603,21.889363],[73.66061,21.889349],[73.660631,21.889337],[73.660634,21.889329],[73.660643,21.889316],[73.660644,21.889311],[73.660659,21.889303],[73.660663,21.889298],[73.660694,21.889291],[73.660703,21.889291],[73.660729,21.889278],[73.660751,21.889274],[73.660767,21.889265],[73.66078,21.889245],[73.660788,21.889236],[73.6608,21.889231],[73.66081,21.889233],[73.660812,21.889231],[73.660819,21.889231],[73.660836,21.889219],[73.660844,21.88921],[73.660847,21.889209],[73.660851,21.889211],[73.660856,21.889207],[73.660859,21.889202],[73.660861,21.889191],[73.660868,21.889188],[73.660891,21.889163],[73.660893,21.889157],[73.660898,21.889155],[73.660896,21.889148],[73.660898,21.889147],[73.660902,21.889136],[73.660921,21.889122],[73.660928,21.889113],[73.660932,21.889104],[73.66095,21.889092],[73.66096,21.889072],[73.660969,21.889068],[73.660973,21.889064],[73.660978,21.889052],[73.660988,21.88904],[73.660989,21.889029],[73.660997,21.889022],[73.661003,21.889013],[73.661021,21.889],[73.661025,21.888983],[73.661034,21.888976],[73.661033,21.888972],[73.66104,21.888961],[73.661049,21.888952],[73.661054,21.888942],[73.661054,21.888934],[73.661058,21.888931],[73.661055,21.888927],[73.661064,21.888914],[73.661062,21.888906],[73.661067,21.8889],[73.661062,21.888895],[73.661073,21.888887],[73.661072,21.888881],[73.661079,21.888877],[73.66108,21.888868],[73.661076,21.888864],[73.661076,21.888861],[73.66108,21.888856],[73.661084,21.888858],[73.661087,21.888855],[73.661085,21.888853],[73.661082,21.888854],[73.661083,21.888848],[73.661079,21.888841],[73.661065,21.888846],[73.66106,21.888844],[73.661059,21.888839],[73.661063,21.888838],[73.66107,21.888826],[73.661081,21.888826],[73.661079,21.888823],[73.661084,21.888819],[73.661085,21.888814],[73.661088,21.888816],[73.66109,21.888812],[73.661099,21.888809],[73.661104,21.88881],[73.661109,21.888801],[73.661113,21.888806],[73.661119,21.888808],[73.661119,21.888813],[73.661122,21.888815],[73.661125,21.888807],[73.661128,21.88881],[73.661131,21.888809],[73.661129,21.888804],[73.661133,21.888801],[73.661142,21.888805],[73.661141,21.888798],[73.661144,21.888793],[73.661142,21.888787],[73.661149,21.888786],[73.661153,21.888782],[73.661147,21.88877],[73.661153,21.888768],[73.661152,21.888754],[73.661156,21.888752],[73.661161,21.888752],[73.661164,21.888743],[73.661171,21.888739],[73.661177,21.888732],[73.661176,21.888728],[73.661179,21.888725],[73.661178,21.888721],[73.661182,21.888716],[73.661182,21.888705],[73.661186,21.888692],[73.661193,21.888684],[73.661194,21.888679],[73.661204,21.888672],[73.661216,21.88865],[73.661229,21.888643],[73.661233,21.888636],[73.661246,21.888628],[73.661248,21.88862],[73.661255,21.888619],[73.66126,21.888611],[73.661266,21.888608],[73.661266,21.888605],[73.661271,21.888603],[73.661273,21.888593],[73.661279,21.888584],[73.661286,21.888583],[73.661287,21.888579],[73.661318,21.888556],[73.661324,21.88854],[73.66134,21.888527],[73.661362,21.888499],[73.661374,21.888493],[73.66138,21.888492],[73.661399,21.888482],[73.661407,21.888473],[73.661408,21.888464],[73.661414,21.888461],[73.661414,21.888457],[73.661426,21.888451],[73.661436,21.88845],[73.661437,21.888447],[73.661443,21.888444],[73.661454,21.888434],[73.661458,21.888435],[73.661465,21.888431],[73.661469,21.888426],[73.661469,21.888415],[73.661478,21.888413],[73.661481,21.888406],[73.661489,21.888406],[73.661508,21.888386],[73.661523,21.888379],[73.661535,21.888371],[73.661541,21.888361],[73.661557,21.888353],[73.661571,21.888324],[73.66158,21.888317],[73.661584,21.888305],[73.661592,21.888297],[73.661601,21.888292],[73.661606,21.88828],[73.661614,21.888274],[73.661617,21.888266],[73.661629,21.888259],[73.661633,21.888244],[73.661643,21.88823],[73.661643,21.888225],[73.661649,21.888215],[73.661663,21.888205],[73.661663,21.888198],[73.661668,21.888196],[73.66167,21.888192],[73.661681,21.888189],[73.66169,21.888176],[73.661708,21.888172],[73.66171,21.888169],[73.661708,21.888162],[73.661712,21.888157],[73.661712,21.888153],[73.661718,21.888151],[73.66173,21.888141],[73.661764,21.888121],[73.661766,21.888113],[73.661784,21.888096],[73.661787,21.88809],[73.661799,21.888084],[73.661804,21.888073],[73.661811,21.888072],[73.661813,21.888068],[73.661823,21.888062],[73.661832,21.888046],[73.661839,21.888039],[73.661845,21.888027],[73.661861,21.888011],[73.661899,21.887989],[73.661918,21.887974],[73.66192,21.88797],[73.661934,21.887957],[73.66195,21.88795],[73.661958,21.887944],[73.661976,21.887937],[73.661992,21.887933],[73.662029,21.887931],[73.662065,21.887916],[73.662069,21.887909],[73.662081,21.887899],[73.6621,21.887873],[73.662127,21.887848],[73.662139,21.887831],[73.662153,21.88782],[73.662152,21.887808],[73.662156,21.887804],[73.662164,21.887791],[73.662181,21.887745],[73.662184,21.887719],[73.662182,21.887711],[73.662171,21.887695],[73.662163,21.887687],[73.662151,21.887683],[73.662145,21.887675],[73.662129,21.887663],[73.66212,21.887649],[73.662117,21.887646],[73.662116,21.887641],[73.662096,21.887624],[73.662089,21.887611],[73.662086,21.887605],[73.662086,21.88759],[73.662088,21.887571],[73.662094,21.887556],[73.662094,21.887551],[73.662086,21.887541],[73.662071,21.887508],[73.662066,21.8875],[73.662058,21.887496],[73.662042,21.887494],[73.661998,21.887481],[73.661978,21.887483],[73.661968,21.887482],[73.661958,21.887484],[73.661941,21.887479],[73.661926,21.887467],[73.661903,21.88746],[73.661889,21.887459],[73.661878,21.887462],[73.661867,21.887461],[73.661851,21.887466],[73.661845,21.887471],[73.661837,21.887469],[73.661827,21.887469],[73.661801,21.887476],[73.661779,21.887476],[73.661735,21.887483],[73.661714,21.887484],[73.661695,21.887479],[73.661676,21.887478],[73.661642,21.887484],[73.661636,21.887487],[73.661626,21.887487],[73.66162,21.887491],[73.6616,21.887494],[73.661561,21.887514],[73.661519,21.887516],[73.661504,21.887513],[73.661489,21.887515],[73.661464,21.887525],[73.661447,21.887527],[73.661436,21.887532],[73.66142,21.88753],[73.661409,21.887533],[73.661391,21.887529],[73.661387,21.887525],[73.661375,21.887528],[73.661369,21.887527],[73.661356,21.88753],[73.66134,21.88753],[73.661333,21.887526],[73.661319,21.887529],[73.661305,21.887527],[73.661287,21.887519],[73.661274,21.887517],[73.661257,21.887519],[73.661236,21.887516],[73.661221,21.887517],[73.661187,21.88751],[73.661168,21.887515],[73.661142,21.887513],[73.661127,21.887515],[73.661106,21.887522],[73.661102,21.887525],[73.661094,21.887522],[73.661077,21.887525],[73.661067,21.887522],[73.661053,21.887524],[73.661043,21.887521],[73.661034,21.887524],[73.660998,21.88752],[73.660991,21.887524],[73.660986,21.887524],[73.660984,21.887527],[73.660962,21.887527],[73.660959,21.88753],[73.660948,21.887524],[73.660938,21.887523],[73.660924,21.887524],[73.660909,21.887527],[73.660904,21.887531],[73.660888,21.887527],[73.660865,21.887529],[73.660858,21.887521],[73.660852,21.88752],[73.660846,21.887524],[73.660845,21.887529],[73.660836,21.887528],[73.660805,21.887535],[73.660796,21.887533],[73.660782,21.887537],[73.660773,21.887536],[73.660759,21.887538],[73.660718,21.887531],[73.660692,21.887533],[73.660675,21.887528],[73.660664,21.887533],[73.660651,21.887528],[73.660641,21.887515],[73.66063,21.887511],[73.660615,21.887521],[73.660601,21.887526],[73.660596,21.887522],[73.660592,21.887516],[73.660584,21.887517],[73.660571,21.887528],[73.66055,21.887535],[73.660541,21.887531],[73.660534,21.887525],[73.660526,21.887522],[73.660519,21.887522],[73.660517,21.887526],[73.660509,21.887531],[73.660494,21.887533],[73.660463,21.887533],[73.660459,21.887536],[73.660442,21.887534],[73.660433,21.887536],[73.660422,21.887534],[73.660415,21.88753],[73.660399,21.887534],[73.660384,21.887533],[73.660375,21.887536],[73.660357,21.887533],[73.660349,21.887529],[73.660334,21.887531],[73.660328,21.887529],[73.66032,21.887531],[73.660295,21.887532],[73.660286,21.88753],[73.660269,21.887531],[73.660253,21.887528],[73.660209,21.88754],[73.660189,21.887537],[73.660177,21.887543],[73.66015,21.88755],[73.660136,21.887549],[73.660125,21.887552],[73.66011,21.887549],[73.660096,21.887557],[73.660072,21.887563],[73.660025,21.88759],[73.659992,21.887595],[73.659963,21.887609],[73.659933,21.887609],[73.659928,21.887612],[73.659918,21.887611],[73.659908,21.887614],[73.659904,21.887612],[73.659887,21.887619],[73.65988,21.887618],[73.659872,21.88762],[73.659854,21.887618],[73.659839,21.887619],[73.659834,21.887625],[73.659822,21.887632],[73.659799,21.887635],[73.659785,21.887645],[73.659744,21.887643],[73.659741,21.887646],[73.659733,21.887646],[73.659727,21.887648],[73.659703,21.887644],[73.659693,21.887647],[73.659685,21.887652],[73.659681,21.887658],[73.659673,21.88766],[73.659663,21.88766],[73.659647,21.887653],[73.659634,21.887654],[73.659631,21.887652],[73.659625,21.887655],[73.659616,21.887656],[73.659599,21.88765],[73.659577,21.887656],[73.659566,21.887653],[73.659557,21.887653],[73.659535,21.887661],[73.659507,21.887658],[73.65949,21.887662],[73.659464,21.887676],[73.659416,21.887671],[73.659402,21.887674],[73.659388,21.887671],[73.659376,21.887675],[73.659366,21.887673],[73.659361,21.887675],[73.659347,21.887668],[73.659341,21.887661],[73.659333,21.887666],[73.659316,21.887665],[73.659273,21.887653],[73.659267,21.887645],[73.659258,21.887647],[73.659245,21.887646],[73.659232,21.887635],[73.659218,21.887633],[73.659198,21.887637],[73.65918,21.887636],[73.659172,21.887622],[73.659147,21.887609],[73.659134,21.887585],[73.659118,21.887569],[73.659106,21.887563],[73.659085,21.887543],[73.659059,21.887534],[73.659049,21.887533],[73.659041,21.88753],[73.659024,21.88751],[73.659014,21.887503],[73.659006,21.887501],[73.658989,21.887503],[73.658981,21.8875],[73.658971,21.887486],[73.658962,21.887481],[73.658953,21.887481],[73.658936,21.887486],[73.658931,21.887484],[73.658927,21.887477],[73.658922,21.887475],[73.658913,21.887476],[73.6589,21.887482],[73.658884,21.887472],[73.658864,21.887472],[73.658852,21.887469],[73.658838,21.887471],[73.658811,21.887464],[73.658802,21.887468],[73.658793,21.887462],[73.658771,21.887462],[73.658733,21.887442],[73.658722,21.887441],[73.658707,21.887436],[73.658688,21.887437],[73.658678,21.88743],[73.658646,21.88742],[73.658585,21.88742],[73.658537,21.887436],[73.658522,21.88743],[73.658515,21.887421],[73.658512,21.88742],[73.658503,21.887425],[73.658501,21.887433],[73.658497,21.887437],[73.658465,21.887447],[73.658443,21.887443],[73.658437,21.887435],[73.658424,21.887425],[73.658412,21.887427],[73.658398,21.887423],[73.658383,21.887422],[73.658334,21.887438],[73.658318,21.887439],[73.658295,21.887435],[73.658285,21.887442],[73.658273,21.887443]]}},{"type":"Feature","properties":{"elevation":56},"geometry":{"type":"LineString","coordinates":[[73.65795,21.890015],[73.657957,21.890013],[73.657998,21.890014],[73.658011,21.890013],[73.658017,21.890009],[73.658026,21.890009],[73.658036,21.890014],[73.658046,21.89001],[73.658054,21.890003],[73.658059,21.890004],[73.658064,21.890002],[73.658074,21.890004],[73.658105,21.890005],[73.658116,21.890001],[73.658117,21.889998],[73.658141,21.89],[73.658152,21.890006],[73.65816,21.890005],[73.658168,21.890007],[73.658172,21.890004],[73.658175,21.890005],[73.658178,21.890002],[73.658194,21.89],[73.658202,21.889996],[73.658208,21.889997],[73.658211,21.889994],[73.658219,21.889994],[73.658224,21.889996],[73.658251,21.889989],[73.658259,21.88999],[73.658282,21.889983],[73.658298,21.889975],[73.658312,21.889975],[73.65833,21.889966],[73.658352,21.889963],[73.658355,21.889961],[73.658359,21.889962],[73.658365,21.889958],[73.658375,21.889956],[73.658389,21.88996],[73.658399,21.889957],[73.658421,21.889958],[73.658436,21.889953],[73.658448,21.889955],[73.658457,21.88995],[73.658463,21.889941],[73.658463,21.889931],[73.658459,21.889921],[73.65846,21.889914],[73.658449,21.889904],[73.658452,21.8899],[73.658442,21.889898],[73.658432,21.8899],[73.658412,21.889896],[73.658391,21.889888],[73.658376,21.889879],[73.658376,21.889871],[73.658372,21.889867],[73.658371,21.88986],[73.658367,21.889857],[73.658368,21.889831],[73.658374,21.889821],[73.65837,21.889814],[73.658372,21.889809],[73.65837,21.889798],[73.658364,21.889791],[73.658354,21.889787],[73.65835,21.889775],[73.658341,21.889772],[73.658337,21.889768],[73.658334,21.889754],[73.658337,21.889725],[73.658344,21.889709],[73.658352,21.889697],[73.658369,21.889692],[73.658382,21.889683],[73.658401,21.889681],[73.65841,21.889658],[73.658401,21.88964],[73.658405,21.889637],[73.658405,21.889631],[73.65841,21.889628],[73.65843,21.889622],[73.658449,21.889621],[73.658471,21.889605],[73.658477,21.889605],[73.658487,21.889598],[73.658505,21.889591],[73.658516,21.889589],[73.65852,21.88959],[73.658527,21.889584],[73.658542,21.889579],[73.658549,21.889574],[73.658553,21.889567],[73.658569,21.889569],[73.658578,21.889573],[73.658586,21.889569],[73.658584,21.889563],[73.658578,21.889562],[73.658574,21.889556],[73.658559,21.889547],[73.658555,21.889539],[73.658558,21.889535],[73.658553,21.889532],[73.658561,21.88952],[73.658583,21.889501],[73.658591,21.889496],[73.658598,21.889488],[73.658605,21.889479],[73.658604,21.889473],[73.658613,21.889466],[73.658614,21.889462],[73.658613,21.889457],[73.658606,21.889447],[73.658599,21.889445],[73.658602,21.889441],[73.6586,21.889437],[73.658596,21.889443],[73.658596,21.889446],[73.658543,21.889464],[73.658528,21.889467],[73.6585,21.88946],[73.658481,21.889441],[73.658472,21.889418],[73.658482,21.889404],[73.658495,21.889395],[73.658499,21.889386],[73.658507,21.889386],[73.658512,21.889391],[73.658514,21.889389],[73.658523,21.889386],[73.658525,21.889383],[73.658513,21.889376],[73.658505,21.889377],[73.658498,21.889374],[73.658491,21.889377],[73.658489,21.88937],[73.658497,21.889366],[73.658498,21.889363],[73.658492,21.889361],[73.658489,21.889365],[73.658487,21.889362],[73.658488,21.889357],[73.65848,21.889356],[73.658475,21.889358],[73.658473,21.889354],[73.658477,21.88935],[73.658481,21.889348],[73.658479,21.889347],[73.658476,21.889348],[73.658473,21.889342],[73.658477,21.88934],[73.658487,21.889348],[73.658493,21.889348],[73.658498,21.889339],[73.658495,21.889328],[73.658505,21.889328],[73.658508,21.889334],[73.658517,21.88933],[73.658515,21.889336],[73.658519,21.889339],[73.658523,21.889331],[73.658531,21.889332],[73.658534,21.889329],[73.658541,21.889329],[73.658552,21.889321],[73.658553,21.889319],[73.65855,21.889315],[73.658549,21.889311],[73.658557,21.889311],[73.65856,21.889308],[73.658561,21.889304],[73.658576,21.889301],[73.658585,21.889297],[73.658585,21.889288],[73.658591,21.889288],[73.658597,21.889283],[73.658609,21.889282],[73.658614,21.889276],[73.658621,21.889277],[73.658625,21.889271],[73.65864,21.889268],[73.658644,21.889263],[73.658652,21.889262],[73.658658,21.889256],[73.658662,21.889258],[73.658681,21.889248],[73.658711,21.88926],[73.658719,21.889255],[73.658737,21.889258],[73.658752,21.889253],[73.658756,21.889247],[73.658767,21.889247],[73.658774,21.889251],[73.658777,21.889256],[73.658792,21.889258],[73.658808,21.889268],[73.658823,21.889271],[73.658843,21.889268],[73.658864,21.889267],[73.658883,21.88927],[73.658898,21.889262],[73.658917,21.889274],[73.658923,21.889273],[73.658933,21.889277],[73.658975,21.889269],[73.658993,21.889271],[73.659006,21.889276],[73.659032,21.889277],[73.659042,21.88928],[73.659071,21.889276],[73.659094,21.88928],[73.659108,21.889281],[73.659121,21.889287],[73.659134,21.88929],[73.659151,21.889299],[73.659163,21.889313],[73.659165,21.889323],[73.659186,21.889343],[73.659206,21.889367],[73.659223,21.889366],[73.659234,21.889363],[73.659238,21.889368],[73.659249,21.88937],[73.659256,21.889366],[73.65928,21.889363],[73.659283,21.88936],[73.659292,21.889359],[73.659296,21.889361],[73.659319,21.889357],[73.659322,21.889355],[73.659329,21.889356],[73.659333,21.889353],[73.659357,21.889345],[73.659364,21.88934],[73.659365,21.889336],[73.659384,21.889336],[73.6594,21.889328],[73.659415,21.889332],[73.659424,21.889332],[73.659426,21.889328],[73.659438,21.88933],[73.659459,21.889328],[73.65947,21.889331],[73.659484,21.889329],[73.659489,21.889325],[73.6595,21.889322],[73.659514,21.889323],[73.659525,21.889318],[73.659526,21.889313],[73.659534,21.889309],[73.659547,21.889309],[73.659568,21.889303],[73.659586,21.88929],[73.659591,21.889283],[73.659597,21.88928],[73.659601,21.889283],[73.659605,21.889279],[73.659609,21.889279],[73.659608,21.889275],[73.659613,21.889269],[73.659637,21.88926],[73.659644,21.889253],[73.659643,21.889247],[73.659645,21.889242],[73.659653,21.889241],[73.659658,21.889238],[73.659673,21.889239],[73.659672,21.889233],[73.659682,21.889228],[73.659687,21.889229],[73.659683,21.889232],[73.659682,21.889234],[73.659692,21.889238],[73.659703,21.889238],[73.659706,21.889232],[73.659712,21.88923],[73.659723,21.889233],[73.659729,21.889231],[73.659741,21.889236],[73.659751,21.889233],[73.659747,21.88923],[73.659752,21.889222],[73.659762,21.889219],[73.659769,21.889223],[73.659767,21.889233],[73.659773,21.889237],[73.659777,21.889234],[73.659786,21.889233],[73.659792,21.889221],[73.659786,21.889218],[73.659786,21.889216],[73.659798,21.889211],[73.659807,21.889211],[73.659811,21.889216],[73.65981,21.889224],[73.659812,21.889226],[73.659838,21.889223],[73.65986,21.889213],[73.659865,21.889217],[73.659863,21.889234],[73.659867,21.889242],[73.659871,21.889247],[73.659886,21.889257],[73.659903,21.889254],[73.659915,21.889258],[73.659927,21.889253],[73.659942,21.889251],[73.659963,21.889257],[73.659965,21.889259],[73.659963,21.88927],[73.659965,21.889273],[73.659973,21.889271],[73.659971,21.889278],[73.659973,21.889282],[73.659983,21.889283],[73.659985,21.889285],[73.659986,21.88929],[73.660011,21.889297],[73.660013,21.889305],[73.660025,21.88931],[73.660031,21.88932],[73.660034,21.889331],[73.660032,21.889338],[73.660035,21.889342],[73.660049,21.889344],[73.660059,21.889347],[73.660069,21.889352],[73.660076,21.889359],[73.660101,21.889364],[73.660108,21.88937],[73.660108,21.889372],[73.660128,21.889376],[73.660136,21.889381],[73.660159,21.889391],[73.660168,21.889393],[73.66018,21.889391],[73.660188,21.889393],[73.660195,21.889399],[73.660204,21.8894],[73.660218,21.889408],[73.660234,21.889413],[73.660237,21.889417],[73.660245,21.889421],[73.660257,21.889423],[73.660265,21.889427],[73.660274,21.889427],[73.660293,21.889431],[73.660312,21.889431],[73.660337,21.889427],[73.660361,21.889432],[73.660373,21.889428],[73.660382,21.88942],[73.660388,21.889412],[73.660398,21.889408],[73.660412,21.889405],[73.660438,21.889407],[73.660448,21.889413],[73.660449,21.889419],[73.660462,21.889423],[73.660477,21.889434],[73.660489,21.889437],[73.660494,21.889443],[73.660506,21.889449],[73.660507,21.889455],[73.660515,21.889461],[73.660537,21.889461],[73.660543,21.889459],[73.660556,21.889463],[73.660565,21.889461],[73.660574,21.889453],[73.660574,21.889448],[73.660571,21.889443],[73.660581,21.889441],[73.660599,21.889416],[73.660616,21.889367],[73.660625,21.889357],[73.660632,21.889353],[73.660638,21.889345],[73.660647,21.88934],[73.660647,21.889335],[73.660656,21.889325],[73.660663,21.889321],[73.660666,21.889314],[73.660676,21.889308],[73.660706,21.889302],[73.660728,21.889292],[73.660744,21.889287],[73.660765,21.889286],[73.66078,21.889272],[73.660796,21.88925],[73.660801,21.889247],[73.660811,21.889247],[73.660816,21.88925],[73.660816,21.889255],[73.660833,21.889256],[73.660845,21.889261],[73.660859,21.889259],[73.660865,21.889256],[73.660874,21.889248],[73.660874,21.889243],[73.660883,21.889234],[73.660892,21.88923],[73.660903,21.889218],[73.660909,21.889207],[73.660911,21.889207],[73.660914,21.88921],[73.660913,21.889213],[73.660916,21.889213],[73.660924,21.8892],[73.660923,21.889191],[73.660928,21.889183],[73.660926,21.889176],[73.660937,21.889167],[73.660942,21.889167],[73.660946,21.889157],[73.66095,21.889154],[73.660954,21.889154],[73.660961,21.889146],[73.660963,21.889141],[73.660967,21.889139],[73.66097,21.88913],[73.660975,21.889127],[73.66097,21.889118],[73.66097,21.889109],[73.660977,21.889093],[73.660989,21.889075],[73.661004,21.889065],[73.661012,21.889055],[73.661023,21.889053],[73.661036,21.889063],[73.661045,21.889078],[73.661057,21.889082],[73.661077,21.889077],[73.661077,21.889073],[73.661092,21.88906],[73.661108,21.889056],[73.661121,21.889038],[73.661126,21.889036],[73.66114,21.889021],[73.661145,21.88902],[73.661152,21.889013],[73.66115,21.889006],[73.661146,21.889006],[73.661136,21.888985],[73.661131,21.888983],[73.661137,21.888975],[73.661139,21.888964],[73.661143,21.888966],[73.661151,21.888962],[73.66115,21.888959],[73.661154,21.888954],[73.661155,21.888945],[73.661161,21.88894],[73.661163,21.888935],[73.661167,21.888934],[73.661166,21.888939],[73.661172,21.888943],[73.661181,21.888936],[73.661184,21.88894],[73.661196,21.88894],[73.661221,21.88893],[73.66123,21.888924],[73.661231,21.888926],[73.661237,21.888925],[73.661241,21.888916],[73.661243,21.888913],[73.661253,21.888914],[73.661257,21.888911],[73.661258,21.888903],[73.661262,21.888899],[73.661261,21.888887],[73.661265,21.888883],[73.661261,21.88888],[73.661259,21.888882],[73.661253,21.888877],[73.661247,21.888877],[73.661245,21.888874],[73.661239,21.888873],[73.661225,21.888884],[73.661201,21.888888],[73.661192,21.888885],[73.661192,21.888876],[73.661185,21.888874],[73.661192,21.888868],[73.661195,21.888863],[73.661194,21.888852],[73.661212,21.888838],[73.661211,21.888832],[73.661202,21.888833],[73.661206,21.888829],[73.661207,21.888823],[73.66121,21.88882],[73.661214,21.888811],[73.661226,21.888804],[73.661226,21.888798],[73.661229,21.888793],[73.661234,21.888791],[73.661236,21.888784],[73.661241,21.888784],[73.661248,21.888777],[73.661253,21.888778],[73.661256,21.888773],[73.661255,21.888769],[73.661258,21.888757],[73.661255,21.888748],[73.661258,21.888739],[73.661247,21.888735],[73.66124,21.888726],[73.66124,21.888705],[73.661237,21.888698],[73.661243,21.888694],[73.661239,21.888677],[73.661234,21.888674],[73.661233,21.888668],[73.661238,21.888667],[73.661234,21.888661],[73.661241,21.888655],[73.661244,21.888649],[73.661247,21.888646],[73.66125,21.888646],[73.66125,21.888643],[73.661256,21.888639],[73.661265,21.888628],[73.661278,21.888624],[73.661283,21.888621],[73.661289,21.888606],[73.661308,21.888599],[73.661322,21.888586],[73.661328,21.888585],[73.661334,21.88858],[73.661336,21.888568],[73.661356,21.888551],[73.661353,21.888546],[73.661357,21.888542],[73.661357,21.888538],[73.661369,21.888526],[73.66137,21.888522],[73.661379,21.888522],[73.661384,21.888517],[73.661391,21.888516],[73.661397,21.888511],[73.661395,21.888507],[73.661409,21.888498],[73.66141,21.888493],[73.661415,21.888491],[73.661419,21.888482],[73.661421,21.888485],[73.661418,21.888493],[73.66142,21.888496],[73.661426,21.888496],[73.661429,21.8885],[73.661431,21.888497],[73.661427,21.888495],[73.661428,21.888493],[73.661443,21.88849],[73.661447,21.8885],[73.661449,21.8885],[73.66145,21.888486],[73.661439,21.888478],[73.661438,21.888469],[73.661442,21.88847],[73.661448,21.888461],[73.661452,21.888463],[73.661459,21.888457],[73.661464,21.88846],[73.661465,21.888454],[73.661471,21.888445],[73.661477,21.88844],[73.661482,21.888439],[73.661484,21.888434],[73.66149,21.888436],[73.661507,21.888406],[73.661516,21.888402],[73.661523,21.888392],[73.661541,21.888381],[73.661544,21.888376],[73.661565,21.888363],[73.661572,21.888348],[73.66158,21.888341],[73.661587,21.888329],[73.661588,21.888321],[73.661593,21.888319],[73.661593,21.88831],[73.661598,21.888315],[73.661605,21.888316],[73.661606,21.888309],[73.661614,21.888308],[73.661609,21.888299],[73.66161,21.888296],[73.661614,21.888295],[73.661614,21.888292],[73.661617,21.888289],[73.661618,21.888291],[73.661623,21.88829],[73.661632,21.888278],[73.661658,21.888266],[73.661656,21.888262],[73.661659,21.888257],[73.661667,21.888254],[73.661671,21.888246],[73.6617,21.888224],[73.661704,21.888218],[73.661707,21.888217],[73.661723,21.888197],[73.661726,21.888196],[73.661727,21.888191],[73.661735,21.888182],[73.661749,21.888175],[73.661756,21.888163],[73.661761,21.888162],[73.66176,21.888158],[73.661764,21.888151],[73.66177,21.888146],[73.661776,21.888137],[73.661794,21.888123],[73.661797,21.888117],[73.661797,21.888106],[73.661801,21.888099],[73.661823,21.888078],[73.661835,21.888054],[73.661847,21.888039],[73.66186,21.888029],[73.661865,21.888016],[73.661877,21.888012],[73.661883,21.888007],[73.661888,21.888006],[73.661894,21.887998],[73.661921,21.887982],[73.661929,21.887973],[73.661939,21.88797],[73.661957,21.88796],[73.661984,21.887948],[73.662006,21.887945],[73.662011,21.887942],[73.662037,21.88794],[73.662047,21.88793],[73.66207,21.887919],[73.662085,21.887905],[73.662114,21.8879],[73.662127,21.887873],[73.662139,21.887861],[73.662152,21.88784],[73.662177,21.887807],[73.662186,21.887787],[73.662188,21.887769],[73.662193,21.887764],[73.66219,21.887754],[73.662194,21.887733],[73.662192,21.887714],[73.662169,21.88768],[73.662157,21.887672],[73.662144,21.887657],[73.662141,21.887648],[73.662133,21.887642],[73.662108,21.887615],[73.662104,21.887603],[73.662102,21.887591],[73.662098,21.887582],[73.662096,21.887574],[73.662103,21.887558],[73.662103,21.887551],[73.662085,21.887529],[73.662068,21.887499],[73.662058,21.887494],[73.662029,21.887488],[73.661999,21.887475],[73.661978,21.887478],[73.661965,21.887475],[73.661952,21.887476],[73.661938,21.887469],[73.66193,21.887461],[73.661895,21.887454],[73.661881,21.887453],[73.661868,21.887457],[73.661846,21.887458],[73.661836,21.887461],[73.661815,21.887462],[73.661798,21.887467],[73.661792,21.887466],[73.661776,21.887468],[73.661741,21.887476],[73.661717,21.887473],[73.661708,21.887478],[73.661695,21.887475],[73.661691,21.887472],[73.661673,21.887471],[73.66166,21.887475],[73.661643,21.887476],[73.661636,21.887482],[73.661627,21.887481],[73.661615,21.887486],[73.661582,21.887491],[73.661577,21.887493],[73.66157,21.887501],[73.661539,21.887502],[73.661514,21.887496],[73.661482,21.887502],[73.661478,21.887501],[73.661468,21.887504],[73.661462,21.887509],[73.661447,21.887514],[73.661442,21.887519],[73.661438,21.88752],[73.661415,21.887515],[73.661402,21.887517],[73.661379,21.88751],[73.661364,21.887513],[73.661355,21.88752],[73.661346,21.887521],[73.661329,21.887513],[73.661317,21.887517],[73.661298,21.887506],[73.661289,21.887506],[73.661285,21.887504],[73.661276,21.887505],[73.661263,21.887501],[73.661251,21.887503],[73.661234,21.8875],[73.661209,21.887501],[73.661204,21.887498],[73.661201,21.8875],[73.661198,21.887498],[73.661169,21.887495],[73.661153,21.8875],[73.661062,21.887512],[73.661047,21.887508],[73.661024,21.88751],[73.660987,21.887507],[73.66098,21.887511],[73.660977,21.887504],[73.660969,21.887503],[73.660961,21.887505],[73.660917,21.887507],[73.660899,21.887515],[73.660879,21.887505],[73.660871,21.887511],[73.660865,21.887513],[73.660858,21.887509],[73.660853,21.887508],[73.660842,21.887514],[73.660832,21.887513],[73.660815,21.887518],[73.660811,21.887515],[73.660797,21.887516],[73.660785,21.887521],[73.660776,21.887519],[73.660776,21.887513],[73.66077,21.887508],[73.660769,21.887502],[73.660764,21.887501],[73.660755,21.887504],[73.660749,21.887513],[73.660736,21.887518],[73.660703,21.887516],[73.660696,21.887512],[73.660683,21.887513],[73.660666,21.88751],[73.660661,21.887512],[73.660646,21.887499],[73.660639,21.887497],[73.660622,21.8875],[73.660613,21.887505],[73.660595,21.887506],[73.660576,21.887511],[73.660565,21.887511],[73.660562,21.887507],[73.660559,21.887511],[73.660547,21.887504],[73.660536,21.887506],[73.660533,21.887504],[73.660531,21.887507],[73.660521,21.887508],[73.660515,21.887514],[73.660501,21.887517],[73.660477,21.887515],[73.660468,21.887518],[73.660416,21.887518],[73.660409,21.887515],[73.660399,21.887518],[73.660378,21.887513],[73.660367,21.887517],[73.660342,21.887512],[73.660334,21.887513],[73.660324,21.887509],[73.660315,21.887511],[73.660297,21.887509],[73.660293,21.887511],[73.660284,21.88751],[73.660282,21.887513],[73.660277,21.887509],[73.660274,21.887512],[73.660261,21.887512],[73.660242,21.88752],[73.660211,21.887521],[73.660206,21.887519],[73.660197,21.887522],[73.660188,21.887522],[73.660181,21.887525],[73.660174,21.887533],[73.660162,21.887533],[73.660156,21.887538],[73.660137,21.887538],[73.660125,21.887541],[73.660108,21.887537],[73.660099,21.887537],[73.66009,21.887541],[73.660086,21.887548],[73.660075,21.887549],[73.660065,21.887555],[73.660044,21.887573],[73.660034,21.887577],[73.660016,21.88758],[73.660004,21.887576],[73.659996,21.887568],[73.659983,21.887562],[73.659965,21.88755],[73.659955,21.887547],[73.659941,21.887549],[73.659901,21.88757],[73.659882,21.887582],[73.659876,21.887591],[73.659872,21.887594],[73.659873,21.887597],[73.659882,21.887599],[73.659907,21.887596],[73.659907,21.887601],[73.659896,21.887603],[73.659885,21.88761],[73.65987,21.887612],[73.659861,21.887609],[73.659846,21.887613],[73.659837,21.887612],[73.65983,21.887618],[73.65982,21.887621],[73.659811,21.887621],[73.659805,21.887624],[73.659786,21.887627],[73.659769,21.887627],[73.659756,21.887632],[73.659742,21.887632],[73.659733,21.887638],[73.659726,21.887639],[73.659716,21.887635],[73.659703,21.887635],[73.659691,21.887638],[73.65968,21.887645],[73.65967,21.887646],[73.659661,21.88764],[73.65965,21.887643],[73.659636,21.887644],[73.659617,21.887643],[73.659611,21.887645],[73.659584,21.887644],[73.659573,21.88765],[73.659556,21.887645],[73.659542,21.887648],[73.659534,21.887646],[73.659527,21.887649],[73.659511,21.887648],[73.659485,21.887651],[73.659434,21.887669],[73.659426,21.887666],[73.659414,21.887664],[73.659408,21.887667],[73.659393,21.887664],[73.659385,21.887665],[73.65937,21.887659],[73.659357,21.887659],[73.659342,21.887651],[73.659318,21.887654],[73.659282,21.887641],[73.659274,21.887636],[73.659258,21.887639],[73.65925,21.887639],[73.659238,21.887629],[73.659231,21.887627],[73.659217,21.887627],[73.659198,21.887631],[73.65919,21.88763],[73.659159,21.887611],[73.659153,21.887601],[73.659144,21.887593],[73.659139,21.887583],[73.659091,21.887539],[73.659082,21.887535],[73.659066,21.887533],[73.659059,21.887528],[73.659045,21.887524],[73.659023,21.887497],[73.659016,21.887491],[73.659006,21.887491],[73.658989,21.887498],[73.658982,21.887497],[73.658979,21.887493],[73.658974,21.887475],[73.658962,21.887467],[73.658902,21.887471],[73.658891,21.887468],[73.658823,21.887462],[73.658795,21.887453],[73.658776,21.887453],[73.658751,21.887444],[73.658731,21.887428],[73.65872,21.887424],[73.6587,21.887422],[73.65868,21.887412],[73.658644,21.887405],[73.658613,21.887402],[73.658602,21.887399],[73.658598,21.887403],[73.658584,21.887406],[73.658568,21.887415],[73.658541,21.88742],[73.658531,21.887419],[73.658509,21.887408],[73.65849,21.887409],[73.658484,21.887413],[73.658479,21.887427],[73.65847,21.887432],[73.658456,21.88743],[73.658438,21.887422],[73.65841,21.887408],[73.658401,21.887401],[73.658378,21.887398],[73.658372,21.8874],[73.658351,21.887416],[73.658343,21.887416],[73.658334,21.887408],[73.658327,21.887407],[73.658315,21.887413],[73.65831,21.887419],[73.658293,21.887424],[73.658276,21.887432]]}},{"type":"Feature","properties":{"elevation":55},"geometry":{"type":"LineString","coordinates":[[73.657949,21.890032],[73.657966,21.890032],[73.657971,21.89003],[73.657987,21.890031],[73.658012,21.890028],[73.658023,21.89003],[73.658029,21.890025],[73.658037,21.890029],[73.658064,21.890021],[73.658094,21.890018],[73.658102,21.890021],[73.658133,21.89002],[73.658141,21.890021],[73.658167,21.890018],[73.658178,21.890019],[73.658187,21.890015],[73.658193,21.890016],[73.658216,21.890011],[73.658224,21.890012],[73.65823,21.890009],[73.658242,21.890009],[73.658248,21.890006],[73.658274,21.890001],[73.658291,21.889993],[73.658301,21.889994],[73.658314,21.889988],[73.658324,21.889988],[73.658348,21.889978],[73.658371,21.889972],[73.65838,21.889971],[73.658385,21.889974],[73.658389,21.88997],[73.658409,21.88997],[73.658417,21.889971],[73.658424,21.88997],[73.658428,21.889972],[73.658434,21.889969],[73.658485,21.88996],[73.658484,21.889958],[73.65849,21.889955],[73.658485,21.889949],[73.658484,21.889939],[73.658471,21.889928],[73.658472,21.889916],[73.65847,21.889913],[73.658472,21.889901],[73.658456,21.889889],[73.658435,21.889886],[73.658424,21.889889],[73.658407,21.889877],[73.658404,21.889867],[73.658411,21.889864],[73.658409,21.889845],[73.658405,21.889842],[73.658402,21.889846],[73.658398,21.889842],[73.65839,21.889839],[73.658389,21.889834],[73.658391,21.889826],[73.658395,21.889824],[73.658398,21.88983],[73.658403,21.889832],[73.6584,21.889829],[73.658402,21.889822],[73.658407,21.889819],[73.658413,21.88982],[73.658413,21.889812],[73.658406,21.889808],[73.658398,21.88981],[73.65839,21.8898],[73.658383,21.889797],[73.658371,21.88978],[73.658362,21.889776],[73.658356,21.889769],[73.658349,21.889767],[73.658348,21.889731],[73.658357,21.889712],[73.658369,21.88971],[73.658371,21.889707],[73.658381,21.889702],[73.658384,21.889696],[73.65839,21.889694],[73.658409,21.889693],[73.658416,21.88969],[73.65842,21.889684],[73.658426,21.88965],[73.658433,21.889641],[73.658465,21.889625],[73.65847,21.889625],[73.658477,21.889617],[73.658486,21.889615],[73.658502,21.889605],[73.658527,21.889596],[73.658541,21.889587],[73.658562,21.889581],[73.658584,21.889582],[73.65859,21.889581],[73.658597,21.889583],[73.658615,21.889586],[73.658621,21.889584],[73.658634,21.889587],[73.658641,21.889594],[73.658651,21.889596],[73.658696,21.889578],[73.658695,21.889575],[73.658691,21.889576],[73.658668,21.889564],[73.658669,21.889561],[73.658666,21.889551],[73.658671,21.889547],[73.65868,21.889545],[73.658682,21.889541],[73.658672,21.889533],[73.658662,21.889531],[73.658663,21.889526],[73.658649,21.889521],[73.658637,21.889525],[73.658615,21.889519],[73.658616,21.88951],[73.658612,21.889507],[73.658613,21.889501],[73.658623,21.889488],[73.658624,21.889484],[73.658631,21.889478],[73.658633,21.889469],[73.658629,21.889464],[73.658639,21.889449],[73.658637,21.889437],[73.658643,21.889421],[73.658647,21.889418],[73.658647,21.889413],[73.658644,21.889404],[73.658631,21.889394],[73.658621,21.889382],[73.658614,21.889367],[73.658608,21.889365],[73.658605,21.889359],[73.658608,21.889356],[73.658619,21.889354],[73.658622,21.889347],[73.658628,21.889349],[73.658638,21.889344],[73.658648,21.889336],[73.658649,21.889331],[73.658653,21.889333],[73.658657,21.889333],[73.65866,21.889328],[73.658664,21.889327],[73.65866,21.889324],[73.658667,21.88932],[73.658669,21.889311],[73.658675,21.889309],[73.658681,21.889313],[73.658694,21.889308],[73.658697,21.889303],[73.658704,21.889305],[73.65871,21.889303],[73.65871,21.889299],[73.658716,21.889302],[73.658718,21.8893],[73.658724,21.889299],[73.65872,21.889297],[73.658715,21.889298],[73.658715,21.889295],[73.658733,21.889296],[73.658749,21.889292],[73.658752,21.889293],[73.658751,21.889296],[73.658756,21.889296],[73.658762,21.889292],[73.65877,21.889297],[73.658775,21.889296],[73.658792,21.889303],[73.658801,21.889308],[73.658817,21.889299],[73.658817,21.88929],[73.658831,21.889283],[73.658849,21.889286],[73.658861,21.88928],[73.658873,21.889283],[73.658887,21.88928],[73.6589,21.889287],[73.658922,21.889293],[73.658933,21.889289],[73.658946,21.889289],[73.658964,21.889285],[73.658969,21.889286],[73.658972,21.889284],[73.65898,21.889283],[73.659014,21.889291],[73.659035,21.88929],[73.659053,21.889292],[73.65907,21.88929],[73.659076,21.889292],[73.659082,21.889291],[73.659099,21.889293],[73.659112,21.889298],[73.659128,21.889302],[73.659143,21.88931],[73.65915,21.889317],[73.659159,21.889334],[73.65917,21.88934],[73.659188,21.889358],[73.65919,21.889362],[73.659188,21.889365],[73.659195,21.889369],[73.659202,21.889379],[73.659208,21.889382],[73.659223,21.889382],[73.659227,21.889384],[73.659259,21.889381],[73.659274,21.889375],[73.659281,21.889378],[73.659335,21.889373],[73.659349,21.889372],[73.659353,21.889374],[73.659358,21.889371],[73.659373,21.889367],[73.659381,21.889361],[73.659406,21.889355],[73.659411,21.889357],[73.659416,21.889356],[73.659419,21.889352],[73.659451,21.889352],[73.659469,21.889348],[73.659492,21.88935],[73.65954,21.88934],[73.659548,21.889338],[73.659551,21.88933],[73.659557,21.889327],[73.659566,21.889326],[73.659568,21.889331],[73.659579,21.889328],[73.659591,21.889319],[73.659599,21.889306],[73.659617,21.889295],[73.659631,21.88928],[73.659649,21.889271],[73.659657,21.889263],[73.659669,21.889261],[73.659674,21.88927],[73.659681,21.889273],[73.659684,21.889269],[73.659691,21.889274],[73.659696,21.889273],[73.659702,21.889277],[73.659741,21.889259],[73.659755,21.889258],[73.65977,21.889261],[73.659772,21.889258],[73.659783,21.889256],[73.659794,21.88925],[73.659802,21.88925],[73.659815,21.889245],[73.659821,21.889246],[73.659843,21.889234],[73.659851,21.889238],[73.659855,21.889258],[73.659865,21.889268],[73.659881,21.889277],[73.659888,21.889277],[73.659888,21.889283],[73.659893,21.889286],[73.659902,21.889286],[73.659904,21.889294],[73.659914,21.8893],[73.659915,21.889308],[73.659927,21.889309],[73.659929,21.889313],[73.659932,21.889311],[73.659935,21.889313],[73.659935,21.889315],[73.659928,21.889322],[73.659933,21.889325],[73.659939,21.889324],[73.659945,21.889326],[73.659945,21.889329],[73.659948,21.889327],[73.659959,21.889335],[73.659964,21.889335],[73.659965,21.889343],[73.659969,21.889346],[73.659975,21.889346],[73.659982,21.889355],[73.659983,21.889359],[73.659988,21.889362],[73.660005,21.889364],[73.660018,21.889361],[73.660044,21.889366],[73.660051,21.889375],[73.660069,21.889379],[73.66008,21.889385],[73.660078,21.889387],[73.660084,21.889386],[73.660092,21.889389],[73.660099,21.889396],[73.660106,21.889397],[73.660106,21.889401],[73.66011,21.889403],[73.660141,21.889405],[73.66015,21.889407],[73.660156,21.889412],[73.660158,21.889416],[73.660161,21.889417],[73.660166,21.889415],[73.660184,21.889419],[73.660194,21.889427],[73.660204,21.889428],[73.660223,21.889441],[73.660253,21.889446],[73.660261,21.889449],[73.66028,21.889448],[73.660294,21.889452],[73.660296,21.889454],[73.660314,21.889455],[73.660328,21.889452],[73.660346,21.889457],[73.66035,21.889462],[73.66036,21.88946],[73.660368,21.889449],[73.660399,21.889427],[73.660407,21.889423],[73.660417,21.889422],[73.660417,21.889425],[73.660424,21.889424],[73.660445,21.889431],[73.660446,21.889445],[73.660437,21.889456],[73.660442,21.889466],[73.660447,21.889469],[73.660458,21.889465],[73.660465,21.889459],[73.660474,21.889462],[73.660482,21.889461],[73.660488,21.889466],[73.660498,21.889469],[73.660516,21.889478],[73.660535,21.889477],[73.660542,21.889483],[73.660557,21.889482],[73.66056,21.88948],[73.660569,21.889479],[73.660577,21.889476],[73.660579,21.889471],[73.660593,21.889462],[73.660598,21.889451],[73.660606,21.889442],[73.660611,21.88942],[73.660618,21.889408],[73.660621,21.889392],[73.660628,21.889378],[73.660642,21.889367],[73.660648,21.889364],[73.660655,21.889365],[73.660655,21.889362],[73.660661,21.889356],[73.660664,21.889346],[73.660675,21.889336],[73.660681,21.889336],[73.660696,21.889324],[73.660721,21.889312],[73.660732,21.88931],[73.660735,21.889313],[73.660739,21.889312],[73.66074,21.889314],[73.660746,21.889309],[73.660761,21.889307],[73.660764,21.88931],[73.660777,21.889303],[73.660782,21.889304],[73.660797,21.889287],[73.660822,21.889276],[73.660835,21.889278],[73.66084,21.889276],[73.660843,21.889283],[73.660852,21.889281],[73.660856,21.889283],[73.660889,21.889277],[73.660899,21.889273],[73.66091,21.889263],[73.660916,21.889262],[73.660916,21.889258],[73.660929,21.889248],[73.660932,21.889249],[73.660938,21.889245],[73.660949,21.889247],[73.660958,21.889242],[73.660962,21.889235],[73.660956,21.889229],[73.660962,21.889217],[73.660985,21.889213],[73.660995,21.889209],[73.661003,21.889198],[73.661004,21.889192],[73.660999,21.889172],[73.660989,21.889155],[73.660995,21.889148],[73.660997,21.889141],[73.661001,21.889138],[73.661002,21.889132],[73.661,21.889123],[73.660992,21.889112],[73.660991,21.889107],[73.66101,21.889081],[73.661017,21.889078],[73.661021,21.889082],[73.661045,21.889095],[73.661051,21.889102],[73.661066,21.889106],[73.661087,21.889096],[73.661097,21.889087],[73.661105,21.889087],[73.661104,21.889085],[73.661109,21.889081],[73.661113,21.88908],[73.661121,21.889084],[73.661126,21.889084],[73.661137,21.889074],[73.661139,21.889068],[73.661148,21.889062],[73.661143,21.889059],[73.661142,21.889055],[73.661145,21.889057],[73.661146,21.889055],[73.661141,21.889047],[73.661151,21.889038],[73.661158,21.889032],[73.661169,21.889029],[73.66118,21.889032],[73.661183,21.88903],[73.661182,21.889027],[73.661187,21.88903],[73.661193,21.889026],[73.661196,21.889013],[73.661194,21.889012],[73.661201,21.889004],[73.661197,21.889],[73.661199,21.888991],[73.661201,21.88899],[73.661201,21.888986],[73.661198,21.888985],[73.661199,21.888977],[73.661211,21.88898],[73.661229,21.888965],[73.661242,21.88896],[73.661248,21.888961],[73.661252,21.888955],[73.661261,21.888955],[73.661267,21.888943],[73.661265,21.88894],[73.661273,21.888935],[73.661283,21.888937],[73.661289,21.88894],[73.661295,21.888935],[73.6613,21.888935],[73.661299,21.888932],[73.661302,21.888929],[73.6613,21.888927],[73.661302,21.888924],[73.661296,21.888914],[73.661297,21.888902],[73.661279,21.888874],[73.661279,21.888866],[73.661297,21.888865],[73.6613,21.888859],[73.6613,21.888853],[73.661314,21.88884],[73.661325,21.888843],[73.661322,21.888852],[73.661327,21.888863],[73.661335,21.888864],[73.661344,21.888857],[73.661346,21.888859],[73.661343,21.888853],[73.66135,21.888847],[73.661353,21.888841],[73.661362,21.888835],[73.661362,21.888829],[73.661369,21.888816],[73.661371,21.888807],[73.661367,21.888798],[73.661371,21.888769],[73.661369,21.888764],[73.661384,21.888743],[73.661389,21.888732],[73.661401,21.888718],[73.661395,21.888706],[73.661387,21.888699],[73.661382,21.888698],[73.661371,21.888702],[73.661367,21.888706],[73.661352,21.888709],[73.661343,21.88872],[73.661328,21.88872],[73.661326,21.888714],[73.661331,21.888703],[73.66134,21.888693],[73.66134,21.888687],[73.66133,21.888671],[73.661326,21.888674],[73.661323,21.888668],[73.661319,21.888666],[73.661306,21.888673],[73.6613,21.888664],[73.661296,21.888664],[73.661303,21.888651],[73.661302,21.888647],[73.661305,21.888649],[73.661305,21.888646],[73.661309,21.888645],[73.661308,21.888639],[73.661317,21.888634],[73.66132,21.888639],[73.661326,21.888638],[73.661326,21.888635],[73.66133,21.888633],[73.661335,21.888633],[73.661342,21.888629],[73.661353,21.888627],[73.661368,21.888627],[73.661374,21.888622],[73.661371,21.888612],[73.661376,21.888612],[73.661377,21.888616],[73.661391,21.888615],[73.661384,21.88862],[73.661385,21.888624],[73.661377,21.888626],[73.661368,21.888633],[73.661368,21.888638],[73.661371,21.888643],[73.661379,21.88865],[73.661399,21.888645],[73.661412,21.888652],[73.661421,21.888653],[73.661433,21.88864],[73.661439,21.888638],[73.661449,21.888623],[73.661457,21.888623],[73.661466,21.888629],[73.661469,21.888617],[73.661448,21.888615],[73.661459,21.888611],[73.661466,21.888606],[73.66147,21.888607],[73.661475,21.888606],[73.66147,21.888592],[73.661467,21.88859],[73.661461,21.888579],[73.661465,21.888578],[73.661472,21.88858],[73.661468,21.888571],[73.661473,21.888571],[73.661476,21.888566],[73.661479,21.888568],[73.661488,21.888565],[73.66149,21.888561],[73.661508,21.888552],[73.661501,21.888532],[73.661502,21.888524],[73.661504,21.888522],[73.661511,21.888529],[73.661519,21.888524],[73.661518,21.888521],[73.661512,21.888521],[73.661521,21.88851],[73.661526,21.888508],[73.661525,21.888504],[73.661519,21.888502],[73.661525,21.888498],[73.661529,21.888485],[73.661534,21.888482],[73.661536,21.888485],[73.66154,21.888484],[73.66154,21.888476],[73.661547,21.888475],[73.661551,21.888464],[73.661555,21.888464],[73.661557,21.888457],[73.661562,21.888451],[73.661565,21.888452],[73.661562,21.888444],[73.661564,21.888443],[73.661568,21.888445],[73.661573,21.888439],[73.661569,21.888437],[73.66157,21.888434],[73.661582,21.888429],[73.661584,21.888421],[73.661588,21.888418],[73.661588,21.888413],[73.661593,21.888411],[73.661591,21.888406],[73.661597,21.888396],[73.6616,21.888395],[73.661595,21.888402],[73.661597,21.888406],[73.661605,21.888398],[73.661612,21.888395],[73.661611,21.888399],[73.661621,21.888392],[73.66162,21.888387],[73.661615,21.888393],[73.661612,21.888392],[73.66162,21.888375],[73.661629,21.888366],[73.66163,21.888369],[73.661633,21.888369],[73.661636,21.888361],[73.661644,21.888351],[73.661653,21.888347],[73.661669,21.888319],[73.661684,21.888307],[73.661695,21.888291],[73.661715,21.888273],[73.661722,21.888263],[73.661731,21.888259],[73.661732,21.888252],[73.661741,21.888246],[73.661744,21.888235],[73.661747,21.888237],[73.66175,21.888234],[73.661755,21.888223],[73.661754,21.888209],[73.661761,21.8882],[73.661762,21.888192],[73.661782,21.888163],[73.661784,21.888145],[73.661801,21.888129],[73.661806,21.888111],[73.661813,21.888095],[73.661827,21.888086],[73.661846,21.888051],[73.661866,21.888035],[73.661877,21.888024],[73.661884,21.888022],[73.661888,21.888017],[73.661902,21.888011],[73.661925,21.887993],[73.661932,21.887991],[73.661943,21.887983],[73.661961,21.887977],[73.661964,21.887972],[73.66197,21.887968],[73.661974,21.887963],[73.661978,21.887962],[73.661983,21.887956],[73.661989,21.887954],[73.662,21.887952],[73.662006,21.887953],[73.66202,21.887949],[73.662028,21.887952],[73.662036,21.887951],[73.662044,21.887947],[73.662048,21.887941],[73.662065,21.887927],[73.662083,21.887918],[73.662093,21.887909],[73.662122,21.887908],[73.662129,21.887906],[73.662144,21.887888],[73.662158,21.887861],[73.662173,21.887848],[73.662175,21.88784],[73.66218,21.887834],[73.662181,21.887826],[73.662184,21.887826],[73.662197,21.887808],[73.66221,21.887779],[73.662209,21.887771],[73.662214,21.887758],[73.662204,21.887733],[73.662203,21.887722],[73.662193,21.887705],[73.662185,21.887677],[73.662181,21.887673],[73.662166,21.887667],[73.662147,21.887641],[73.66214,21.887623],[73.662132,21.887618],[73.662131,21.887613],[73.662119,21.887608],[73.662115,21.887603],[73.662114,21.887581],[73.662112,21.887575],[73.662116,21.887558],[73.66211,21.887548],[73.662098,21.887537],[73.662095,21.887529],[73.662085,21.887522],[73.66207,21.887498],[73.662058,21.887491],[73.662032,21.887486],[73.662,21.887472],[73.661976,21.887473],[73.661961,21.887468],[73.66195,21.887467],[73.661935,21.887457],[73.661902,21.88745],[73.661881,21.887449],[73.66186,21.887454],[73.661845,21.887454],[73.66181,21.887458],[73.661802,21.887462],[73.661788,21.887461],[73.66177,21.887463],[73.661742,21.88747],[73.661728,21.887467],[73.661702,21.887466],[73.661648,21.88747],[73.661596,21.887485],[73.661578,21.887485],[73.661565,21.887492],[73.661559,21.887488],[73.661548,21.887489],[73.661541,21.887485],[73.66153,21.887489],[73.661523,21.887488],[73.661521,21.887485],[73.661504,21.887486],[73.661496,21.887485],[73.661473,21.887489],[73.661458,21.887496],[73.66145,21.887495],[73.661438,21.887496],[73.661422,21.887503],[73.661413,21.887502],[73.661388,21.887494],[73.661379,21.887496],[73.661369,21.887494],[73.661352,21.887499],[73.661338,21.887506],[73.661312,21.887504],[73.661304,21.887498],[73.661284,21.887489],[73.661254,21.88749],[73.661245,21.887487],[73.661216,21.887487],[73.661204,21.887483],[73.661193,21.887486],[73.661183,21.887484],[73.66118,21.887482],[73.661172,21.887481],[73.661168,21.887483],[73.661159,21.887481],[73.661093,21.887496],[73.66108,21.887495],[73.661069,21.887492],[73.661054,21.887495],[73.661019,21.887493],[73.66101,21.887496],[73.661003,21.887494],[73.660998,21.887488],[73.660981,21.887477],[73.660975,21.887479],[73.660972,21.887475],[73.660963,21.887482],[73.66096,21.887489],[73.660956,21.88749],[73.660954,21.887484],[73.660946,21.887483],[73.660939,21.887488],[73.660919,21.887489],[73.660894,21.887497],[73.660885,21.887495],[73.660877,21.887488],[73.660873,21.887487],[73.660844,21.887492],[73.660832,21.8875],[73.660818,21.887496],[73.660795,21.887502],[73.660786,21.887501],[73.660777,21.887493],[73.660772,21.887491],[73.66076,21.887493],[73.660747,21.8875],[73.660738,21.887501],[73.660709,21.887494],[73.660698,21.887498],[73.660688,21.887495],[73.660662,21.887494],[73.660654,21.88749],[73.660637,21.88749],[73.660627,21.887486],[73.660608,21.88749],[73.660601,21.887488],[73.660571,21.887492],[73.660554,21.887488],[73.66055,21.887491],[73.660542,21.88749],[73.660535,21.887494],[73.660522,21.887492],[73.660513,21.887496],[73.660501,21.887494],[73.660494,21.887495],[73.660481,21.88749],[73.660475,21.887494],[73.660459,21.887493],[73.660432,21.887499],[73.660429,21.887496],[73.660424,21.887496],[73.660403,21.887498],[73.660391,21.887496],[73.660379,21.8875],[73.660374,21.887494],[73.660345,21.887496],[73.660325,21.88749],[73.660319,21.887494],[73.660316,21.887493],[73.66031,21.887494],[73.660302,21.887491],[73.660298,21.887494],[73.660293,21.887493],[73.660291,21.887495],[73.660284,21.887495],[73.66028,21.887491],[73.660276,21.887491],[73.660268,21.887494],[73.660249,21.887496],[73.660237,21.887492],[73.660229,21.887496],[73.660199,21.887503],[73.660191,21.887499],[73.660189,21.887493],[73.660184,21.88749],[73.660184,21.887488],[73.660188,21.887484],[73.660183,21.887482],[73.660179,21.887482],[73.660177,21.887486],[73.660171,21.88748],[73.660168,21.88748],[73.660166,21.887483],[73.660167,21.887491],[73.660157,21.887491],[73.660151,21.887486],[73.660148,21.887488],[73.660143,21.887488],[73.660144,21.887481],[73.660141,21.887479],[73.66013,21.88748],[73.660124,21.887475],[73.660116,21.887476],[73.660108,21.887469],[73.660098,21.887471],[73.660084,21.887469],[73.660072,21.887473],[73.660069,21.887469],[73.660058,21.887472],[73.660059,21.887479],[73.660056,21.887483],[73.660043,21.887487],[73.660025,21.887488],[73.660007,21.887485],[73.66,21.887488],[73.659999,21.887495],[73.659979,21.887495],[73.659958,21.887502],[73.659929,21.8875],[73.659918,21.887504],[73.659898,21.887504],[73.659894,21.887507],[73.659873,21.887509],[73.659863,21.887512],[73.659833,21.88751],[73.659823,21.887514],[73.659819,21.887525],[73.659813,21.887528],[73.659806,21.887529],[73.659804,21.887534],[73.659801,21.887536],[73.659807,21.887541],[73.659805,21.887547],[73.65979,21.887551],[73.659782,21.887558],[73.659773,21.887557],[73.659772,21.887554],[73.659756,21.887564],[73.659748,21.887566],[73.659749,21.88758],[73.659745,21.887584],[73.659745,21.887589],[73.659741,21.887597],[73.659736,21.8876],[73.659742,21.887602],[73.659749,21.887601],[73.659751,21.887604],[73.659751,21.88761],[73.659754,21.887612],[73.659766,21.887602],[73.659774,21.887599],[73.659781,21.887602],[73.659787,21.887608],[73.659801,21.887612],[73.659796,21.887616],[73.659785,21.887614],[73.659774,21.887617],[73.659771,21.88762],[73.65976,21.887619],[73.659752,21.887622],[73.659736,21.887623],[73.659727,21.887627],[73.659717,21.887624],[73.659712,21.887627],[73.659703,21.887626],[73.659688,21.887628],[73.659689,21.887623],[73.659699,21.887623],[73.659706,21.887614],[73.659701,21.887611],[73.659692,21.887615],[73.659682,21.887612],[73.659679,21.887615],[73.659675,21.887612],[73.659673,21.887607],[73.659667,21.887605],[73.659656,21.88761],[73.659647,21.887608],[73.659643,21.887612],[73.659638,21.887613],[73.659634,21.887622],[73.659629,21.887625],[73.659616,21.887625],[73.659614,21.88762],[73.659611,21.887623],[73.659605,21.887624],[73.659596,21.887617],[73.659586,21.887616],[73.659574,21.887624],[73.659556,21.887628],[73.659547,21.887634],[73.659529,21.88763],[73.659503,21.887636],[73.659494,21.887641],[73.659484,21.887638],[73.659465,21.88764],[73.659447,21.887656],[73.659443,21.887656],[73.659435,21.887653],[73.659423,21.887658],[73.659416,21.887655],[73.659386,21.887654],[73.659378,21.88765],[73.659362,21.887648],[73.659345,21.887643],[73.659333,21.887643],[73.659305,21.887635],[73.659296,21.887636],[73.659283,21.887628],[73.659265,21.887624],[73.659258,21.887623],[73.659248,21.887627],[73.659233,21.887623],[73.659213,21.887622],[73.659195,21.887618],[73.659187,21.887618],[73.659175,21.887606],[73.659166,21.887607],[73.659161,21.887605],[73.659148,21.887582],[73.65913,21.887563],[73.659113,21.887552],[73.659102,21.887539],[73.659089,21.887531],[73.659077,21.887528],[73.659046,21.887516],[73.65904,21.887505],[73.659034,21.887484],[73.659026,21.887476],[73.659018,21.887473],[73.659009,21.887474],[73.659001,21.887484],[73.658988,21.887492],[73.658983,21.887493],[73.658979,21.887483],[73.658987,21.887473],[73.658984,21.887462],[73.658975,21.887452],[73.658958,21.887446],[73.658948,21.887445],[73.65894,21.887448],[73.65893,21.887462],[73.658924,21.887466],[73.658904,21.887466],[73.658893,21.887463],[73.658875,21.887462],[73.65887,21.887464],[73.658855,21.887457],[73.658839,21.887459],[73.658806,21.887452],[73.658795,21.887446],[73.65878,21.887446],[73.65876,21.88744],[73.65874,21.887423],[73.658731,21.887419],[73.658726,21.887412],[73.658703,21.887401],[73.658664,21.887397],[73.658639,21.887391],[73.658605,21.887393],[73.658596,21.887389],[73.658584,21.887388],[73.658576,21.88739],[73.658559,21.887403],[73.658542,21.887407],[73.658534,21.887406],[73.658521,21.887396],[73.658488,21.887399],[73.658463,21.887407],[73.658468,21.88741],[73.658466,21.887415],[73.658456,21.887411],[73.658439,21.887412],[73.658405,21.887393],[73.658387,21.887389],[73.658369,21.887392],[73.658349,21.887404],[73.658322,21.887401],[73.658316,21.887402],[73.658305,21.887411],[73.658287,21.887417],[73.658279,21.887416]]}},{"type":"Feature","properties":{"elevation":54},"geometry":{"type":"LineString","coordinates":[[73.65795,21.890049],[73.65796,21.890051],[73.657961,21.890046],[73.657974,21.890047],[73.657984,21.890043],[73.657995,21.890047],[73.658001,21.890046],[73.658008,21.89005],[73.658014,21.890051],[73.658032,21.890042],[73.658063,21.890036],[73.658099,21.890035],[73.658101,21.89004],[73.658107,21.890043],[73.658118,21.890038],[73.658126,21.89004],[73.658141,21.890036],[73.658171,21.890036],[73.658185,21.890032],[73.658195,21.890033],[73.658207,21.890031],[73.658217,21.890026],[73.658237,21.890026],[73.658248,21.890021],[73.658251,21.890024],[73.658259,21.890023],[73.658271,21.890015],[73.658295,21.890012],[73.658314,21.890005],[73.65833,21.890004],[73.658335,21.889999],[73.658356,21.889996],[73.658362,21.889991],[73.658379,21.889986],[73.658407,21.889988],[73.658424,21.889983],[73.658441,21.889984],[73.658449,21.889981],[73.658457,21.889982],[73.658479,21.889973],[73.658487,21.889973],[73.658498,21.88997],[73.65852,21.889969],[73.658533,21.889972],[73.658562,21.889967],[73.658576,21.889968],[73.658588,21.889967],[73.658601,21.889961],[73.658609,21.889962],[73.658622,21.889955],[73.658647,21.889951],[73.658653,21.889935],[73.658658,21.889932],[73.658662,21.889925],[73.658669,21.889925],[73.658675,21.889916],[73.658681,21.889902],[73.658677,21.889888],[73.658673,21.88989],[73.658667,21.889889],[73.658666,21.889892],[73.658656,21.889896],[73.65865,21.889904],[73.658647,21.8899],[73.658641,21.889898],[73.65864,21.889901],[73.658643,21.889905],[73.658638,21.889908],[73.658638,21.889913],[73.658632,21.889915],[73.65863,21.889926],[73.658627,21.889927],[73.658625,21.889932],[73.658616,21.889931],[73.658614,21.889934],[73.658607,21.889933],[73.658606,21.889931],[73.658611,21.889931],[73.658612,21.889928],[73.658599,21.88993],[73.658597,21.889929],[73.6586,21.889927],[73.658599,21.889925],[73.658592,21.889927],[73.658596,21.889934],[73.658585,21.889929],[73.658579,21.889931],[73.658573,21.889927],[73.658567,21.889929],[73.658558,21.889927],[73.658544,21.88993],[73.658538,21.889921],[73.658527,21.889918],[73.658525,21.889915],[73.658525,21.889911],[73.658527,21.889907],[73.658524,21.889898],[73.658527,21.889891],[73.658526,21.88988],[73.658521,21.889873],[73.658514,21.889869],[73.658487,21.889867],[73.658484,21.889861],[73.658475,21.889853],[73.658471,21.889852],[73.658468,21.889844],[73.65846,21.889841],[73.658457,21.889823],[73.658452,21.889815],[73.658394,21.889791],[73.658379,21.889776],[73.658377,21.88977],[73.658372,21.889769],[73.65837,21.889764],[73.658375,21.889753],[73.65837,21.889745],[73.658376,21.889734],[73.658373,21.88973],[73.65838,21.889727],[73.658386,21.889729],[73.65839,21.889729],[73.658398,21.889726],[73.658401,21.889721],[73.658404,21.889723],[73.658411,21.889722],[73.658425,21.889708],[73.658431,21.889697],[73.658437,21.889694],[73.658442,21.889687],[73.658444,21.88968],[73.658438,21.889664],[73.658442,21.889655],[73.65845,21.889648],[73.658458,21.889645],[73.658471,21.889643],[73.658488,21.889627],[73.658503,21.889623],[73.658505,21.889619],[73.658515,21.889619],[73.658538,21.889609],[73.658541,21.88961],[73.658544,21.889608],[73.658541,21.889608],[73.658542,21.889604],[73.658545,21.889606],[73.658561,21.889599],[73.658564,21.889595],[73.65858,21.889593],[73.658594,21.889597],[73.658621,21.8896],[73.658623,21.889604],[73.658629,21.889607],[73.658638,21.889607],[73.658646,21.889604],[73.658672,21.889607],[73.658677,21.889605],[73.658704,21.889605],[73.658713,21.889603],[73.658717,21.889599],[73.658722,21.889601],[73.658726,21.889599],[73.658738,21.8896],[73.658743,21.889603],[73.658758,21.889603],[73.658772,21.889606],[73.658787,21.889603],[73.658782,21.889598],[73.658782,21.889589],[73.658763,21.889574],[73.658759,21.889566],[73.65876,21.88956],[73.658764,21.889553],[73.65877,21.889552],[73.658762,21.88954],[73.658758,21.88954],[73.658757,21.889531],[73.658753,21.889532],[73.658753,21.889527],[73.65875,21.889529],[73.658743,21.889526],[73.658739,21.88952],[73.658729,21.889517],[73.658727,21.889515],[73.658729,21.88951],[73.658726,21.889506],[73.658722,21.889519],[73.658713,21.889517],[73.658712,21.889512],[73.658704,21.889506],[73.658701,21.889499],[73.658688,21.889492],[73.658685,21.889488],[73.658677,21.889485],[73.658684,21.889476],[73.658679,21.889475],[73.658677,21.88947],[73.658682,21.88945],[73.658679,21.889438],[73.658683,21.889437],[73.658682,21.889434],[73.658686,21.889433],[73.65869,21.889435],[73.658695,21.889433],[73.65869,21.889423],[73.658698,21.889421],[73.658699,21.889414],[73.658701,21.889413],[73.658703,21.889407],[73.658706,21.889404],[73.658703,21.889393],[73.658699,21.889387],[73.658695,21.889387],[73.658695,21.889384],[73.658703,21.889382],[73.658701,21.889387],[73.658704,21.889388],[73.658708,21.889387],[73.65871,21.889394],[73.658714,21.889395],[73.658721,21.889392],[73.658721,21.889386],[73.658732,21.889385],[73.658732,21.889376],[73.65874,21.889372],[73.658739,21.889367],[73.658745,21.889361],[73.658744,21.889357],[73.658749,21.889357],[73.658755,21.889363],[73.658758,21.889363],[73.658762,21.889366],[73.658773,21.889368],[73.658783,21.889373],[73.658795,21.889372],[73.658809,21.889367],[73.658808,21.889362],[73.658813,21.889356],[73.658809,21.889348],[73.658814,21.889344],[73.658813,21.889333],[73.65881,21.889327],[73.658817,21.88931],[73.65883,21.889303],[73.658851,21.889309],[73.65886,21.889304],[73.658863,21.889306],[73.658875,21.889303],[73.658878,21.889305],[73.658882,21.889303],[73.658891,21.88931],[73.658897,21.889311],[73.65891,21.889318],[73.658924,21.889317],[73.658933,21.889322],[73.65893,21.889318],[73.65893,21.889314],[73.658943,21.889306],[73.658951,21.889306],[73.658958,21.889309],[73.65898,21.889304],[73.658988,21.889307],[73.658992,21.889303],[73.659004,21.889307],[73.65902,21.889309],[73.659038,21.889304],[73.659054,21.889303],[73.65907,21.889308],[73.659084,21.889307],[73.659096,21.889311],[73.659098,21.889314],[73.6591,21.889313],[73.659112,21.889318],[73.65913,21.889321],[73.659144,21.889332],[73.65915,21.889343],[73.659161,21.889353],[73.659179,21.889362],[73.659189,21.889377],[73.659198,21.889385],[73.659204,21.889395],[73.659218,21.889399],[73.659247,21.889394],[73.659257,21.889396],[73.65927,21.889393],[73.659308,21.889393],[73.659311,21.889394],[73.659319,21.889391],[73.659328,21.889394],[73.659349,21.889388],[73.659377,21.889387],[73.659383,21.889385],[73.659389,21.889386],[73.659407,21.889381],[73.659409,21.889378],[73.659426,21.889375],[73.659432,21.889376],[73.659434,21.889373],[73.659447,21.889369],[73.659491,21.889374],[73.659498,21.889372],[73.659508,21.889374],[73.659511,21.889372],[73.659518,21.889371],[73.659525,21.889373],[73.659527,21.889368],[73.659541,21.889365],[73.65954,21.889355],[73.659551,21.889353],[73.659559,21.889356],[73.659565,21.889356],[73.659572,21.889352],[73.659588,21.889349],[73.659594,21.88934],[73.659591,21.889338],[73.659585,21.889338],[73.659583,21.889335],[73.659595,21.88933],[73.659603,21.889334],[73.659615,21.889327],[73.659622,21.889318],[73.659632,21.889315],[73.659637,21.8893],[73.659655,21.889298],[73.659659,21.8893],[73.65966,21.889304],[73.659666,21.889306],[73.659687,21.8893],[73.659695,21.889302],[73.659699,21.8893],[73.6597,21.889296],[73.659708,21.889288],[73.659726,21.88928],[73.659731,21.889275],[73.659747,21.88927],[73.659759,21.889273],[73.659768,21.889282],[73.659777,21.889287],[73.659794,21.889278],[73.659797,21.889279],[73.659797,21.889282],[73.659805,21.889279],[73.659808,21.889274],[73.659821,21.889276],[73.659826,21.88927],[73.65983,21.889274],[73.659826,21.889276],[73.65982,21.889287],[73.659822,21.889294],[73.659821,21.889299],[73.659827,21.889299],[73.659831,21.889305],[73.659837,21.889303],[73.65984,21.88931],[73.659848,21.889315],[73.659848,21.88932],[73.659859,21.889325],[73.659856,21.889334],[73.65987,21.889336],[73.659875,21.889339],[73.659872,21.889345],[73.659879,21.88935],[73.659877,21.889358],[73.659884,21.88936],[73.659896,21.889358],[73.659906,21.889361],[73.659904,21.889368],[73.659913,21.889368],[73.659907,21.889376],[73.65991,21.889379],[73.65991,21.88939],[73.659914,21.889393],[73.659921,21.889393],[73.659943,21.889382],[73.659956,21.889379],[73.659981,21.889382],[73.659994,21.889381],[73.660004,21.889385],[73.660011,21.889382],[73.660019,21.889385],[73.660032,21.889394],[73.660052,21.8894],[73.660056,21.889404],[73.660077,21.889407],[73.660094,21.889417],[73.660102,21.889417],[73.660104,21.889419],[73.660114,21.88942],[73.660126,21.889427],[73.66013,21.889433],[73.660147,21.889433],[73.660164,21.889441],[73.660168,21.88944],[73.660174,21.889441],[73.66021,21.889463],[73.660216,21.889464],[73.660223,21.889461],[73.66023,21.889461],[73.660242,21.88947],[73.660247,21.889472],[73.660258,21.88947],[73.66026,21.889474],[73.660272,21.889481],[73.660283,21.88948],[73.660288,21.889476],[73.660294,21.889475],[73.660327,21.88948],[73.66033,21.889482],[73.660334,21.88948],[73.660342,21.889482],[73.66036,21.889496],[73.660364,21.889504],[73.660371,21.889508],[73.660379,21.889506],[73.660392,21.889494],[73.660412,21.889503],[73.660417,21.889511],[73.660423,21.889515],[73.660434,21.889514],[73.660447,21.889517],[73.660454,21.889516],[73.660461,21.889519],[73.660473,21.889514],[73.660486,21.889515],[73.660495,21.889514],[73.660498,21.889512],[73.660506,21.889516],[73.660511,21.889511],[73.660526,21.889512],[73.660536,21.889515],[73.660562,21.889512],[73.660579,21.889506],[73.660583,21.889501],[73.660595,21.889496],[73.660603,21.889488],[73.66061,21.889487],[73.660611,21.889482],[73.660621,21.889482],[73.660618,21.889477],[73.660625,21.889469],[73.66062,21.889452],[73.660623,21.889438],[73.660632,21.889422],[73.660636,21.889405],[73.660649,21.889392],[73.660648,21.889389],[73.660659,21.889387],[73.660671,21.88939],[73.660688,21.889389],[73.660699,21.889397],[73.660704,21.889396],[73.660705,21.8894],[73.660708,21.889398],[73.660717,21.889398],[73.660721,21.889395],[73.66072,21.889391],[73.660717,21.889389],[73.660707,21.88939],[73.660707,21.88938],[73.660723,21.889365],[73.660727,21.889357],[73.660733,21.889351],[73.660743,21.889347],[73.660746,21.889347],[73.660749,21.889351],[73.660766,21.889344],[73.660771,21.889344],[73.660776,21.889335],[73.660779,21.889342],[73.660789,21.889342],[73.66079,21.889339],[73.660786,21.889336],[73.660779,21.889333],[73.660779,21.889329],[73.660793,21.88932],[73.660801,21.88932],[73.66081,21.889315],[73.660823,21.889322],[73.660825,21.889328],[73.660829,21.88933],[73.660819,21.889341],[73.660813,21.88935],[73.660806,21.889355],[73.660797,21.889356],[73.6608,21.889361],[73.660798,21.889364],[73.6608,21.889367],[73.660796,21.889371],[73.660798,21.889384],[73.660797,21.889392],[73.660804,21.88939],[73.660805,21.889394],[73.66082,21.88939],[73.660844,21.889372],[73.660851,21.889364],[73.660848,21.889338],[73.660852,21.88933],[73.660868,21.889321],[73.660872,21.889325],[73.660877,21.889318],[73.660897,21.88931],[73.6609,21.88931],[73.660903,21.889313],[73.660907,21.889309],[73.660912,21.88931],[73.66092,21.889302],[73.660939,21.889293],[73.660949,21.889286],[73.660965,21.88928],[73.660969,21.889276],[73.660978,21.889277],[73.660989,21.889267],[73.660995,21.889269],[73.661007,21.889263],[73.661012,21.889257],[73.661011,21.889244],[73.661027,21.889214],[73.661029,21.889205],[73.661035,21.889199],[73.661034,21.88919],[73.661027,21.889185],[73.661026,21.88918],[73.66103,21.889171],[73.661039,21.889163],[73.66104,21.889149],[73.661043,21.889146],[73.66104,21.889141],[73.661039,21.889134],[73.661057,21.889131],[73.661064,21.889128],[73.661088,21.889126],[73.661095,21.88912],[73.661109,21.889116],[73.661114,21.889117],[73.661121,21.889108],[73.661143,21.889096],[73.661147,21.889096],[73.661152,21.889094],[73.661161,21.889097],[73.661173,21.889092],[73.661203,21.889086],[73.661215,21.889077],[73.66122,21.889066],[73.661231,21.889063],[73.661234,21.889063],[73.661244,21.889057],[73.661253,21.889055],[73.661256,21.889046],[73.661254,21.889035],[73.661263,21.889026],[73.66125,21.889012],[73.661252,21.888994],[73.661246,21.888989],[73.661245,21.888983],[73.661255,21.888977],[73.661278,21.888976],[73.661287,21.88897],[73.661291,21.888964],[73.661305,21.888957],[73.661321,21.888916],[73.66132,21.888911],[73.661313,21.888902],[73.661313,21.888891],[73.661308,21.888888],[73.661311,21.888882],[73.661317,21.888881],[73.661325,21.888889],[73.661348,21.888894],[73.66136,21.888891],[73.661395,21.888891],[73.661402,21.888887],[73.661409,21.888887],[73.661419,21.88888],[73.661424,21.888867],[73.661423,21.888862],[73.661412,21.888842],[73.661425,21.888841],[73.66143,21.888838],[73.661431,21.888833],[73.661425,21.88883],[73.661431,21.888827],[73.661432,21.888821],[73.661424,21.888808],[73.661412,21.888807],[73.661408,21.888798],[73.6614,21.888794],[73.661395,21.888787],[73.661393,21.888791],[73.661388,21.888789],[73.661387,21.888782],[73.661383,21.888773],[73.661386,21.888771],[73.661389,21.888773],[73.661387,21.888768],[73.661392,21.888758],[73.661394,21.888745],[73.661398,21.888739],[73.661404,21.888735],[73.661409,21.888733],[73.661411,21.888735],[73.661413,21.888733],[73.661418,21.88872],[73.661428,21.888709],[73.661431,21.888699],[73.66143,21.888689],[73.661438,21.888674],[73.661442,21.888673],[73.661444,21.88868],[73.661449,21.888682],[73.661465,21.888674],[73.661464,21.88867],[73.661465,21.888667],[73.661466,21.888669],[73.661469,21.888668],[73.661485,21.888659],[73.661488,21.888655],[73.661486,21.888653],[73.661486,21.888642],[73.66148,21.888636],[73.661482,21.888628],[73.661489,21.888621],[73.661495,21.88862],[73.6615,21.888615],[73.661506,21.888615],[73.661507,21.888618],[73.661512,21.888619],[73.661512,21.888614],[73.661508,21.888612],[73.661509,21.888607],[73.661515,21.888602],[73.661514,21.888596],[73.661519,21.888592],[73.661532,21.888592],[73.661537,21.888583],[73.661535,21.888559],[73.661536,21.888549],[73.661548,21.888538],[73.661554,21.888525],[73.661563,21.888515],[73.661577,21.888481],[73.66158,21.888464],[73.661586,21.888456],[73.661587,21.888449],[73.661596,21.888445],[73.661601,21.888436],[73.661609,21.888429],[73.66162,21.888407],[73.661631,21.888395],[73.661634,21.888386],[73.661646,21.888372],[73.66165,21.888359],[73.661659,21.888352],[73.661659,21.888348],[73.661666,21.888343],[73.661678,21.88833],[73.661685,21.888317],[73.66172,21.888282],[73.661731,21.888276],[73.661737,21.888277],[73.661743,21.888271],[73.661745,21.888266],[73.661749,21.888264],[73.661752,21.888252],[73.661761,21.888241],[73.661765,21.888208],[73.66177,21.888195],[73.661778,21.888183],[73.661796,21.888172],[73.661795,21.888165],[73.661789,21.888158],[73.661791,21.888149],[73.661804,21.888136],[73.661813,21.888116],[73.661823,21.888108],[73.661829,21.888097],[73.661835,21.888092],[73.661842,21.888079],[73.661848,21.888073],[73.661855,21.888058],[73.661862,21.888056],[73.661864,21.88805],[73.661879,21.888037],[73.661888,21.888038],[73.661899,21.888034],[73.66191,21.888024],[73.661923,21.888022],[73.661938,21.888008],[73.661945,21.888008],[73.66195,21.888003],[73.661962,21.887996],[73.661974,21.887979],[73.661992,21.887962],[73.66201,21.88796],[73.662023,21.887962],[73.662051,21.887951],[73.662063,21.887937],[73.662084,21.887925],[73.662099,21.887921],[73.662109,21.887915],[73.662125,21.887915],[73.662136,21.887912],[73.662141,21.887907],[73.662144,21.887895],[73.662153,21.88789],[73.662163,21.887866],[73.662179,21.887857],[73.662188,21.887857],[73.662191,21.887849],[73.662198,21.887841],[73.662203,21.887827],[73.66221,21.887819],[73.662212,21.887809],[73.662217,21.887799],[73.662217,21.887793],[73.662222,21.887791],[73.662224,21.887786],[73.662222,21.88777],[73.662226,21.887758],[73.662221,21.887743],[73.662223,21.887734],[73.662216,21.887729],[73.662212,21.887722],[73.662214,21.88772],[73.662205,21.88771],[73.662203,21.887699],[73.662196,21.887685],[73.662194,21.887676],[73.662175,21.887655],[73.662168,21.887644],[73.662169,21.88764],[73.662161,21.887632],[73.66215,21.887617],[73.662142,21.887611],[73.662135,21.887595],[73.662124,21.887585],[73.662122,21.88758],[73.662124,21.887556],[73.662101,21.887528],[73.662087,21.887518],[73.662071,21.887496],[73.662057,21.887489],[73.662035,21.887485],[73.662019,21.887475],[73.661998,21.887468],[73.661981,21.887468],[73.661964,21.88746],[73.661954,21.887459],[73.661933,21.887451],[73.66188,21.887444],[73.661866,21.887445],[73.661838,21.887452],[73.661827,21.887449],[73.661817,21.887453],[73.661793,21.887454],[73.661757,21.887461],[73.661744,21.887459],[73.661741,21.887462],[73.661729,21.88746],[73.661719,21.887464],[73.661714,21.88746],[73.661701,21.887458],[73.661684,21.887463],[73.661641,21.887465],[73.661625,21.887471],[73.661607,21.88747],[73.661598,21.887475],[73.661592,21.887474],[73.661574,21.88748],[73.661537,21.887476],[73.661519,21.88747],[73.661515,21.887474],[73.661506,21.887472],[73.661449,21.887478],[73.661436,21.887477],[73.66143,21.887482],[73.661401,21.887481],[73.661395,21.887478],[73.661384,21.887481],[73.661376,21.887479],[73.661369,21.887481],[73.66135,21.887493],[73.661331,21.887494],[73.661319,21.887498],[73.661311,21.887489],[73.661307,21.887481],[73.661302,21.887478],[73.661278,21.887478],[73.661265,21.887474],[73.661243,21.887475],[73.661223,21.887471],[73.661204,21.887469],[73.661201,21.887471],[73.6612,21.887469],[73.661185,21.88747],[73.661176,21.887467],[73.661161,21.887467],[73.661143,21.887472],[73.661136,21.88747],[73.661126,21.887471],[73.661078,21.887484],[73.661049,21.887476],[73.661046,21.887478],[73.661025,21.887478],[73.661016,21.887475],[73.661013,21.887468],[73.660992,21.887469],[73.660975,21.887461],[73.660953,21.887465],[73.660936,21.887475],[73.660927,21.887472],[73.660916,21.88748],[73.660888,21.887483],[73.660876,21.88748],[73.66087,21.887482],[73.660863,21.887476],[73.660853,21.887479],[73.660831,21.887478],[73.660818,21.887475],[73.660791,21.887482],[73.660778,21.887477],[73.660757,21.887476],[73.660746,21.887482],[73.660727,21.887482],[73.660709,21.887478],[73.660684,21.887476],[73.660677,21.887471],[73.660655,21.887473],[73.660639,21.887469],[73.660607,21.887473],[73.660595,21.88747],[73.660579,21.887471],[73.660572,21.887469],[73.660562,21.887473],[73.660554,21.887471],[73.66054,21.887475],[73.660525,21.887471],[73.66051,21.887474],[73.660496,21.887472],[73.660486,21.887475],[73.66048,21.887473],[73.660477,21.887475],[73.660468,21.887477],[73.660463,21.887472],[73.660458,21.887475],[73.660431,21.887474],[73.660406,21.887478],[73.660402,21.887476],[73.660395,21.887475],[73.660393,21.887477],[73.66039,21.887476],[73.660375,21.887479],[73.660351,21.887476],[73.660337,21.887478],[73.660318,21.887473],[73.66031,21.887476],[73.660305,21.887474],[73.66027,21.887475],[73.660265,21.887471],[73.660255,21.887471],[73.660235,21.88748],[73.66021,21.887473],[73.660202,21.887473],[73.660191,21.887459],[73.660172,21.887451],[73.660154,21.887451],[73.66015,21.887452],[73.660141,21.887451],[73.660133,21.887455],[73.660121,21.887455],[73.660113,21.887458],[73.66009,21.887455],[73.660075,21.887458],[73.660054,21.887454],[73.660046,21.887457],[73.660041,21.887463],[73.660035,21.887464],[73.660028,21.887461],[73.66002,21.88747],[73.660002,21.887476],[73.659983,21.887478],[73.65997,21.887486],[73.659954,21.887487],[73.659948,21.88749],[73.65993,21.887493],[73.659883,21.887495],[73.659867,21.887501],[73.659861,21.887501],[73.659857,21.887507],[73.659832,21.887501],[73.659824,21.887503],[73.659819,21.887507],[73.659813,21.887508],[73.659806,21.887516],[73.659777,21.887523],[73.659771,21.887532],[73.659767,21.887544],[73.659737,21.887539],[73.659681,21.887551],[73.659673,21.887548],[73.659665,21.88755],[73.659649,21.887547],[73.65964,21.88755],[73.659628,21.887547],[73.659587,21.887558],[73.659574,21.88757],[73.659554,21.887574],[73.659543,21.887582],[73.659539,21.887582],[73.659536,21.887573],[73.659523,21.88756],[73.659495,21.887558],[73.659491,21.887555],[73.659492,21.887548],[73.659481,21.887547],[73.659478,21.887555],[73.659472,21.88756],[73.659469,21.887561],[73.659463,21.887556],[73.65946,21.887565],[73.659452,21.88757],[73.659426,21.887573],[73.659399,21.887572],[73.659389,21.887574],[73.659384,21.887579],[73.659378,21.887593],[73.659369,21.887602],[73.659367,21.887598],[73.659359,21.887597],[73.659348,21.887597],[73.659342,21.8876],[73.659333,21.887598],[73.659326,21.887599],[73.659315,21.887591],[73.659324,21.88759],[73.659324,21.887587],[73.659293,21.887575],[73.659284,21.887578],[73.659281,21.887575],[73.659275,21.887573],[73.659275,21.887567],[73.65927,21.887564],[73.659268,21.887549],[73.659274,21.887528],[73.659269,21.88752],[73.659268,21.887513],[73.659269,21.887507],[73.659276,21.887501],[73.659274,21.887493],[73.659259,21.887491],[73.659232,21.88749],[73.659215,21.887482],[73.659207,21.887485],[73.659194,21.887485],[73.659187,21.887489],[73.659179,21.887482],[73.659171,21.887479],[73.65911,21.88747],[73.659067,21.887453],[73.659062,21.887448],[73.659068,21.887446],[73.659066,21.887442],[73.659059,21.887442],[73.659058,21.887446],[73.65905,21.887445],[73.659033,21.887436],[73.658992,21.88742],[73.658978,21.88742],[73.658973,21.887414],[73.658957,21.887409],[73.658954,21.887406],[73.658936,21.887401],[73.658928,21.887397],[73.658921,21.887396],[73.658918,21.887392],[73.658899,21.887384],[73.658889,21.887384],[73.658877,21.887375],[73.658872,21.887376],[73.658874,21.887381],[73.658864,21.887383],[73.658855,21.887379],[73.658853,21.887375],[73.658847,21.887377],[73.658839,21.887374],[73.658825,21.887374],[73.658819,21.887371],[73.658806,21.887371],[73.658786,21.887363],[73.65878,21.887364],[73.658778,21.887369],[73.658774,21.88737],[73.658775,21.887365],[73.65876,21.887363],[73.658749,21.887354],[73.658725,21.887354],[73.658705,21.887365],[73.65869,21.887382],[73.658681,21.887385],[73.658661,21.887384],[73.658629,21.887375],[73.658605,21.887382],[73.6586,21.887381],[73.658594,21.887374],[73.658575,21.887373],[73.658544,21.88738],[73.65853,21.88738],[73.658526,21.887383],[73.658488,21.887389],[73.658459,21.887401],[73.658454,21.887398],[73.658421,21.88739],[73.658398,21.887377],[73.658391,21.887376],[73.658368,21.887383],[73.658348,21.887394],[73.658314,21.887395],[73.658281,21.887408]]}},{"type":"Feature","properties":{"elevation":53},"geometry":{"type":"LineString","coordinates":[[73.658025,21.89007],[73.658032,21.890062],[73.658043,21.890056],[73.658053,21.890057],[73.658066,21.890054],[73.65809,21.890066],[73.6581,21.890061],[73.658109,21.89005],[73.658127,21.890055],[73.65813,21.89006],[73.658131,21.890057],[73.658133,21.890056],[73.658134,21.890059],[73.658137,21.890056],[73.658136,21.890053],[73.658156,21.89005],[73.658168,21.890053],[73.658179,21.89005],[73.658192,21.89005],[73.658202,21.890047],[73.658209,21.890043],[73.658227,21.890042],[73.658263,21.890034],[73.658283,21.890034],[73.658318,21.890019],[73.658328,21.89002],[73.65833,21.890017],[73.658338,21.890014],[73.658355,21.89001],[73.658369,21.890011],[73.658391,21.890002],[73.658413,21.890002],[73.65843,21.889998],[73.658434,21.89],[73.658446,21.889995],[73.658461,21.889995],[73.658478,21.88999],[73.658486,21.889985],[73.658499,21.889988],[73.658503,21.889987],[73.658503,21.889984],[73.658513,21.889983],[73.658528,21.889984],[73.658583,21.889979],[73.658605,21.889973],[73.658618,21.889973],[73.658624,21.889968],[73.658638,21.889966],[73.658676,21.889967],[73.658689,21.889964],[73.6587,21.889962],[73.658718,21.889953],[73.658733,21.889951],[73.658753,21.889942],[73.658768,21.889933],[73.65878,21.889928],[73.658795,21.889917],[73.658815,21.889911],[73.658825,21.889903],[73.658837,21.889899],[73.658842,21.889893],[73.658841,21.889877],[73.658839,21.88987],[73.658833,21.889863],[73.658833,21.889854],[73.658828,21.889847],[73.658829,21.88984],[73.658824,21.889831],[73.658815,21.889826],[73.658814,21.889823],[73.658816,21.88982],[73.658813,21.889821],[73.658807,21.889813],[73.658807,21.889805],[73.65881,21.889802],[73.658802,21.889799],[73.658803,21.889795],[73.658796,21.889797],[73.658793,21.889795],[73.658776,21.88979],[73.658767,21.889784],[73.658744,21.889791],[73.658733,21.889788],[73.658729,21.889793],[73.658724,21.889788],[73.658712,21.889793],[73.658707,21.889791],[73.658702,21.889795],[73.658702,21.889791],[73.658698,21.889791],[73.658697,21.889796],[73.6587,21.889796],[73.658696,21.8898],[73.658685,21.889807],[73.658679,21.889806],[73.658666,21.88981],[73.65865,21.889806],[73.658633,21.889811],[73.658618,21.889808],[73.658612,21.889812],[73.65861,21.889819],[73.658602,21.889816],[73.658606,21.889825],[73.658603,21.889829],[73.658594,21.889832],[73.658589,21.889832],[73.658587,21.889829],[73.658583,21.889827],[73.658579,21.889834],[73.65857,21.889833],[73.658562,21.889837],[73.658553,21.889837],[73.658532,21.889831],[73.658522,21.88982],[73.658519,21.889813],[73.65852,21.889809],[73.658505,21.889814],[73.658495,21.889827],[73.658486,21.889825],[73.658484,21.889821],[73.658491,21.889815],[73.65849,21.889808],[73.658493,21.889804],[73.658491,21.8898],[73.658484,21.889798],[73.658484,21.889794],[73.658482,21.889792],[73.658491,21.889794],[73.658496,21.889792],[73.658498,21.889796],[73.658503,21.889797],[73.658499,21.88979],[73.658504,21.889791],[73.658512,21.889786],[73.658516,21.889782],[73.658514,21.889779],[73.658515,21.889772],[73.658527,21.889768],[73.65853,21.889762],[73.658527,21.889746],[73.658521,21.889741],[73.658522,21.889736],[73.658513,21.889741],[73.65851,21.889746],[73.658511,21.889749],[73.658517,21.889751],[73.658517,21.889754],[73.658507,21.889758],[73.658504,21.889757],[73.658498,21.889748],[73.658482,21.889742],[73.658486,21.889726],[73.658481,21.889724],[73.658474,21.889726],[73.658459,21.889735],[73.658458,21.88973],[73.658462,21.889728],[73.658461,21.889722],[73.658468,21.889717],[73.658467,21.88971],[73.658471,21.889713],[73.658476,21.889712],[73.658481,21.889706],[73.658487,21.889706],[73.658486,21.889704],[73.658483,21.889705],[73.658479,21.889697],[73.65848,21.889688],[73.658474,21.889674],[73.658475,21.889672],[73.658479,21.889674],[73.658485,21.88967],[73.658481,21.889665],[73.658484,21.889655],[73.658489,21.889656],[73.658492,21.88966],[73.658504,21.889655],[73.658507,21.889645],[73.658518,21.889634],[73.658526,21.889632],[73.658529,21.889638],[73.658539,21.889628],[73.658566,21.889622],[73.658573,21.889622],[73.658573,21.889626],[73.658576,21.889625],[73.658581,21.889627],[73.658584,21.889624],[73.658582,21.889616],[73.658593,21.88962],[73.658602,21.889616],[73.658611,21.889622],[73.658616,21.889622],[73.658623,21.889621],[73.658628,21.889616],[73.658644,21.889621],[73.658656,21.88962],[73.658663,21.889616],[73.658667,21.889619],[73.658675,21.88962],[73.658681,21.889616],[73.658694,21.889613],[73.65872,21.889611],[73.658724,21.889613],[73.658733,21.889611],[73.658742,21.889616],[73.658752,21.889615],[73.658753,21.889621],[73.658756,21.889623],[73.658755,21.889625],[73.658761,21.889626],[73.658772,21.889622],[73.658785,21.889624],[73.658797,21.889622],[73.658813,21.889614],[73.658819,21.889616],[73.658826,21.889615],[73.658832,21.889621],[73.658844,21.889621],[73.658845,21.889614],[73.658851,21.889612],[73.658851,21.889601],[73.658856,21.889595],[73.65887,21.88959],[73.658876,21.889586],[73.658874,21.889574],[73.658849,21.889565],[73.658845,21.889567],[73.658838,21.88956],[73.658826,21.889558],[73.658815,21.889545],[73.658808,21.889542],[73.65879,21.889539],[73.658774,21.889523],[73.658774,21.88952],[73.65878,21.889514],[73.658778,21.889509],[73.658781,21.889507],[73.658778,21.889505],[73.658778,21.889499],[73.658781,21.889494],[73.658796,21.889493],[73.658804,21.889484],[73.658801,21.889483],[73.658803,21.889478],[73.658797,21.889479],[73.658789,21.889476],[73.658787,21.889478],[73.65879,21.889485],[73.658783,21.889488],[73.65878,21.889484],[73.658782,21.88948],[73.6588,21.889458],[73.658809,21.889454],[73.658811,21.889448],[73.65881,21.889444],[73.658807,21.889443],[73.658801,21.889444],[73.65879,21.889443],[73.65879,21.88944],[73.658793,21.889436],[73.658786,21.889434],[73.658789,21.88943],[73.65879,21.889424],[73.65881,21.889412],[73.658845,21.88941],[73.658868,21.889401],[73.658881,21.889393],[73.658894,21.889392],[73.658901,21.889396],[73.658902,21.889392],[73.658895,21.889387],[73.658896,21.889385],[73.658907,21.889388],[73.658909,21.889385],[73.658913,21.889385],[73.658921,21.889388],[73.658932,21.889387],[73.658935,21.889381],[73.658939,21.88938],[73.658934,21.889375],[73.658941,21.88937],[73.65894,21.889366],[73.658952,21.889359],[73.658957,21.88935],[73.658968,21.88935],[73.658977,21.889345],[73.658981,21.889346],[73.658986,21.889338],[73.658992,21.889336],[73.658994,21.889336],[73.658993,21.889342],[73.658997,21.889342],[73.659001,21.889339],[73.658997,21.889334],[73.659018,21.889328],[73.659023,21.889328],[73.659028,21.889331],[73.659039,21.889331],[73.659046,21.889326],[73.659068,21.889328],[73.659098,21.889334],[73.659113,21.889343],[73.659128,21.889344],[73.659143,21.889358],[73.659148,21.889359],[73.659154,21.889365],[73.659155,21.889369],[73.659158,21.889369],[73.659163,21.889375],[73.659168,21.889375],[73.65918,21.889386],[73.659183,21.8894],[73.659177,21.889406],[73.659182,21.889413],[73.65919,21.889412],[73.659201,21.88942],[73.65922,21.889417],[73.659237,21.88942],[73.659243,21.889418],[73.659246,21.889413],[73.659264,21.889408],[73.659298,21.889417],[73.659316,21.889412],[73.659326,21.889406],[73.659355,21.889394],[73.659366,21.889396],[73.659377,21.889395],[73.659395,21.889401],[73.659433,21.889406],[73.659438,21.889404],[73.659442,21.889395],[73.659447,21.889393],[73.659479,21.889395],[73.659482,21.889397],[73.65949,21.889395],[73.659509,21.889396],[73.659514,21.889395],[73.659519,21.889396],[73.659529,21.889392],[73.659553,21.889394],[73.659558,21.889387],[73.659554,21.889381],[73.659559,21.889376],[73.659564,21.889374],[73.659573,21.889379],[73.659579,21.889377],[73.659594,21.889366],[73.659597,21.889358],[73.659606,21.889352],[73.659634,21.889352],[73.659643,21.889348],[73.659666,21.889326],[73.659685,21.889331],[73.659691,21.88933],[73.659703,21.889332],[73.659716,21.889328],[73.659711,21.889316],[73.659714,21.889308],[73.659724,21.889295],[73.659737,21.88929],[73.659744,21.889296],[73.65975,21.889297],[73.659753,21.889293],[73.659761,21.8893],[73.659764,21.889298],[73.659771,21.889311],[73.659767,21.889317],[73.659749,21.88932],[73.659745,21.889327],[73.659752,21.889329],[73.659765,21.889323],[73.659767,21.889327],[73.659771,21.889326],[73.659773,21.889327],[73.659775,21.889337],[73.65978,21.889342],[73.659799,21.889343],[73.659803,21.88935],[73.659812,21.889356],[73.659812,21.889361],[73.659817,21.889363],[73.659821,21.889371],[73.659826,21.889375],[73.659839,21.889378],[73.65985,21.889388],[73.659852,21.889396],[73.659858,21.889406],[73.659851,21.889406],[73.659853,21.889403],[73.659848,21.8894],[73.659846,21.889405],[73.659848,21.889409],[73.659858,21.88941],[73.659865,21.889408],[73.65988,21.889413],[73.65989,21.889411],[73.659901,21.889413],[73.659914,21.889411],[73.65993,21.889402],[73.659942,21.889399],[73.659954,21.889401],[73.659958,21.889403],[73.65996,21.889406],[73.659985,21.889403],[73.659991,21.889409],[73.659998,21.889409],[73.660019,21.889417],[73.660028,21.889418],[73.660038,21.889426],[73.660059,21.889427],[73.660069,21.889432],[73.660082,21.889435],[73.660102,21.889445],[73.660109,21.889445],[73.660141,21.889455],[73.660151,21.88946],[73.660156,21.889465],[73.660165,21.889467],[73.660171,21.889472],[73.660184,21.889476],[73.66019,21.889482],[73.660204,21.889486],[73.660205,21.88949],[73.660211,21.889491],[73.660218,21.889496],[73.660236,21.889497],[73.660245,21.8895],[73.66026,21.889502],[73.660262,21.889505],[73.660267,21.889506],[73.660274,21.889506],[73.660285,21.889502],[73.660298,21.8895],[73.660332,21.889501],[73.660349,21.889512],[73.66036,21.889523],[73.660378,21.889528],[73.660397,21.889521],[73.660415,21.889531],[73.66045,21.889533],[73.660473,21.88954],[73.660483,21.889538],[73.660489,21.88954],[73.660499,21.889536],[73.660535,21.889534],[73.660564,21.889529],[73.660578,21.88953],[73.660593,21.889536],[73.660629,21.889529],[73.660649,21.889535],[73.660656,21.889532],[73.660653,21.889527],[73.660654,21.889524],[73.660656,21.889527],[73.66066,21.889523],[73.660678,21.889518],[73.660675,21.889521],[73.66068,21.88952],[73.660684,21.889523],[73.66069,21.889512],[73.660697,21.889506],[73.660701,21.889496],[73.660687,21.889481],[73.660677,21.889467],[73.660674,21.889468],[73.660669,21.889465],[73.66066,21.889454],[73.660652,21.889449],[73.660647,21.889438],[73.660648,21.88943],[73.660658,21.889422],[73.66066,21.889426],[73.660664,21.889425],[73.660669,21.889417],[73.660672,21.889429],[73.660671,21.889436],[73.660677,21.889444],[73.660684,21.889446],[73.660686,21.889454],[73.660693,21.889457],[73.660691,21.889462],[73.660698,21.889459],[73.660705,21.889462],[73.660708,21.88947],[73.660707,21.889479],[73.660712,21.889481],[73.660715,21.889487],[73.660721,21.889488],[73.660717,21.889493],[73.660721,21.889494],[73.660721,21.889501],[73.660726,21.8895],[73.66073,21.889495],[73.660728,21.889483],[73.660744,21.889474],[73.660758,21.889474],[73.660786,21.889482],[73.660789,21.889481],[73.660796,21.889482],[73.660799,21.88948],[73.660804,21.88948],[73.660811,21.889486],[73.660823,21.889491],[73.660831,21.889488],[73.660837,21.889489],[73.660838,21.889487],[73.660836,21.889481],[73.660844,21.889482],[73.660853,21.889476],[73.660853,21.88946],[73.660851,21.889458],[73.660848,21.889459],[73.660841,21.889446],[73.66083,21.889441],[73.660822,21.889434],[73.660824,21.889426],[73.660819,21.889416],[73.66082,21.889408],[73.660826,21.889406],[73.660828,21.889401],[73.660851,21.889386],[73.660866,21.889372],[73.66087,21.889364],[73.66087,21.889354],[73.660886,21.889335],[73.660891,21.889333],[73.660899,21.889334],[73.660915,21.889326],[73.660927,21.889316],[73.660948,21.889306],[73.660962,21.889307],[73.660968,21.889304],[73.660974,21.889308],[73.660976,21.889312],[73.660982,21.889313],[73.660981,21.88931],[73.660998,21.889302],[73.661005,21.8893],[73.661008,21.889301],[73.661012,21.889296],[73.66101,21.889293],[73.661017,21.889289],[73.661028,21.88926],[73.661034,21.889254],[73.661034,21.889249],[73.661039,21.889239],[73.661049,21.889221],[73.661058,21.889211],[73.661066,21.889193],[73.66107,21.889175],[73.661087,21.889164],[73.661106,21.889161],[73.661112,21.889146],[73.661123,21.88914],[73.661137,21.889117],[73.661158,21.889108],[73.661177,21.889106],[73.661193,21.8891],[73.661215,21.889099],[73.661239,21.889093],[73.661244,21.889089],[73.661244,21.88908],[73.661249,21.889079],[73.661252,21.889076],[73.661254,21.889071],[73.661266,21.889058],[73.66127,21.889048],[73.661277,21.889042],[73.661282,21.889024],[73.661277,21.889013],[73.661283,21.888994],[73.661287,21.888988],[73.661294,21.888985],[73.661295,21.888981],[73.661307,21.88897],[73.661319,21.888951],[73.661325,21.888936],[73.661325,21.888926],[73.661329,21.888916],[73.661327,21.888908],[73.661329,21.888905],[73.661354,21.888904],[73.661366,21.888899],[73.661374,21.8889],[73.661411,21.888895],[73.661416,21.888896],[73.661431,21.888892],[73.661441,21.888879],[73.661445,21.888881],[73.66145,21.888879],[73.661457,21.888871],[73.661474,21.888878],[73.661491,21.888876],[73.661507,21.88888],[73.661518,21.888876],[73.661525,21.888877],[73.661539,21.888872],[73.66157,21.888832],[73.66158,21.888826],[73.661592,21.888814],[73.661601,21.888808],[73.661614,21.888795],[73.661652,21.88878],[73.661677,21.888759],[73.661689,21.888742],[73.661692,21.88873],[73.661701,21.888725],[73.661693,21.888721],[73.66169,21.888705],[73.661687,21.888704],[73.661685,21.888708],[73.661681,21.888708],[73.661681,21.888701],[73.661669,21.888698],[73.661657,21.888688],[73.661652,21.888682],[73.66165,21.888674],[73.661636,21.888659],[73.66163,21.888655],[73.661625,21.888642],[73.661612,21.888637],[73.661606,21.888627],[73.661592,21.888623],[73.661591,21.88862],[73.661585,21.888615],[73.661577,21.888611],[73.661568,21.88861],[73.661563,21.888606],[73.66156,21.888597],[73.661562,21.888591],[73.661552,21.888576],[73.661556,21.888559],[73.661554,21.888549],[73.661562,21.888532],[73.661572,21.888521],[73.661577,21.888503],[73.661584,21.888487],[73.661588,21.888485],[73.661592,21.888466],[73.661609,21.888441],[73.661618,21.888435],[73.661635,21.888403],[73.661653,21.88838],[73.661659,21.888365],[73.661664,21.888363],[73.661673,21.888348],[73.661686,21.888335],[73.661693,21.888323],[73.661714,21.888305],[73.661719,21.888303],[73.661728,21.888293],[73.66174,21.888291],[73.661759,21.88828],[73.661765,21.88827],[73.661767,21.888261],[73.661773,21.888258],[73.661778,21.88825],[73.661778,21.88824],[73.661774,21.888236],[73.661772,21.888227],[73.661773,21.888219],[73.661787,21.888196],[73.661807,21.888187],[73.66182,21.888175],[73.66183,21.888153],[73.66183,21.888149],[73.661827,21.888146],[73.661835,21.888123],[73.661845,21.888114],[73.661851,21.888093],[73.661868,21.888067],[73.661878,21.888061],[73.661884,21.888062],[73.661891,21.888055],[73.661899,21.888054],[73.661906,21.888047],[73.661916,21.888041],[73.661928,21.888039],[73.661931,21.888036],[73.66194,21.888032],[73.661959,21.888017],[73.661966,21.88801],[73.661968,21.888001],[73.661977,21.887992],[73.662024,21.887966],[73.662038,21.887962],[73.662045,21.887962],[73.662048,21.887961],[73.662058,21.88795],[73.662065,21.887947],[73.662085,21.887929],[73.662101,21.887927],[73.662108,21.887923],[73.662119,21.887924],[73.662143,21.887917],[73.662149,21.88791],[73.662153,21.887899],[73.662159,21.887895],[73.662164,21.887886],[73.66217,21.887869],[73.662194,21.887865],[73.662199,21.887855],[73.662217,21.88784],[73.662228,21.887826],[73.662232,21.887808],[73.662232,21.887783],[73.662236,21.887773],[73.662237,21.887731],[73.662218,21.887696],[73.662208,21.887671],[73.662198,21.887662],[73.662191,21.887651],[73.662188,21.887641],[73.662166,21.887614],[73.66216,21.887597],[73.662138,21.887579],[73.662135,21.887573],[73.662135,21.887561],[73.662133,21.887555],[73.662106,21.887526],[73.662089,21.887515],[73.662071,21.887494],[73.662057,21.887486],[73.662038,21.887482],[73.662022,21.887472],[73.661986,21.887462],[73.661973,21.887453],[73.661959,21.887451],[73.66195,21.887452],[73.661942,21.887446],[73.661918,21.887445],[73.661883,21.887435],[73.661862,21.887438],[73.661845,21.887446],[73.661837,21.887444],[73.661792,21.88745],[73.661776,21.88745],[73.66176,21.887455],[73.661744,21.887452],[73.661723,21.887456],[73.661709,21.887452],[73.661691,21.887456],[73.661685,21.887455],[73.661682,21.887457],[73.661646,21.887459],[73.661626,21.887464],[73.661596,21.887466],[73.661583,21.88747],[73.66157,21.887465],[73.661557,21.887464],[73.661552,21.887462],[73.661545,21.887464],[73.661526,21.88746],[73.661518,21.887463],[73.661516,21.887459],[73.661498,21.88746],[73.661491,21.887463],[73.661481,21.887461],[73.661471,21.887465],[73.661448,21.88746],[73.661435,21.887462],[73.66143,21.887461],[73.661421,21.887464],[73.661402,21.887462],[73.661393,21.887465],[73.661388,21.887462],[73.661367,21.887472],[73.661361,21.887481],[73.661338,21.887484],[73.66133,21.887481],[73.661327,21.887477],[73.66132,21.887477],[73.661309,21.887465],[73.661288,21.887459],[73.661256,21.887456],[73.661243,21.887459],[73.661237,21.887456],[73.66123,21.887458],[73.661222,21.887455],[73.661218,21.887456],[73.661212,21.887453],[73.661187,21.887454],[73.661177,21.88745],[73.66116,21.887453],[73.661149,21.887457],[73.661129,21.887457],[73.661104,21.887462],[73.661091,21.887461],[73.661088,21.887459],[73.661084,21.887461],[73.661081,21.887458],[73.661065,21.887461],[73.661039,21.887462],[73.661002,21.887461],[73.660985,21.887452],[73.660974,21.88745],[73.660942,21.887451],[73.660937,21.887453],[73.660938,21.887458],[73.660935,21.887464],[73.660927,21.887458],[73.660922,21.88746],[73.660921,21.887463],[73.660918,21.88746],[73.660909,21.887465],[73.660897,21.887464],[73.660895,21.887462],[73.660889,21.887461],[73.660867,21.887463],[73.660856,21.887462],[73.660825,21.887464],[73.660802,21.887467],[73.660756,21.887459],[73.660747,21.887462],[73.660739,21.88746],[73.660724,21.887461],[73.660709,21.887459],[73.660701,21.887461],[73.660691,21.887457],[73.66068,21.887458],[73.660663,21.887453],[73.660647,21.887454],[73.660631,21.88745],[73.660575,21.887454],[73.660558,21.887452],[73.660553,21.887448],[73.66054,21.887451],[73.660524,21.887447],[73.660511,21.887448],[73.660494,21.887454],[73.660477,21.88745],[73.660468,21.887453],[73.66046,21.88745],[73.660459,21.887454],[73.660452,21.887452],[73.660445,21.887455],[73.660438,21.887453],[73.660436,21.887451],[73.660428,21.887451],[73.660422,21.887453],[73.660424,21.887456],[73.660419,21.887459],[73.660406,21.887458],[73.66037,21.887462],[73.660365,21.88746],[73.66036,21.887462],[73.660357,21.88746],[73.660315,21.887457],[73.660304,21.887453],[73.660282,21.887456],[73.660271,21.887454],[73.660263,21.887457],[73.660261,21.887455],[73.660258,21.887457],[73.660246,21.887454],[73.660228,21.887457],[73.660213,21.887454],[73.660207,21.887455],[73.660192,21.887447],[73.660162,21.887439],[73.660149,21.887442],[73.660132,21.887441],[73.660115,21.887445],[73.660091,21.887442],[73.660082,21.887445],[73.660069,21.887444],[73.66006,21.887447],[73.660047,21.887445],[73.660016,21.887456],[73.660005,21.887465],[73.659986,21.887467],[73.65996,21.887476],[73.659937,21.887478],[73.659925,21.887483],[73.659911,21.887481],[73.659894,21.887485],[73.659886,21.887484],[73.659862,21.88749],[73.659856,21.88749],[73.659846,21.887494],[73.65983,21.887491],[73.659822,21.887492],[73.659814,21.887495],[73.659809,21.887502],[73.6598,21.887508],[73.659773,21.887516],[73.659758,21.887528],[73.659745,21.887527],[73.659731,21.887531],[73.659721,21.887537],[73.6597,21.887537],[73.659695,21.887535],[73.659659,21.88754],[73.659602,21.887539],[73.659581,21.887551],[73.659558,21.887553],[73.659547,21.887543],[73.659532,21.887536],[73.659516,21.887532],[73.659498,21.887533],[73.659476,21.88753],[73.659456,21.887525],[73.659449,21.887519],[73.659438,21.887519],[73.659429,21.887507],[73.65942,21.887503],[73.659416,21.887497],[73.659404,21.8875],[73.659395,21.887492],[73.659386,21.887489],[73.65938,21.887483],[73.659371,21.887481],[73.659339,21.88747],[73.65932,21.887457],[73.659309,21.887459],[73.659294,21.887458],[73.659275,21.887464],[73.65926,21.887462],[73.659249,21.887448],[73.659239,21.887445],[73.659231,21.88744],[73.659204,21.88744],[73.659193,21.887435],[73.659185,21.88744],[73.659175,21.887437],[73.65917,21.887441],[73.659165,21.887441],[73.659137,21.887436],[73.659129,21.887431],[73.659106,21.887429],[73.659084,21.887423],[73.659059,21.887419],[73.659049,21.887414],[73.659036,21.887412],[73.659021,21.887403],[73.659006,21.887398],[73.659,21.887391],[73.658977,21.887391],[73.658973,21.887385],[73.65896,21.887375],[73.658951,21.887378],[73.65894,21.887378],[73.658897,21.887363],[73.658886,21.887362],[73.658873,21.887363],[73.658869,21.88736],[73.658864,21.887361],[73.658853,21.887358],[73.658844,21.88736],[73.658818,21.887354],[73.658807,21.887357],[73.658785,21.887353],[73.65877,21.887346],[73.658751,21.887343],[73.658714,21.887344],[73.658711,21.887348],[73.658699,21.887352],[73.658693,21.88735],[73.658689,21.887362],[73.658676,21.887369],[73.658616,21.887363],[73.658573,21.887363],[73.658558,21.887365],[73.658546,21.88737],[73.658536,21.887371],[73.658532,21.887374],[73.658524,21.88737],[73.658519,21.88737],[73.658479,21.887379],[73.658431,21.887381],[73.658417,21.887378],[73.658405,21.887369],[73.658399,21.887368],[73.658367,21.887376],[73.658344,21.887386],[73.658302,21.887389],[73.658284,21.887393]]}},{"type":"Feature","properties":{"elevation":52},"geometry":{"type":"LineString","coordinates":[[73.658058,21.890077],[73.658077,21.890072],[73.658094,21.890075],[73.658102,21.890068],[73.658114,21.890067],[73.658123,21.890069],[73.658143,21.890067],[73.658152,21.890068],[73.658161,21.890066],[73.658164,21.890067],[73.658171,21.890064],[73.658188,21.890066],[73.658216,21.890062],[73.65822,21.890059],[73.658226,21.890063],[73.658233,21.890063],[73.658255,21.890053],[73.658287,21.890048],[73.658311,21.89004],[73.658332,21.890038],[73.658375,21.890023],[73.658414,21.890016],[73.658416,21.890014],[73.65842,21.890016],[73.658427,21.890014],[73.658439,21.890014],[73.658469,21.890004],[73.658525,21.889996],[73.658534,21.889997],[73.658536,21.889999],[73.658542,21.889998],[73.658546,21.889995],[73.658557,21.889997],[73.658633,21.889982],[73.658693,21.88998],[73.65876,21.889954],[73.658779,21.889943],[73.658791,21.889941],[73.658795,21.889935],[73.658805,21.889929],[73.658821,21.889926],[73.65883,21.889921],[73.658847,21.889919],[73.658857,21.889921],[73.658876,21.889916],[73.65889,21.889916],[73.65889,21.889913],[73.658907,21.889907],[73.658915,21.889897],[73.658926,21.889892],[73.658936,21.889881],[73.658933,21.889876],[73.658934,21.889871],[73.65894,21.889867],[73.658943,21.889871],[73.658948,21.889866],[73.658948,21.889863],[73.658963,21.889854],[73.658966,21.889847],[73.658964,21.889843],[73.65896,21.889844],[73.658949,21.889841],[73.658937,21.889841],[73.658916,21.88985],[73.65891,21.889849],[73.658909,21.889852],[73.658905,21.889853],[73.658896,21.889852],[73.658883,21.889847],[73.658885,21.889842],[73.658879,21.889837],[73.658879,21.889835],[73.658888,21.889821],[73.658893,21.88982],[73.658889,21.889817],[73.658899,21.889813],[73.658901,21.889807],[73.658908,21.889797],[73.658915,21.889776],[73.658912,21.889771],[73.658917,21.889767],[73.658916,21.88976],[73.658921,21.889756],[73.658923,21.889738],[73.658929,21.889736],[73.658938,21.889741],[73.658943,21.889742],[73.658951,21.889736],[73.658951,21.889728],[73.658944,21.889719],[73.658945,21.889714],[73.658941,21.889712],[73.658926,21.889712],[73.658922,21.889716],[73.658918,21.889716],[73.658915,21.889713],[73.658913,21.889704],[73.658912,21.889692],[73.658915,21.889683],[73.65891,21.889672],[73.658914,21.889669],[73.658905,21.889647],[73.658909,21.889642],[73.658904,21.889629],[73.658906,21.889622],[73.658919,21.889615],[73.658928,21.889615],[73.658924,21.88961],[73.658927,21.889601],[73.658916,21.889593],[73.658902,21.889577],[73.658898,21.889569],[73.658898,21.889562],[73.658894,21.889561],[73.658893,21.889568],[73.658886,21.889565],[73.658887,21.889562],[73.658884,21.889561],[73.658883,21.889554],[73.658886,21.889549],[73.658886,21.88954],[73.658872,21.889536],[73.658869,21.889537],[73.658871,21.889541],[73.658868,21.889545],[73.658858,21.889547],[73.658844,21.889543],[73.658839,21.889544],[73.658839,21.889539],[73.658833,21.889529],[73.658835,21.889521],[73.658837,21.889515],[73.658839,21.889515],[73.658841,21.889518],[73.658851,21.889519],[73.658851,21.889524],[73.658855,21.889525],[73.658858,21.889523],[73.658859,21.889516],[73.658853,21.889518],[73.658851,21.889514],[73.65886,21.889511],[73.658859,21.889507],[73.658862,21.889502],[73.658873,21.889498],[73.658878,21.889498],[73.65888,21.889495],[73.658886,21.889496],[73.65889,21.889493],[73.658895,21.889496],[73.658906,21.889492],[73.658909,21.889495],[73.658913,21.889481],[73.658905,21.889472],[73.658908,21.889468],[73.658914,21.889473],[73.658921,21.889471],[73.658925,21.889467],[73.658936,21.889474],[73.658953,21.889475],[73.658962,21.889479],[73.658964,21.889476],[73.65897,21.889476],[73.658963,21.88948],[73.658967,21.889494],[73.658974,21.889494],[73.658978,21.889497],[73.658983,21.889495],[73.658984,21.889499],[73.65899,21.889504],[73.658994,21.8895],[73.658993,21.889495],[73.658989,21.889493],[73.658982,21.889493],[73.658987,21.889484],[73.658971,21.889476],[73.658973,21.889474],[73.658985,21.889476],[73.658985,21.889473],[73.658993,21.889472],[73.65899,21.88947],[73.658992,21.889467],[73.658978,21.889459],[73.658994,21.889458],[73.65901,21.889464],[73.65902,21.889465],[73.659036,21.889461],[73.659041,21.889457],[73.659053,21.889457],[73.659057,21.889442],[73.659051,21.889432],[73.659052,21.889427],[73.659043,21.889418],[73.659039,21.889409],[73.659027,21.889398],[73.659029,21.889386],[73.65904,21.889386],[73.659043,21.889381],[73.659041,21.889373],[73.659044,21.88937],[73.659044,21.889364],[73.659055,21.889364],[73.659073,21.88937],[73.659077,21.889367],[73.659089,21.889372],[73.65909,21.889368],[73.659093,21.889368],[73.659111,21.889378],[73.659113,21.889388],[73.659112,21.889395],[73.659115,21.889398],[73.659129,21.88939],[73.659137,21.889388],[73.659132,21.88938],[73.65914,21.889382],[73.659138,21.889385],[73.659142,21.889389],[73.659139,21.889392],[73.65914,21.889397],[73.659146,21.889404],[73.659151,21.889406],[73.659147,21.889408],[73.659144,21.889415],[73.659145,21.889423],[73.65914,21.88943],[73.65914,21.889437],[73.65915,21.889438],[73.659163,21.889445],[73.659172,21.889443],[73.659174,21.889445],[73.659182,21.889445],[73.659193,21.889442],[73.659198,21.889444],[73.659203,21.889443],[73.659225,21.889449],[73.659235,21.889446],[73.65925,21.889449],[73.659274,21.88944],[73.659286,21.889439],[73.659302,21.889428],[73.659329,21.889422],[73.659332,21.889417],[73.659355,21.889409],[73.659368,21.88941],[73.659379,21.889417],[73.659385,21.889415],[73.659393,21.889419],[73.659399,21.889416],[73.659423,21.889427],[73.659428,21.889431],[73.659428,21.889435],[73.659437,21.889434],[73.659437,21.889431],[73.659442,21.889428],[73.659455,21.889427],[73.659461,21.889429],[73.659464,21.889425],[73.659469,21.889427],[73.659501,21.889422],[73.659507,21.889425],[73.659529,21.88942],[73.659533,21.889422],[73.659537,21.889419],[73.659548,21.88942],[73.659558,21.889416],[73.659562,21.889409],[73.659583,21.889398],[73.659598,21.889397],[73.6596,21.889403],[73.659616,21.889397],[73.659626,21.889397],[73.659636,21.889383],[73.659645,21.889378],[73.659654,21.889376],[73.65966,21.889372],[73.659666,21.889374],[73.659685,21.889371],[73.659692,21.889373],[73.659702,21.889367],[73.659709,21.889369],[73.659713,21.889367],[73.65973,21.889371],[73.659733,21.889375],[73.65973,21.88938],[73.659734,21.889383],[73.659755,21.889377],[73.659754,21.889384],[73.659768,21.889388],[73.659761,21.889403],[73.659763,21.889411],[73.659767,21.88941],[73.659773,21.889415],[73.659785,21.88941],[73.659787,21.889414],[73.659794,21.889413],[73.659801,21.889415],[73.659806,21.889414],[73.659808,21.889415],[73.659807,21.889419],[73.659814,21.889415],[73.65982,21.88943],[73.659827,21.889431],[73.659829,21.889434],[73.659838,21.889431],[73.659876,21.889431],[73.659882,21.889426],[73.659892,21.889428],[73.659897,21.889426],[73.659926,21.889423],[73.65993,21.88942],[73.659946,21.889425],[73.659951,21.889429],[73.659957,21.889428],[73.65998,21.889434],[73.659992,21.889433],[73.660003,21.889436],[73.66001,21.889436],[73.660018,21.889441],[73.660023,21.88944],[73.660038,21.889448],[73.660046,21.889447],[73.660059,21.88945],[73.660064,21.889454],[73.660071,21.889455],[73.660073,21.889459],[73.660078,21.889458],[73.660087,21.889463],[73.660094,21.889463],[73.660097,21.889467],[73.660139,21.889481],[73.660147,21.889487],[73.660168,21.889495],[73.660172,21.889499],[73.660193,21.889507],[73.660194,21.889511],[73.660204,21.889516],[73.66022,21.889521],[73.660231,21.889523],[73.660236,21.889521],[73.660265,21.889524],[73.660303,21.889524],[73.660306,21.889522],[73.660329,21.889524],[73.660343,21.889533],[73.660371,21.889544],[73.660395,21.889541],[73.660408,21.889549],[73.660427,21.889548],[73.660444,21.889554],[73.660455,21.889553],[73.660481,21.889557],[73.660502,21.889558],[73.660563,21.88955],[73.660566,21.889552],[73.660574,21.889551],[73.660576,21.889549],[73.660583,21.889552],[73.660589,21.88955],[73.660654,21.889554],[73.660697,21.889539],[73.660713,21.889528],[73.660729,21.889524],[73.660735,21.889521],[73.660748,21.889502],[73.660754,21.889498],[73.660753,21.889494],[73.660755,21.889491],[73.660759,21.889493],[73.660766,21.889491],[73.660784,21.889493],[73.660813,21.889509],[73.66082,21.889506],[73.660832,21.889507],[73.660867,21.889495],[73.660875,21.889486],[73.660874,21.889473],[73.660866,21.889457],[73.660866,21.889445],[73.660846,21.889431],[73.660843,21.889419],[73.660846,21.889415],[73.660841,21.889414],[73.66084,21.88941],[73.660851,21.889404],[73.660853,21.8894],[73.660858,21.889398],[73.660863,21.889392],[73.660884,21.889379],[73.66089,21.889372],[73.660891,21.88936],[73.660897,21.889349],[73.66091,21.889341],[73.660918,21.889331],[73.660933,21.889328],[73.66094,21.889334],[73.660948,21.889332],[73.660953,21.889336],[73.660958,21.889332],[73.660963,21.889332],[73.660977,21.889326],[73.660987,21.889325],[73.660993,21.889327],[73.661003,21.889322],[73.661014,21.889321],[73.661026,21.889309],[73.661034,21.889304],[73.661033,21.889288],[73.661035,21.889281],[73.661046,21.889274],[73.661065,21.889268],[73.661067,21.889264],[73.661067,21.889258],[73.661087,21.88924],[73.661088,21.889232],[73.661081,21.889224],[73.661077,21.889214],[73.661071,21.889209],[73.661077,21.889195],[73.661084,21.889184],[73.661094,21.889177],[73.6611,21.88918],[73.661107,21.889187],[73.661111,21.889187],[73.661117,21.889182],[73.661122,21.889174],[73.661125,21.889158],[73.66113,21.889144],[73.661138,21.889131],[73.661151,21.889116],[73.661184,21.889111],[73.661205,21.889105],[73.661224,21.889106],[73.661255,21.889094],[73.661258,21.889089],[73.66126,21.889076],[73.661266,21.889071],[73.661273,21.889054],[73.661289,21.88904],[73.661294,21.889031],[73.661296,21.889017],[73.661291,21.889005],[73.661294,21.888997],[73.661311,21.888985],[73.661327,21.888962],[73.661334,21.888944],[73.661332,21.888936],[73.661338,21.888921],[73.661379,21.888907],[73.661392,21.888908],[73.661396,21.888905],[73.661412,21.888905],[73.661425,21.8889],[73.661433,21.888901],[73.661441,21.888897],[73.661484,21.888891],[73.661529,21.888896],[73.661552,21.888891],[73.661558,21.888892],[73.661562,21.888897],[73.661569,21.888899],[73.6616,21.8889],[73.661604,21.888898],[73.661607,21.8889],[73.661616,21.888883],[73.661648,21.88887],[73.661664,21.888874],[73.661669,21.888879],[73.661672,21.888885],[73.661671,21.888887],[73.661674,21.888887],[73.66168,21.888893],[73.661686,21.888892],[73.661692,21.888886],[73.661702,21.888868],[73.661707,21.888867],[73.661712,21.88886],[73.661711,21.888854],[73.661714,21.888847],[73.661711,21.888842],[73.661713,21.888837],[73.661712,21.888824],[73.661717,21.888818],[73.661716,21.888813],[73.661721,21.888796],[73.661725,21.888794],[73.661729,21.888763],[73.661731,21.888761],[73.661732,21.888754],[73.661737,21.888749],[73.661737,21.888745],[73.661741,21.888741],[73.661741,21.888729],[73.661737,21.888724],[73.661741,21.888713],[73.661725,21.888699],[73.661717,21.888696],[73.661714,21.88869],[73.661709,21.888692],[73.6617,21.888686],[73.661696,21.888689],[73.661689,21.888682],[73.661682,21.888682],[73.661673,21.888663],[73.661668,21.888662],[73.661667,21.888658],[73.661661,21.888653],[73.661662,21.888648],[73.66166,21.888645],[73.661648,21.888637],[73.661643,21.88863],[73.661639,21.888629],[73.661638,21.888624],[73.661635,21.888622],[73.661636,21.888617],[73.661634,21.888614],[73.661626,21.888615],[73.661623,21.888608],[73.661618,21.888606],[73.661618,21.888601],[73.661607,21.888599],[73.661601,21.888594],[73.661596,21.888582],[73.661596,21.88857],[73.661588,21.888555],[73.661592,21.888532],[73.661617,21.888503],[73.66162,21.88849],[73.661625,21.888485],[73.661624,21.888476],[73.661628,21.888471],[73.661627,21.888465],[73.661632,21.888463],[73.661632,21.888458],[73.661643,21.888445],[73.661647,21.888433],[73.661651,21.888434],[73.661659,21.888425],[73.661677,21.88843],[73.661686,21.888427],[73.661695,21.888419],[73.661708,21.888419],[73.661707,21.888416],[73.661711,21.888409],[73.661713,21.888396],[73.661706,21.888377],[73.661702,21.888372],[73.661697,21.888373],[73.661693,21.888364],[73.661697,21.88836],[73.661708,21.888341],[73.661711,21.888339],[73.661713,21.88834],[73.661721,21.888329],[73.661732,21.888324],[73.661744,21.888314],[73.661748,21.888318],[73.661752,21.888318],[73.661752,21.888313],[73.661759,21.888308],[73.661776,21.88829],[73.661787,21.888283],[73.66179,21.888276],[73.661798,21.888271],[73.661799,21.888265],[73.661804,21.888261],[73.661804,21.888256],[73.661814,21.888245],[73.661812,21.888242],[73.661826,21.888232],[73.661825,21.888227],[73.661821,21.888224],[73.661825,21.888214],[73.661832,21.888218],[73.661839,21.888214],[73.66185,21.888213],[73.661849,21.888206],[73.661852,21.888203],[73.661845,21.888203],[73.661839,21.8882],[73.661836,21.888203],[73.661835,21.888214],[73.661831,21.888214],[73.661827,21.888211],[73.66183,21.888205],[73.661827,21.888195],[73.661833,21.888191],[73.661836,21.888179],[73.66184,21.888179],[73.661851,21.888169],[73.661863,21.888168],[73.661864,21.888172],[73.661866,21.888173],[73.661869,21.888165],[73.661884,21.888164],[73.661889,21.888158],[73.66189,21.888154],[73.661894,21.888153],[73.661891,21.888152],[73.661893,21.88815],[73.661898,21.88815],[73.661908,21.888156],[73.661907,21.888158],[73.661885,21.888176],[73.661879,21.888183],[73.661879,21.888189],[73.661875,21.888195],[73.661877,21.888201],[73.661874,21.888209],[73.661875,21.88821],[73.661878,21.888208],[73.661882,21.888207],[73.661885,21.888199],[73.661889,21.888196],[73.661891,21.888185],[73.661896,21.888186],[73.661899,21.888183],[73.661906,21.888185],[73.66192,21.888175],[73.661916,21.888163],[73.661921,21.888159],[73.661923,21.88816],[73.661924,21.888159],[73.661913,21.888149],[73.661902,21.888147],[73.661891,21.888136],[73.661889,21.888129],[73.661907,21.888107],[73.661909,21.888098],[73.661918,21.888086],[73.661921,21.888078],[73.661946,21.888056],[73.661947,21.88805],[73.661959,21.888043],[73.661965,21.888035],[73.661964,21.888026],[73.66197,21.888014],[73.661997,21.888],[73.661999,21.888001],[73.661997,21.887998],[73.662002,21.887995],[73.662002,21.88799],[73.662018,21.887979],[73.662035,21.887972],[73.662052,21.887969],[73.662067,21.887958],[73.662074,21.887945],[73.662088,21.887935],[73.662097,21.887935],[73.6621,21.887937],[73.662104,21.887933],[73.662108,21.887933],[73.662113,21.887935],[73.662131,21.887935],[73.662139,21.887937],[73.662148,21.887931],[73.662155,21.88792],[73.662167,21.88791],[73.662176,21.887894],[73.662178,21.887883],[73.662198,21.887867],[73.66223,21.887835],[73.662236,21.887823],[73.662239,21.8878],[73.662241,21.887739],[73.662244,21.887732],[73.66224,21.887725],[73.662241,21.887721],[73.662235,21.887702],[73.662236,21.887698],[73.662223,21.887681],[73.662215,21.887656],[73.662202,21.887634],[73.662194,21.887614],[73.662184,21.887601],[73.662173,21.887594],[73.662167,21.887584],[73.66216,21.887578],[73.662159,21.887573],[73.66215,21.887568],[73.662143,21.887555],[73.662129,21.887545],[73.662105,21.88752],[73.66209,21.887511],[73.662072,21.887492],[73.66206,21.887484],[73.662041,21.887478],[73.662025,21.887468],[73.66201,21.887465],[73.661991,21.887458],[73.66198,21.88745],[73.661946,21.887442],[73.661922,21.887433],[73.661909,21.887434],[73.661893,21.887431],[73.661876,21.88743],[73.661864,21.887435],[73.661841,21.887435],[73.661833,21.88744],[73.661817,21.887441],[73.661808,21.887444],[73.661791,21.887443],[73.661779,21.887446],[73.661759,21.887448],[73.661736,21.887448],[73.66171,21.887444],[73.661684,21.887444],[73.661665,21.887451],[73.661648,21.88745],[73.661616,21.887458],[73.661584,21.887454],[73.661567,21.88745],[73.661553,21.88745],[73.66153,21.887447],[73.661513,21.887447],[73.661503,21.887445],[73.66149,21.887447],[73.661482,21.887451],[73.661465,21.887452],[73.661448,21.887446],[73.661428,21.887447],[73.661421,21.887446],[73.661386,21.887451],[73.661352,21.887467],[73.66134,21.887469],[73.661309,21.887454],[73.661304,21.887449],[73.661286,21.88745],[73.661263,21.887442],[73.661247,21.88744],[73.661227,21.887441],[73.661186,21.887438],[73.661134,21.887445],[73.66112,21.887443],[73.661108,21.887446],[73.661088,21.887442],[73.66107,21.887445],[73.661067,21.887447],[73.661047,21.887444],[73.661035,21.887447],[73.661023,21.887445],[73.661021,21.887447],[73.661002,21.887446],[73.660998,21.887447],[73.660982,21.887444],[73.660974,21.887437],[73.660965,21.88744],[73.660934,21.887442],[73.660928,21.88744],[73.660914,21.887444],[73.660903,21.887443],[73.660893,21.887439],[73.660872,21.887444],[73.660864,21.887442],[73.660861,21.88744],[73.660835,21.887448],[73.660821,21.887446],[73.660817,21.887448],[73.660781,21.887448],[73.660774,21.887445],[73.660756,21.887445],[73.660751,21.887441],[73.660736,21.887441],[73.660723,21.887444],[73.660701,21.887438],[73.660678,21.887438],[73.660666,21.887434],[73.660662,21.887435],[73.660655,21.887432],[73.660608,21.887427],[73.660582,21.887432],[73.660579,21.887429],[73.660557,21.88743],[73.660538,21.887426],[73.660527,21.887431],[73.660513,21.887426],[73.660483,21.88743],[73.660472,21.887427],[73.660463,21.887432],[73.660451,21.88743],[73.660449,21.887433],[73.660435,21.887439],[73.660421,21.887437],[73.660406,21.887439],[73.660397,21.887438],[73.660386,21.88744],[73.660376,21.88744],[73.660368,21.887443],[73.660364,21.88744],[73.660352,21.887441],[73.660338,21.887439],[73.660337,21.887441],[73.660327,21.887437],[73.660325,21.887439],[73.660311,21.887436],[73.660302,21.88744],[73.660299,21.887437],[73.66028,21.887435],[73.660262,21.887439],[73.660257,21.887436],[73.660249,21.887435],[73.660225,21.887441],[73.660209,21.887438],[73.660204,21.887441],[73.660193,21.887432],[73.660184,21.887433],[73.660148,21.887428],[73.660119,21.887433],[73.660101,21.887431],[73.660091,21.887433],[73.660078,21.887432],[73.660059,21.887437],[73.660049,21.887435],[73.660017,21.887449],[73.659995,21.887451],[73.659988,21.887457],[73.65998,21.887457],[73.659965,21.887463],[73.659949,21.887466],[73.659942,21.887464],[73.659929,21.88747],[73.659915,21.88747],[73.659902,21.887474],[73.659896,21.887472],[73.659889,21.887475],[73.659875,21.887474],[73.659854,21.88748],[73.659843,21.887479],[73.659822,21.887483],[73.659813,21.887485],[73.659779,21.887506],[73.659745,21.887513],[73.659739,21.887522],[73.659726,21.887521],[73.659715,21.887525],[73.659685,21.887526],[73.659675,21.88753],[73.65967,21.887528],[73.659665,21.887531],[73.659639,21.887532],[73.659631,21.887535],[73.65962,21.887533],[73.659609,21.887535],[73.659591,21.887531],[73.659575,21.887536],[73.659566,21.887531],[73.659549,21.88753],[73.659521,21.887521],[73.659505,21.887521],[73.659494,21.887525],[73.659474,21.887521],[73.65946,21.887511],[73.659442,21.887507],[73.659409,21.887481],[73.659399,21.887481],[73.659369,21.887465],[73.659341,21.887458],[73.659335,21.887454],[73.659329,21.887454],[73.659321,21.887447],[73.659306,21.887445],[73.659279,21.887448],[73.65926,21.887444],[73.659248,21.887435],[73.659236,21.887432],[73.65919,21.887428],[73.659167,21.887429],[73.659154,21.887423],[73.659142,21.887423],[73.65913,21.887419],[73.659105,21.887419],[73.659093,21.887415],[73.659043,21.887404],[73.659003,21.887383],[73.658986,21.887379],[73.658963,21.887366],[73.65893,21.887363],[73.658907,21.887356],[73.658894,21.887356],[73.658891,21.887352],[73.658887,21.887351],[73.658864,21.88735],[73.658859,21.887352],[73.658854,21.887349],[73.658844,21.887352],[73.658816,21.887346],[73.658798,21.887347],[73.658773,21.88734],[73.658735,21.887333],[73.658723,21.887336],[73.658712,21.887335],[73.6587,21.887336],[73.658683,21.887341],[73.658676,21.887351],[73.658668,21.887349],[73.658647,21.887354],[73.658616,21.887353],[73.65851,21.887358],[73.658482,21.887357],[73.658473,21.887358],[73.658468,21.887363],[73.658464,21.887365],[73.658457,21.887363],[73.658454,21.887359],[73.65845,21.887358],[73.658445,21.88736],[73.658438,21.887365],[73.658426,21.887369],[73.658418,21.887368],[73.658406,21.887362],[73.658395,21.887361],[73.658374,21.887364],[73.658365,21.88737],[73.658352,21.887374],[73.658326,21.887378],[73.658303,21.887376],[73.658289,21.887369]]}},{"type":"Feature","properties":{"elevation":51},"geometry":{"type":"LineString","coordinates":[[73.658102,21.890087],[73.658107,21.890085],[73.658118,21.890087],[73.658122,21.890084],[73.658134,21.89009],[73.658154,21.890088],[73.658158,21.890084],[73.658161,21.890087],[73.658169,21.890085],[73.658187,21.890085],[73.658198,21.89008],[73.658228,21.890081],[73.65826,21.890071],[73.658267,21.89007],[73.658273,21.890072],[73.658305,21.890063],[73.658313,21.890058],[73.658353,21.890052],[73.65836,21.890048],[73.658389,21.890042],[73.658416,21.890031],[73.658448,21.890024],[73.658454,21.890026],[73.658458,21.890022],[73.658468,21.89002],[73.658477,21.890021],[73.658495,21.890016],[73.658521,21.890015],[73.658536,21.890011],[73.658555,21.890009],[73.658563,21.890011],[73.658576,21.890006],[73.658582,21.890008],[73.658591,21.890007],[73.658626,21.889997],[73.658694,21.889993],[73.65875,21.889973],[73.658752,21.88997],[73.658772,21.889962],[73.65879,21.88995],[73.658803,21.889944],[73.658835,21.889935],[73.658847,21.889935],[73.658861,21.889933],[73.658867,21.889934],[73.658871,21.889932],[73.658883,21.889931],[73.658893,21.889928],[73.658925,21.889909],[73.658934,21.889906],[73.65894,21.8899],[73.658951,21.889897],[73.658956,21.88989],[73.658969,21.889885],[73.658968,21.88988],[73.658976,21.889878],[73.658983,21.88987],[73.65899,21.889872],[73.658998,21.889853],[73.659005,21.889849],[73.659005,21.889842],[73.65901,21.889836],[73.659008,21.889827],[73.659002,21.88982],[73.658993,21.889818],[73.658984,21.889821],[73.658972,21.88983],[73.658967,21.889825],[73.658956,21.889823],[73.658946,21.889815],[73.658941,21.889795],[73.65894,21.889784],[73.658946,21.889775],[73.658944,21.889769],[73.658958,21.889767],[73.658957,21.889763],[73.658965,21.889754],[73.65897,21.889744],[73.658968,21.889721],[73.65896,21.889703],[73.658964,21.889701],[73.658954,21.889684],[73.658953,21.889672],[73.658962,21.889659],[73.658961,21.889653],[73.658981,21.889643],[73.658985,21.889643],[73.658984,21.889636],[73.658986,21.889634],[73.658975,21.889609],[73.658968,21.8896],[73.658956,21.889591],[73.658949,21.88959],[73.658946,21.889584],[73.658935,21.889576],[73.658926,21.889571],[73.658921,21.889571],[73.658911,21.889558],[73.65891,21.889547],[73.658911,21.889546],[73.658911,21.88955],[73.658913,21.88955],[73.658912,21.889541],[73.658921,21.889529],[73.658917,21.889514],[73.658927,21.889511],[73.658931,21.889505],[73.658927,21.889487],[73.658929,21.889484],[73.658932,21.889486],[73.65894,21.889482],[73.658951,21.889485],[73.658963,21.889503],[73.658964,21.889514],[73.658974,21.889524],[73.658986,21.889523],[73.658996,21.889518],[73.659,21.889521],[73.659006,21.889519],[73.659015,21.889529],[73.659036,21.889532],[73.659047,21.889538],[73.659054,21.889545],[73.659063,21.889548],[73.65907,21.889554],[73.659075,21.889563],[73.65908,21.889561],[73.65909,21.889573],[73.659092,21.889579],[73.659106,21.889586],[73.659117,21.889595],[73.659124,21.889593],[73.65915,21.889603],[73.659156,21.889599],[73.659161,21.889599],[73.659169,21.889595],[73.659174,21.889596],[73.659174,21.889593],[73.659181,21.88959],[73.659178,21.889585],[73.659185,21.889581],[73.659182,21.889579],[73.659182,21.889575],[73.659171,21.889571],[73.659168,21.889568],[73.65917,21.889564],[73.659171,21.889566],[73.659174,21.889564],[73.659171,21.889561],[73.659171,21.889556],[73.659159,21.889549],[73.65915,21.889548],[73.659148,21.889545],[73.659142,21.889545],[73.659136,21.889541],[73.659129,21.889525],[73.659124,21.889526],[73.659109,21.889516],[73.659107,21.889505],[73.659103,21.889504],[73.659103,21.889497],[73.659113,21.889488],[73.659132,21.889487],[73.659144,21.889483],[73.659156,21.889484],[73.659165,21.889478],[73.659169,21.889479],[73.659172,21.889474],[73.659191,21.889476],[73.659213,21.889466],[73.659226,21.889467],[73.659244,21.889473],[73.659274,21.889468],[73.659293,21.889467],[73.659302,21.889465],[73.659311,21.889456],[73.659319,21.889454],[73.659331,21.889455],[73.659332,21.889452],[73.659336,21.889454],[73.659337,21.889449],[73.659346,21.889447],[73.659365,21.889442],[73.659372,21.889445],[73.659376,21.889443],[73.659385,21.889447],[73.659394,21.889447],[73.659396,21.889446],[73.659396,21.88944],[73.659403,21.889439],[73.659406,21.889441],[73.659416,21.889442],[73.659432,21.889453],[73.659445,21.889457],[73.65946,21.889457],[73.659499,21.889465],[73.659502,21.889461],[73.659503,21.889465],[73.659507,21.889466],[73.659514,21.889461],[73.659515,21.889459],[73.65952,21.889461],[73.659527,21.889452],[73.65954,21.889454],[73.65956,21.889446],[73.659576,21.889443],[73.659582,21.889439],[73.659609,21.889434],[73.659614,21.88943],[73.659613,21.889424],[73.65962,21.889424],[73.659632,21.889412],[73.659643,21.889407],[73.659649,21.889408],[73.659658,21.889405],[73.65966,21.889408],[73.659667,21.889406],[73.659672,21.889409],[73.659685,21.88941],[73.659693,21.889417],[73.659697,21.889418],[73.659715,21.889415],[73.659718,21.88942],[73.659731,21.889423],[73.65973,21.88943],[73.659734,21.889433],[73.659749,21.889437],[73.659747,21.889447],[73.659759,21.889443],[73.659765,21.889446],[73.659779,21.889442],[73.6598,21.889447],[73.659809,21.889447],[73.659818,21.88945],[73.659822,21.889448],[73.659838,21.889448],[73.659855,21.889444],[73.659876,21.889444],[73.659888,21.88944],[73.659904,21.889442],[73.659914,21.889439],[73.659917,21.889446],[73.659924,21.889448],[73.659928,21.889446],[73.65993,21.889449],[73.65995,21.889459],[73.659958,21.889456],[73.659966,21.889464],[73.659976,21.889464],[73.659984,21.889461],[73.659989,21.889465],[73.660004,21.889471],[73.660012,21.889467],[73.660017,21.88947],[73.660023,21.889468],[73.66004,21.889476],[73.660049,21.889476],[73.660054,21.889482],[73.66006,21.889483],[73.660071,21.889481],[73.660091,21.889488],[73.660093,21.889491],[73.66011,21.889497],[73.660112,21.889503],[73.660123,21.889503],[73.660138,21.88951],[73.660156,21.889515],[73.660158,21.889518],[73.66017,21.889524],[73.660175,21.889524],[73.660215,21.889538],[73.660258,21.889545],[73.660267,21.889543],[73.66029,21.889546],[73.660296,21.889543],[73.660308,21.889543],[73.660307,21.889546],[73.66031,21.889549],[73.660321,21.889546],[73.660342,21.889554],[73.660354,21.889554],[73.66038,21.889561],[73.660386,21.889561],[73.660402,21.889568],[73.660408,21.889566],[73.660424,21.889566],[73.660461,21.889572],[73.660467,21.889576],[73.660474,21.889573],[73.66049,21.889576],[73.660499,21.889575],[73.660524,21.889576],[73.660535,21.889573],[73.660564,21.889576],[73.660576,21.88957],[73.660587,21.889569],[73.660597,21.889569],[73.6606,21.889574],[73.660612,21.889573],[73.660616,21.88957],[73.660635,21.889571],[73.660646,21.889568],[73.660661,21.889566],[73.660666,21.889564],[73.660676,21.889565],[73.660689,21.88956],[73.660718,21.889558],[73.660732,21.889553],[73.660734,21.889556],[73.660738,21.889554],[73.660737,21.889551],[73.660739,21.889548],[73.660749,21.889549],[73.660748,21.889541],[73.660759,21.889531],[73.660788,21.889542],[73.660802,21.889529],[73.660828,21.889525],[73.660836,21.889517],[73.660851,21.889513],[73.660858,21.889506],[73.660865,21.889505],[73.660877,21.8895],[73.660897,21.889476],[73.660897,21.88947],[73.660905,21.889453],[73.660889,21.889443],[73.660885,21.889436],[73.660889,21.889435],[73.660886,21.889431],[73.660869,21.889425],[73.660873,21.889412],[73.66087,21.889408],[73.660888,21.889394],[73.660892,21.889393],[73.660895,21.889397],[73.660902,21.889392],[73.660925,21.889367],[73.660942,21.889372],[73.660948,21.889362],[73.660954,21.889359],[73.660961,21.889362],[73.660968,21.889361],[73.660985,21.889369],[73.660997,21.88937],[73.661006,21.889366],[73.661019,21.889372],[73.661027,21.889364],[73.66103,21.889356],[73.661038,21.889345],[73.661045,21.889345],[73.661052,21.889348],[73.661088,21.88934],[73.661093,21.889337],[73.661108,21.889339],[73.661125,21.889329],[73.661144,21.889323],[73.661153,21.889316],[73.661156,21.889311],[73.661156,21.889291],[73.661158,21.889284],[73.661155,21.889278],[73.66116,21.889269],[73.661174,21.889265],[73.661177,21.889261],[73.661174,21.889256],[73.661166,21.889254],[73.661167,21.889251],[73.661163,21.889246],[73.661166,21.889239],[73.661166,21.889234],[73.661168,21.889231],[73.661176,21.88923],[73.661186,21.889226],[73.661179,21.889225],[73.661173,21.889221],[73.661163,21.889228],[73.66114,21.889216],[73.661128,21.889206],[73.661135,21.889199],[73.661138,21.889193],[73.661139,21.889184],[73.661145,21.889171],[73.661153,21.889164],[73.661161,21.889161],[73.661165,21.889153],[73.661166,21.889143],[73.661163,21.889139],[73.66117,21.889128],[73.661167,21.889124],[73.661167,21.889121],[73.661198,21.889111],[73.661222,21.889115],[73.661242,21.889108],[73.661256,21.889107],[73.661272,21.889069],[73.66129,21.88905],[73.66131,21.889023],[73.661311,21.889018],[73.661308,21.889014],[73.661308,21.889008],[73.661312,21.888998],[73.661316,21.888996],[73.661323,21.888986],[73.661335,21.888975],[73.661339,21.888969],[73.66134,21.888959],[73.661354,21.888948],[73.661357,21.88894],[73.661366,21.888932],[73.661376,21.888931],[73.661375,21.888926],[73.661382,21.888925],[73.661396,21.888914],[73.661418,21.888911],[73.661433,21.888913],[73.66145,21.888908],[73.661464,21.888901],[73.661488,21.888898],[73.661501,21.888903],[73.661508,21.888909],[73.661541,21.888913],[73.661555,21.888918],[73.66157,21.88892],[73.661583,21.888927],[73.661598,21.888929],[73.661613,21.888946],[73.661628,21.888945],[73.661645,21.888934],[73.661653,21.888933],[73.661677,21.888941],[73.661684,21.888939],[73.661696,21.888912],[73.661706,21.888899],[73.661707,21.888889],[73.661724,21.888866],[73.661729,21.888852],[73.661735,21.888822],[73.661741,21.88881],[73.661739,21.888801],[73.661742,21.888797],[73.661741,21.888793],[73.661744,21.88879],[73.661742,21.888775],[73.661759,21.88873],[73.661754,21.888719],[73.661757,21.888708],[73.661751,21.888693],[73.661715,21.888667],[73.661712,21.888658],[73.661705,21.888655],[73.661702,21.888649],[73.661698,21.888636],[73.661702,21.888634],[73.661702,21.888631],[73.661688,21.888617],[73.661687,21.888613],[73.661693,21.888611],[73.661702,21.888616],[73.661706,21.888615],[73.661698,21.888602],[73.6617,21.888596],[73.661717,21.888602],[73.661718,21.888598],[73.661727,21.888588],[73.661737,21.888585],[73.661754,21.88859],[73.661755,21.888542],[73.66177,21.888511],[73.661788,21.888502],[73.661802,21.888502],[73.661823,21.888507],[73.661828,21.888503],[73.66183,21.888493],[73.661843,21.888474],[73.66185,21.888457],[73.661859,21.888448],[73.66186,21.888442],[73.661865,21.888435],[73.661864,21.888422],[73.661871,21.888415],[73.661871,21.888406],[73.661873,21.88841],[73.661876,21.888409],[73.661875,21.888402],[73.661873,21.888399],[73.661875,21.888399],[73.661878,21.888395],[73.661883,21.888396],[73.661886,21.888391],[73.661884,21.888386],[73.661886,21.888382],[73.661895,21.888382],[73.661895,21.88838],[73.661901,21.888378],[73.661905,21.888373],[73.661908,21.88836],[73.661915,21.888348],[73.661925,21.888333],[73.661933,21.888327],[73.661942,21.888316],[73.661945,21.888307],[73.661956,21.888294],[73.661959,21.888281],[73.661966,21.888274],[73.661971,21.888261],[73.661977,21.888254],[73.661981,21.888239],[73.661998,21.888211],[73.661997,21.888204],[73.662006,21.888184],[73.662009,21.888166],[73.662017,21.888161],[73.662024,21.888153],[73.662023,21.888149],[73.662031,21.888136],[73.662034,21.888099],[73.662031,21.888081],[73.66204,21.888067],[73.662036,21.888061],[73.662025,21.888067],[73.662026,21.888074],[73.662017,21.888079],[73.66201,21.888076],[73.662004,21.888077],[73.662002,21.888067],[73.662004,21.888066],[73.662012,21.888069],[73.662018,21.888062],[73.66201,21.888062],[73.662009,21.888063],[73.662003,21.888064],[73.661998,21.888057],[73.66199,21.888054],[73.661983,21.888055],[73.661981,21.88805],[73.661983,21.888045],[73.661998,21.888045],[73.662008,21.888041],[73.662011,21.888049],[73.662027,21.888039],[73.662031,21.888035],[73.662032,21.888027],[73.662035,21.888025],[73.662056,21.887989],[73.662073,21.887978],[73.662082,21.887979],[73.662091,21.887965],[73.662091,21.887961],[73.662094,21.887956],[73.662095,21.887958],[73.662101,21.887954],[73.662108,21.887958],[73.66211,21.887962],[73.662106,21.88797],[73.662109,21.88797],[73.662114,21.887967],[73.662129,21.887967],[73.662142,21.887952],[73.662151,21.887948],[73.662166,21.887932],[73.662167,21.887924],[73.662193,21.887878],[73.662229,21.887843],[73.662236,21.887834],[73.662242,21.88782],[73.662242,21.887811],[73.662245,21.887809],[73.662245,21.887792],[73.662251,21.887775],[73.662249,21.887772],[73.662247,21.887752],[73.662249,21.887727],[73.662244,21.887702],[73.662244,21.887686],[73.66224,21.887682],[73.662237,21.887671],[73.662231,21.887663],[73.662234,21.887659],[73.662233,21.887651],[73.662225,21.887635],[73.662216,21.887625],[73.662213,21.887611],[73.662206,21.8876],[73.662199,21.887597],[73.662197,21.887592],[73.662186,21.887588],[73.662177,21.887573],[73.662153,21.887552],[73.662139,21.887541],[73.662127,21.887536],[73.662108,21.887517],[73.662099,21.887512],[73.662092,21.887505],[73.662077,21.887496],[73.662071,21.887487],[73.662077,21.887487],[73.662077,21.887484],[73.662068,21.887482],[73.662059,21.887467],[73.662052,21.887464],[73.662045,21.887464],[73.662041,21.887461],[73.662042,21.887456],[73.662035,21.887452],[73.662017,21.887449],[73.662,21.887452],[73.661967,21.887441],[73.661938,21.887435],[73.661922,21.887426],[73.661905,21.887428],[73.66189,21.887425],[73.661885,21.887426],[73.661878,21.887425],[73.661865,21.887428],[73.661856,21.887428],[73.661829,21.887431],[73.66182,21.887436],[73.661805,21.887439],[73.661793,21.887437],[73.661779,21.887439],[73.661774,21.887436],[73.661761,21.887438],[73.661747,21.887434],[73.661724,21.887438],[73.661712,21.887433],[73.661692,21.887432],[73.661671,21.887433],[73.661657,21.887438],[73.661605,21.887439],[73.661593,21.887436],[73.661574,21.887441],[73.661567,21.887439],[73.661555,21.88744],[73.661544,21.887436],[73.661529,21.887438],[73.661516,21.887433],[73.661497,21.887435],[73.661481,21.887434],[73.661471,21.887435],[73.661468,21.887433],[73.661459,21.887436],[73.661437,21.887432],[73.661428,21.887435],[73.661403,21.887433],[73.661391,21.887436],[73.661379,21.887433],[73.66137,21.887439],[73.661365,21.887446],[73.66136,21.88745],[73.661349,21.887453],[73.661309,21.887442],[73.661297,21.887434],[73.661267,21.887431],[73.661253,21.887426],[73.66124,21.887429],[73.661234,21.887424],[73.661225,21.887424],[73.661219,21.887427],[73.661204,21.887424],[73.661185,21.887427],[73.66118,21.887424],[73.661165,21.887423],[73.661148,21.887428],[73.661137,21.887427],[73.661125,21.88743],[73.66112,21.887428],[73.661116,21.887431],[73.661087,21.88743],[73.661078,21.887433],[73.661059,21.887429],[73.661041,21.88743],[73.661011,21.887428],[73.660992,21.887433],[73.660986,21.887431],[73.660982,21.887427],[73.660966,21.887426],[73.660938,21.88743],[73.660937,21.887432],[73.66093,21.88743],[73.66087,21.887432],[73.660859,21.887427],[73.660846,21.887425],[73.660818,21.887429],[73.660793,21.887424],[73.660769,21.887426],[73.660758,21.887421],[73.660732,21.887418],[73.66072,21.887412],[73.660708,21.887411],[73.660705,21.887413],[73.660702,21.88741],[73.660691,21.887412],[73.660687,21.887416],[73.660679,21.887412],[73.660672,21.887413],[73.660664,21.887409],[73.660642,21.887409],[73.660638,21.887406],[73.66062,21.887411],[73.660609,21.887409],[73.660599,21.88741],[73.660591,21.887407],[73.660588,21.887403],[73.660584,21.887405],[73.660578,21.887404],[73.660574,21.887406],[73.660566,21.887403],[73.660553,21.887406],[73.660551,21.887405],[73.660531,21.887407],[73.660497,21.887403],[73.660487,21.887407],[73.660476,21.887407],[73.660469,21.887413],[73.66046,21.88741],[73.660439,21.887416],[73.660427,21.887416],[73.660421,21.887414],[73.660414,21.887418],[73.660407,21.887415],[73.6604,21.887419],[73.660379,21.887418],[73.660373,21.887419],[73.660365,21.887425],[73.660342,21.88742],[73.66033,21.887423],[73.660318,21.887419],[73.660309,21.887421],[73.660302,21.887418],[73.660297,21.887422],[73.660277,21.887414],[73.660269,21.887417],[73.660252,21.887418],[73.660249,21.887421],[73.660244,21.887419],[73.660236,21.887424],[73.660228,21.887425],[73.660206,21.887422],[73.660197,21.887424],[73.660178,21.88742],[73.660168,21.887422],[73.660121,21.887422],[73.660112,21.887419],[73.660093,21.887422],[73.660076,21.88742],[73.660063,21.887421],[73.660057,21.887424],[73.660048,21.887424],[73.660019,21.887432],[73.660002,21.88744],[73.659985,21.887439],[73.659975,21.887442],[73.659966,21.887442],[73.659952,21.887452],[73.659934,21.88745],[73.659931,21.887454],[73.659924,21.887454],[73.659918,21.887458],[73.659905,21.887462],[73.659892,21.887459],[73.659878,21.887463],[73.659865,21.887463],[73.659855,21.887469],[73.659815,21.887477],[73.659802,21.887485],[73.659793,21.887486],[73.659779,21.887496],[73.659743,21.887502],[73.659726,21.887513],[73.659702,21.887513],[73.659687,21.887517],[73.659672,21.887515],[73.659661,21.887519],[73.65965,21.887518],[73.659617,21.887524],[73.6596,21.88752],[73.659582,21.88752],[73.65957,21.887525],[73.659554,21.887523],[73.659542,21.887515],[73.659532,21.887512],[73.659522,21.887511],[73.6595,21.887515],[73.659479,21.887511],[73.659476,21.887507],[73.659465,21.887506],[73.659446,21.887494],[73.65943,21.887489],[73.659415,21.887472],[73.659397,21.887465],[73.659381,21.887463],[73.659371,21.887455],[73.659355,21.887453],[73.659343,21.887445],[73.659294,21.88743],[73.659279,21.887433],[73.65927,21.887433],[73.659257,21.887431],[73.659246,21.887427],[73.65918,21.887422],[73.659156,21.887414],[73.659115,21.887409],[73.659101,21.887411],[73.659058,21.887392],[73.659042,21.887389],[73.659036,21.887383],[73.659029,21.887383],[73.659017,21.887377],[73.659,21.887375],[73.658991,21.88737],[73.658978,21.887367],[73.65897,21.88736],[73.658944,21.88735],[73.658924,21.88734],[73.658915,21.887343],[73.658906,21.887339],[73.65889,21.887336],[73.658871,21.887341],[73.658869,21.887344],[73.658862,21.88734],[73.658848,21.887343],[73.658836,21.887343],[73.658819,21.887334],[73.658794,21.887331],[73.658779,21.887334],[73.658741,21.887327],[73.658734,21.887324],[73.658723,21.887323],[73.658704,21.887326],[73.658696,21.887325],[73.65869,21.88733],[73.658669,21.887338],[73.658655,21.887335],[73.658645,21.887341],[73.65861,21.887345],[73.658594,21.88735],[73.658551,21.887349],[73.658536,21.887351],[73.658511,21.887347],[73.658499,21.887349],[73.65849,21.887346],[73.658487,21.887347],[73.658476,21.887344],[73.65847,21.887347],[73.658441,21.88735],[73.658426,21.887357],[73.658417,21.887356],[73.658411,21.88735],[73.658359,21.887359],[73.658346,21.887363],[73.658333,21.887362],[73.658309,21.887348],[73.658301,21.887338],[73.658298,21.887321]]}},{"type":"Feature","properties":{"elevation":50},"geometry":{"type":"LineString","coordinates":[[73.658142,21.890103],[73.658201,21.890101],[73.658216,21.890095],[73.658233,21.890094],[73.658236,21.890091],[73.658296,21.890085],[73.658327,21.890073],[73.658337,21.890075],[73.658353,21.890066],[73.658367,21.890065],[73.65838,21.890058],[73.658397,21.890058],[73.658415,21.89005],[73.658421,21.890051],[73.658432,21.890046],[73.658441,21.890046],[73.658459,21.890039],[73.658485,21.890038],[73.6585,21.890033],[73.658523,21.890032],[73.658538,21.890027],[73.658546,21.890027],[73.658555,21.890024],[73.65858,21.890026],[73.658582,21.890022],[73.658586,21.890025],[73.65859,21.890022],[73.658589,21.890019],[73.658625,21.890013],[73.658631,21.89001],[73.658646,21.890009],[73.658667,21.890013],[73.658675,21.890011],[73.658688,21.89001],[73.658695,21.890007],[73.658701,21.890007],[73.658721,21.89],[73.658745,21.889986],[73.658758,21.889982],[73.658767,21.889981],[73.658775,21.889974],[73.658793,21.889968],[73.658799,21.889962],[73.658809,21.889958],[73.658818,21.889955],[73.658826,21.889956],[73.658831,21.889952],[73.658837,21.889952],[73.658843,21.889948],[73.658869,21.889948],[73.65888,21.889945],[73.658886,21.889946],[73.658904,21.889943],[73.658912,21.889934],[73.658937,21.889924],[73.658941,21.889918],[73.658949,21.889916],[73.658952,21.889909],[73.658965,21.889905],[73.658972,21.8899],[73.658976,21.8899],[73.658978,21.889896],[73.658987,21.889893],[73.658991,21.889889],[73.658995,21.88989],[73.659,21.88988],[73.659005,21.889877],[73.659009,21.889868],[73.65902,21.889859],[73.659031,21.889842],[73.659029,21.889835],[73.659023,21.889827],[73.659021,21.889809],[73.659006,21.889795],[73.659006,21.88979],[73.659003,21.889785],[73.659007,21.889775],[73.659007,21.889768],[73.659016,21.889752],[73.659013,21.889745],[73.659018,21.889744],[73.659001,21.889721],[73.659004,21.889708],[73.659002,21.889701],[73.65901,21.889688],[73.659012,21.88968],[73.659021,21.889679],[73.65902,21.889662],[73.659016,21.889652],[73.659016,21.88964],[73.659012,21.889634],[73.65901,21.88962],[73.659011,21.889612],[73.659009,21.889604],[73.658997,21.889587],[73.658979,21.889572],[73.65897,21.889568],[73.658967,21.889562],[73.658962,21.88956],[73.65895,21.889548],[73.658944,21.889529],[73.658939,21.889525],[73.658945,21.889507],[73.658943,21.8895],[73.658951,21.889503],[73.658957,21.889516],[73.658973,21.889533],[73.658986,21.889537],[73.658995,21.889537],[73.659023,21.889546],[73.659034,21.889544],[73.659038,21.889553],[73.659048,21.889561],[73.659052,21.889574],[73.659062,21.889583],[73.659067,21.889583],[73.659071,21.889586],[73.659077,21.889596],[73.659077,21.889604],[73.659085,21.889618],[73.659107,21.889635],[73.659126,21.889642],[73.659136,21.889641],[73.659139,21.889634],[73.659146,21.889639],[73.659156,21.889639],[73.659156,21.889636],[73.659153,21.889636],[73.659157,21.88963],[73.659165,21.889632],[73.659169,21.88963],[73.659173,21.889633],[73.659176,21.889631],[73.659176,21.889627],[73.659198,21.889625],[73.659207,21.88962],[73.659211,21.889622],[73.659215,21.889615],[73.659227,21.889608],[73.659242,21.889606],[73.659247,21.889603],[73.65925,21.889591],[73.65922,21.889558],[73.659216,21.889548],[73.659215,21.889539],[73.65922,21.889532],[73.659225,21.88953],[73.659227,21.889541],[73.659234,21.88953],[73.659254,21.889527],[73.659272,21.889517],[73.659281,21.889499],[73.659295,21.889495],[73.659307,21.889497],[73.65932,21.889501],[73.659323,21.889505],[73.659329,21.889506],[73.659345,21.88949],[73.659357,21.889487],[73.659362,21.88949],[73.659369,21.8895],[73.659368,21.889511],[73.659373,21.889515],[73.65938,21.889512],[73.659376,21.889512],[73.659373,21.889507],[73.659375,21.889492],[73.659379,21.889492],[73.659377,21.889496],[73.659382,21.889499],[73.65939,21.889496],[73.659399,21.889497],[73.659404,21.889492],[73.659406,21.889497],[73.659401,21.889502],[73.659405,21.889504],[73.659405,21.889511],[73.659411,21.889521],[73.659409,21.889526],[73.659412,21.889526],[73.659414,21.889533],[73.659411,21.889539],[73.659413,21.889542],[73.659422,21.889537],[73.659425,21.88953],[73.659439,21.889529],[73.659448,21.889532],[73.659453,21.889524],[73.659465,21.889521],[73.659472,21.889515],[73.659486,21.889515],[73.659493,21.889511],[73.659494,21.889508],[73.659491,21.889505],[73.659492,21.889503],[73.659513,21.889496],[73.659526,21.889495],[73.659535,21.889487],[73.659572,21.889482],[73.659585,21.889476],[73.659593,21.889479],[73.659592,21.889473],[73.659596,21.88947],[73.65961,21.889472],[73.659613,21.889469],[73.65963,21.889467],[73.659633,21.889464],[73.659638,21.889463],[73.65964,21.889459],[73.659646,21.889458],[73.659646,21.889453],[73.659651,21.889449],[73.659664,21.889456],[73.65968,21.88945],[73.659681,21.889457],[73.659692,21.889465],[73.659694,21.88947],[73.659701,21.889471],[73.659693,21.889483],[73.659696,21.88949],[73.659711,21.889488],[73.65972,21.889478],[73.659728,21.889485],[73.659729,21.889488],[73.659737,21.889487],[73.65974,21.889491],[73.659743,21.889484],[73.659748,21.889483],[73.659751,21.889486],[73.65975,21.889489],[73.659752,21.889495],[73.659766,21.889504],[73.659758,21.889494],[73.659758,21.889483],[73.659763,21.889473],[73.659758,21.88947],[73.659761,21.889468],[73.659781,21.889463],[73.659787,21.889467],[73.659796,21.889469],[73.659795,21.889476],[73.659802,21.889476],[73.659805,21.88947],[73.659808,21.88947],[73.659813,21.889471],[73.659813,21.889475],[73.65982,21.889479],[73.659826,21.889474],[73.65983,21.889475],[73.65984,21.889471],[73.65985,21.889461],[73.65986,21.889459],[73.659866,21.889462],[73.659872,21.889461],[73.65988,21.889464],[73.659886,21.889464],[73.659891,21.88947],[73.659897,21.889473],[73.659909,21.889472],[73.659913,21.889478],[73.659916,21.889481],[73.659921,21.88948],[73.659921,21.889484],[73.659926,21.889487],[73.659934,21.889488],[73.659938,21.889485],[73.659952,21.889487],[73.659958,21.88949],[73.659961,21.889495],[73.659965,21.889491],[73.659969,21.889493],[73.659972,21.88949],[73.659978,21.889489],[73.659999,21.889492],[73.660004,21.889499],[73.660011,21.889499],[73.660013,21.889501],[73.660034,21.889496],[73.66005,21.889506],[73.660074,21.889513],[73.660085,21.889514],[73.660089,21.889519],[73.660102,21.889524],[73.660122,21.889526],[73.660126,21.889533],[73.660168,21.889545],[73.660205,21.889559],[73.660235,21.889564],[73.660239,21.889566],[73.660256,21.889564],[73.660259,21.889567],[73.660269,21.889565],[73.660284,21.889568],[73.660311,21.889567],[73.660344,21.889572],[73.660365,21.88958],[73.66038,21.889583],[73.66039,21.88958],[73.660428,21.889588],[73.660519,21.889596],[73.660526,21.889599],[73.660536,21.889594],[73.660566,21.889593],[73.660585,21.889588],[73.660591,21.88959],[73.660601,21.889587],[73.66063,21.889591],[73.660648,21.889588],[73.660659,21.889582],[73.660679,21.889578],[73.660688,21.88958],[73.660722,21.889574],[73.660737,21.889576],[73.660763,21.889567],[73.660771,21.88957],[73.660777,21.889569],[73.660798,21.889558],[73.660811,21.889544],[73.660843,21.88952],[73.660855,21.889517],[73.660862,21.889512],[73.660867,21.889513],[73.66088,21.889506],[73.66089,21.889496],[73.660891,21.889492],[73.660904,21.889481],[73.660907,21.88947],[73.660916,21.889462],[73.660929,21.889442],[73.660937,21.889449],[73.66094,21.889456],[73.660956,21.889461],[73.660976,21.88946],[73.660986,21.889452],[73.660994,21.889452],[73.661004,21.889443],[73.660999,21.889439],[73.660997,21.889424],[73.660999,21.88942],[73.661004,21.889416],[73.661001,21.889405],[73.661004,21.889398],[73.661015,21.889394],[73.661037,21.889395],[73.661073,21.889383],[73.661085,21.889371],[73.661085,21.889362],[73.661093,21.889351],[73.661102,21.889348],[73.661108,21.88935],[73.66112,21.88935],[73.661129,21.889346],[73.661145,21.889334],[73.661149,21.889338],[73.661151,21.889334],[73.661158,21.889334],[73.661182,21.889319],[73.66119,21.889303],[73.661197,21.889304],[73.66121,21.889292],[73.661212,21.889286],[73.661224,21.889279],[73.661229,21.889272],[73.661242,21.889268],[73.661251,21.889259],[73.661255,21.88926],[73.661259,21.889258],[73.661259,21.889253],[73.661268,21.889244],[73.661274,21.889233],[73.66127,21.889216],[73.661256,21.889207],[73.661244,21.889209],[73.66123,21.889201],[73.66123,21.889199],[73.661227,21.889201],[73.661221,21.889195],[73.661223,21.889186],[73.661219,21.889185],[73.661215,21.889188],[73.661218,21.889192],[73.661212,21.889208],[73.661201,21.889212],[73.661197,21.889215],[73.661189,21.889208],[73.661182,21.889205],[73.661168,21.889196],[73.661157,21.889198],[73.661155,21.889188],[73.661156,21.889178],[73.661164,21.88917],[73.661174,21.889168],[73.661179,21.88917],[73.661188,21.889169],[73.661189,21.889165],[73.661199,21.889162],[73.661199,21.889159],[73.661205,21.889164],[73.661201,21.889165],[73.661203,21.88917],[73.661214,21.889175],[73.661221,21.889175],[73.661225,21.889165],[73.661223,21.889157],[73.661232,21.88915],[73.661233,21.889145],[73.661235,21.889146],[73.661233,21.889154],[73.661235,21.889155],[73.661235,21.88916],[73.661251,21.889157],[73.661252,21.889159],[73.661249,21.889161],[73.661251,21.889162],[73.661258,21.889155],[73.661261,21.889158],[73.66126,21.889164],[73.661269,21.889162],[73.661274,21.88915],[73.661284,21.889142],[73.66128,21.889131],[73.661272,21.88912],[73.661273,21.889113],[73.661277,21.889107],[73.661278,21.889091],[73.661284,21.88908],[73.661284,21.889074],[73.661296,21.889062],[73.661296,21.889052],[73.661301,21.889046],[73.66131,21.889037],[73.661323,21.889031],[73.661327,21.889018],[73.661324,21.889012],[73.661324,21.889005],[73.661328,21.889],[73.661334,21.888987],[73.661345,21.888976],[73.661351,21.888962],[73.661361,21.888947],[73.661371,21.888947],[73.661378,21.888941],[73.661394,21.888944],[73.66141,21.888935],[73.661419,21.888933],[73.661428,21.888923],[73.661447,21.888924],[73.66146,21.888911],[73.661483,21.888908],[73.661496,21.888915],[73.6615,21.888919],[73.661528,21.888921],[73.66157,21.88894],[73.661572,21.888943],[73.661589,21.888952],[73.661596,21.888958],[73.661615,21.888993],[73.661623,21.888998],[73.661635,21.889],[73.661638,21.888997],[73.661638,21.888993],[73.661656,21.888989],[73.661665,21.888992],[73.661674,21.888989],[73.661679,21.888979],[73.661684,21.888973],[73.661686,21.888966],[73.661693,21.888961],[73.661693,21.888958],[73.661704,21.888951],[73.661704,21.888947],[73.661709,21.888943],[73.661707,21.888931],[73.661709,21.888926],[73.661718,21.888916],[73.661721,21.888898],[73.66173,21.888885],[73.66174,21.88886],[73.661746,21.888848],[73.66175,21.888846],[73.661751,21.888837],[73.661754,21.888834],[73.661759,21.888794],[73.661757,21.888786],[73.661763,21.888776],[73.661763,21.888765],[73.661767,21.888758],[73.661766,21.888756],[73.661768,21.888755],[73.661767,21.888752],[73.66177,21.888746],[73.661769,21.888739],[73.661772,21.888717],[73.661768,21.88871],[73.661765,21.888687],[73.661756,21.888671],[73.66176,21.888661],[73.661763,21.888664],[73.66177,21.888665],[73.66176,21.888645],[73.661769,21.888641],[73.661782,21.888646],[73.661777,21.888635],[73.661778,21.888632],[73.661784,21.888632],[73.661788,21.888635],[73.661795,21.888632],[73.661801,21.888622],[73.661807,21.888618],[73.661809,21.888611],[73.661818,21.888606],[73.661822,21.888595],[73.661825,21.888596],[73.66183,21.888588],[73.661833,21.888588],[73.661835,21.888584],[73.661835,21.888579],[73.661827,21.888575],[73.661833,21.888569],[73.661834,21.888574],[73.66184,21.888575],[73.661839,21.888573],[73.661843,21.888564],[73.661851,21.888555],[73.66185,21.888551],[73.661856,21.888549],[73.661859,21.888534],[73.661873,21.88851],[73.66188,21.888492],[73.661888,21.88848],[73.661895,21.888475],[73.661899,21.888466],[73.661898,21.888439],[73.661893,21.888428],[73.661894,21.888409],[73.661903,21.888394],[73.661907,21.888382],[73.661917,21.888367],[73.661923,21.88835],[73.661956,21.888307],[73.661964,21.888292],[73.661966,21.888283],[73.661971,21.888279],[73.661982,21.888258],[73.661987,21.888243],[73.661992,21.888241],[73.662003,21.888216],[73.662009,21.888211],[73.662018,21.888182],[73.66203,21.888164],[73.662032,21.888157],[73.662045,21.888141],[73.662044,21.888133],[73.662041,21.888128],[73.662045,21.888116],[73.662054,21.888108],[73.66206,21.888105],[73.662062,21.8881],[73.662073,21.888098],[73.662077,21.888093],[73.662079,21.888085],[73.662085,21.888076],[73.662082,21.888074],[73.662078,21.888076],[73.66208,21.88807],[73.662085,21.888068],[73.662083,21.888063],[73.662086,21.888061],[73.662088,21.888055],[73.662091,21.888053],[73.662091,21.888047],[73.662094,21.888044],[73.662105,21.888042],[73.662112,21.888028],[73.662118,21.888025],[73.662123,21.888019],[73.662123,21.888013],[73.662127,21.888007],[73.662126,21.888004],[73.66213,21.888],[73.662127,21.887999],[73.662127,21.887996],[73.66213,21.88799],[73.662132,21.887992],[73.662134,21.887979],[73.662138,21.887976],[73.66214,21.887981],[73.662149,21.887981],[73.662155,21.887989],[73.662153,21.887982],[73.662153,21.887975],[73.662164,21.887952],[73.662165,21.887946],[73.662171,21.887939],[73.662172,21.887923],[73.662185,21.887909],[73.66219,21.887895],[73.6622,21.887878],[73.662216,21.88786],[73.662234,21.887843],[73.662241,21.887832],[73.662252,21.887807],[73.662251,21.887794],[73.662259,21.887769],[73.662258,21.887738],[73.662255,21.887734],[73.662254,21.887724],[73.662256,21.887714],[73.662252,21.887704],[73.662248,21.887681],[73.662244,21.887673],[73.662241,21.88765],[73.662236,21.887636],[73.662223,21.887618],[73.662218,21.887598],[73.662205,21.887587],[73.662191,21.887584],[73.662191,21.887581],[73.662188,21.887581],[73.662184,21.887572],[73.662131,21.887527],[73.662129,21.887523],[73.662135,21.887518],[73.662133,21.887513],[73.662138,21.887512],[73.662137,21.887504],[73.662144,21.8875],[73.662135,21.887484],[73.662115,21.887473],[73.662109,21.887467],[73.662098,21.887465],[73.662092,21.887458],[73.662072,21.887453],[73.662066,21.887448],[73.662049,21.887443],[73.662037,21.887443],[73.662019,21.887438],[73.661979,21.887441],[73.661957,21.887433],[73.661936,21.887429],[73.661927,21.887423],[73.661921,21.887423],[73.661913,21.88742],[73.661905,21.887423],[73.661874,21.887415],[73.661856,21.887417],[73.661839,21.887426],[73.661825,21.887425],[73.661806,21.887428],[73.661707,21.887419],[73.661683,21.887424],[73.661674,21.887422],[73.661634,21.887427],[73.661626,21.887425],[73.661614,21.887428],[73.661585,21.887426],[73.661559,21.887427],[73.661547,21.887426],[73.661531,21.88742],[73.661483,21.887422],[73.661463,21.887419],[73.661452,21.887421],[73.661373,21.887418],[73.661365,21.887421],[73.661364,21.887425],[73.661358,21.887428],[73.661357,21.887433],[73.661354,21.887435],[73.661338,21.887434],[73.661315,21.88742],[73.661306,21.887421],[73.661286,21.887418],[73.661277,21.887414],[73.661256,21.887409],[73.661247,21.887411],[73.661237,21.88741],[73.661228,21.887406],[73.661225,21.887408],[73.661176,21.88741],[73.661165,21.887407],[73.661158,21.88741],[73.66114,21.887411],[73.661127,21.887414],[73.661112,21.887413],[73.661108,21.887416],[73.661081,21.887412],[73.661064,21.887416],[73.66105,21.887415],[73.661045,21.887416],[73.661039,21.887414],[73.661022,21.887416],[73.661011,21.887412],[73.660988,21.887416],[73.660954,21.887417],[73.660941,21.88741],[73.660937,21.887413],[73.660932,21.887412],[73.66093,21.887403],[73.660925,21.8874],[73.660911,21.88741],[73.6609,21.887414],[73.660876,21.88741],[73.66083,21.88741],[73.660821,21.887407],[73.660819,21.88741],[73.660804,21.887413],[73.660775,21.887408],[73.660756,21.887408],[73.660729,21.887399],[73.660725,21.887396],[73.660705,21.887395],[73.660677,21.887386],[73.660671,21.887389],[73.660654,21.887386],[73.660654,21.887383],[73.660645,21.887381],[73.660633,21.887382],[73.660629,21.887385],[73.660603,21.887387],[73.660595,21.887383],[73.660547,21.887386],[73.660527,21.88738],[73.660517,21.887383],[73.660513,21.88738],[73.660503,21.887385],[73.660488,21.887388],[73.660477,21.887384],[73.660469,21.887387],[73.66046,21.887387],[73.660456,21.88739],[73.660437,21.887388],[73.660429,21.887395],[73.660415,21.887397],[73.6604,21.887394],[73.660386,21.887399],[73.660373,21.887398],[73.660354,21.887402],[73.660346,21.887401],[73.660339,21.887404],[73.660326,21.887402],[73.660322,21.887399],[73.660298,21.8874],[73.660289,21.887399],[73.660282,21.887401],[73.660277,21.887398],[73.660258,21.887404],[73.660249,21.887399],[73.660239,21.887401],[73.66022,21.887398],[73.660189,21.887408],[73.66016,21.887408],[73.660151,21.887407],[73.660138,21.887411],[73.660112,21.887407],[73.660092,21.887409],[73.660085,21.887408],[73.660075,21.887411],[73.660068,21.887409],[73.660058,21.887413],[73.66004,21.887414],[73.660034,21.887411],[73.660028,21.887415],[73.660015,21.887417],[73.66001,21.887416],[73.659995,21.887422],[73.659977,21.887424],[73.659972,21.887422],[73.659965,21.887429],[73.659954,21.887435],[73.659944,21.887436],[73.659934,21.88744],[73.659931,21.887438],[73.659925,21.887441],[73.659908,21.887442],[73.659899,21.887447],[73.659891,21.887446],[73.659882,21.887453],[73.659868,21.887452],[73.659806,21.887474],[73.659798,21.887473],[73.659785,21.887476],[73.659779,21.887485],[73.659769,21.88749],[73.659732,21.887495],[73.659724,21.887499],[73.659719,21.887498],[73.659693,21.887505],[73.659684,21.887504],[73.659678,21.887507],[73.659663,21.887507],[73.659656,21.887508],[73.659642,21.887505],[73.65963,21.887507],[73.659623,21.887504],[73.659621,21.887506],[73.659603,21.887507],[73.659591,21.88751],[73.659587,21.887509],[73.659583,21.887513],[73.659575,21.887514],[73.659571,21.887511],[73.659567,21.887512],[73.659559,21.887509],[73.659554,21.887511],[73.659548,21.887503],[73.659541,21.887501],[73.659508,21.887498],[73.659499,21.887501],[73.659492,21.887501],[73.659462,21.887493],[73.659448,21.887483],[73.659441,21.88748],[73.659431,21.88747],[73.659413,21.88746],[73.659386,21.887448],[73.659353,21.88744],[73.659338,21.88743],[73.659306,21.887419],[73.659286,21.887422],[73.659256,21.887414],[73.65925,21.887415],[73.659249,21.88742],[73.659236,21.88742],[73.659191,21.887416],[73.659181,21.887411],[73.659162,21.887407],[73.659153,21.887409],[73.659135,21.887407],[73.659121,21.8874],[73.659107,21.887398],[73.659094,21.887391],[73.659077,21.887388],[73.659048,21.887377],[73.659035,21.887374],[73.65903,21.887372],[73.659027,21.887365],[73.659022,21.887365],[73.659019,21.887362],[73.659003,21.887359],[73.658993,21.88736],[73.658982,21.887355],[73.658972,21.887346],[73.658947,21.887342],[73.658942,21.887337],[73.658935,21.887333],[73.658904,21.887326],[73.658885,21.887327],[73.658877,21.887325],[73.658869,21.887327],[73.658849,21.887324],[73.658838,21.887327],[73.658827,21.887325],[73.658817,21.887319],[73.658799,21.887318],[73.658772,21.887322],[73.658762,21.887319],[73.658753,21.887319],[73.658737,21.887315],[73.658715,21.887313],[73.658699,21.887316],[73.658691,21.887313],[73.658665,21.88732],[73.658635,21.887332],[73.658584,21.88734],[73.658572,21.887338],[73.658558,21.887339],[73.658546,21.887332],[73.658521,21.887327],[73.658512,21.887333],[73.658503,21.887334],[73.658497,21.887334],[73.658479,21.887328],[73.658459,21.887328],[73.65845,21.887331],[73.658441,21.88734],[73.658421,21.887345],[73.658404,21.887345],[73.6584,21.887343],[73.658378,21.887349],[73.658368,21.887344],[73.658357,21.887348],[73.658328,21.887351],[73.658317,21.887345],[73.658309,21.887332],[73.658306,21.887266],[73.658303,21.88726]]}},{"type":"Feature","properties":{"elevation":49},"geometry":{"type":"LineString","coordinates":[[73.658137,21.890122],[73.658141,21.890123],[73.658149,21.890118],[73.658174,21.890122],[73.658186,21.890121],[73.658192,21.890117],[73.658197,21.890119],[73.658245,21.890108],[73.658253,21.890107],[73.658256,21.89011],[73.658263,21.890106],[73.658283,21.890106],[73.658289,21.890101],[73.658326,21.890094],[73.658335,21.890089],[73.658351,21.890087],[73.658354,21.890085],[73.658374,21.890084],[73.658381,21.890087],[73.658384,21.890078],[73.658387,21.890076],[73.658392,21.890078],[73.658395,21.890074],[73.658414,21.890068],[73.658422,21.890071],[73.658428,21.89007],[73.658446,21.890059],[73.658464,21.890058],[73.658471,21.890055],[73.658493,21.890053],[73.658501,21.890055],[73.658505,21.890053],[73.658513,21.890054],[73.658516,21.890052],[73.658517,21.890049],[73.658523,21.890046],[73.658537,21.890046],[73.65855,21.890042],[73.658558,21.890042],[73.658574,21.890038],[73.658579,21.890041],[73.65859,21.890034],[73.658604,21.890033],[73.65862,21.890027],[73.658643,21.890023],[73.658668,21.890028],[73.658689,21.890023],[73.658698,21.890017],[73.658724,21.890015],[73.658738,21.890008],[73.658748,21.890006],[73.658753,21.889998],[73.658786,21.889987],[73.658809,21.889975],[73.658819,21.889974],[73.658823,21.88997],[73.65883,21.88997],[73.658834,21.889967],[73.658857,21.889961],[73.658876,21.889959],[73.658888,21.88996],[73.658892,21.889956],[73.658904,21.889955],[73.658922,21.889946],[73.658954,21.889925],[73.658965,21.889923],[73.658975,21.889924],[73.658978,21.889922],[73.658983,21.889926],[73.658987,21.889925],[73.658994,21.889928],[73.659015,21.889921],[73.659018,21.889916],[73.659017,21.889896],[73.659022,21.889887],[73.659026,21.889888],[73.659029,21.889882],[73.659034,21.889864],[73.659041,21.889854],[73.659043,21.889844],[73.65905,21.889841],[73.659056,21.889833],[73.65905,21.88981],[73.659055,21.889807],[73.659053,21.889797],[73.659059,21.889792],[73.659055,21.889787],[73.659053,21.889769],[73.659044,21.889751],[73.659048,21.889749],[73.659044,21.889732],[73.659053,21.889729],[73.659058,21.88972],[73.659064,21.889718],[73.659066,21.889714],[73.659055,21.889702],[73.659051,21.889691],[73.659043,21.889687],[73.659037,21.889677],[73.659027,21.889652],[73.659024,21.889629],[73.659025,21.889618],[73.65903,21.88961],[73.659026,21.889598],[73.659029,21.889592],[73.659033,21.889591],[73.659029,21.889579],[73.659031,21.889567],[73.659038,21.889571],[73.659046,21.889584],[73.659058,21.889596],[73.659057,21.889603],[73.659063,21.889608],[73.659064,21.889619],[73.659062,21.889629],[73.659082,21.889651],[73.65912,21.889659],[73.659127,21.889658],[73.659141,21.889663],[73.659153,21.889659],[73.659158,21.889664],[73.659173,21.889665],[73.659177,21.889663],[73.659182,21.889666],[73.65919,21.889663],[73.659197,21.889667],[73.659201,21.889661],[73.659209,21.889661],[73.659216,21.889653],[73.659229,21.889646],[73.659237,21.889646],[73.659243,21.889642],[73.659252,21.88964],[73.65926,21.889636],[73.659276,21.889633],[73.659277,21.889646],[73.659279,21.889647],[73.659285,21.889643],[73.659283,21.889638],[73.659285,21.889633],[73.659284,21.889622],[73.659276,21.889615],[73.659264,21.889595],[73.659271,21.889596],[73.659269,21.88959],[73.65927,21.889581],[73.659281,21.889575],[73.659298,21.889575],[73.659312,21.889586],[73.659325,21.88959],[73.65933,21.889589],[73.659332,21.889585],[73.659336,21.889583],[73.659347,21.889585],[73.659356,21.889579],[73.659356,21.889574],[73.659358,21.889573],[73.659362,21.889574],[73.659371,21.88958],[73.659403,21.889579],[73.659419,21.889585],[73.659433,21.889579],[73.659435,21.889576],[73.65945,21.889574],[73.659458,21.88957],[73.659473,21.889567],[73.659476,21.889564],[73.65948,21.889567],[73.659485,21.889564],[73.659489,21.889567],[73.659488,21.889564],[73.659491,21.88956],[73.659503,21.88956],[73.659511,21.889554],[73.659517,21.889555],[73.659526,21.889548],[73.65954,21.889545],[73.659555,21.889534],[73.659559,21.889535],[73.659559,21.889531],[73.659564,21.889527],[73.659571,21.889527],[73.659579,21.889523],[73.659583,21.889518],[73.659597,21.889515],[73.659603,21.88951],[73.659622,21.889506],[73.659641,21.889513],[73.659643,21.889515],[73.65964,21.889523],[73.659647,21.88952],[73.659668,21.889527],[73.65967,21.889531],[73.6597,21.889538],[73.659703,21.889537],[73.659706,21.889541],[73.659702,21.889545],[73.659705,21.889548],[73.65971,21.889549],[73.659712,21.889553],[73.659709,21.889558],[73.659713,21.889561],[73.659714,21.889555],[73.659723,21.889557],[73.659724,21.889554],[73.65973,21.889551],[73.65973,21.889546],[73.659746,21.889544],[73.659752,21.889536],[73.659759,21.889531],[73.659776,21.889529],[73.659776,21.889526],[73.659781,21.889523],[73.659788,21.889509],[73.659794,21.889504],[73.659795,21.8895],[73.659801,21.889494],[73.65981,21.889493],[73.659824,21.889497],[73.659838,21.889505],[73.659844,21.889504],[73.659851,21.889508],[73.659865,21.889503],[73.659866,21.889505],[73.659863,21.889509],[73.659865,21.88951],[73.659869,21.889507],[73.659881,21.889509],[73.659887,21.889508],[73.659899,21.889517],[73.659903,21.889515],[73.659909,21.88952],[73.659911,21.889516],[73.659918,21.889521],[73.659931,21.889525],[73.659937,21.889521],[73.659939,21.889525],[73.659968,21.889529],[73.659973,21.889527],[73.66,21.889526],[73.660007,21.889529],[73.660016,21.889527],[73.66002,21.88953],[73.660023,21.889527],[73.660026,21.889526],[73.660093,21.889544],[73.660096,21.889546],[73.660096,21.889551],[73.660103,21.889548],[73.660176,21.889574],[73.660191,21.889577],[73.660223,21.889586],[73.660235,21.889585],[73.660248,21.889587],[73.660279,21.889587],[73.660296,21.88959],[73.660309,21.889595],[73.66032,21.889594],[73.660332,21.889598],[73.660347,21.889598],[73.660376,21.889606],[73.660401,21.889606],[73.66041,21.88961],[73.660454,21.889608],[73.660473,21.889611],[73.660497,21.889611],[73.660503,21.889614],[73.660518,21.889616],[73.66053,21.889615],[73.660532,21.889613],[73.66054,21.889616],[73.660551,21.889611],[73.660578,21.889613],[73.660584,21.889611],[73.660587,21.889607],[73.660595,21.889606],[73.660625,21.889606],[73.660659,21.8896],[73.660669,21.889602],[73.660695,21.889595],[73.660707,21.889595],[73.660711,21.889596],[73.660719,21.889593],[73.660753,21.889589],[73.660761,21.889586],[73.660776,21.889587],[73.660786,21.889584],[73.66079,21.889581],[73.660792,21.889574],[73.660801,21.889568],[73.660818,21.88955],[73.660845,21.889528],[73.660907,21.889497],[73.660912,21.889485],[73.66092,21.889477],[73.660927,21.889476],[73.660936,21.889467],[73.660948,21.889471],[73.660961,21.889472],[73.661004,21.889461],[73.661008,21.889459],[73.661014,21.889448],[73.661028,21.889434],[73.66105,21.889433],[73.661069,21.889428],[73.661075,21.88943],[73.661079,21.889437],[73.661082,21.889439],[73.661099,21.889433],[73.661105,21.889436],[73.661114,21.889434],[73.661128,21.889438],[73.66114,21.889434],[73.661143,21.889435],[73.661154,21.889426],[73.661157,21.889429],[73.661165,21.889429],[73.661179,21.889433],[73.661183,21.88944],[73.66119,21.889438],[73.661209,21.889447],[73.661252,21.889449],[73.661259,21.889439],[73.66126,21.889424],[73.661265,21.889418],[73.661265,21.889408],[73.66126,21.889401],[73.66126,21.889396],[73.661254,21.889394],[73.661248,21.889399],[73.66124,21.889398],[73.661236,21.889395],[73.661228,21.889397],[73.661217,21.889392],[73.661205,21.889397],[73.661201,21.889392],[73.661196,21.88939],[73.661197,21.889387],[73.661202,21.889387],[73.661205,21.889379],[73.661201,21.889374],[73.661206,21.889374],[73.661209,21.889367],[73.661206,21.88936],[73.66121,21.889354],[73.66121,21.889337],[73.661207,21.889326],[73.661208,21.889316],[73.661218,21.889297],[73.661234,21.889287],[73.661237,21.889288],[73.661242,21.889284],[73.661256,21.889282],[73.661266,21.889274],[73.66127,21.889265],[73.661286,21.88925],[73.6613,21.889249],[73.661306,21.889254],[73.661314,21.889254],[73.661324,21.889261],[73.661338,21.889259],[73.661343,21.889264],[73.661348,21.889259],[73.661353,21.889259],[73.661357,21.889256],[73.661357,21.889251],[73.661355,21.889246],[73.66136,21.889234],[73.661356,21.88923],[73.66135,21.889226],[73.661345,21.889226],[73.661337,21.889238],[73.661332,21.88924],[73.661314,21.889229],[73.661313,21.889221],[73.661306,21.88922],[73.661302,21.889211],[73.661293,21.889204],[73.661282,21.889206],[73.661271,21.889196],[73.661277,21.889182],[73.661277,21.889174],[73.661281,21.889168],[73.661282,21.889161],[73.661296,21.889145],[73.661299,21.889132],[73.661307,21.889123],[73.661311,21.889121],[73.661317,21.889113],[73.661327,21.889111],[73.661317,21.889101],[73.661317,21.889097],[73.661314,21.889091],[73.661303,21.889088],[73.661304,21.889079],[73.661315,21.889074],[73.661321,21.889064],[73.661309,21.889053],[73.661316,21.889044],[73.661336,21.88903],[73.661338,21.889025],[73.661335,21.889015],[73.661342,21.88901],[73.661341,21.889003],[73.661344,21.888996],[73.66135,21.888991],[73.661357,21.88899],[73.661368,21.888997],[73.661384,21.888992],[73.661384,21.88899],[73.661377,21.88899],[73.66138,21.888987],[73.66138,21.888983],[73.661375,21.888986],[73.661371,21.888985],[73.661378,21.888977],[73.661372,21.888972],[73.661373,21.888967],[73.661392,21.888961],[73.661395,21.888956],[73.661409,21.888952],[73.661412,21.888947],[73.661416,21.888945],[73.661434,21.888946],[73.661445,21.888935],[73.661461,21.888927],[73.661486,21.888926],[73.661492,21.888929],[73.661503,21.888928],[73.661542,21.888934],[73.661578,21.888956],[73.661584,21.888967],[73.661587,21.888967],[73.661594,21.888972],[73.661601,21.888982],[73.6616,21.889001],[73.661594,21.889013],[73.661592,21.889026],[73.661596,21.889041],[73.661593,21.889058],[73.661598,21.889075],[73.661609,21.88907],[73.661616,21.889063],[73.66163,21.889065],[73.661654,21.889058],[73.66166,21.889062],[73.661665,21.889062],[73.661668,21.889066],[73.661675,21.88906],[73.661673,21.889057],[73.661677,21.889055],[73.661677,21.88905],[73.661675,21.889046],[73.66168,21.889041],[73.661679,21.889035],[73.661695,21.888982],[73.661703,21.888971],[73.661707,21.888973],[73.661712,21.888972],[73.661731,21.888959],[73.661739,21.888948],[73.661741,21.888929],[73.661739,21.888922],[73.66174,21.888916],[73.661738,21.888913],[73.661741,21.888911],[73.661749,21.888878],[73.661759,21.888863],[73.661759,21.888857],[73.661764,21.888852],[73.661772,21.888824],[73.661775,21.888819],[73.661779,21.888819],[73.661777,21.888814],[73.661784,21.888802],[73.661786,21.88879],[73.661794,21.888778],[73.661795,21.888785],[73.661803,21.888783],[73.661807,21.888753],[73.661819,21.888764],[73.661825,21.888759],[73.661828,21.888759],[73.661828,21.888764],[73.66182,21.88877],[73.661821,21.888779],[73.661824,21.888777],[73.661822,21.888773],[73.661824,21.88877],[73.661832,21.888771],[73.661836,21.888759],[73.661835,21.888755],[73.661846,21.888735],[73.661845,21.888729],[73.661848,21.888726],[73.661848,21.888729],[73.66185,21.888729],[73.661837,21.888709],[73.661837,21.888705],[73.661842,21.888698],[73.661842,21.888694],[73.661824,21.888672],[73.661845,21.888676],[73.661855,21.888665],[73.661858,21.888658],[73.661862,21.888656],[73.661868,21.888656],[73.661872,21.888648],[73.661868,21.888636],[73.661866,21.888619],[73.661862,21.888612],[73.661862,21.888573],[73.661868,21.88856],[73.661875,21.888557],[73.661878,21.888553],[73.661878,21.888548],[73.661875,21.888546],[73.661874,21.888542],[73.661884,21.888527],[73.661896,21.888488],[73.661904,21.888477],[73.661915,21.888468],[73.661913,21.888452],[73.661909,21.888443],[73.66191,21.888436],[73.6619,21.888422],[73.661901,21.888409],[73.661909,21.888397],[73.661917,21.88839],[73.661938,21.888353],[73.661938,21.888344],[73.661943,21.888336],[73.66196,21.888322],[73.661977,21.8883],[73.66198,21.888283],[73.661984,21.888275],[73.661992,21.888269],[73.661993,21.888258],[73.662,21.888246],[73.662005,21.888246],[73.662007,21.888242],[73.662016,21.888239],[73.662016,21.888235],[73.662023,21.888234],[73.662026,21.88823],[73.662034,21.888236],[73.662037,21.888246],[73.662039,21.888245],[73.662045,21.888222],[73.662061,21.888205],[73.662058,21.888195],[73.662059,21.888186],[73.662054,21.888181],[73.662053,21.888176],[73.662056,21.888169],[73.662062,21.888163],[73.662064,21.888153],[73.662069,21.888147],[73.662074,21.888145],[73.662074,21.888136],[73.662093,21.888126],[73.662097,21.888125],[73.662099,21.888127],[73.662101,21.888127],[73.6621,21.888117],[73.662107,21.888111],[73.662106,21.888107],[73.662109,21.888106],[73.662109,21.888103],[73.662117,21.888092],[73.662115,21.888088],[73.66212,21.888087],[73.662117,21.888081],[73.662124,21.888078],[73.662135,21.888083],[73.662137,21.888082],[73.662136,21.888077],[73.662131,21.888074],[73.662128,21.888065],[73.662129,21.888061],[73.662126,21.888055],[73.662128,21.888047],[73.662142,21.888041],[73.662154,21.888042],[73.662174,21.888039],[73.66218,21.888031],[73.662167,21.888003],[73.662163,21.887973],[73.66217,21.887961],[73.662178,21.887928],[73.662186,21.88792],[73.662203,21.88789],[73.662208,21.887876],[73.662238,21.887843],[73.662254,21.887822],[73.662258,21.88781],[73.662259,21.887798],[73.662263,21.887787],[73.662262,21.887778],[73.662266,21.887763],[73.66226,21.887723],[73.662262,21.887718],[73.662255,21.887685],[73.66225,21.887642],[73.66224,21.88763],[73.662237,21.887622],[73.662231,21.887614],[73.662226,21.887596],[73.662218,21.887592],[73.662213,21.887584],[73.662196,21.887578],[73.662192,21.887572],[73.66218,21.887564],[73.662179,21.887559],[73.662168,21.887546],[73.66217,21.887539],[73.662179,21.887536],[73.662181,21.887533],[73.662175,21.887526],[73.66218,21.887517],[73.662177,21.887503],[73.662174,21.887502],[73.662172,21.887497],[73.662164,21.887486],[73.662149,21.887475],[73.662149,21.887469],[73.662136,21.887467],[73.662131,21.887461],[73.662124,21.887461],[73.662116,21.887457],[73.662108,21.887458],[73.662098,21.887454],[73.662091,21.887448],[73.662085,21.887446],[73.66208,21.88744],[73.66207,21.887439],[73.662063,21.887435],[73.66204,21.887434],[73.662027,21.887428],[73.662018,21.88743],[73.662005,21.887429],[73.661992,21.887434],[73.661977,21.887435],[73.661956,21.887422],[73.661948,21.887423],[73.661936,21.887421],[73.661928,21.887419],[73.66192,21.887413],[73.66191,21.887412],[73.661897,21.887405],[73.661886,21.887404],[73.661847,21.887404],[73.661827,21.887413],[73.661798,21.887416],[73.661772,21.887411],[73.661748,21.887413],[73.661725,21.887408],[73.661694,21.887412],[73.661681,21.887411],[73.661676,21.887408],[73.661626,21.887413],[73.66161,21.887417],[73.661596,21.887418],[73.661582,21.887415],[73.66157,21.887418],[73.661555,21.887415],[73.661548,21.887417],[73.661537,21.88741],[73.66152,21.887406],[73.661513,21.887408],[73.661461,21.887405],[73.661439,21.887406],[73.661435,21.887403],[73.661423,21.887402],[73.661417,21.887405],[73.661401,21.887403],[73.661388,21.887405],[73.661385,21.887403],[73.661381,21.887407],[73.66137,21.887404],[73.661357,21.887409],[73.661339,21.887412],[73.661327,21.88741],[73.661322,21.887405],[73.66131,21.887404],[73.661301,21.887406],[73.661283,21.887402],[73.661269,21.887396],[73.661246,21.887394],[73.66124,21.887396],[73.661229,21.887393],[73.661214,21.887395],[73.661201,21.887393],[73.661195,21.887396],[73.661191,21.887394],[73.661182,21.887395],[73.661176,21.887393],[73.661172,21.887395],[73.661142,21.887394],[73.661121,21.887399],[73.661107,21.887399],[73.661093,21.887395],[73.661074,21.887399],[73.661055,21.887397],[73.661005,21.887402],[73.660993,21.8874],[73.660964,21.887401],[73.660954,21.887396],[73.66095,21.887397],[73.660945,21.887394],[73.660941,21.887396],[73.660939,21.887392],[73.660925,21.88739],[73.660909,21.887393],[73.660901,21.88739],[73.660895,21.887394],[73.660889,21.887391],[73.660868,21.887395],[73.660858,21.887388],[73.660851,21.887387],[73.660841,21.887388],[73.660834,21.887394],[73.660805,21.887392],[73.660799,21.887394],[73.660764,21.887394],[73.660756,21.887389],[73.660747,21.887385],[73.660738,21.887387],[73.660735,21.887382],[73.660727,21.887382],[73.660725,21.887378],[73.660698,21.887374],[73.660695,21.88737],[73.660684,21.887366],[73.660673,21.887364],[73.660666,21.887365],[73.660655,21.88736],[73.660639,21.88736],[73.660625,21.887366],[73.660619,21.887363],[73.66061,21.887362],[73.660602,21.887366],[73.660595,21.887361],[73.660583,21.887361],[73.660573,21.887363],[73.66057,21.887365],[73.660554,21.887363],[73.660535,21.887366],[73.660525,21.887365],[73.660515,21.887369],[73.660497,21.88737],[73.66049,21.887374],[73.660482,21.887374],[73.660479,21.88737],[73.660462,21.887373],[73.660457,21.88737],[73.660425,21.887374],[73.660403,21.887374],[73.6604,21.887376],[73.660392,21.887375],[73.660383,21.887379],[73.660369,21.88738],[73.660351,21.887384],[73.660331,21.887384],[73.660317,21.88738],[73.660309,21.887383],[73.660305,21.887382],[73.660276,21.887386],[73.660259,21.887385],[73.660252,21.887382],[73.660241,21.887381],[73.660233,21.88738],[73.660225,21.887383],[73.660222,21.88738],[73.66021,21.887382],[73.660203,21.887386],[73.660153,21.887388],[73.66013,21.887395],[73.660102,21.887394],[73.660094,21.887392],[73.66008,21.887395],[73.660061,21.887394],[73.660044,21.887398],[73.66002,21.887398],[73.660014,21.887403],[73.659988,21.887408],[73.659979,21.887407],[73.659918,21.887426],[73.659898,21.887425],[73.659873,21.887431],[73.659864,21.887431],[73.659858,21.88744],[73.659833,21.887444],[73.659829,21.88745],[73.659817,21.887458],[73.659804,21.887458],[73.659786,21.887464],[73.659778,21.887464],[73.659772,21.887477],[73.659767,21.887476],[73.65976,21.887479],[73.659743,21.887476],[73.659711,21.887488],[73.659693,21.887491],[73.659682,21.887497],[73.659658,21.887494],[73.65963,21.887497],[73.659622,21.887494],[73.659607,21.887496],[73.659595,21.887493],[73.659559,21.887492],[73.659491,21.887484],[73.659485,21.887479],[73.659458,21.887473],[73.659449,21.887469],[73.659428,21.887451],[73.659404,21.887442],[73.659389,21.887432],[73.659378,21.887433],[73.659368,21.887427],[73.65936,21.88743],[73.659355,21.887427],[73.659354,21.887421],[73.659347,21.887423],[73.659325,21.887411],[73.659304,21.88741],[73.659293,21.887404],[73.659287,21.887407],[73.659281,21.887405],[73.659247,21.887403],[73.65922,21.887408],[73.659192,21.887403],[73.65918,21.887396],[73.659145,21.887394],[73.659133,21.887387],[73.659092,21.887378],[73.659085,21.887374],[73.659058,21.887363],[73.659045,21.88736],[73.659034,21.887356],[73.659033,21.887351],[73.659025,21.887354],[73.659008,21.887351],[73.658992,21.887343],[73.65899,21.887332],[73.658984,21.887337],[73.658978,21.887334],[73.65897,21.887336],[73.658935,21.887321],[73.658912,21.887319],[73.658895,21.887315],[73.658868,21.887314],[73.658849,21.887318],[73.658834,21.887314],[73.658818,21.887307],[73.658806,21.887308],[73.6588,21.887305],[73.658775,21.88731],[73.658762,21.887306],[73.658737,21.887307],[73.658687,21.887301],[73.658671,21.887304],[73.658644,21.887319],[73.658604,21.887328],[73.658572,21.887325],[73.658567,21.887327],[73.658541,21.887314],[73.65853,21.887313],[73.658509,21.887317],[73.658494,21.887314],[73.658469,21.887307],[73.658462,21.887309],[73.658438,21.887332],[73.65843,21.887331],[73.658401,21.887334],[73.658383,21.887337],[73.658376,21.887341],[73.658366,21.887339],[73.658327,21.887343],[73.658319,21.887338],[73.658316,21.88733],[73.658311,21.887265],[73.658308,21.887247],[73.658305,21.887243]]}},{"type":"Feature","properties":{"elevation":48},"geometry":{"type":"LineString","coordinates":[[73.658132,21.89014],[73.658157,21.890138],[73.658165,21.890135],[73.658179,21.890135],[73.658182,21.890137],[73.658201,21.890132],[73.658216,21.890131],[73.658223,21.890132],[73.658233,21.890128],[73.65826,21.890127],[73.658279,21.890119],[73.658285,21.890118],[73.658289,21.890121],[73.658293,21.890118],[73.658305,21.890117],[73.658327,21.890112],[73.658334,21.890108],[73.65835,21.890107],[73.658356,21.890103],[73.658365,21.890106],[73.65837,21.890105],[73.658392,21.89009],[73.658396,21.890092],[73.658412,21.890089],[73.658414,21.890087],[73.658424,21.890087],[73.658446,21.890077],[73.658478,21.89008],[73.658486,21.890071],[73.658496,21.890071],[73.658524,21.890064],[73.658538,21.890063],[73.658557,21.890057],[73.658564,21.890058],[73.658576,21.890053],[73.658621,21.890043],[73.658651,21.890039],[73.658654,21.890042],[73.65866,21.890041],[73.658664,21.890043],[73.658696,21.890037],[73.658742,21.890019],[73.658751,21.890018],[73.658762,21.890009],[73.658787,21.890004],[73.658794,21.890001],[73.658799,21.890001],[73.658811,21.889992],[73.658827,21.889986],[73.658841,21.889983],[73.658851,21.889983],[73.658869,21.889974],[73.658877,21.889975],[73.658883,21.889972],[73.658902,21.889972],[73.658912,21.88997],[73.658921,21.889963],[73.658961,21.889941],[73.658973,21.889939],[73.658977,21.889943],[73.658997,21.889944],[73.659017,21.889936],[73.65903,21.889924],[73.659038,21.889921],[73.65904,21.889915],[73.659049,21.889907],[73.65905,21.889902],[73.659046,21.889898],[73.659048,21.889894],[73.659046,21.889891],[73.659046,21.889881],[73.659052,21.889868],[73.659056,21.889868],[73.659064,21.889862],[73.659067,21.889856],[73.659071,21.889855],[73.659069,21.889852],[73.65907,21.889842],[73.659073,21.889844],[73.659076,21.889841],[73.659079,21.889842],[73.659078,21.889837],[73.659085,21.889833],[73.659084,21.889829],[73.659088,21.889822],[73.659089,21.889811],[73.659085,21.889797],[73.659088,21.88979],[73.659092,21.889785],[73.659093,21.889779],[73.65909,21.88977],[73.659096,21.889769],[73.659096,21.889758],[73.659103,21.889754],[73.659108,21.889753],[73.659104,21.889744],[73.659104,21.889737],[73.659098,21.889731],[73.659093,21.889723],[73.659077,21.889706],[73.659063,21.889696],[73.659056,21.889687],[73.659048,21.889681],[73.659043,21.889662],[73.659034,21.889643],[73.659041,21.889622],[73.659049,21.88963],[73.659048,21.889642],[73.65906,21.889653],[73.659066,21.889667],[73.659082,21.889674],[73.659094,21.889676],[73.659113,21.889676],[73.659142,21.889688],[73.659156,21.889691],[73.65916,21.889689],[73.659166,21.889691],[73.65917,21.88969],[73.659173,21.889696],[73.659184,21.88969],[73.659198,21.889695],[73.659205,21.889693],[73.65921,21.889694],[73.659219,21.889691],[73.659226,21.889694],[73.659235,21.889689],[73.659247,21.889691],[73.65925,21.889688],[73.659263,21.889691],[73.659277,21.889686],[73.659296,21.889687],[73.659311,21.889684],[73.659317,21.889675],[73.659313,21.889659],[73.659306,21.889648],[73.659306,21.889644],[73.65931,21.889645],[73.659312,21.889641],[73.659307,21.889634],[73.65931,21.889621],[73.659317,21.889621],[73.659318,21.889615],[73.659343,21.889617],[73.65937,21.889629],[73.659375,21.889634],[73.659379,21.889643],[73.659377,21.889652],[73.659382,21.889656],[73.659396,21.889653],[73.659406,21.889644],[73.65941,21.889644],[73.659412,21.889631],[73.659396,21.889628],[73.659402,21.889613],[73.659407,21.889616],[73.659416,21.889609],[73.659429,21.889611],[73.659445,21.889616],[73.659457,21.889613],[73.659459,21.889619],[73.659466,21.889621],[73.659467,21.889623],[73.659472,21.889622],[73.659482,21.889624],[73.659491,21.889629],[73.6595,21.889625],[73.65951,21.889611],[73.659545,21.889582],[73.659567,21.889581],[73.659577,21.889577],[73.659575,21.889581],[73.659578,21.88959],[73.659577,21.889601],[73.659583,21.8896],[73.659615,21.889562],[73.659628,21.889555],[73.659641,21.889551],[73.659654,21.889551],[73.659668,21.889555],[73.659677,21.889566],[73.659679,21.889574],[73.65969,21.889592],[73.659694,21.889594],[73.659702,21.889592],[73.659713,21.889596],[73.65973,21.88959],[73.659728,21.889586],[73.659729,21.889577],[73.659735,21.889582],[73.65974,21.889582],[73.659754,21.889578],[73.659773,21.889579],[73.659779,21.88957],[73.659792,21.889571],[73.659798,21.889567],[73.659814,21.889573],[73.659819,21.889569],[73.659825,21.889572],[73.659829,21.88957],[73.659836,21.88957],[73.659834,21.889562],[73.65982,21.889553],[73.659818,21.889541],[73.659812,21.889536],[73.659807,21.889526],[73.659811,21.889514],[73.659817,21.889518],[73.659823,21.889517],[73.659828,21.889522],[73.65984,21.889526],[73.659843,21.889531],[73.659855,21.889537],[73.659885,21.889543],[73.659901,21.889552],[73.659928,21.889563],[73.659932,21.889561],[73.659943,21.889563],[73.659952,21.889563],[73.659955,21.889566],[73.659971,21.889566],[73.659975,21.889569],[73.659983,21.889564],[73.65999,21.889567],[73.659998,21.889567],[73.660013,21.889564],[73.660035,21.889564],[73.660048,21.889569],[73.660057,21.889568],[73.660058,21.889571],[73.660068,21.889571],[73.660074,21.889575],[73.660086,21.889578],[73.66009,21.889576],[73.660118,21.889587],[73.660125,21.889586],[73.660134,21.889591],[73.660145,21.889592],[73.66016,21.889598],[73.660169,21.889597],[73.660179,21.889601],[73.660192,21.889602],[73.660198,21.889606],[73.660201,21.889604],[73.660212,21.889605],[73.66022,21.889608],[73.660224,21.889606],[73.660254,21.889611],[73.660269,21.889611],[73.660273,21.889615],[73.660275,21.889613],[73.660279,21.889616],[73.660288,21.889616],[73.660291,21.889621],[73.660294,21.889617],[73.660305,21.889622],[73.660316,21.88962],[73.660322,21.88962],[73.660325,21.889622],[73.660348,21.889619],[73.660364,21.889626],[73.660398,21.889627],[73.66041,21.889628],[73.660421,21.889627],[73.66046,21.889633],[73.660471,21.889631],[73.660496,21.889636],[73.660519,21.889631],[73.660527,21.889632],[73.660528,21.889634],[73.660539,21.889635],[73.660556,21.88963],[73.660563,21.889633],[73.66057,21.88963],[73.660584,21.88963],[73.660595,21.889632],[73.660615,21.889624],[73.66065,21.889622],[73.660655,21.88962],[73.660692,21.889614],[73.660715,21.889613],[73.660727,21.889608],[73.660737,21.889608],[73.660756,21.889602],[73.660765,21.889606],[73.660773,21.889606],[73.660789,21.889594],[73.660796,21.889582],[73.660805,21.889573],[73.660807,21.889567],[73.660823,21.889557],[73.66085,21.889535],[73.660863,21.88953],[73.660866,21.889524],[73.660913,21.889507],[73.660917,21.889495],[73.660928,21.889486],[73.660935,21.889484],[73.660946,21.889484],[73.660952,21.88948],[73.660967,21.889482],[73.660999,21.889476],[73.661023,21.889457],[73.661031,21.889461],[73.661058,21.889449],[73.661075,21.889453],[73.661116,21.889449],[73.661123,21.88945],[73.661133,21.889444],[73.661163,21.88944],[73.661171,21.889442],[73.66118,21.88945],[73.661192,21.889455],[73.661194,21.889462],[73.661199,21.889469],[73.661212,21.889464],[73.661247,21.889462],[73.661259,21.889459],[73.661277,21.889427],[73.661286,21.889423],[73.661297,21.889427],[73.661301,21.889425],[73.661322,21.889393],[73.661328,21.889388],[73.661339,21.889387],[73.661346,21.889374],[73.661343,21.889369],[73.661323,21.889373],[73.661319,21.889371],[73.661318,21.889369],[73.661323,21.889364],[73.661316,21.889358],[73.661311,21.889364],[73.661305,21.889365],[73.661304,21.889371],[73.661299,21.889366],[73.661293,21.889369],[73.661289,21.889367],[73.661292,21.889359],[73.661301,21.889358],[73.661305,21.889355],[73.661312,21.889356],[73.661314,21.889349],[73.66132,21.889346],[73.661326,21.889346],[73.661332,21.889339],[73.661333,21.889324],[73.661329,21.889309],[73.661316,21.889291],[73.661308,21.88929],[73.661306,21.889286],[73.661307,21.889279],[73.661316,21.889282],[73.661317,21.889285],[73.66132,21.889282],[73.661333,21.889277],[73.66134,21.889278],[73.661345,21.889283],[73.661355,21.889284],[73.661362,21.889282],[73.661371,21.889275],[73.661382,21.889257],[73.661386,21.889256],[73.661384,21.889251],[73.661389,21.889247],[73.661389,21.889238],[73.661391,21.88924],[73.661394,21.889237],[73.661407,21.889233],[73.661411,21.889234],[73.661419,21.889229],[73.661467,21.889223],[73.661478,21.889214],[73.661481,21.889214],[73.661482,21.889217],[73.661485,21.889213],[73.661502,21.889225],[73.66151,21.889241],[73.661513,21.889252],[73.66152,21.889257],[73.66153,21.889273],[73.66154,21.889281],[73.661543,21.889278],[73.661543,21.889272],[73.661546,21.889266],[73.661554,21.889264],[73.66156,21.889265],[73.661564,21.889259],[73.661575,21.88925],[73.661574,21.889245],[73.661579,21.889244],[73.661583,21.889234],[73.66159,21.889224],[73.661599,21.88922],[73.6616,21.889215],[73.661596,21.889207],[73.661602,21.889203],[73.661604,21.889197],[73.6616,21.889187],[73.661626,21.889172],[73.661636,21.889177],[73.661658,21.889164],[73.661669,21.88915],[73.661672,21.889152],[73.661685,21.889144],[73.661688,21.889147],[73.661692,21.889142],[73.661697,21.889148],[73.6617,21.889138],[73.6617,21.889142],[73.661705,21.889144],[73.661703,21.889149],[73.66172,21.889145],[73.661727,21.889131],[73.661725,21.889126],[73.661729,21.889126],[73.661735,21.88912],[73.661734,21.889116],[73.66173,21.889116],[73.66173,21.889122],[73.661726,21.889122],[73.661726,21.889118],[73.66173,21.889113],[73.661733,21.889111],[73.661744,21.889115],[73.661742,21.88911],[73.661744,21.889107],[73.661756,21.889103],[73.661767,21.889092],[73.66177,21.889082],[73.661778,21.889086],[73.661785,21.889082],[73.661783,21.889078],[73.66178,21.889081],[73.661777,21.88908],[73.661776,21.889071],[73.661773,21.889067],[73.661777,21.889066],[73.66178,21.889069],[73.661803,21.889056],[73.661802,21.889054],[73.661793,21.889052],[73.661788,21.889046],[73.661805,21.889029],[73.661805,21.889024],[73.661815,21.889016],[73.661819,21.889007],[73.661817,21.889003],[73.661807,21.889008],[73.661803,21.889019],[73.661794,21.889029],[73.661791,21.889036],[73.661781,21.889031],[73.661779,21.889024],[73.661783,21.889017],[73.661775,21.889013],[73.66177,21.889014],[73.661758,21.889022],[73.661756,21.889026],[73.661758,21.889034],[73.661753,21.889039],[73.661746,21.889036],[73.66174,21.889036],[73.661732,21.889034],[73.661729,21.889022],[73.66174,21.88901],[73.661735,21.889004],[73.661738,21.888995],[73.66174,21.888995],[73.661739,21.888992],[73.66174,21.888988],[73.661744,21.888986],[73.661748,21.88899],[73.66176,21.888979],[73.661769,21.888985],[73.661788,21.888971],[73.661796,21.888968],[73.661804,21.888958],[73.661802,21.888956],[73.661803,21.888954],[73.661814,21.888949],[73.661818,21.888943],[73.661825,21.888943],[73.661826,21.888934],[73.661829,21.888931],[73.661832,21.888931],[73.661836,21.888934],[73.661835,21.888928],[73.661846,21.888922],[73.661846,21.888915],[73.661866,21.888904],[73.661867,21.888899],[73.661871,21.88889],[73.661879,21.888886],[73.661879,21.888881],[73.661887,21.888873],[73.661884,21.888868],[73.661874,21.888865],[73.661869,21.888868],[73.661865,21.888867],[73.66186,21.888871],[73.661861,21.888876],[73.661857,21.888874],[73.661845,21.888885],[73.66184,21.888881],[73.66185,21.888876],[73.661855,21.888865],[73.661846,21.888866],[73.661845,21.888864],[73.661848,21.888863],[73.661848,21.88886],[73.661854,21.888861],[73.66186,21.888858],[73.661863,21.888853],[73.66186,21.888848],[73.661866,21.888846],[73.661868,21.888838],[73.661863,21.888832],[73.661863,21.888826],[73.66186,21.888819],[73.661854,21.888813],[73.661856,21.888807],[73.661853,21.888803],[73.661855,21.888801],[73.661861,21.888807],[73.661864,21.888803],[73.661863,21.888799],[73.661854,21.888792],[73.661864,21.888789],[73.661869,21.888782],[73.661862,21.888774],[73.661866,21.888765],[73.66188,21.888764],[73.661878,21.888753],[73.661872,21.888752],[73.661871,21.888749],[73.661872,21.888738],[73.661877,21.888734],[73.661891,21.888737],[73.66189,21.888731],[73.661895,21.888729],[73.6619,21.888718],[73.66189,21.888704],[73.661899,21.888704],[73.661902,21.8887],[73.661916,21.888696],[73.661918,21.888692],[73.661922,21.88869],[73.661919,21.888688],[73.661917,21.888682],[73.661912,21.888679],[73.661909,21.888674],[73.661891,21.888657],[73.661881,21.888636],[73.661877,21.888632],[73.661877,21.888626],[73.661873,21.888623],[73.661871,21.888611],[73.661872,21.888603],[73.661871,21.888599],[73.661874,21.888583],[73.661878,21.888578],[73.661881,21.888566],[73.661889,21.888554],[73.661888,21.888546],[73.661898,21.888511],[73.661905,21.888507],[73.661905,21.888502],[73.661909,21.888498],[73.661911,21.888489],[73.661918,21.888483],[73.661925,21.888474],[73.661929,21.888476],[73.66193,21.888471],[73.661934,21.888472],[73.661937,21.888467],[73.661942,21.888469],[73.66195,21.888468],[73.661972,21.888451],[73.661972,21.888445],[73.661978,21.888443],[73.661986,21.888431],[73.661995,21.888425],[73.662,21.888416],[73.662,21.888408],[73.662006,21.888396],[73.662011,21.888394],[73.662013,21.888395],[73.662018,21.888394],[73.662019,21.888389],[73.662033,21.888384],[73.662041,21.888385],[73.662042,21.88838],[73.662042,21.888383],[73.662058,21.888387],[73.662065,21.888383],[73.662062,21.888377],[73.66207,21.88838],[73.662073,21.888378],[73.662073,21.888374],[73.662077,21.88837],[73.662076,21.888361],[73.662069,21.888358],[73.662073,21.888354],[73.662073,21.888345],[73.662063,21.888344],[73.662056,21.888348],[73.662047,21.888343],[73.662043,21.888339],[73.66202,21.888328],[73.662016,21.888322],[73.662021,21.888307],[73.66203,21.888305],[73.662038,21.888292],[73.662046,21.888288],[73.662047,21.888281],[73.662056,21.88827],[73.662054,21.88825],[73.662048,21.88824],[73.662049,21.888233],[73.662053,21.888227],[73.662066,21.888218],[73.662071,21.888195],[73.662083,21.888182],[73.662089,21.888167],[73.662097,21.888163],[73.662099,21.888159],[73.662113,21.88815],[73.662125,21.888149],[73.662135,21.888144],[73.662144,21.888143],[73.662153,21.888137],[73.662156,21.888129],[73.662154,21.888123],[73.66215,21.888116],[73.66215,21.888104],[73.662148,21.888091],[73.662152,21.888072],[73.662148,21.888061],[73.66219,21.88805],[73.662194,21.888048],[73.662196,21.888043],[73.662195,21.888035],[73.662185,21.888013],[73.662175,21.887998],[73.662169,21.88798],[73.66217,21.887974],[73.66218,21.887958],[73.66218,21.887944],[73.66219,21.887929],[73.662191,21.887922],[73.6622,21.887911],[73.662201,21.887903],[73.662209,21.887892],[73.662214,21.887874],[73.662225,21.887865],[73.662228,21.887858],[73.662257,21.887825],[73.662266,21.887804],[73.662265,21.887796],[73.662267,21.887791],[73.662276,21.887785],[73.662281,21.887785],[73.662287,21.887781],[73.662294,21.887779],[73.6623,21.887772],[73.662311,21.887769],[73.662316,21.887761],[73.662323,21.887762],[73.66233,21.887758],[73.662333,21.887745],[73.66233,21.887731],[73.662332,21.887705],[73.662349,21.887684],[73.662358,21.887677],[73.66236,21.887666],[73.662357,21.887655],[73.662351,21.887653],[73.662347,21.887639],[73.662334,21.887627],[73.662323,21.887622],[73.662318,21.887616],[73.662305,21.887588],[73.662289,21.887574],[73.662284,21.887574],[73.662281,21.887564],[73.662272,21.887561],[73.662251,21.887533],[73.662227,21.887514],[73.662218,21.88751],[73.662198,21.887495],[73.662184,21.887492],[73.662178,21.887488],[73.662173,21.887482],[73.662171,21.887472],[73.662164,21.887463],[73.662145,21.887455],[73.662132,21.887455],[73.662119,21.887452],[73.662114,21.887447],[73.662093,21.887438],[73.662077,21.887426],[73.662065,21.887427],[73.662057,21.887423],[73.662039,21.887424],[73.662036,21.887421],[73.662025,21.887419],[73.661993,21.88742],[73.661974,21.887425],[73.66196,21.887414],[73.661937,21.887412],[73.661923,21.887408],[73.661909,21.887401],[73.661845,21.887399],[73.661818,21.887407],[73.661806,21.887405],[73.6618,21.887401],[73.661788,21.887398],[73.661774,21.8874],[73.661761,21.887397],[73.661742,21.887398],[73.661729,21.887393],[73.661718,21.887393],[73.661697,21.887397],[73.661673,21.887398],[73.661659,21.887396],[73.661633,21.887399],[73.661621,21.887403],[73.661597,21.887405],[73.661579,21.887401],[73.661571,21.887404],[73.66156,21.887404],[73.661542,21.887397],[73.661526,21.887395],[73.661519,21.887396],[73.661445,21.88739],[73.661441,21.887392],[73.661439,21.887389],[73.661429,21.887389],[73.661424,21.887391],[73.661409,21.887387],[73.6614,21.887389],[73.661392,21.887387],[73.661379,21.887389],[73.661366,21.887393],[73.661356,21.887393],[73.661353,21.887398],[73.66134,21.8874],[73.661333,21.8874],[73.661322,21.887393],[73.66131,21.887391],[73.661306,21.887391],[73.661293,21.887387],[73.661264,21.887386],[73.661247,21.88738],[73.661215,21.887379],[73.661199,21.887382],[73.661175,21.887378],[73.661163,21.887382],[73.661147,21.887379],[73.661112,21.887385],[73.661094,21.887384],[73.66108,21.887392],[73.661059,21.887393],[73.66104,21.887386],[73.660976,21.887383],[73.660942,21.887378],[73.66093,21.887381],[73.660926,21.887379],[73.660913,21.887381],[73.660901,21.887379],[73.660892,21.887374],[73.660881,21.887375],[73.660879,21.887372],[73.660872,21.887371],[73.660858,21.887374],[73.660837,21.887372],[73.660822,21.887379],[73.660807,21.887377],[73.660793,21.887383],[73.660784,21.887378],[73.660773,21.887379],[73.660765,21.887375],[73.660758,21.887375],[73.660744,21.887364],[73.66071,21.887358],[73.660676,21.887344],[73.660657,21.887349],[73.660641,21.887344],[73.660629,21.887348],[73.660625,21.887353],[73.660617,21.887349],[73.660609,21.887348],[73.660603,21.887348],[73.660594,21.887352],[73.660572,21.88735],[73.66056,21.887354],[73.66055,21.887351],[73.660536,21.887352],[73.660531,21.88735],[73.660505,21.887358],[73.660501,21.887354],[73.660475,21.887359],[73.660435,21.887354],[73.660413,21.887357],[73.660404,21.887354],[73.660355,21.887366],[73.660344,21.887364],[73.660339,21.887366],[73.660326,21.887366],[73.660317,21.887369],[73.660312,21.887368],[73.660303,21.88737],[73.660299,21.887368],[73.660292,21.88737],[73.660281,21.887367],[73.660273,21.887368],[73.660252,21.887367],[73.660243,21.887364],[73.660213,21.887364],[73.660146,21.887373],[73.660128,21.887371],[73.660114,21.887377],[73.660096,21.887378],[73.660086,21.887375],[73.660074,21.887378],[73.660064,21.887378],[73.660062,21.887381],[73.660053,21.88738],[73.660045,21.887384],[73.660029,21.887381],[73.660009,21.887388],[73.660006,21.887386],[73.659995,21.887387],[73.659988,21.887385],[73.659949,21.887399],[73.659942,21.887398],[73.659923,21.887405],[73.659888,21.887411],[73.659865,21.887413],[73.659856,21.887426],[73.659838,21.887432],[73.659827,21.887432],[73.659809,21.887443],[73.6598,21.887442],[73.659792,21.887447],[73.659774,21.887452],[73.659762,21.887463],[73.659735,21.887465],[73.659719,21.887474],[73.65971,21.887471],[73.659691,21.887477],[73.659683,21.887475],[73.659671,21.887479],[73.659658,21.887474],[73.65965,21.887475],[73.659647,21.887473],[73.659642,21.887475],[73.659622,21.887474],[73.659616,21.887479],[73.659606,21.887479],[73.659602,21.887474],[73.659593,21.887472],[73.659574,21.887477],[73.659557,21.887477],[73.659524,21.887473],[73.659503,21.887478],[73.659498,21.887477],[73.659496,21.887474],[73.659485,21.88747],[73.65948,21.887462],[73.659466,21.887453],[73.659452,21.887451],[73.659442,21.887441],[73.659424,21.887432],[73.659401,21.887422],[73.659382,21.887419],[73.65936,21.887408],[73.65933,21.887402],[73.659322,21.887397],[73.659249,21.887388],[73.659237,21.887393],[73.659234,21.887397],[73.659222,21.887397],[73.659215,21.887395],[73.659211,21.887391],[73.659211,21.887388],[73.659205,21.887385],[73.659204,21.887378],[73.659186,21.887382],[73.659165,21.887379],[73.659156,21.887375],[73.65914,21.887378],[73.659123,21.887371],[73.659114,21.887372],[73.659085,21.887363],[73.659071,21.887356],[73.659068,21.887353],[73.659048,21.88735],[73.659042,21.887344],[73.659027,21.887339],[73.65901,21.887339],[73.658991,21.887327],[73.658983,21.887316],[73.658979,21.887322],[73.658975,21.887324],[73.658954,21.887314],[73.658909,21.887305],[73.658887,21.88731],[73.658876,21.887309],[73.658868,21.887304],[73.658857,21.887306],[73.658837,21.887303],[73.658829,21.887297],[73.658815,21.887294],[73.658797,21.887294],[73.658784,21.887297],[73.658777,21.887295],[73.658773,21.887297],[73.65876,21.887292],[73.658744,21.887294],[73.658728,21.887292],[73.658722,21.887294],[73.6587,21.887285],[73.658689,21.887287],[73.658675,21.887293],[73.658666,21.887289],[73.65866,21.88729],[73.658646,21.887302],[73.65863,21.88731],[73.658596,21.887311],[73.658569,21.887315],[73.65855,21.887304],[73.65854,21.887301],[73.658522,21.887304],[73.658515,21.887308],[73.658508,21.887309],[73.658498,21.887299],[73.658472,21.887288],[73.658467,21.88729],[73.658459,21.887291],[73.658456,21.887302],[73.65845,21.887311],[73.658442,21.887318],[73.658429,21.887324],[73.658393,21.887329],[73.658385,21.887328],[73.658371,21.887332],[73.658332,21.887335],[73.658324,21.887329],[73.65832,21.887318],[73.658316,21.887268],[73.658311,21.887238],[73.658307,21.887232]]}},{"type":"Feature","properties":{"elevation":47},"geometry":{"type":"LineString","coordinates":[[73.658128,21.890158],[73.658134,21.890159],[73.658139,21.890157],[73.658148,21.890159],[73.658152,21.890155],[73.658167,21.890156],[73.658184,21.890153],[73.658187,21.89015],[73.658197,21.890153],[73.658208,21.890152],[73.658214,21.890148],[73.658225,21.890148],[73.658246,21.890141],[73.658255,21.890143],[73.658263,21.890138],[73.65829,21.890136],[73.658322,21.890128],[73.658342,21.890126],[73.658356,21.890119],[73.658364,21.890118],[73.658359,21.890121],[73.658371,21.890123],[73.658372,21.890122],[73.658369,21.890118],[73.65838,21.890117],[73.658387,21.890111],[73.658406,21.89011],[73.658427,21.890102],[73.658431,21.890098],[73.658447,21.890095],[73.658457,21.890091],[73.658475,21.890089],[73.658481,21.890091],[73.658489,21.890091],[73.658495,21.890087],[73.658506,21.890085],[73.658509,21.890085],[73.658504,21.890089],[73.658508,21.89009],[73.658513,21.890088],[73.658512,21.890084],[73.658515,21.890083],[73.658521,21.890082],[73.658525,21.890085],[73.658533,21.890081],[73.658547,21.890081],[73.658559,21.890074],[73.658575,21.89007],[73.658606,21.890064],[73.658619,21.890064],[73.658628,21.890061],[73.658635,21.89006],[73.658641,21.890062],[73.658647,21.890057],[73.658674,21.890056],[73.658694,21.890052],[73.658698,21.890049],[73.658717,21.890045],[73.658724,21.890041],[73.658729,21.890042],[73.658731,21.89004],[73.658735,21.890042],[73.658744,21.890035],[73.658764,21.890027],[73.658784,21.890024],[73.658786,21.890021],[73.6588,21.890016],[73.658814,21.890015],[73.658829,21.890007],[73.658832,21.890009],[73.658851,21.889998],[73.658866,21.889997],[73.658892,21.889985],[73.658911,21.889986],[73.658921,21.88998],[73.658967,21.889961],[73.658982,21.889961],[73.65901,21.889956],[73.659012,21.889953],[73.659044,21.889938],[73.659052,21.889929],[73.659057,21.889927],[73.659064,21.889921],[73.659071,21.889921],[73.659074,21.889916],[73.659079,21.889916],[73.659081,21.889909],[73.659088,21.889908],[73.659085,21.889896],[73.659088,21.889895],[73.659092,21.889897],[73.659101,21.889889],[73.659105,21.889891],[73.659109,21.889886],[73.659114,21.889886],[73.659112,21.889875],[73.659113,21.889872],[73.659115,21.889877],[73.659119,21.889877],[73.659121,21.889875],[73.65912,21.889868],[73.659123,21.889867],[73.659126,21.88987],[73.659128,21.889865],[73.659127,21.889862],[73.659117,21.889858],[73.65912,21.889853],[73.659115,21.889852],[73.659114,21.88985],[73.659122,21.88985],[73.65913,21.889845],[73.65913,21.889839],[73.659136,21.889839],[73.659135,21.88983],[73.65914,21.889829],[73.659144,21.88982],[73.659151,21.889816],[73.659154,21.889811],[73.659162,21.889808],[73.659167,21.889809],[73.65917,21.889808],[73.659168,21.889806],[73.65917,21.889799],[73.659167,21.889791],[73.659155,21.889781],[73.659151,21.88978],[73.659151,21.889776],[73.659146,21.889774],[73.659142,21.889768],[73.659144,21.889765],[73.659141,21.889758],[73.659136,21.889757],[73.659129,21.889747],[73.659114,21.889734],[73.659115,21.889729],[73.659094,21.889707],[73.659088,21.889706],[73.659072,21.889691],[73.659068,21.889686],[73.65907,21.889684],[73.659074,21.889684],[73.659088,21.889692],[73.6591,21.88969],[73.659108,21.889691],[73.659128,21.8897],[73.659142,21.889713],[73.659152,21.889715],[73.659155,21.889726],[73.659182,21.889741],[73.659193,21.889741],[73.659193,21.889736],[73.6592,21.889732],[73.659205,21.889725],[73.659209,21.889711],[73.659212,21.889708],[73.659218,21.889705],[73.659225,21.889705],[73.659236,21.889699],[73.65925,21.8897],[73.659263,21.889704],[73.65927,21.889704],[73.659275,21.88971],[73.659281,21.889726],[73.659292,21.889726],[73.659295,21.889729],[73.659305,21.889721],[73.659314,21.88972],[73.659317,21.889716],[73.659318,21.889721],[73.659322,21.889724],[73.659326,21.889722],[73.659331,21.88973],[73.659336,21.889728],[73.659339,21.88973],[73.65935,21.889718],[73.659349,21.889707],[73.659343,21.889695],[73.659348,21.889686],[73.65935,21.889673],[73.659356,21.889674],[73.659361,21.88967],[73.659372,21.889672],[73.659381,21.889682],[73.659387,21.889685],[73.659387,21.889687],[73.659383,21.889687],[73.659387,21.889687],[73.659387,21.889691],[73.659394,21.889693],[73.659391,21.889696],[73.659392,21.889701],[73.659398,21.889705],[73.659407,21.889706],[73.659409,21.889709],[73.659414,21.889709],[73.659442,21.889697],[73.659446,21.88969],[73.65945,21.889689],[73.659456,21.889692],[73.65946,21.889685],[73.659458,21.889675],[73.659463,21.889675],[73.65947,21.889669],[73.659477,21.889667],[73.659478,21.889664],[73.659491,21.889652],[73.659506,21.889648],[73.659516,21.889653],[73.659525,21.889649],[73.659526,21.889652],[73.659519,21.889672],[73.659521,21.889674],[73.659527,21.889672],[73.659526,21.889674],[73.659528,21.889678],[73.659534,21.889672],[73.65954,21.889679],[73.659534,21.889686],[73.659537,21.889695],[73.659533,21.8897],[73.659533,21.88971],[73.659542,21.889718],[73.659555,21.889719],[73.65956,21.889716],[73.659566,21.889716],[73.659572,21.889713],[73.659573,21.889705],[73.659578,21.889705],[73.659582,21.889701],[73.659585,21.889703],[73.65959,21.889701],[73.659588,21.889675],[73.659592,21.889665],[73.659588,21.889662],[73.659584,21.889663],[73.659582,21.889662],[73.659572,21.889643],[73.659577,21.889622],[73.659585,21.889611],[73.659605,21.889594],[73.659613,21.889592],[73.659623,21.889582],[73.659626,21.88957],[73.659633,21.889562],[73.659638,21.889559],[73.659651,21.889562],[73.659663,21.889572],[73.659673,21.889576],[73.659684,21.889603],[73.659684,21.889608],[73.659679,21.889612],[73.65968,21.889615],[73.659684,21.889629],[73.65969,21.889634],[73.659695,21.889632],[73.6597,21.889624],[73.659709,21.889625],[73.659717,21.889623],[73.659722,21.889625],[73.659732,21.889624],[73.659743,21.889634],[73.659772,21.889627],[73.659774,21.889629],[73.659771,21.889631],[73.659773,21.889636],[73.659776,21.889633],[73.659786,21.889631],[73.659796,21.889636],[73.659802,21.889637],[73.659832,21.889629],[73.65984,21.889632],[73.659845,21.889631],[73.659849,21.889627],[73.65986,21.889625],[73.659868,21.889627],[73.659874,21.889623],[73.659886,21.889623],[73.659888,21.889621],[73.659884,21.889616],[73.659897,21.889618],[73.659898,21.889615],[73.659894,21.889612],[73.659902,21.889602],[73.659897,21.889591],[73.659884,21.889584],[73.65987,21.88957],[73.65987,21.889565],[73.659874,21.889562],[73.659892,21.889564],[73.659905,21.88957],[73.659918,21.889581],[73.659923,21.889582],[73.659945,21.889602],[73.659955,21.889602],[73.659955,21.889607],[73.659959,21.889609],[73.659965,21.889608],[73.659973,21.88961],[73.659976,21.889607],[73.659985,21.889606],[73.659994,21.88961],[73.660001,21.889609],[73.660013,21.889614],[73.660023,21.889611],[73.660038,21.889612],[73.660042,21.889615],[73.660046,21.889609],[73.660064,21.889606],[73.660071,21.889613],[73.660084,21.889611],[73.660102,21.889619],[73.66011,21.889614],[73.660128,21.88962],[73.660134,21.889619],[73.660145,21.889628],[73.660151,21.889628],[73.660155,21.889626],[73.660166,21.889629],[73.660182,21.889626],[73.660192,21.889633],[73.660205,21.889634],[73.660205,21.889637],[73.660208,21.889634],[73.660216,21.889638],[73.660229,21.889633],[73.660256,21.889636],[73.66027,21.889643],[73.660287,21.889646],[73.660315,21.889647],[73.660327,21.889644],[73.660334,21.889646],[73.660345,21.889646],[73.660349,21.889653],[73.660355,21.889651],[73.660362,21.889653],[73.660366,21.889651],[73.660373,21.889653],[73.660419,21.889649],[73.660446,21.889651],[73.660462,21.889655],[73.660473,21.889652],[73.660481,21.889655],[73.660486,21.889653],[73.660504,21.889655],[73.660515,21.88965],[73.660528,21.889653],[73.660532,21.889655],[73.66054,21.889652],[73.660551,21.889653],[73.660554,21.889656],[73.660557,21.889652],[73.660562,21.889651],[73.660577,21.889654],[73.660586,21.889651],[73.660597,21.889653],[73.660605,21.88965],[73.660614,21.889649],[73.660618,21.889645],[73.660629,21.889647],[73.660635,21.889645],[73.660638,21.889641],[73.660646,21.889642],[73.66065,21.889639],[73.660656,21.88964],[73.660671,21.889633],[73.660678,21.889634],[73.660682,21.889638],[73.660693,21.889634],[73.660706,21.889635],[73.660723,21.889631],[73.66074,21.889622],[73.660772,21.889618],[73.660793,21.889604],[73.660804,21.889586],[73.660815,21.88958],[73.660817,21.889572],[73.660829,21.889566],[73.660842,21.889553],[73.660852,21.889549],[73.66086,21.889542],[73.660878,21.889531],[73.660894,21.889527],[73.660902,21.889521],[73.660925,21.889518],[73.66094,21.889504],[73.660945,21.889506],[73.660952,21.889505],[73.66096,21.889509],[73.660973,21.889508],[73.660993,21.889514],[73.660999,21.889509],[73.661001,21.889503],[73.661013,21.889496],[73.661022,21.889496],[73.661029,21.889492],[73.661037,21.889483],[73.66106,21.889474],[73.661078,21.889477],[73.661083,21.889473],[73.661092,21.889473],[73.661096,21.889466],[73.661105,21.889461],[73.66112,21.889463],[73.66113,21.889456],[73.661135,21.889457],[73.661151,21.889449],[73.661172,21.889455],[73.661203,21.889475],[73.661228,21.889478],[73.661262,21.889477],[73.661278,21.889467],[73.661293,21.889466],[73.661297,21.889458],[73.661306,21.889453],[73.661308,21.889444],[73.661314,21.889441],[73.661324,21.889427],[73.661327,21.889426],[73.661332,21.889429],[73.661335,21.889428],[73.661336,21.889425],[73.661332,21.88942],[73.661337,21.889411],[73.661345,21.889404],[73.661357,21.889403],[73.661368,21.889396],[73.661371,21.889386],[73.66138,21.889374],[73.661386,21.889374],[73.661389,21.88938],[73.661394,21.889381],[73.6614,21.889387],[73.66141,21.889387],[73.661419,21.889383],[73.661436,21.889392],[73.661478,21.88939],[73.661491,21.889372],[73.661502,21.889365],[73.661511,21.88934],[73.661509,21.889335],[73.661482,21.889335],[73.661472,21.889344],[73.661462,21.889342],[73.661452,21.889344],[73.661436,21.88935],[73.661435,21.889353],[73.661431,21.889356],[73.661418,21.889359],[73.661414,21.889358],[73.661412,21.889354],[73.661401,21.889355],[73.661396,21.889358],[73.661381,21.889355],[73.66137,21.889345],[73.661358,21.889332],[73.661355,21.889324],[73.661356,21.889318],[73.661371,21.889311],[73.661374,21.889306],[73.661384,21.8893],[73.66141,21.889248],[73.661422,21.889238],[73.661446,21.889233],[73.661473,21.889231],[73.661496,21.889237],[73.6615,21.889248],[73.661508,21.889257],[73.661509,21.889264],[73.661517,21.889269],[73.661516,21.889276],[73.661521,21.889281],[73.66152,21.889287],[73.661513,21.889298],[73.661509,21.8893],[73.661507,21.889305],[73.661515,21.889308],[73.66152,21.889318],[73.661521,21.889326],[73.661524,21.889328],[73.661533,21.889325],[73.661542,21.889315],[73.661555,21.889313],[73.661557,21.889307],[73.661556,21.889304],[73.661558,21.889301],[73.661563,21.889298],[73.661568,21.889298],[73.661573,21.88929],[73.661581,21.889289],[73.661589,21.889275],[73.661598,21.889269],[73.661603,21.889269],[73.661609,21.889272],[73.661623,21.88927],[73.661628,21.889282],[73.661632,21.889285],[73.661636,21.889283],[73.661655,21.889269],[73.661656,21.889263],[73.661672,21.889244],[73.661673,21.889241],[73.661677,21.889241],[73.661681,21.889237],[73.66168,21.889234],[73.661687,21.889225],[73.661688,21.889218],[73.661697,21.889213],[73.661697,21.889206],[73.661703,21.889205],[73.661733,21.889177],[73.661739,21.88917],[73.661753,21.889133],[73.661761,21.889122],[73.661793,21.889098],[73.661804,21.889088],[73.661808,21.889078],[73.661828,21.889058],[73.661839,21.889039],[73.661841,21.889033],[73.661855,21.889017],[73.661863,21.888999],[73.661882,21.888982],[73.661885,21.888969],[73.661888,21.888965],[73.661887,21.888961],[73.661895,21.888943],[73.661896,21.888937],[73.661907,21.888927],[73.661924,21.8889],[73.661943,21.888888],[73.661949,21.888887],[73.66198,21.888861],[73.661984,21.888854],[73.66199,21.888852],[73.661986,21.888848],[73.661991,21.888846],[73.661993,21.888841],[73.661998,21.888836],[73.662,21.888829],[73.661992,21.888821],[73.661996,21.888815],[73.661992,21.888811],[73.661997,21.888792],[73.661998,21.888782],[73.66199,21.888759],[73.661973,21.888747],[73.661971,21.88874],[73.661973,21.888734],[73.661967,21.888731],[73.661965,21.888727],[73.661972,21.88872],[73.661981,21.888718],[73.661978,21.888713],[73.661989,21.888705],[73.661994,21.888704],[73.661994,21.888702],[73.661976,21.888693],[73.661972,21.888694],[73.661946,21.888688],[73.661935,21.888678],[73.661927,21.888676],[73.661915,21.888666],[73.661906,21.888651],[73.661894,21.88864],[73.661894,21.888633],[73.661889,21.888628],[73.661885,21.888609],[73.661886,21.888583],[73.661896,21.888564],[73.661901,21.888545],[73.661909,21.888526],[73.661909,21.888514],[73.661915,21.888507],[73.66192,21.888506],[73.661937,21.888494],[73.661947,21.88849],[73.66195,21.888483],[73.661957,21.888481],[73.661976,21.888459],[73.66201,21.888429],[73.662026,21.888425],[73.662031,21.888428],[73.662034,21.888424],[73.662037,21.888425],[73.66204,21.888424],[73.662043,21.88841],[73.662046,21.888409],[73.662049,21.888413],[73.662055,21.888414],[73.662066,21.888413],[73.662083,21.888397],[73.662092,21.888367],[73.662092,21.888343],[73.662075,21.888334],[73.662056,21.88833],[73.662052,21.888327],[73.662039,21.888327],[73.662036,21.888324],[73.662038,21.888321],[73.66204,21.888312],[73.662055,21.888295],[73.662072,21.888283],[73.662075,21.888279],[73.662074,21.888272],[73.662066,21.88826],[73.662067,21.888255],[73.662064,21.888245],[73.662063,21.888229],[73.66207,21.888224],[73.662075,21.888207],[73.662087,21.888193],[73.662096,21.888187],[73.662098,21.888181],[73.662106,21.888174],[73.662122,21.888162],[73.662149,21.888154],[73.662165,21.888142],[73.662169,21.888136],[73.662169,21.888127],[73.662167,21.888125],[73.662168,21.888114],[73.662164,21.888099],[73.662165,21.888078],[73.662177,21.888071],[73.662183,21.888072],[73.66219,21.888076],[73.662201,21.888068],[73.662208,21.888066],[73.662204,21.888058],[73.662208,21.888044],[73.662207,21.888038],[73.662191,21.888008],[73.66219,21.887996],[73.662185,21.887983],[73.662185,21.887969],[73.66219,21.887942],[73.662206,21.887913],[73.662217,21.887878],[73.662231,21.887867],[73.662237,21.887853],[73.662258,21.88783],[73.662271,21.887804],[73.66229,21.887788],[73.662317,21.887792],[73.662326,21.887788],[73.662328,21.887782],[73.662334,21.887781],[73.662342,21.887764],[73.662341,21.887754],[73.662344,21.88775],[73.662339,21.887733],[73.66234,21.88772],[73.662343,21.887716],[73.66235,21.887717],[73.662359,21.887694],[73.662374,21.887682],[73.66238,21.887658],[73.662373,21.887645],[73.662367,21.887641],[73.662365,21.887626],[73.662348,21.887609],[73.662345,21.887608],[73.662335,21.887611],[73.662326,21.887607],[73.662329,21.887594],[73.662323,21.887584],[73.662309,21.887575],[73.662275,21.887541],[73.66227,21.887538],[73.662262,21.887527],[73.662236,21.887507],[73.6622,21.887485],[73.662185,21.887481],[73.662182,21.88747],[73.662174,21.887464],[73.662171,21.887458],[73.662163,21.887455],[73.662153,21.887445],[73.662125,21.887443],[73.66212,21.887438],[73.662101,21.88743],[73.662089,21.88742],[73.662082,21.887417],[73.662068,21.887416],[73.662054,21.887412],[73.662045,21.887413],[73.662037,21.887411],[73.662019,21.887413],[73.662004,21.887409],[73.661985,21.887414],[73.661971,21.887412],[73.661962,21.887405],[73.661949,21.887407],[73.661935,21.887405],[73.661917,21.887399],[73.661911,21.887394],[73.66187,21.887396],[73.661846,21.887392],[73.661833,21.887396],[73.661829,21.887393],[73.66181,21.887392],[73.661768,21.887381],[73.661729,21.887386],[73.661714,21.887385],[73.661697,21.88739],[73.661661,21.887384],[73.661642,21.887387],[73.661638,21.887391],[73.661621,21.887396],[73.661611,21.887395],[73.661595,21.887398],[73.661577,21.887394],[73.661567,21.88739],[73.661541,21.887388],[73.661508,21.887379],[73.6615,21.88738],[73.661479,21.887377],[73.661458,21.887378],[73.661393,21.887374],[73.661366,21.887378],[73.661349,21.887386],[73.661341,21.887387],[73.661302,21.887379],[73.66127,21.887383],[73.661256,21.887376],[73.661245,21.887373],[73.661211,21.887374],[73.661197,21.887376],[73.661177,21.887372],[73.661171,21.887375],[73.661157,21.887372],[73.661102,21.887375],[73.661071,21.887386],[73.661058,21.887387],[73.661035,21.887381],[73.661009,21.887378],[73.660966,21.887365],[73.660943,21.887363],[73.660935,21.887364],[73.660905,21.887357],[73.660892,21.887359],[73.66089,21.887355],[73.660887,21.887357],[73.660847,21.887355],[73.660845,21.887357],[73.660838,21.887356],[73.660837,21.887358],[73.660813,21.887364],[73.660806,21.887362],[73.66078,21.887365],[73.660761,21.887357],[73.660746,21.887348],[73.660728,21.887345],[73.660704,21.887339],[73.660696,21.887333],[73.660676,21.887332],[73.660666,21.887329],[73.660662,21.887329],[73.660659,21.887332],[73.660648,21.887334],[73.660634,21.887331],[73.660626,21.887335],[73.660618,21.887334],[73.660609,21.88734],[73.660586,21.887335],[73.660557,21.887337],[73.660551,21.887342],[73.660537,21.887337],[73.660519,21.887336],[73.660512,21.88734],[73.660501,21.88734],[73.660494,21.887345],[73.660475,21.887351],[73.660437,21.887344],[73.660426,21.887345],[73.660404,21.887343],[73.660374,21.887347],[73.660362,21.887346],[73.660335,21.887353],[73.660296,21.88735],[73.660287,21.887353],[73.66028,21.887351],[73.660274,21.887353],[73.660257,21.887352],[73.660253,21.887354],[73.660219,21.887349],[73.660203,21.887353],[73.660192,21.887351],[73.660185,21.887354],[73.660176,21.88735],[73.660164,21.887351],[73.660152,21.887349],[73.660145,21.887353],[73.660123,21.887355],[73.660115,21.887353],[73.660109,21.887357],[73.660103,21.887356],[73.660095,21.887359],[73.660079,21.887356],[73.660066,21.887359],[73.660062,21.887361],[73.660054,21.887358],[73.66005,21.887362],[73.660025,21.887364],[73.660015,21.887369],[73.660006,21.887366],[73.660002,21.887369],[73.659998,21.887367],[73.659974,21.88737],[73.65996,21.887377],[73.659924,21.887383],[73.659911,21.887391],[73.659886,21.887393],[73.659849,21.887407],[73.659842,21.887413],[73.659836,21.887413],[73.659812,21.887425],[73.659789,21.887429],[73.659782,21.887433],[73.659772,21.887431],[73.659762,21.887444],[73.659733,21.887453],[73.659713,21.887463],[73.659705,21.887459],[73.659679,21.887462],[73.659661,21.887457],[73.659649,21.887456],[73.659624,21.887459],[73.659621,21.887457],[73.659589,21.887455],[73.65956,21.887458],[73.659555,21.887457],[73.65955,21.887453],[73.659543,21.887457],[73.659534,21.887458],[73.659527,21.887456],[73.659522,21.88745],[73.659515,21.887452],[73.6595,21.887451],[73.659493,21.88745],[73.65949,21.887446],[73.659467,21.887436],[73.659459,21.887435],[73.659452,21.887437],[73.659429,21.887425],[73.659397,21.887413],[73.659393,21.887405],[73.659383,21.887401],[73.659359,21.887397],[73.659352,21.88739],[73.65932,21.887381],[73.659282,21.887383],[73.659258,21.887377],[73.65924,21.887377],[73.659235,21.88738],[73.659219,21.887379],[73.659217,21.887375],[73.659211,21.887372],[73.659213,21.887363],[73.659203,21.887359],[73.659198,21.887359],[73.659191,21.887364],[73.659186,21.887359],[73.659179,21.887362],[73.659169,21.887362],[73.659152,21.887359],[73.659147,21.887357],[73.65914,21.887359],[73.659118,21.887358],[73.659072,21.887339],[73.659067,21.88734],[73.659066,21.887337],[73.659039,21.887327],[73.659023,21.887327],[73.659014,21.887325],[73.659006,21.88732],[73.659002,21.887314],[73.658996,21.887314],[73.658988,21.887307],[73.65898,21.887305],[73.658971,21.887307],[73.658947,21.887289],[73.658911,21.88729],[73.658904,21.887292],[73.658894,21.887299],[73.658887,21.8873],[73.658881,21.887295],[73.658853,21.887296],[73.658833,21.887287],[73.658816,21.887282],[73.658783,21.887285],[73.658776,21.887283],[73.658769,21.887284],[73.658762,21.887278],[73.658752,21.887276],[73.658731,21.88728],[73.658704,21.887268],[73.658683,21.887266],[73.658673,21.887271],[73.658648,21.887276],[73.658645,21.88728],[73.658647,21.887288],[73.658645,21.887291],[73.658634,21.887285],[73.658626,21.887284],[73.658616,21.887288],[73.6586,21.887285],[73.658591,21.887281],[73.658588,21.887283],[73.658587,21.887288],[73.658577,21.887291],[73.658557,21.88728],[73.658517,21.887276],[73.658512,21.887272],[73.658514,21.887268],[73.65851,21.887269],[73.658498,21.887265],[73.658488,21.887258],[73.658482,21.887262],[73.658464,21.887264],[73.658458,21.887272],[73.658456,21.887286],[73.658452,21.887296],[73.65844,21.887308],[73.658434,21.887312],[73.658426,21.887314],[73.658421,21.887319],[73.658411,21.887321],[73.658401,21.887318],[73.658381,21.887321],[73.658372,21.887328],[73.658366,21.887324],[73.658357,21.887327],[73.658338,21.887327],[73.658332,21.887324],[73.658327,21.887312],[73.658323,21.887284],[73.658324,21.887275],[73.658317,21.887255],[73.658315,21.88723],[73.658308,21.887216]]}},{"type":"Feature","properties":{"elevation":46},"geometry":{"type":"LineString","coordinates":[[73.658121,21.89018],[73.658125,21.89018],[73.65814,21.890174],[73.658149,21.890178],[73.65816,21.890173],[73.658177,21.890173],[73.658183,21.89017],[73.65819,21.890173],[73.658197,21.890172],[73.658205,21.89017],[73.658208,21.890166],[73.658227,21.890165],[73.658238,21.890167],[73.658254,21.890165],[73.658264,21.890161],[73.658271,21.890163],[73.658292,21.890157],[73.658297,21.890158],[73.65831,21.890151],[73.658319,21.890152],[73.658337,21.89015],[73.658358,21.890142],[73.658399,21.890131],[73.658414,21.890125],[73.658427,21.890123],[73.658437,21.890115],[73.658446,21.890115],[73.658456,21.890111],[73.658459,21.890113],[73.658471,21.890112],[73.658488,21.890106],[73.658495,21.890106],[73.658511,21.8901],[73.658528,21.890103],[73.658544,21.890094],[73.658553,21.890094],[73.658565,21.890089],[73.65857,21.890093],[73.658574,21.890088],[73.658577,21.890089],[73.658598,21.890082],[73.658634,21.890079],[73.658644,21.890077],[73.658647,21.890078],[73.658654,21.890075],[73.658658,21.890076],[73.658667,21.890072],[73.658683,21.890073],[73.658693,21.890068],[73.65872,21.890063],[73.658731,21.890056],[73.658732,21.890059],[73.658737,21.890055],[73.658764,21.890048],[73.658777,21.890042],[73.658796,21.890039],[73.658807,21.890034],[73.658817,21.890035],[73.65882,21.890031],[73.658832,21.890029],[73.658843,21.890022],[73.658862,21.890015],[73.658875,21.890016],[73.658884,21.890008],[73.658891,21.89001],[73.658895,21.890005],[73.658906,21.890007],[73.658909,21.890003],[73.65896,21.889994],[73.658962,21.889989],[73.658983,21.889985],[73.65899,21.88998],[73.659002,21.889977],[73.659004,21.889983],[73.659006,21.889983],[73.659014,21.889979],[73.659018,21.889973],[73.659019,21.889977],[73.659026,21.889974],[73.659028,21.889969],[73.659035,21.889969],[73.659058,21.889951],[73.659067,21.88995],[73.659079,21.889942],[73.659082,21.889945],[73.659088,21.889945],[73.659096,21.889936],[73.659111,21.889926],[73.659116,21.889931],[73.65912,21.88993],[73.659128,21.889923],[73.659128,21.889919],[73.659132,21.889916],[73.659131,21.889914],[73.659142,21.889897],[73.659143,21.889889],[73.659151,21.88988],[73.659169,21.88988],[73.659174,21.889877],[73.659193,21.889881],[73.659205,21.889876],[73.659209,21.889868],[73.659222,21.889856],[73.659236,21.889854],[73.659239,21.88984],[73.659242,21.889845],[73.659246,21.889847],[73.659249,21.889845],[73.659243,21.889836],[73.659237,21.889839],[73.659235,21.889832],[73.659236,21.88983],[73.659241,21.889833],[73.659247,21.889831],[73.659249,21.889828],[73.659248,21.889822],[73.659241,21.889817],[73.659233,21.88982],[73.659228,21.889817],[73.659219,21.889806],[73.659215,21.889805],[73.659214,21.889796],[73.65921,21.889789],[73.659202,21.889784],[73.659206,21.88978],[73.659213,21.889782],[73.659217,21.889781],[73.659216,21.889777],[73.659222,21.889781],[73.659225,21.889775],[73.659229,21.889775],[73.659236,21.889777],[73.659239,21.889772],[73.659238,21.889765],[73.659242,21.889767],[73.659256,21.889758],[73.659259,21.889758],[73.659261,21.889762],[73.659272,21.889763],[73.659277,21.889761],[73.659286,21.889761],[73.659288,21.889765],[73.65929,21.889764],[73.659293,21.889767],[73.659304,21.889768],[73.659308,21.889775],[73.659314,21.889776],[73.659316,21.88977],[73.659321,21.889769],[73.659324,21.889774],[73.659331,21.889775],[73.659334,21.889778],[73.659326,21.889786],[73.659326,21.889804],[73.659312,21.889819],[73.659306,21.889831],[73.659302,21.889834],[73.659293,21.889833],[73.659286,21.88984],[73.65928,21.889841],[73.659275,21.889838],[73.659274,21.889843],[73.659277,21.889847],[73.659287,21.889851],[73.659294,21.889846],[73.659296,21.889849],[73.659299,21.889847],[73.6593,21.889852],[73.659305,21.889853],[73.659309,21.889849],[73.659313,21.889855],[73.659335,21.889849],[73.659343,21.889858],[73.65935,21.889859],[73.65935,21.889862],[73.659353,21.889859],[73.659357,21.889862],[73.659357,21.889864],[73.659347,21.889866],[73.65935,21.889869],[73.659356,21.889866],[73.65936,21.889867],[73.659368,21.889859],[73.659372,21.889859],[73.659375,21.889853],[73.659383,21.889857],[73.659382,21.889862],[73.659387,21.889867],[73.65939,21.889868],[73.659396,21.889864],[73.659398,21.889859],[73.659401,21.88986],[73.659401,21.889865],[73.659405,21.889864],[73.659411,21.889859],[73.659413,21.889855],[73.659415,21.889856],[73.659413,21.889853],[73.659417,21.889849],[73.659429,21.889845],[73.65943,21.889842],[73.659436,21.889839],[73.659435,21.889836],[73.65944,21.889829],[73.659438,21.88982],[73.659441,21.889817],[73.659452,21.889813],[73.659455,21.889809],[73.659448,21.889807],[73.65945,21.889801],[73.659462,21.889795],[73.659461,21.8898],[73.659457,21.889802],[73.659461,21.889807],[73.659471,21.889805],[73.659469,21.8898],[73.659471,21.889794],[73.659467,21.889793],[73.659468,21.889791],[73.659475,21.889791],[73.659477,21.889795],[73.659481,21.889797],[73.659485,21.889794],[73.659491,21.889795],[73.659494,21.889793],[73.659494,21.889785],[73.659476,21.889787],[73.659478,21.889784],[73.659486,21.889781],[73.659487,21.889772],[73.659494,21.889773],[73.659502,21.889769],[73.659509,21.889779],[73.659517,21.889775],[73.659536,21.889755],[73.659562,21.889742],[73.659567,21.889732],[73.659578,21.889726],[73.659583,21.889728],[73.659587,21.889725],[73.659592,21.889725],[73.659594,21.88972],[73.659597,21.889722],[73.659599,21.889717],[73.659604,21.889712],[73.659616,21.889711],[73.659628,21.889713],[73.659654,21.889722],[73.659682,21.889717],[73.659701,21.889724],[73.659726,21.889728],[73.659758,21.889725],[73.659767,21.889719],[73.65977,21.889711],[73.659767,21.889703],[73.659758,21.889694],[73.659758,21.889683],[73.659757,21.889681],[73.659765,21.88968],[73.659765,21.889677],[73.659768,21.889675],[73.659765,21.889672],[73.659766,21.88967],[73.65978,21.889669],[73.659793,21.889673],[73.659795,21.889677],[73.65982,21.889696],[73.659826,21.889692],[73.659826,21.889694],[73.659833,21.889695],[73.659837,21.889699],[73.659857,21.8897],[73.659864,21.889703],[73.659869,21.88971],[73.659869,21.889713],[73.659871,21.889714],[73.659883,21.8897],[73.659889,21.889702],[73.659896,21.8897],[73.659897,21.889693],[73.659907,21.88969],[73.659916,21.889691],[73.65992,21.889683],[73.659926,21.889688],[73.659935,21.88968],[73.659938,21.889667],[73.659941,21.889665],[73.659942,21.889661],[73.659954,21.889659],[73.659953,21.889654],[73.659955,21.88965],[73.659952,21.889643],[73.659938,21.889633],[73.659935,21.889627],[73.659935,21.889622],[73.659938,21.88962],[73.659945,21.88962],[73.659948,21.889625],[73.65996,21.889632],[73.659981,21.889641],[73.659984,21.889641],[73.659986,21.889646],[73.659995,21.889651],[73.659994,21.889654],[73.659996,21.889655],[73.660004,21.889656],[73.660002,21.889652],[73.660006,21.88965],[73.660017,21.889653],[73.660029,21.889654],[73.660035,21.889651],[73.660043,21.88965],[73.660049,21.889652],[73.660053,21.889657],[73.660058,21.88965],[73.660066,21.889654],[73.660072,21.889652],[73.660083,21.889653],[73.660086,21.889659],[73.660089,21.889655],[73.660109,21.889655],[73.660113,21.889653],[73.660128,21.889657],[73.660137,21.889656],[73.66014,21.889659],[73.660149,21.889657],[73.660155,21.889662],[73.660167,21.88966],[73.660174,21.889662],[73.660176,21.889659],[73.660189,21.889663],[73.660216,21.889663],[73.660225,21.889668],[73.660228,21.889667],[73.660235,21.889672],[73.660242,21.88967],[73.660252,21.889675],[73.660258,21.88967],[73.66028,21.889674],[73.660286,21.889673],[73.660304,21.889677],[73.660333,21.889676],[73.660356,21.889679],[73.660413,21.889674],[73.660432,21.889679],[73.660436,21.889674],[73.660451,21.889676],[73.660454,21.889679],[73.660468,21.889679],[73.66048,21.889682],[73.660495,21.889679],[73.660496,21.889675],[73.660499,21.889675],[73.660509,21.889677],[73.660526,21.889674],[73.660539,21.889678],[73.660558,21.889678],[73.660561,21.889675],[73.660569,21.889673],[73.660585,21.889676],[73.660595,21.889671],[73.660601,21.88967],[73.660608,21.889673],[73.660625,21.889667],[73.660634,21.889668],[73.660637,21.889666],[73.660652,21.889665],[73.660671,21.88966],[73.660678,21.889662],[73.66069,21.889657],[73.660707,21.889657],[73.660717,21.889651],[73.660723,21.88965],[73.660735,21.889652],[73.660751,21.889647],[73.660776,21.889623],[73.6608,21.88961],[73.660808,21.889594],[73.660818,21.889589],[73.660825,21.889576],[73.66086,21.889566],[73.660863,21.88956],[73.66086,21.88956],[73.660867,21.889554],[73.66088,21.889549],[73.660886,21.88955],[73.660895,21.889544],[73.660904,21.889543],[73.660908,21.889552],[73.660913,21.889553],[73.660916,21.88955],[73.660927,21.889547],[73.66094,21.889534],[73.660973,21.88953],[73.660983,21.889531],[73.660998,21.889529],[73.661015,21.889514],[73.661039,21.889509],[73.661062,21.889495],[73.661068,21.889496],[73.661076,21.889503],[73.661087,21.889504],[73.661096,21.889502],[73.661114,21.889493],[73.661124,21.889483],[73.661151,21.889478],[73.661158,21.889473],[73.661191,21.889476],[73.661197,21.88948],[73.661201,21.889486],[73.66125,21.889504],[73.661262,21.889498],[73.661278,21.889493],[73.661284,21.889481],[73.661304,21.889473],[73.661305,21.88947],[73.661313,21.889466],[73.661323,21.889458],[73.661334,21.889442],[73.661345,21.889431],[73.661349,21.88943],[73.661352,21.889425],[73.661356,21.889426],[73.661358,21.889423],[73.661361,21.889422],[73.661362,21.889419],[73.661375,21.889412],[73.661384,21.889411],[73.661398,21.889397],[73.661405,21.889401],[73.661425,21.8894],[73.661446,21.88941],[73.661454,21.889418],[73.661477,21.889427],[73.661477,21.88943],[73.661483,21.889432],[73.661483,21.88943],[73.66148,21.889429],[73.661478,21.889424],[73.661488,21.88942],[73.661483,21.889412],[73.661486,21.889407],[73.661495,21.889403],[73.66151,21.889407],[73.661519,21.889406],[73.661516,21.889403],[73.661521,21.889399],[73.661523,21.889395],[73.661519,21.889389],[73.661525,21.889386],[73.661534,21.889387],[73.661548,21.889359],[73.661555,21.889353],[73.661558,21.889356],[73.661562,21.889354],[73.661569,21.889342],[73.661576,21.889337],[73.661594,21.889339],[73.661605,21.889364],[73.661603,21.889365],[73.661606,21.889366],[73.66161,21.88936],[73.661614,21.88936],[73.661613,21.889357],[73.661615,21.889353],[73.661612,21.889351],[73.661623,21.889341],[73.661631,21.889342],[73.661638,21.889331],[73.661641,21.889333],[73.661641,21.889319],[73.661653,21.889315],[73.661661,21.889302],[73.661666,21.889298],[73.661673,21.889286],[73.661677,21.889269],[73.661687,21.889257],[73.661704,21.889228],[73.661704,21.889224],[73.661708,21.889216],[73.661714,21.889214],[73.661733,21.889196],[73.661734,21.889188],[73.66175,21.889174],[73.661755,21.889172],[73.661761,21.889163],[73.661763,21.889165],[73.661768,21.88916],[73.661768,21.889144],[73.661781,21.889121],[73.661809,21.889092],[73.661816,21.889077],[73.661832,21.889061],[73.661841,21.889047],[73.66185,21.889037],[73.661862,21.889014],[73.66189,21.888982],[73.661897,21.888968],[73.661898,21.888953],[73.661914,21.888936],[73.661925,21.888914],[73.661941,21.888904],[73.661947,21.888894],[73.661962,21.888887],[73.661968,21.888881],[73.661976,21.88888],[73.661984,21.88887],[73.661993,21.888866],[73.661999,21.888861],[73.662009,21.88886],[73.66201,21.888852],[73.662029,21.888839],[73.662034,21.888828],[73.662043,21.888828],[73.662049,21.88882],[73.66205,21.888823],[73.662052,21.888824],[73.662051,21.888819],[73.662054,21.888816],[73.662063,21.888808],[73.662064,21.888795],[73.662082,21.88879],[73.662092,21.888783],[73.662094,21.888776],[73.662088,21.888763],[73.662075,21.888751],[73.662067,21.888736],[73.662062,21.888731],[73.662063,21.88872],[73.662074,21.888705],[73.66207,21.8887],[73.662061,21.888694],[73.662048,21.888693],[73.662045,21.88869],[73.662041,21.888691],[73.66204,21.888687],[73.662044,21.888683],[73.662042,21.88868],[73.662036,21.888683],[73.662029,21.888681],[73.662021,21.888686],[73.662016,21.888683],[73.662014,21.88868],[73.662007,21.888682],[73.661997,21.888677],[73.661989,21.888678],[73.661984,21.888674],[73.661977,21.888675],[73.661972,21.888671],[73.661951,21.888673],[73.661946,21.888671],[73.661939,21.888663],[73.661929,21.888661],[73.661923,21.888657],[73.661906,21.88863],[73.661905,21.888624],[73.661901,21.888617],[73.661904,21.888615],[73.661902,21.88861],[73.661904,21.888602],[73.6619,21.888592],[73.661905,21.888586],[73.661906,21.888573],[73.661921,21.888564],[73.661927,21.888565],[73.661939,21.888553],[73.661939,21.888545],[73.661931,21.888545],[73.661926,21.888532],[73.661923,21.888523],[73.661926,21.888516],[73.661941,21.888512],[73.661942,21.888508],[73.661947,21.888508],[73.661948,21.888504],[73.661956,21.888501],[73.661958,21.888496],[73.661963,21.888497],[73.661985,21.888473],[73.661992,21.88847],[73.661992,21.888462],[73.661996,21.888457],[73.662001,21.888455],[73.662006,21.888446],[73.66201,21.888444],[73.66202,21.888443],[73.662023,21.88844],[73.66203,21.888442],[73.662039,21.888439],[73.662042,21.888442],[73.662042,21.888447],[73.662048,21.888449],[73.662054,21.888458],[73.662051,21.88846],[73.662049,21.888455],[73.662041,21.888455],[73.662037,21.888458],[73.662037,21.888463],[73.66203,21.888464],[73.662026,21.888463],[73.662022,21.888468],[73.662017,21.888465],[73.662011,21.888465],[73.66201,21.888476],[73.662002,21.888481],[73.662002,21.888498],[73.662006,21.888502],[73.662012,21.8885],[73.662015,21.888503],[73.662009,21.888514],[73.662013,21.888513],[73.662017,21.888519],[73.662022,21.888519],[73.662024,21.888526],[73.662029,21.888527],[73.662032,21.888533],[73.662033,21.888532],[73.662044,21.888531],[73.66205,21.888527],[73.662064,21.888528],[73.662069,21.888527],[73.662067,21.888522],[73.662071,21.888519],[73.662074,21.888511],[73.662085,21.8885],[73.662089,21.888498],[73.662091,21.888489],[73.662083,21.888481],[73.662076,21.888467],[73.662062,21.888455],[73.662067,21.88844],[73.662077,21.88843],[73.66208,21.888416],[73.662085,21.888409],[73.662086,21.888403],[73.662102,21.888397],[73.662105,21.888386],[73.662112,21.88838],[73.662111,21.888374],[73.662117,21.888365],[73.662118,21.888357],[73.66212,21.888356],[73.662121,21.888353],[73.66211,21.888336],[73.662113,21.888332],[73.662111,21.888325],[73.662124,21.888314],[73.662115,21.888296],[73.662116,21.888291],[73.66212,21.888288],[73.66212,21.888285],[73.662115,21.888275],[73.662104,21.888264],[73.662093,21.888247],[73.662087,21.888247],[73.662083,21.888254],[73.662076,21.888255],[73.662078,21.888246],[73.662076,21.888239],[73.662079,21.888217],[73.662083,21.888211],[73.662091,21.888207],[73.662107,21.888188],[73.66212,21.888185],[73.662127,21.888175],[73.662146,21.888171],[73.662151,21.888168],[73.66216,21.888156],[73.662177,21.888148],[73.662181,21.888137],[73.662188,21.888131],[73.662193,21.888121],[73.66219,21.888116],[73.662182,21.888112],[73.66218,21.888103],[73.662187,21.888095],[73.662196,21.888091],[73.662204,21.888093],[73.662222,21.88809],[73.662223,21.88808],[73.662215,21.888067],[73.662214,21.888057],[73.662216,21.888051],[73.662224,21.888049],[73.662225,21.888047],[73.662214,21.888036],[73.662207,21.888023],[73.662205,21.888018],[73.662206,21.88801],[73.662194,21.887988],[73.662192,21.887972],[73.662195,21.887947],[73.662209,21.88792],[73.662221,21.887882],[73.662225,21.887876],[73.662234,21.88787],[73.66224,21.887853],[73.66226,21.887834],[73.662268,21.887819],[73.662277,21.887814],[73.662279,21.887806],[73.662286,21.887798],[73.662293,21.887795],[73.662327,21.887798],[73.662339,21.887788],[73.662345,21.887784],[73.66235,21.887785],[73.662354,21.887771],[73.662352,21.887758],[73.662354,21.887752],[73.662351,21.887748],[73.66235,21.887741],[73.662356,21.887713],[73.662371,21.887695],[73.662378,21.887693],[73.66239,21.887685],[73.662393,21.887677],[73.66239,21.887658],[73.662382,21.887647],[73.662368,21.887619],[73.662362,21.887611],[73.662349,21.887601],[73.662334,21.887577],[73.662306,21.887553],[73.662288,21.887532],[73.662273,21.887523],[73.662245,21.8875],[73.662217,21.887488],[73.662205,21.887476],[73.662196,21.887475],[73.662191,21.887472],[73.662177,21.887453],[73.662168,21.887447],[73.662165,21.887439],[73.662149,21.887435],[73.662125,21.887435],[73.662114,21.88743],[73.662108,21.887421],[73.662096,21.88741],[73.662079,21.887407],[73.662073,21.887408],[73.662066,21.887405],[73.662058,21.887407],[73.66205,21.887403],[73.662033,21.8874],[73.662019,21.887399],[73.66201,21.887401],[73.661988,21.8874],[73.661981,21.887404],[73.661972,21.887406],[73.661917,21.887387],[73.661906,21.88739],[73.661889,21.887385],[73.661865,21.887386],[73.661819,21.887382],[73.661787,21.887372],[73.66177,21.887371],[73.661757,21.887373],[73.661747,21.887377],[73.661726,21.887374],[73.66171,21.887375],[73.661683,21.887382],[73.661668,21.887379],[73.661633,21.887377],[73.661623,21.887383],[73.661613,21.887382],[73.6616,21.887386],[73.661597,21.887384],[73.661589,21.887385],[73.661587,21.887383],[73.661574,21.887378],[73.661553,21.887379],[73.661543,21.887372],[73.661512,21.887366],[73.661475,21.887364],[73.661448,21.887368],[73.661436,21.887363],[73.661401,21.887359],[73.661361,21.887365],[73.661352,21.887372],[73.661345,21.887374],[73.661331,21.887373],[73.661319,21.887367],[73.661305,21.887369],[73.661297,21.887374],[73.661286,21.887376],[73.661275,21.887373],[73.661269,21.887375],[73.661248,21.887368],[73.661234,21.88737],[73.66122,21.887366],[73.661195,21.887371],[73.661168,21.887365],[73.661145,21.887367],[73.661131,21.887364],[73.661119,21.887365],[73.661109,21.88737],[73.661084,21.887374],[73.661066,21.887382],[73.66106,21.887382],[73.661044,21.887377],[73.660997,21.887369],[73.660974,21.88736],[73.660933,21.887347],[73.660902,21.887342],[73.660881,21.887345],[73.660861,21.887342],[73.660841,21.887347],[73.660831,21.887345],[73.660828,21.887346],[73.6608,21.887345],[73.660775,21.887349],[73.660759,21.887347],[73.660752,21.887339],[73.660733,21.887331],[73.660721,21.887331],[73.660691,21.887322],[73.660664,21.887319],[73.660639,21.887319],[73.660629,21.88732],[73.660625,21.887323],[73.660605,21.887323],[73.660569,21.88732],[73.660538,21.887325],[73.66053,21.887322],[73.660509,21.887321],[73.660495,21.887328],[73.660486,21.887335],[73.660485,21.887339],[73.660476,21.88734],[73.660449,21.887336],[73.660419,21.887337],[73.660409,21.887334],[73.660397,21.887336],[73.660388,21.887331],[73.660373,21.88734],[73.660359,21.887337],[73.660343,21.887339],[73.66033,21.887335],[73.660298,21.887331],[73.660276,21.887334],[73.660252,21.887333],[73.66024,21.887341],[73.660231,21.887342],[73.660213,21.887338],[73.660199,21.887338],[73.660185,21.887334],[73.660161,21.88734],[73.660138,21.887341],[73.660128,21.887337],[73.660112,21.887336],[73.66011,21.887334],[73.660093,21.887342],[73.660066,21.887339],[73.660045,21.88734],[73.660041,21.887344],[73.66003,21.887343],[73.660017,21.887346],[73.660007,21.887345],[73.660002,21.887349],[73.659982,21.88735],[73.659961,21.887362],[73.65994,21.887361],[73.659928,21.887366],[73.659913,21.887367],[73.659887,21.887374],[73.659875,21.887383],[73.659868,21.887382],[73.659859,21.887387],[73.659849,21.887389],[73.65984,21.887394],[73.659816,21.887401],[73.659809,21.887409],[73.6598,21.887413],[73.659784,21.887414],[73.659773,21.88742],[73.659766,21.887421],[73.659763,21.887425],[73.659755,21.887428],[73.659749,21.887435],[73.659739,21.887433],[73.659733,21.887436],[73.659725,21.887436],[73.659721,21.887439],[73.659722,21.887441],[73.659719,21.887441],[73.659714,21.887445],[73.65971,21.887444],[73.659702,21.887448],[73.659688,21.887449],[73.659683,21.887452],[73.659674,21.887453],[73.65964,21.887443],[73.659626,21.887448],[73.659622,21.887444],[73.659603,21.887444],[73.6596,21.887439],[73.659588,21.887439],[73.659582,21.887436],[73.659566,21.887442],[73.659553,21.887444],[73.659544,21.887441],[73.659533,21.887445],[73.659521,21.887445],[73.659499,21.887439],[73.659483,21.887438],[73.659464,21.887427],[73.659446,21.887424],[73.659414,21.887405],[73.659403,21.887394],[73.65939,21.887391],[73.659375,21.887391],[73.659354,21.887379],[73.659344,21.887378],[73.659339,21.887371],[73.659295,21.887361],[73.659291,21.887363],[73.659276,21.887361],[73.659268,21.887358],[73.65926,21.887358],[73.659259,21.887357],[73.659255,21.887359],[73.659245,21.887357],[73.659241,21.887354],[73.659233,21.887358],[73.659225,21.887352],[73.65922,21.887351],[73.659215,21.887346],[73.659188,21.887336],[73.659184,21.887337],[73.659179,21.887344],[73.659173,21.887345],[73.659157,21.887341],[73.659119,21.887342],[73.659054,21.887317],[73.659045,21.887311],[73.659038,21.88731],[73.659025,21.887304],[73.659014,21.887304],[73.659,21.887297],[73.658986,21.887296],[73.658958,21.887277],[73.658944,21.887273],[73.658919,21.887276],[73.658893,21.887289],[73.658875,21.887288],[73.658865,21.887285],[73.658858,21.887275],[73.658837,21.887268],[73.658775,21.887266],[73.658769,21.887268],[73.65874,21.887265],[73.658712,21.887259],[73.658705,21.887256],[73.658703,21.887252],[73.6587,21.887253],[73.658683,21.887252],[73.658665,21.887257],[73.658654,21.887258],[73.658649,21.887256],[73.658645,21.887249],[73.658633,21.887248],[73.658628,21.887243],[73.658619,21.887241],[73.658591,21.887242],[73.658587,21.887238],[73.658581,21.887237],[73.658567,21.887243],[73.658562,21.887239],[73.65855,21.887237],[73.658534,21.887244],[73.65853,21.887242],[73.658528,21.887244],[73.658518,21.887245],[73.658509,21.887241],[73.658502,21.887234],[73.658501,21.887229],[73.658495,21.887226],[73.658485,21.887229],[73.658479,21.887234],[73.658474,21.887232],[73.658473,21.887243],[73.658457,21.887244],[73.658456,21.88726],[73.658448,21.887281],[73.658437,21.887287],[73.658436,21.887294],[73.658432,21.887297],[73.658419,21.887302],[73.658416,21.887299],[73.658417,21.887296],[73.658416,21.887295],[73.658412,21.887299],[73.658409,21.887311],[73.658402,21.887311],[73.6584,21.887307],[73.658393,21.887306],[73.658385,21.887287],[73.65838,21.887283],[73.658364,21.887279],[73.658337,21.887283],[73.658334,21.887288],[73.658331,21.887287],[73.65832,21.887245],[73.658323,21.887226],[73.658313,21.887196],[73.65831,21.887193]]}},{"type":"Feature","properties":{"elevation":30},"geometry":{"type":"LineString","coordinates":[[73.662694,21.887362],[73.662683,21.887358],[73.662681,21.887359],[73.662679,21.887357],[73.662674,21.887358],[73.66266,21.887354],[73.662647,21.887348],[73.662643,21.887342],[73.66264,21.887344],[73.662633,21.88734],[73.662623,21.887327],[73.662614,21.887326],[73.662611,21.887322],[73.662606,21.887322],[73.662597,21.887327],[73.662581,21.887328],[73.662572,21.887322],[73.662566,21.887314],[73.662558,21.887316],[73.66254,21.887309],[73.662508,21.887304],[73.662502,21.887308],[73.662492,21.887308],[73.662464,21.887291],[73.66245,21.887287],[73.662443,21.88728],[73.662439,21.887279],[73.662408,21.887257],[73.662397,21.887256],[73.662388,21.887249],[73.662369,21.887244],[73.66236,21.887238],[73.662348,21.887236],[73.662337,21.887229],[73.662329,21.88723],[73.662324,21.887226],[73.662318,21.887227],[73.662311,21.887226],[73.662305,21.887222],[73.66229,21.887219],[73.662288,21.887216]]}},{"type":"Feature","properties":{"elevation":45},"geometry":{"type":"LineString","coordinates":[[73.661786,21.889251],[73.661796,21.88924],[73.661801,21.889239],[73.661802,21.889233],[73.661799,21.889231],[73.661803,21.889222],[73.661814,21.889216],[73.661824,21.889203],[73.66183,21.8892],[73.661835,21.889204],[73.661834,21.88921],[73.661837,21.889218],[73.661836,21.88922],[73.661851,21.889213],[73.661867,21.889202],[73.661869,21.889202],[73.661873,21.889207],[73.66188,21.889201],[73.66189,21.889199],[73.661907,21.889181],[73.66191,21.889176],[73.661909,21.889167],[73.661915,21.889166],[73.661916,21.889162],[73.661927,21.889152],[73.661938,21.889147],[73.66195,21.88913],[73.661949,21.889126],[73.661959,21.889122],[73.661974,21.889108],[73.661977,21.889109],[73.661978,21.889106],[73.661982,21.889106],[73.662,21.88909],[73.662003,21.88908],[73.661995,21.889081],[73.661986,21.889095],[73.661984,21.889095],[73.661983,21.889088],[73.662012,21.889063],[73.662018,21.88905],[73.662008,21.889057],[73.662003,21.889063],[73.661997,21.889065],[73.661999,21.889053],[73.661983,21.889053],[73.661979,21.88905],[73.661967,21.889051],[73.661961,21.889046],[73.661969,21.889041],[73.661974,21.88903],[73.661985,21.889022],[73.661988,21.889025],[73.661985,21.88904],[73.661989,21.889043],[73.662019,21.889006],[73.662024,21.888998],[73.662021,21.888996],[73.662022,21.888993],[73.662032,21.888988],[73.662034,21.888982],[73.662044,21.888973],[73.662038,21.888972],[73.662036,21.888969],[73.662023,21.888979],[73.662021,21.888979],[73.662036,21.888957],[73.662038,21.888951],[73.662056,21.888931],[73.662059,21.88892],[73.662068,21.888912],[73.662071,21.888902],[73.662077,21.888903],[73.662085,21.888891],[73.662088,21.888884],[73.662085,21.888882],[73.662083,21.888873],[73.662091,21.88885],[73.662091,21.888841],[73.6621,21.888828],[73.662103,21.888815],[73.662112,21.888805],[73.662115,21.888796],[73.66213,21.888794],[73.662143,21.888781],[73.662139,21.888795],[73.662139,21.888817],[73.662143,21.888822],[73.66215,21.888815],[73.662159,21.888821],[73.662159,21.888803],[73.662149,21.888797],[73.662164,21.888797],[73.662173,21.888784],[73.662175,21.888786],[73.662177,21.888784],[73.66218,21.888775],[73.662178,21.88877],[73.662169,21.888763],[73.662173,21.88876],[73.662176,21.888763],[73.662182,21.888764],[73.662187,21.888756],[73.662191,21.888755],[73.662191,21.888746],[73.662196,21.888739],[73.662197,21.88873],[73.662199,21.888729],[73.662201,21.888733],[73.6622,21.88874],[73.662204,21.88874],[73.662206,21.888738],[73.662203,21.888723],[73.662196,21.888721],[73.66218,21.888709],[73.662174,21.888711],[73.662168,21.888722],[73.66216,21.888724],[73.662155,21.88873],[73.66215,21.88873],[73.662158,21.88872],[73.66216,21.88872],[73.662148,21.888722],[73.662158,21.888706],[73.662184,21.888695],[73.662183,21.888692],[73.662175,21.888691],[73.662175,21.888686],[73.66216,21.888691],[73.662171,21.888682],[73.662171,21.88868],[73.662162,21.888677],[73.662156,21.888669],[73.662163,21.888664],[73.662164,21.888654],[73.662168,21.888652],[73.662164,21.88865],[73.662163,21.888645],[73.662153,21.88864],[73.66216,21.888641],[73.662163,21.888638],[73.662147,21.888634],[73.66215,21.88863],[73.662155,21.888629],[73.662147,21.888625],[73.662145,21.888619],[73.662135,21.888615],[73.662155,21.888618],[73.662158,21.888616],[73.662171,21.888614],[73.662167,21.88861],[73.662146,21.888611],[73.662152,21.888604],[73.662159,21.888602],[73.662165,21.888608],[73.662173,21.888609],[73.662168,21.888598],[73.662162,21.888595],[73.662164,21.888584],[73.662169,21.888584],[73.662171,21.888581],[73.662167,21.888575],[73.662169,21.888565],[73.662168,21.888553],[73.662173,21.88855],[73.662176,21.888546],[73.662182,21.888544],[73.662183,21.888542],[73.662192,21.888545],[73.662199,21.888531],[73.662205,21.888539],[73.662209,21.888528],[73.662212,21.88853],[73.662213,21.888535],[73.662216,21.888535],[73.662218,21.888531],[73.662215,21.888527],[73.662222,21.88852],[73.662222,21.888507],[73.66223,21.888497],[73.662236,21.888497],[73.662245,21.888502],[73.662256,21.888495],[73.662257,21.888491],[73.662271,21.888476],[73.662274,21.888466],[73.662278,21.888463],[73.662281,21.888455],[73.662274,21.888439],[73.66228,21.888436],[73.662285,21.888437],[73.662289,21.888436],[73.662295,21.888431],[73.6623,21.888429],[73.662304,21.888421],[73.662301,21.888417],[73.662293,21.888417],[73.662292,21.888415],[73.662296,21.888411],[73.6623,21.888412],[73.662302,21.888408],[73.662308,21.888411],[73.662311,21.888409],[73.66232,21.888388],[73.66232,21.88838],[73.662297,21.888367],[73.662283,21.888363],[73.662273,21.888362],[73.662258,21.888355],[73.662251,21.888355],[73.662247,21.888352],[73.662228,21.888341],[73.662221,21.888335],[73.662217,21.888326],[73.662209,21.888317],[73.662204,21.888305],[73.662197,21.888308],[73.662186,21.8883],[73.662175,21.888306],[73.662168,21.888304],[73.662158,21.888308],[73.662149,21.888302],[73.66214,21.8883],[73.662128,21.888285],[73.66212,21.888261],[73.662116,21.88826],[73.662111,21.888251],[73.662105,21.888237],[73.662108,21.888236],[73.662107,21.888225],[73.662101,21.888217],[73.662114,21.888201],[73.662126,21.888201],[73.662137,21.888195],[73.662141,21.888189],[73.662152,21.888186],[73.662159,21.888178],[73.662164,21.888166],[73.662185,21.888148],[73.662218,21.888126],[73.662219,21.888106],[73.662229,21.8881],[73.662236,21.888088],[73.662235,21.888075],[73.662227,21.888061],[73.662227,21.888054],[73.66223,21.888045],[73.662227,21.888038],[73.662228,21.888034],[73.662214,21.888008],[73.662206,21.887997],[73.6622,21.887979],[73.6622,21.887955],[73.662207,21.887931],[73.662212,21.887925],[73.662216,21.887907],[73.662229,21.887881],[73.662238,21.887873],[73.662244,21.887854],[73.662268,21.887832],[73.662273,21.887831],[73.662275,21.887821],[73.662279,21.887818],[73.662284,21.887809],[73.662296,21.887809],[73.662304,21.887806],[73.662316,21.887809],[73.662325,21.887805],[73.662337,21.887807],[73.662345,21.887796],[73.662365,21.887785],[73.662366,21.887771],[73.662361,21.887755],[73.662368,21.887705],[73.662372,21.887701],[73.662374,21.887706],[73.662383,21.887708],[73.662388,21.887706],[73.662393,21.887697],[73.662386,21.887695],[73.662395,21.887692],[73.662403,21.887684],[73.662404,21.887681],[73.662401,21.887679],[73.662402,21.88767],[73.662388,21.887645],[73.662388,21.887635],[73.662379,21.887622],[73.662372,21.887617],[73.662369,21.887609],[73.662356,21.887597],[73.662337,21.887567],[73.662331,21.887547],[73.662322,21.887533],[73.662311,21.887525],[73.662311,21.887522],[73.662299,21.887519],[73.662288,21.887509],[73.662281,21.887508],[73.662277,21.887504],[73.662271,21.887502],[73.662268,21.887496],[73.662257,21.887489],[73.662242,21.887483],[73.662231,21.887483],[73.662223,21.88748],[73.662213,21.88747],[73.662208,21.887469],[73.662199,21.887463],[73.662192,21.887453],[73.662176,21.887445],[73.662171,21.887436],[73.662164,21.887434],[73.662156,21.887426],[73.662143,21.887423],[73.662133,21.887426],[73.662127,21.887424],[73.662122,21.88742],[73.662117,21.887411],[73.662104,21.887406],[73.662088,21.887396],[73.662053,21.887397],[73.662043,21.887395],[73.662029,21.887386],[73.662013,21.887387],[73.662004,21.887392],[73.661987,21.887387],[73.661978,21.887388],[73.661973,21.887395],[73.661972,21.887391],[73.661962,21.887394],[73.661959,21.887391],[73.661951,21.887393],[73.661935,21.887385],[73.661932,21.887379],[73.661921,21.887377],[73.661903,21.887378],[73.661889,21.887375],[73.661883,21.88738],[73.661862,21.887375],[73.661851,21.887378],[73.661836,21.887378],[73.661808,21.887369],[73.661793,21.887367],[73.661765,21.88736],[73.661749,21.887361],[73.661734,21.887366],[73.661717,21.887363],[73.661707,21.887364],[73.661699,21.887368],[73.661695,21.887367],[73.661687,21.88737],[73.661681,21.887376],[73.661673,21.887373],[73.661639,21.887374],[73.661631,21.887371],[73.661622,21.887376],[73.661608,21.887374],[73.661601,21.887376],[73.661581,21.88737],[73.661556,21.887367],[73.661532,21.887354],[73.661495,21.88735],[73.661463,21.887354],[73.661448,21.887353],[73.661443,21.887353],[73.661431,21.887346],[73.661408,21.887343],[73.661399,21.887345],[73.661371,21.887346],[73.661364,21.887351],[73.661342,21.887358],[73.661323,21.887357],[73.661309,21.887359],[73.661285,21.887371],[73.66125,21.887362],[73.661229,21.88736],[73.661209,21.887363],[73.661192,21.887359],[73.661178,21.887363],[73.661158,21.88736],[73.661123,21.88736],[73.661118,21.887359],[73.661104,21.887362],[73.661095,21.887369],[73.661075,21.887374],[73.661061,21.887375],[73.661035,21.887369],[73.661008,21.887367],[73.660974,21.887355],[73.660951,21.887349],[73.660942,21.887341],[73.660922,21.887338],[73.66089,21.887337],[73.660886,21.887338],[73.660864,21.887336],[73.660842,21.88734],[73.66083,21.887335],[73.660779,21.887343],[73.660766,21.887341],[73.660737,21.887325],[73.660728,21.887322],[73.660712,21.887322],[73.660688,21.887316],[73.660682,21.887317],[73.660665,21.887314],[73.660642,21.887313],[73.660636,21.887311],[73.660591,21.887308],[73.660577,21.887313],[73.66056,21.887315],[73.660511,21.887311],[73.660492,21.887312],[73.660479,21.887319],[73.660472,21.887315],[73.660458,21.887318],[73.660455,21.887316],[73.66044,21.887327],[73.660421,21.887326],[73.660416,21.887328],[73.660402,21.887326],[73.660395,21.887328],[73.660385,21.887326],[73.660356,21.88733],[73.660341,21.887326],[73.660326,21.887328],[73.660299,21.887321],[73.660291,21.887323],[73.660281,21.88732],[73.660268,21.887322],[73.660261,21.887321],[73.660252,21.887322],[73.660248,21.887324],[73.660244,21.887332],[73.660232,21.887334],[73.660222,21.887326],[73.660217,21.887325],[73.660209,21.887327],[73.660181,21.887325],[73.660155,21.88733],[73.660141,21.887336],[73.660104,21.887323],[73.660075,21.887323],[73.660072,21.887319],[73.660061,21.887322],[73.660042,21.887321],[73.660034,21.887327],[73.660025,21.887326],[73.660021,21.887328],[73.660014,21.887324],[73.659998,21.887327],[73.659996,21.88733],[73.659978,21.887332],[73.659959,21.887339],[73.659949,21.88734],[73.659931,21.887347],[73.659908,21.887348],[73.659905,21.887353],[73.65989,21.887354],[73.659875,21.887363],[73.659856,21.887366],[73.659853,21.887369],[73.65985,21.887367],[73.659844,21.887372],[73.659838,21.88737],[73.659827,21.887375],[73.659817,21.887385],[73.659802,21.88739],[73.659797,21.887394],[73.65978,21.887398],[73.65975,21.887421],[73.65974,21.887417],[73.659726,21.887421],[73.659705,21.887433],[73.659698,21.88743],[73.659689,21.887432],[73.659673,21.88743],[73.659667,21.887433],[73.659606,21.887427],[73.659598,21.887423],[73.659566,21.887422],[73.659561,21.887419],[73.659552,21.887425],[73.659542,21.887425],[73.659529,21.887431],[73.659519,21.887427],[73.659513,21.88743],[73.659501,21.887428],[73.659493,21.88743],[73.659475,21.887418],[73.659436,21.887404],[73.659407,21.887386],[73.659378,21.887381],[73.659358,21.887374],[73.659307,21.88735],[73.6593,21.887343],[73.659291,21.887341],[73.659283,21.887335],[73.659272,21.887333],[73.65926,21.887327],[73.659255,21.887328],[73.659249,21.887333],[73.65923,21.887333],[73.659225,21.887332],[73.659216,21.887319],[73.659212,21.887317],[73.659201,21.88732],[73.659175,21.887321],[73.659167,21.887324],[73.659145,21.887321],[73.659136,21.887324],[73.659119,21.887319],[73.659113,21.88732],[73.659106,21.887316],[73.65909,21.887312],[73.659064,21.887301],[73.659056,21.887301],[73.659042,21.887293],[73.659003,21.88728],[73.658986,21.887271],[73.658982,21.887272],[73.658978,21.88727],[73.658951,21.887264],[73.658927,21.887253],[73.658922,21.887253],[73.658908,21.887262],[73.658892,21.887265],[73.658888,21.887265],[73.658886,21.887262],[73.658873,21.88726],[73.658861,21.887261],[73.658853,21.887253],[73.658839,21.887247],[73.658839,21.887244],[73.658843,21.887242],[73.658842,21.887237],[73.658837,21.887241],[73.658829,21.887237],[73.658824,21.887244],[73.658811,21.887247],[73.658807,21.887245],[73.658801,21.887247],[73.658795,21.887244],[73.658773,21.887254],[73.658764,21.887243],[73.658755,21.887242],[73.658748,21.887228],[73.658712,21.887229],[73.658704,21.887225],[73.658701,21.887227],[73.658682,21.887225],[73.658675,21.887222],[73.658668,21.887215],[73.65866,21.887213],[73.658651,21.887214],[73.658638,21.887218],[73.658632,21.887206],[73.658626,21.887206],[73.658618,21.887203],[73.658588,21.887182],[73.658572,21.887179],[73.658544,21.887179],[73.658534,21.887177],[73.658528,21.88718],[73.658516,21.887181],[73.658508,21.887188],[73.658501,21.887199],[73.658498,21.887196],[73.658491,21.887197],[73.658475,21.887203],[73.658468,21.887199],[73.658445,21.887196],[73.658441,21.887198],[73.658435,21.887206],[73.65844,21.887223],[73.658439,21.88726],[73.65844,21.887263],[73.658443,21.887264],[73.658441,21.887267],[73.658435,21.887267],[73.658432,21.887269],[73.658429,21.887265],[73.658418,21.887259],[73.658396,21.887258],[73.658392,21.887261],[73.658385,21.887259],[73.65838,21.887263],[73.658363,21.887263],[73.658363,21.887266],[73.658344,21.887269],[73.658342,21.887267],[73.658331,21.887263],[73.658327,21.887255],[73.658325,21.887241],[73.658328,21.88723],[73.658327,21.887201],[73.658329,21.887189],[73.658333,21.887182],[73.658327,21.887164],[73.658322,21.88716],[73.658314,21.887158]]}},{"type":"Feature","properties":{"elevation":44},"geometry":{"type":"LineString","coordinates":[[73.662644,21.887592],[73.662634,21.887587],[73.662627,21.887586],[73.662603,21.88759],[73.662595,21.887586],[73.662576,21.887583],[73.662564,21.887587],[73.662558,21.887585],[73.662552,21.887586],[73.662545,21.887595],[73.662535,21.887597],[73.66252,21.887604],[73.662512,21.887628],[73.662507,21.887636],[73.662502,21.887653],[73.662497,21.887662],[73.662494,21.887678],[73.662495,21.887689],[73.662493,21.887702],[73.662498,21.88772],[73.662502,21.887725],[73.662502,21.887731],[73.662507,21.887738],[73.662519,21.887741],[73.662526,21.887738],[73.662527,21.887739],[73.66252,21.887744],[73.662511,21.887744],[73.662504,21.887755],[73.662504,21.887769],[73.662506,21.887777],[73.66251,21.887778],[73.662502,21.887784],[73.662498,21.887779],[73.662495,21.887781],[73.662497,21.887787],[73.662496,21.887791],[73.662499,21.887794],[73.662493,21.887795],[73.662487,21.887787],[73.662475,21.887795],[73.662471,21.887794],[73.662463,21.887797],[73.662462,21.887796],[73.66247,21.887786],[73.662467,21.887772],[73.662448,21.88774],[73.662447,21.887735],[73.662437,21.887721],[73.662437,21.887717],[73.662434,21.887714],[73.662429,21.887702],[73.662426,21.8877],[73.662413,21.88768],[73.662414,21.887674],[73.662402,21.887659],[73.662397,21.887647],[73.662396,21.887636],[73.662391,21.887629],[73.662384,21.887624],[73.662376,21.88761],[73.662363,21.887598],[73.662345,21.887572],[73.662344,21.887564],[73.662338,21.887547],[73.662326,21.887533],[73.662327,21.887526],[73.662323,21.887522],[73.662313,21.887516],[73.66229,21.88749],[73.662272,21.887482],[73.662261,21.887481],[73.662257,21.887476],[73.662246,21.887471],[73.662239,21.88747],[73.66223,21.887473],[73.662221,21.887471],[73.662207,21.887462],[73.662199,21.88745],[73.662163,21.887421],[73.662148,21.887416],[73.662134,21.887415],[73.66211,21.887396],[73.662086,21.887387],[73.66205,21.887386],[73.662047,21.887382],[73.662031,21.887376],[73.662011,21.887376],[73.662002,21.887379],[73.661992,21.887376],[73.661975,21.887376],[73.66196,21.887372],[73.661938,21.887377],[73.661922,21.88737],[73.661916,21.887369],[73.661894,21.887369],[73.661875,21.887372],[73.661854,21.88737],[73.661846,21.887373],[73.661834,21.887373],[73.661809,21.887361],[73.661783,21.887354],[73.661727,21.887357],[73.661714,21.887354],[73.661695,21.887359],[73.661684,21.887358],[73.66166,21.887366],[73.661649,21.887365],[73.661639,21.887367],[73.661629,21.887365],[73.661615,21.887369],[73.661604,21.887367],[73.661591,21.88736],[73.661573,21.887358],[73.661552,21.887349],[73.661545,21.887348],[73.661537,21.887341],[73.661527,21.887339],[73.661516,21.887339],[73.661507,21.887342],[73.661475,21.887334],[73.661464,21.887334],[73.661448,21.887339],[73.661443,21.887335],[73.661428,21.887336],[73.661415,21.887333],[73.661386,21.887333],[73.66138,21.887336],[73.661359,21.887338],[73.66134,21.887347],[73.661335,21.887346],[73.661323,21.88735],[73.661315,21.88735],[73.661311,21.887354],[73.661294,21.887352],[73.661281,21.887362],[73.66126,21.887357],[73.661258,21.887358],[73.661241,21.887356],[73.661211,21.887357],[73.661194,21.887353],[73.661175,21.887358],[73.661153,21.887355],[73.661138,21.88735],[73.661134,21.887353],[73.661096,21.887358],[73.66108,21.887367],[73.661061,21.88737],[73.661048,21.887369],[73.66104,21.887364],[73.66101,21.887361],[73.660996,21.887358],[73.660958,21.887347],[73.660955,21.887343],[73.660928,21.887332],[73.660895,21.88733],[73.660883,21.887332],[73.660859,21.887331],[73.660843,21.887334],[73.660833,21.887331],[73.660827,21.88733],[73.660811,21.887335],[73.660783,21.887336],[73.660761,21.887333],[73.660753,21.887325],[73.660733,21.887316],[73.66072,21.887316],[73.660659,21.887305],[73.660641,21.887306],[73.660603,21.887301],[73.660583,21.887305],[73.660578,21.887304],[73.660569,21.887309],[73.660563,21.88731],[73.660511,21.887304],[73.660491,21.887306],[73.660477,21.887303],[73.660424,21.887303],[73.660416,21.887304],[73.660403,21.887313],[73.660383,21.887314],[73.660377,21.887317],[73.660368,21.887315],[73.660329,21.88732],[73.660321,21.887318],[73.660313,21.887313],[73.660294,21.887312],[73.660288,21.887314],[73.660282,21.887312],[73.660263,21.887312],[73.660257,21.887315],[73.660246,21.887315],[73.660233,21.887323],[73.660226,21.887318],[73.660213,21.887316],[73.660202,21.887318],[73.660171,21.887318],[73.660135,21.887325],[73.660093,21.887316],[73.660086,21.887318],[73.660067,21.887309],[73.66006,21.88731],[73.660046,21.887307],[73.660017,21.887305],[73.659974,21.887311],[73.659961,21.887315],[73.659936,21.887311],[73.659935,21.887315],[73.659929,21.887317],[73.659928,21.887323],[73.659925,21.887326],[73.659919,21.887325],[73.659911,21.887327],[73.659907,21.887331],[73.659896,21.887336],[73.659841,21.887354],[73.659826,21.887361],[73.659815,21.887363],[73.659812,21.887368],[73.659804,21.887368],[73.659799,21.887373],[73.659785,21.887378],[73.659775,21.887386],[73.659761,21.887389],[73.659752,21.887397],[73.659738,21.887401],[73.659732,21.887406],[73.659721,21.887407],[73.659714,21.887413],[73.659702,21.88741],[73.659698,21.887411],[73.659694,21.887416],[73.659686,21.887418],[73.659672,21.887413],[73.659653,21.887416],[73.659632,21.887412],[73.659607,21.887409],[73.659603,21.887407],[73.659575,21.887406],[73.659564,21.88741],[73.659553,21.887404],[73.659523,21.88741],[73.659508,21.887405],[73.659485,21.887404],[73.659419,21.887377],[73.659398,21.887376],[73.65938,21.887368],[73.659375,21.887361],[73.659341,21.887354],[73.659332,21.887348],[73.659333,21.887337],[73.659331,21.887334],[73.659327,21.887333],[73.65932,21.887337],[73.659299,21.887322],[73.659282,21.88732],[73.659272,21.887312],[73.659262,21.887308],[73.659256,21.887308],[73.659251,21.887312],[73.659247,21.887309],[73.659246,21.887304],[73.659242,21.887303],[73.659236,21.887305],[73.659222,21.887303],[73.65916,21.887307],[73.659151,21.887305],[73.659141,21.887298],[73.659129,21.887298],[73.659126,21.887295],[73.659103,21.887299],[73.659085,21.887291],[73.659051,21.887282],[73.659025,21.887268],[73.659018,21.887268],[73.659002,21.887262],[73.658985,21.887259],[73.658944,21.887241],[73.658936,21.887241],[73.658916,21.887232],[73.658903,21.887231],[73.658892,21.887225],[73.658879,21.887223],[73.65887,21.887216],[73.658841,21.887211],[73.65883,21.887205],[73.65881,21.887204],[73.658784,21.887201],[73.658772,21.887204],[73.658748,21.887203],[73.658743,21.887205],[73.658737,21.887203],[73.658723,21.887205],[73.658704,21.887203],[73.658693,21.887208],[73.658687,21.887208],[73.658669,21.8872],[73.658641,21.887195],[73.658629,21.887184],[73.658606,21.887176],[73.65859,21.887174],[73.658581,21.887169],[73.658575,21.887161],[73.658564,21.887159],[73.658555,21.887161],[73.658523,21.88716],[73.658513,21.887158],[73.658477,21.88717],[73.658465,21.887169],[73.658453,21.887176],[73.658435,21.887181],[73.658422,21.887193],[73.65842,21.887203],[73.658429,21.887219],[73.65843,21.887226],[73.658425,21.887237],[73.658417,21.887244],[73.658398,21.887242],[73.65839,21.887238],[73.658387,21.887241],[73.658384,21.88724],[73.658378,21.887244],[73.658374,21.887242],[73.658374,21.887245],[73.658372,21.887246],[73.658356,21.887244],[73.658349,21.88725],[73.65834,21.887246],[73.658333,21.887249],[73.658332,21.887235],[73.658336,21.887226],[73.658342,21.887223],[73.658343,21.887217],[73.658339,21.887213],[73.658337,21.887206],[73.658341,21.887156],[73.658328,21.887149],[73.658316,21.887138]]}},{"type":"Feature","properties":{"elevation":30},"geometry":{"type":"LineString","coordinates":[[73.662233,21.887208],[73.662226,21.887212],[73.662211,21.887207],[73.6622,21.887209],[73.662179,21.887206],[73.66217,21.887208],[73.662161,21.887206],[73.662154,21.887208],[73.662147,21.887214],[73.662136,21.887215],[73.662129,21.887211],[73.662119,21.887214],[73.662111,21.887213],[73.662108,21.887209],[73.662104,21.88721],[73.662098,21.887208],[73.662078,21.887211],[73.662065,21.887211],[73.662062,21.887205],[73.662038,21.887202],[73.66203,21.887198],[73.66201,21.8872],[73.661979,21.887192],[73.661974,21.887193],[73.661967,21.88719],[73.661954,21.887189],[73.661943,21.887183],[73.661934,21.887186],[73.661911,21.887179],[73.661885,21.887181],[73.661879,21.887179],[73.661877,21.887177],[73.661835,21.887178],[73.661825,21.887176],[73.661821,21.887173],[73.661815,21.887173],[73.661811,21.887169],[73.661795,21.887165],[73.661782,21.887168],[73.661752,21.887161],[73.661737,21.887154],[73.661727,21.887156],[73.661717,21.887155],[73.661711,21.887158],[73.661703,21.887159],[73.661682,21.887156],[73.661665,21.887161],[73.661656,21.887159],[73.661653,21.887157],[73.661645,21.887159],[73.661639,21.887158],[73.661628,21.887163],[73.661624,21.887163],[73.661615,21.887166],[73.661596,21.887165],[73.661585,21.887155],[73.661586,21.887142],[73.661579,21.887128],[73.661567,21.887119],[73.661561,21.887118],[73.661555,21.887108]]}},{"type":"Feature","properties":{"elevation":43},"geometry":{"type":"LineString","coordinates":[[73.662647,21.88758],[73.662629,21.887574],[73.662617,21.887576],[73.662608,21.887573],[73.662602,21.887576],[73.662594,21.887572],[73.662573,21.887571],[73.662548,21.887574],[73.662535,21.887579],[73.662527,21.88759],[73.662517,21.887594],[73.662508,21.887601],[73.662497,21.887623],[73.662495,21.88764],[73.662483,21.887666],[73.662482,21.887717],[73.662476,21.887721],[73.662469,21.887716],[73.662457,21.88772],[73.662452,21.887718],[73.662442,21.887707],[73.66244,21.887701],[73.662433,21.887694],[73.66242,21.887673],[73.66242,21.887667],[73.662416,21.887664],[73.66241,21.887652],[73.662404,21.887645],[73.6624,21.887634],[73.662392,21.887622],[73.662371,21.887597],[73.662361,21.887587],[73.662349,21.887555],[73.662335,21.887533],[73.662331,21.887519],[73.66231,21.887506],[73.662308,21.887501],[73.662303,21.887497],[73.662297,21.887486],[73.66228,21.88748],[73.662256,21.887464],[73.662238,21.887462],[73.662229,21.887464],[73.662213,21.887459],[73.662201,21.887445],[73.662196,21.887444],[73.662183,21.887431],[73.662178,21.887424],[73.662172,21.887421],[73.662164,21.88741],[73.662137,21.887408],[73.662131,21.887402],[73.662112,21.887393],[73.662101,21.88739],[73.662092,21.887383],[73.662072,21.887379],[73.662062,21.887381],[73.662056,21.887377],[73.662051,21.887377],[73.662044,21.887372],[73.662036,21.887369],[73.662007,21.88737],[73.661975,21.887368],[73.66196,21.887362],[73.661929,21.887358],[73.66192,21.887359],[73.661912,21.887357],[73.661901,21.887359],[73.661881,21.887367],[73.661868,21.887367],[73.661855,21.887364],[73.661829,21.887364],[73.661783,21.887348],[73.661731,21.887351],[73.66171,21.887346],[73.661701,21.887351],[73.661662,21.887354],[73.661648,21.88736],[73.661625,21.887358],[73.661617,21.88736],[73.66158,21.887347],[73.66153,21.887335],[73.661517,21.887334],[73.661488,21.887324],[73.661475,21.887328],[73.661463,21.887325],[73.661443,21.887327],[73.661426,21.887326],[73.661415,21.887329],[73.661402,21.887331],[73.661388,21.88733],[73.661382,21.887326],[73.66137,21.887329],[73.661357,21.887328],[73.661345,21.887332],[73.661337,21.88734],[73.661329,21.887342],[73.66131,21.887343],[73.661274,21.887353],[73.661259,21.887349],[73.661245,21.887351],[73.661203,21.887345],[73.661197,21.887348],[73.661187,21.887349],[73.661178,21.887345],[73.661159,21.887344],[73.661149,21.887338],[73.661144,21.887338],[73.661137,21.887339],[73.661111,21.88735],[73.661097,21.887351],[73.661088,21.887357],[73.661079,21.887357],[73.661067,21.887364],[73.66106,21.887365],[73.66105,21.887364],[73.661043,21.887359],[73.661035,21.887359],[73.66103,21.887356],[73.661008,21.887355],[73.660986,21.887351],[73.660961,21.887342],[73.660957,21.887336],[73.66095,21.887333],[73.660917,21.887325],[73.660909,21.887322],[73.660899,21.887321],[73.660891,21.887325],[73.66087,21.887328],[73.660842,21.887325],[73.660783,21.887331],[73.660762,21.887327],[73.660749,21.887318],[73.660746,21.88731],[73.660738,21.887306],[73.660731,21.887305],[73.660726,21.887306],[73.660714,21.887302],[73.6607,21.887302],[73.66067,21.887296],[73.660663,21.887298],[73.660653,21.887293],[73.660615,21.887297],[73.660602,21.887295],[73.660582,21.8873],[73.660573,21.887301],[73.660569,21.887299],[73.660566,21.887301],[73.660546,21.887302],[73.660543,21.8873],[73.660512,21.887298],[73.660503,21.887295],[73.660496,21.887297],[73.660485,21.887294],[73.660403,21.887295],[73.660395,21.887304],[73.660353,21.887297],[73.660346,21.887301],[73.66034,21.8873],[73.660334,21.887304],[73.660329,21.887299],[73.660326,21.887304],[73.660322,21.887306],[73.660313,21.887302],[73.660294,21.887301],[73.660284,21.887305],[73.660262,21.887304],[73.660242,21.887306],[73.660228,21.887311],[73.660208,21.887305],[73.660152,21.887314],[73.660134,21.887313],[73.66012,21.887317],[73.660093,21.887308],[73.660082,21.887309],[73.660072,21.887303],[73.660055,21.887299],[73.660041,21.887287],[73.660031,21.887287],[73.660018,21.887282],[73.660012,21.887285],[73.660006,21.887283],[73.659968,21.88729],[73.659957,21.887289],[73.659945,21.887293],[73.659927,21.887294],[73.659923,21.887297],[73.659919,21.887295],[73.659913,21.887297],[73.659887,21.887308],[73.659872,21.887321],[73.659863,21.887324],[73.659855,21.887324],[73.659824,21.887342],[73.65982,21.887343],[73.659816,21.887347],[73.659805,21.887348],[73.659791,21.887355],[73.659776,21.887366],[73.659763,21.887371],[73.65976,21.887371],[73.659747,21.887382],[73.65974,21.88738],[73.659732,21.887383],[73.65973,21.887386],[73.659714,21.887387],[73.659709,21.887393],[73.659703,21.887392],[73.6597,21.887394],[73.659672,21.8874],[73.659627,21.887392],[73.659616,21.887385],[73.659606,21.887384],[73.659588,21.887375],[73.659587,21.887369],[73.659596,21.887352],[73.659599,21.887339],[73.659598,21.887334],[73.659592,21.887331],[73.659579,21.88733],[73.659566,21.887325],[73.659554,21.887328],[73.659549,21.887344],[73.659552,21.887352],[73.65955,21.88736],[73.659565,21.887364],[73.659568,21.88737],[73.659556,21.887372],[73.65955,21.887365],[73.659544,21.887372],[73.659548,21.887375],[73.659547,21.887377],[73.659529,21.887379],[73.659514,21.887371],[73.659507,21.887359],[73.659509,21.887352],[73.659505,21.887347],[73.659508,21.887342],[73.659502,21.887331],[73.659493,21.887339],[73.659497,21.887343],[73.659497,21.887348],[73.659495,21.887349],[73.659492,21.887344],[73.659483,21.887343],[73.659482,21.887347],[73.659476,21.887347],[73.659473,21.887343],[73.65947,21.887347],[73.659466,21.887345],[73.659468,21.887341],[73.659467,21.887339],[73.659461,21.887336],[73.659458,21.887339],[73.659447,21.887335],[73.659446,21.887329],[73.659428,21.88733],[73.659427,21.887324],[73.659421,21.887324],[73.659419,21.887321],[73.659414,21.887322],[73.659401,21.887315],[73.659392,21.887315],[73.659379,21.887309],[73.659376,21.887313],[73.659374,21.887309],[73.659371,21.88731],[73.659369,21.887315],[73.659363,21.887309],[73.659358,21.887306],[73.659353,21.8873],[73.659325,21.887287],[73.659327,21.887284],[73.659319,21.887282],[73.659314,21.887284],[73.659303,21.887284],[73.659301,21.887281],[73.659295,21.887281],[73.659287,21.887273],[73.659283,21.887272],[73.65928,21.887265],[73.659273,21.887261],[73.659265,21.887264],[73.659264,21.887267],[73.65926,21.887269],[73.659257,21.887266],[73.659262,21.887263],[73.659265,21.887264],[73.659263,21.887262],[73.659252,21.88726],[73.659247,21.887265],[73.65924,21.887264],[73.659226,21.887258],[73.659215,21.887261],[73.659205,21.887269],[73.6592,21.887271],[73.659155,21.887262],[73.659141,21.887263],[73.659127,21.887269],[73.659121,21.887267],[73.659116,21.88727],[73.659112,21.887266],[73.659094,21.887257],[73.65908,21.887256],[73.659069,21.887258],[73.659043,21.887251],[73.659033,21.887252],[73.659031,21.887248],[73.65902,21.887248],[73.659003,21.887238],[73.658994,21.887239],[73.65899,21.887244],[73.65898,21.88724],[73.658974,21.887241],[73.658965,21.887231],[73.658959,21.88723],[73.658953,21.887225],[73.658919,21.887215],[73.658902,21.887217],[73.658894,21.887213],[73.658883,21.887213],[73.658867,21.887205],[73.658853,21.887203],[73.65885,21.8872],[73.658843,21.887201],[73.658832,21.887196],[73.658798,21.887195],[73.658788,21.88719],[73.658777,21.887194],[73.658761,21.887191],[73.658748,21.887194],[73.658737,21.88719],[73.65871,21.887186],[73.658704,21.887183],[73.658689,21.88718],[73.65868,21.88718],[73.658667,21.887185],[73.658658,21.887184],[73.658652,21.887181],[73.658645,21.887173],[73.658636,21.887169],[73.658613,21.887171],[73.658608,21.887167],[73.6586,21.887165],[73.658594,21.887158],[73.658585,21.887156],[73.658582,21.887151],[73.658573,21.887147],[73.658547,21.887142],[73.658531,21.887145],[73.658522,21.887142],[73.65852,21.887133],[73.658518,21.887132],[73.658497,21.88713],[73.658487,21.887132],[73.658463,21.887146],[73.658455,21.887149],[73.658455,21.887155],[73.658445,21.88716],[73.658404,21.887175],[73.658399,21.887173],[73.658398,21.887169],[73.658395,21.887168],[73.658389,21.887173],[73.65838,21.887173],[73.658375,21.887176],[73.658361,21.887166],[73.65836,21.887161],[73.658363,21.887155],[73.658361,21.887149],[73.658344,21.887142],[73.658341,21.887137],[73.658347,21.887126],[73.658341,21.887131],[73.658342,21.887121],[73.65835,21.887118],[73.65835,21.887112],[73.658353,21.88711],[73.658351,21.887101],[73.658353,21.8871],[73.658348,21.887094],[73.658351,21.88708],[73.658345,21.887077],[73.658337,21.887081],[73.658332,21.887086],[73.658323,21.887084]]}},{"type":"Feature","properties":{"elevation":31},"geometry":{"type":"LineString","coordinates":[[73.662692,21.887373],[73.662653,21.887373],[73.66262,21.887354],[73.662584,21.887338],[73.662563,21.887322],[73.662541,21.887315],[73.66251,21.887311],[73.662486,21.887317],[73.662458,21.887301],[73.66244,21.887293],[73.662413,21.887275],[73.662409,21.887269],[73.662399,21.887268],[73.662393,21.88727],[73.662383,21.88726],[73.662362,21.887251],[73.662353,21.887244],[73.662318,21.887237],[73.662304,21.88723],[73.662291,21.887229],[73.662267,21.887223],[73.662255,21.887222],[73.662236,21.887218],[73.662229,21.887221],[73.6622,21.887217],[73.662192,21.887219],[73.662175,21.887217],[73.662159,21.887219],[73.662143,21.887223],[73.662133,21.887222],[73.662113,21.887224],[73.662098,21.887217],[73.662078,21.887219],[73.662066,21.887222],[73.662053,21.887214],[73.661983,21.887205],[73.661971,21.887201],[73.661952,21.887202],[73.661945,21.887199],[73.661942,21.887195],[73.661911,21.88719],[73.661893,21.887191],[73.661881,21.887187],[73.661851,21.887189],[73.661844,21.887186],[73.661828,21.887186],[73.661807,21.88718],[73.661797,21.887181],[73.661787,21.887178],[73.661778,21.887178],[73.661768,21.887174],[73.661754,21.887172],[73.661733,21.887165],[73.661715,21.887169],[73.661694,21.887167],[73.66169,21.88717],[73.661674,21.88717],[73.661665,21.887173],[73.661658,21.88717],[73.661643,21.88717],[73.661617,21.887177],[73.661595,21.887178],[73.661587,21.88717],[73.661575,21.887164],[73.661564,21.887138],[73.661558,21.887135],[73.661559,21.887132],[73.661555,21.887128],[73.661549,21.887128],[73.661547,21.88712],[73.661543,21.88712],[73.661538,21.887113],[73.661532,21.88711],[73.661531,21.887116],[73.661528,21.887115],[73.661526,21.88712],[73.661528,21.887129],[73.661523,21.887135],[73.661514,21.88713],[73.661507,21.887132],[73.661503,21.887137],[73.6615,21.887137],[73.661496,21.887132],[73.661489,21.887135],[73.661488,21.887139],[73.661493,21.887144],[73.661485,21.887148],[73.661482,21.887153],[73.661484,21.887156],[73.661476,21.887167],[73.661472,21.887169],[73.66147,21.887165],[73.661453,21.887164],[73.661445,21.887158],[73.66142,21.887155],[73.661413,21.887153],[73.661403,21.887155],[73.661396,21.887151],[73.661392,21.887152],[73.661371,21.887146],[73.661339,21.887148],[73.661336,21.887145],[73.661331,21.887146],[73.661323,21.88714],[73.66131,21.88714],[73.661303,21.887137],[73.661299,21.887138],[73.661296,21.887136],[73.661277,21.887136],[73.661256,21.887138],[73.661247,21.887135],[73.661232,21.887135],[73.661221,21.887132],[73.661207,21.887137],[73.661198,21.887137],[73.661193,21.887133],[73.661187,21.887133],[73.661184,21.887129],[73.661185,21.887126],[73.661172,21.887117],[73.661158,21.887121],[73.661157,21.887118],[73.661154,21.887117],[73.661153,21.887112],[73.661149,21.887112],[73.661143,21.887107],[73.661126,21.887088],[73.661109,21.887083],[73.661087,21.887082],[73.661078,21.887091],[73.66106,21.887098],[73.661053,21.887109],[73.661038,21.887111],[73.661034,21.887115],[73.661024,21.887114],[73.661021,21.887116],[73.661011,21.887109],[73.661005,21.887101],[73.661001,21.887102],[73.660995,21.887099],[73.660996,21.887095],[73.660991,21.887089],[73.660982,21.887083],[73.660972,21.887081],[73.660967,21.887079],[73.660963,21.887073],[73.660949,21.887068],[73.660931,21.887067],[73.660928,21.887063],[73.660916,21.887059],[73.660888,21.887057],[73.660883,21.887055],[73.660872,21.887056],[73.660867,21.887054],[73.660867,21.887049]]}},{"type":"Feature","properties":{"elevation":32},"geometry":{"type":"LineString","coordinates":[[73.66269,21.887384],[73.662675,21.88738],[73.662644,21.887378],[73.662615,21.887372],[73.662605,21.887363],[73.662582,21.88735],[73.662571,21.887339],[73.662561,21.887336],[73.662557,21.887331],[73.662537,21.887327],[73.66253,21.887329],[73.662506,21.887322],[73.662489,21.887326],[73.662478,21.887325],[73.662472,21.887321],[73.662461,21.887318],[73.662435,21.887301],[73.66243,21.887301],[73.662418,21.88729],[73.662406,21.887285],[73.662399,21.887279],[73.662386,21.88728],[73.662381,21.887272],[73.662369,21.887263],[73.662361,21.887263],[73.662349,21.887254],[73.662327,21.887247],[73.662315,21.887246],[73.66231,21.887242],[73.662285,21.88724],[73.662254,21.887234],[73.662247,21.887231],[73.662225,21.887232],[73.66222,21.887229],[73.66219,21.887232],[73.662178,21.887231],[73.662163,21.887233],[73.662144,21.88723],[73.662121,21.887237],[73.662096,21.88723],[73.662075,21.887232],[73.662062,21.88723],[73.662059,21.887227],[73.662049,21.887223],[73.66204,21.887225],[73.662014,21.887219],[73.661999,21.88722],[73.661967,21.887212],[73.66195,21.887213],[73.661934,21.887204],[73.661916,21.887202],[73.661885,21.887201],[73.661873,21.887198],[73.661847,21.887198],[73.661837,21.887201],[73.661834,21.887207],[73.661829,21.88721],[73.661832,21.887218],[73.661831,21.887221],[73.661828,21.887222],[73.661815,21.887218],[73.661817,21.887214],[73.661813,21.88721],[73.661815,21.887205],[73.661812,21.8872],[73.661814,21.887197],[73.661756,21.887183],[73.661741,21.887177],[73.661722,21.887177],[73.661714,21.88718],[73.661699,21.887181],[73.661697,21.887179],[73.661694,21.887181],[73.661686,21.887179],[73.661682,21.887181],[73.661663,21.887183],[73.661639,21.887182],[73.661619,21.887188],[73.661611,21.887185],[73.661602,21.887189],[73.661591,21.88719],[73.661577,21.887178],[73.661574,21.887181],[73.661573,21.887178],[73.661565,21.887176],[73.661559,21.887179],[73.661556,21.887173],[73.661549,21.887175],[73.661543,21.887174],[73.661543,21.887178],[73.66154,21.887182],[73.661536,21.887183],[73.661535,21.88718],[73.66153,21.887182],[73.661528,21.88718],[73.66153,21.887177],[73.661522,21.88717],[73.661515,21.887172],[73.661513,21.887183],[73.661509,21.887184],[73.661506,21.887183],[73.661507,21.88718],[73.661501,21.887172],[73.661498,21.887178],[73.661495,21.887176],[73.661492,21.887179],[73.661485,21.88719],[73.66148,21.887187],[73.661469,21.887184],[73.661467,21.887175],[73.661462,21.887172],[73.661426,21.887162],[73.661401,21.887167],[73.661374,21.88716],[73.661324,21.887158],[73.661313,21.887151],[73.661302,21.887152],[73.661281,21.887148],[73.661274,21.88715],[73.661269,21.887154],[73.661259,21.887148],[73.661243,21.887149],[73.661235,21.887146],[73.661201,21.887149],[73.661191,21.887148],[73.661174,21.887137],[73.661168,21.887135],[73.661161,21.887136],[73.661154,21.887132],[73.661142,21.88712],[73.661133,21.887115],[73.661117,21.887099],[73.661108,21.887101],[73.661097,21.887096],[73.661083,21.887102],[73.661077,21.887107],[73.66107,21.887118],[73.661058,21.887125],[73.661043,21.887126],[73.661037,21.88713],[73.661022,21.887131],[73.661007,21.887126],[73.661002,21.887127],[73.660997,21.887119],[73.660992,21.887118],[73.660989,21.887113],[73.660975,21.887104],[73.660973,21.8871],[73.660964,21.887092],[73.660947,21.887081],[73.660935,21.88708],[73.660927,21.887073],[73.660916,21.887069],[73.660906,21.887068],[73.660901,21.88707],[73.66088,21.887064],[73.660834,21.887064],[73.660812,21.887053],[73.660779,21.88705],[73.660773,21.887051],[73.660751,21.887041]]}},{"type":"Feature","properties":{"elevation":42},"geometry":{"type":"LineString","coordinates":[[73.662649,21.887568],[73.662637,21.887563],[73.662618,21.887565],[73.662596,21.88756],[73.662579,21.887564],[73.662569,21.887561],[73.662523,21.887567],[73.662509,21.887582],[73.662493,21.887604],[73.662484,21.887646],[73.662477,21.887655],[73.662474,21.887665],[73.662467,21.887674],[73.662457,21.887674],[73.662453,21.887665],[73.662442,21.887662],[73.662437,21.887663],[73.662433,21.887661],[73.662419,21.887642],[73.662406,21.887632],[73.6624,21.88762],[73.662389,21.887611],[73.662375,21.887589],[73.662365,21.887581],[73.662359,21.887569],[73.662359,21.887563],[73.662353,21.887549],[73.662342,21.887533],[73.662333,21.88751],[73.66231,21.887484],[73.6623,21.887476],[73.662278,21.887468],[73.662272,21.887467],[73.662255,21.887458],[73.662238,21.887456],[73.662224,21.887452],[73.662211,21.887442],[73.6622,21.88744],[73.662197,21.887436],[73.662192,21.887434],[73.662169,21.887406],[73.662155,21.887401],[73.662147,21.887401],[73.662143,21.887398],[73.662139,21.8874],[73.662116,21.887387],[73.662106,21.887384],[73.662097,21.887377],[73.662079,21.887375],[73.662072,21.887372],[73.662062,21.887374],[73.662059,21.887372],[73.662053,21.887372],[73.662054,21.887368],[73.662052,21.887367],[73.662041,21.887364],[73.662013,21.887364],[73.662003,21.88736],[73.661976,21.887361],[73.661965,21.887355],[73.661945,21.887354],[73.661919,21.887347],[73.661895,21.887349],[73.661883,21.887356],[73.661874,21.887357],[73.661865,21.887357],[73.661845,21.88735],[73.661836,21.887353],[73.661823,21.887354],[73.661786,21.887343],[73.66173,21.887346],[73.661708,21.887341],[73.661676,21.887345],[73.661661,21.887345],[73.661652,21.88735],[73.661643,21.887352],[73.661614,21.887351],[73.661554,21.887333],[73.661542,21.887332],[73.661527,21.887327],[73.661522,21.887328],[73.661516,21.887324],[73.661493,21.887317],[73.661475,21.887322],[73.66143,21.88732],[73.661398,21.887327],[73.661372,21.887321],[73.661353,21.887324],[73.661324,21.887336],[73.66131,21.887337],[73.661291,21.887343],[73.661277,21.887341],[73.661237,21.887343],[73.661214,21.887331],[73.661184,21.887331],[73.661175,21.887329],[73.661166,21.887324],[73.661157,21.887325],[73.661144,21.887321],[73.661138,21.887323],[73.66113,21.887331],[73.661113,21.88734],[73.661101,21.887342],[73.661091,21.887348],[73.661067,21.887354],[73.660987,21.887349],[73.660963,21.887338],[73.660952,21.887323],[73.660944,21.887324],[73.660939,21.887322],[73.660928,21.887322],[73.660918,21.887317],[73.660915,21.887311],[73.660906,21.88731],[73.660883,21.887316],[73.660881,21.88732],[73.660875,21.887321],[73.660857,21.887318],[73.660846,21.887319],[73.66084,21.887321],[73.660821,21.88732],[73.660801,21.887325],[73.660779,21.887327],[73.660763,21.887324],[73.660759,21.887316],[73.660745,21.887305],[73.660741,21.887297],[73.66073,21.88729],[73.660721,21.887293],[73.660719,21.88729],[73.660715,21.887291],[73.660695,21.887285],[73.660686,21.887289],[73.66067,21.887286],[73.660668,21.887287],[73.660665,21.887284],[73.660655,21.887284],[73.660652,21.887279],[73.660643,21.887278],[73.660621,21.887278],[73.66061,21.887286],[73.660579,21.88729],[73.660575,21.887288],[73.66053,21.887288],[73.66052,21.887285],[73.660515,21.887282],[73.660505,21.887282],[73.660501,21.887279],[73.660485,21.887281],[73.660477,21.887278],[73.660472,21.887273],[73.660462,21.887274],[73.660455,21.887271],[73.660446,21.887277],[73.660432,21.887276],[73.660424,21.887278],[73.660397,21.887276],[73.660388,21.887278],[73.660371,21.887275],[73.660365,21.887278],[73.660356,21.887278],[73.660349,21.887282],[73.66032,21.887282],[73.66031,21.887289],[73.660301,21.887292],[73.660285,21.887292],[73.660275,21.887295],[73.660269,21.887293],[73.660257,21.887294],[73.660245,21.8873],[73.660227,21.887302],[73.660213,21.887297],[73.660204,21.887297],[73.660169,21.8873],[73.660155,21.887299],[73.660128,21.8873],[73.660119,21.887303],[73.660101,21.887303],[73.66008,21.8873],[73.660071,21.887295],[73.660062,21.887294],[73.660055,21.887289],[73.660048,21.887281],[73.660034,21.887272],[73.660031,21.887274],[73.660021,21.887273],[73.659968,21.887278],[73.659951,21.887277],[73.659928,21.887271],[73.659923,21.887273],[73.659919,21.88728],[73.659912,21.887279],[73.659888,21.887283],[73.659858,21.887293],[73.659834,21.887318],[73.659825,21.88732],[73.659822,21.887325],[73.659813,21.887324],[73.659806,21.887329],[73.659797,21.88733],[73.65979,21.887337],[73.65977,21.887345],[73.659758,21.887355],[73.659738,21.887359],[73.659735,21.887364],[73.659725,21.88736],[73.65971,21.887364],[73.659701,21.887371],[73.659688,21.887375],[73.659675,21.887373],[73.659666,21.887377],[73.659663,21.887376],[73.65964,21.887377],[73.659629,21.887374],[73.659619,21.887363],[73.659613,21.887349],[73.65961,21.887335],[73.659598,21.887321],[73.659592,21.887319],[73.65958,21.88732],[73.659571,21.887313],[73.65955,21.887313],[73.659542,21.887301],[73.659535,21.887299],[73.659532,21.887292],[73.659527,21.88729],[73.659512,21.88729],[73.659503,21.887287],[73.659491,21.887288],[73.659473,21.887284],[73.659466,21.887279],[73.659458,21.887279],[73.65944,21.887274],[73.659422,21.887274],[73.659402,21.887267],[73.659391,21.887269],[73.659377,21.887265],[73.659347,21.887264],[73.659325,21.887258],[73.659317,21.887253],[73.659306,21.887252],[73.659298,21.887246],[73.659287,21.887247],[73.659271,21.88724],[73.659259,21.887241],[73.659215,21.88723],[73.659197,21.887233],[73.659192,21.887229],[73.659191,21.887219],[73.659184,21.887216],[73.659178,21.887217],[73.659171,21.887229],[73.659165,21.887232],[73.65914,21.887228],[73.659119,21.887228],[73.659098,21.887218],[73.659087,21.887209],[73.659069,21.887213],[73.659063,21.887209],[73.659059,21.887213],[73.659056,21.887214],[73.659051,21.88721],[73.659019,21.887207],[73.658998,21.887197],[73.658984,21.887195],[73.658975,21.88719],[73.658954,21.887189],[73.658943,21.887184],[73.65892,21.887179],[73.658912,21.88718],[73.658894,21.887176],[73.658883,21.88718],[73.658874,21.887176],[73.658858,21.887175],[73.658852,21.887171],[73.658843,21.887171],[73.658838,21.887177],[73.658831,21.887177],[73.658828,21.887175],[73.658825,21.88717],[73.658816,21.887168],[73.658809,21.887157],[73.658805,21.88716],[73.6588,21.887155],[73.658794,21.887155],[73.65879,21.887151],[73.658784,21.887149],[73.658783,21.887145],[73.658777,21.88714],[73.658779,21.887137],[73.658775,21.887135],[73.658772,21.887126],[73.658766,21.887125],[73.658761,21.887114],[73.658754,21.887125],[73.658748,21.887124],[73.658752,21.88713],[73.658749,21.88713],[73.658746,21.887135],[73.658744,21.887132],[73.658744,21.887125],[73.658738,21.88712],[73.658737,21.887115],[73.65873,21.887118],[73.65873,21.887114],[73.658722,21.88711],[73.658671,21.88712],[73.658663,21.887114],[73.658651,21.887112],[73.658642,21.887116],[73.658645,21.887124],[73.658641,21.887127],[73.658637,21.887119],[73.658629,21.887121],[73.658623,21.887116],[73.658633,21.887113],[73.658633,21.88711],[73.658628,21.887111],[73.658633,21.887105],[73.658641,21.887101],[73.658653,21.887098],[73.658663,21.887085],[73.658656,21.887081],[73.658636,21.887082],[73.658631,21.887084],[73.658631,21.887078],[73.658619,21.88708],[73.658611,21.887085],[73.658608,21.887083],[73.658601,21.887084],[73.658597,21.887081],[73.658588,21.887078],[73.658577,21.887072],[73.65858,21.88707],[73.658577,21.887066],[73.658585,21.887063],[73.658588,21.887059],[73.658604,21.887058],[73.658606,21.887051],[73.658632,21.887045],[73.658631,21.887036],[73.658625,21.887033],[73.65852,21.887028],[73.658482,21.88703],[73.658478,21.887031],[73.658478,21.887033],[73.658466,21.88703],[73.658455,21.887032],[73.658429,21.88703],[73.658423,21.887028],[73.658412,21.887021],[73.658398,21.88701],[73.658357,21.887006],[73.658347,21.887008],[73.65833,21.887022]]}},{"type":"Feature","properties":{"elevation":41},"geometry":{"type":"LineString","coordinates":[[73.662651,21.887559],[73.66264,21.887555],[73.662627,21.887555],[73.662618,21.887557],[73.662597,21.887553],[73.662587,21.887555],[73.662578,21.887553],[73.66257,21.887555],[73.662562,21.887554],[73.662546,21.887558],[73.662522,21.887561],[73.662503,21.887572],[73.662494,21.887588],[73.662483,21.887602],[73.662469,21.88761],[73.662459,21.887598],[73.662442,21.887591],[73.662434,21.887592],[73.662428,21.887589],[73.662423,21.887592],[73.662417,21.88759],[73.662413,21.887593],[73.662391,21.88759],[73.662375,21.88758],[73.662371,21.887569],[73.662365,21.887563],[73.662338,21.887506],[73.662322,21.887489],[73.662317,21.88748],[73.66231,21.887475],[73.662275,21.887462],[73.662256,21.887451],[73.662235,21.887449],[73.662224,21.887444],[73.662214,21.887435],[73.662201,21.887432],[73.662192,21.887426],[73.662176,21.887403],[73.662164,21.887396],[73.662152,21.887391],[73.662136,21.887393],[73.662131,21.887391],[73.662101,21.88737],[73.662042,21.887359],[73.662014,21.887359],[73.662,21.887356],[73.661986,21.887357],[73.661975,21.887352],[73.661968,21.887346],[73.661951,21.887342],[73.661895,21.887342],[73.661882,21.887345],[73.661877,21.887349],[73.661866,21.887344],[73.661846,21.887341],[73.661839,21.887343],[73.661834,21.887349],[73.661827,21.887349],[73.661806,21.88734],[73.661788,21.887338],[73.661762,21.887342],[73.661702,21.887336],[73.661652,21.887339],[73.661643,21.887341],[73.661638,21.887346],[73.661633,21.887344],[73.661621,21.887345],[73.661544,21.887326],[73.661538,21.887321],[73.66152,21.887319],[73.661497,21.887312],[73.661453,21.887319],[73.661439,21.887315],[73.661412,21.887316],[73.661395,21.887321],[73.661376,21.887314],[73.661364,21.887316],[73.661353,21.887314],[73.661325,21.887325],[73.661296,21.887328],[73.661285,21.887334],[73.661272,21.887331],[73.661248,21.887337],[73.661242,21.887333],[73.661222,21.887328],[73.661204,21.887318],[73.661189,21.887323],[73.661183,21.887322],[73.661159,21.887308],[73.66114,21.88731],[73.661123,21.887325],[73.661106,21.887335],[73.661088,21.88734],[73.661081,21.887338],[73.661071,21.887341],[73.661054,21.887337],[73.661043,21.887341],[73.661019,21.88734],[73.661012,21.887341],[73.661005,21.887345],[73.660994,21.887345],[73.660985,21.887343],[73.660969,21.887335],[73.660958,21.887321],[73.660938,21.887314],[73.66093,21.887314],[73.660919,21.887301],[73.660913,21.8873],[73.660896,21.887301],[73.660882,21.887306],[73.660878,21.887311],[73.66087,21.887313],[73.660844,21.887312],[73.660834,21.887315],[73.660828,21.887314],[73.660781,21.887324],[73.66077,21.887321],[73.660761,21.887312],[73.660758,21.887304],[73.660752,21.887296],[73.660748,21.887283],[73.66072,21.887281],[73.660673,21.887273],[73.660654,21.887267],[73.660634,21.88727],[73.660614,21.887266],[73.660602,21.887267],[73.660591,21.887272],[73.660582,21.887271],[73.660561,21.887276],[73.66054,21.887274],[73.660532,21.887275],[73.660519,21.887263],[73.660499,21.887256],[73.660481,21.887257],[73.660471,21.887253],[73.660437,21.887258],[73.66043,21.887263],[73.660417,21.887267],[73.660386,21.887266],[73.660379,21.887263],[73.660365,21.887261],[73.660359,21.887258],[73.66035,21.88726],[73.660344,21.887263],[73.660341,21.887269],[73.660334,21.887272],[73.660295,21.887276],[73.660288,21.887281],[73.660262,21.887281],[73.660255,21.887286],[73.660236,21.887292],[73.660209,21.887289],[73.660192,21.887282],[73.660175,21.887286],[73.660168,21.887285],[73.660143,21.887291],[73.660125,21.887289],[73.660117,21.887294],[73.6601,21.887291],[73.66009,21.887294],[73.660082,21.887293],[73.66006,21.887284],[73.660044,21.887268],[73.660032,21.887263],[73.660014,21.88726],[73.659996,21.887268],[73.659974,21.88727],[73.659961,21.887269],[73.659949,21.887263],[73.659917,21.887264],[73.659897,21.887269],[73.659875,21.887265],[73.659853,21.887274],[73.659833,21.887293],[73.659811,21.887304],[73.659806,21.88731],[73.659794,21.887314],[73.659787,21.88732],[73.65977,21.887325],[73.659761,21.887332],[73.659752,21.887333],[73.659742,21.887339],[73.659735,21.887345],[73.659699,21.887348],[73.659681,21.887354],[73.659673,21.887353],[73.659666,21.887356],[73.659657,21.887357],[73.659642,21.887349],[73.659637,21.887335],[73.65963,21.887331],[73.659614,21.887306],[73.659591,21.887293],[73.659572,21.887291],[73.659567,21.887292],[73.659564,21.887288],[73.659563,21.887279],[73.659551,21.887273],[73.659538,21.887273],[73.659531,21.887279],[73.659512,21.887276],[73.659496,21.887276],[73.659487,21.887273],[73.659466,21.887271],[73.65945,21.887263],[73.65941,21.887258],[73.659406,21.887251],[73.65939,21.887248],[73.659369,21.887237],[73.659346,21.887239],[73.659334,21.887234],[73.659331,21.887237],[73.659328,21.887234],[73.659322,21.887232],[73.659321,21.887227],[73.659325,21.887226],[73.659324,21.887224],[73.659318,21.887224],[73.659311,21.887226],[73.659308,21.887223],[73.659301,21.887227],[73.659295,21.887226],[73.659274,21.887216],[73.659243,21.887198],[73.659221,21.887196],[73.659201,21.887179],[73.659178,21.887179],[73.659165,21.887181],[73.659161,21.887188],[73.659164,21.887197],[73.659158,21.887201],[73.659156,21.887212],[73.659151,21.887218],[73.659145,21.887219],[73.659131,21.887215],[73.659117,21.887218],[73.659098,21.887204],[73.659087,21.8872],[73.659058,21.887198],[73.659044,21.8872],[73.659022,21.887194],[73.659014,21.887195],[73.658999,21.88719],[73.658993,21.887185],[73.658984,21.887185],[73.65898,21.887183],[73.658973,21.887184],[73.65895,21.887176],[73.658945,21.887169],[73.658949,21.887166],[73.65895,21.887163],[73.658939,21.88715],[73.658926,21.887142],[73.658914,21.887143],[73.658907,21.887154],[73.658895,21.887147],[73.65889,21.887147],[73.65888,21.887161],[73.658871,21.887161],[73.658867,21.887157],[73.658865,21.887148],[73.658873,21.887139],[73.658872,21.887134],[73.658859,21.88713],[73.65885,21.887125],[73.65884,21.887126],[73.658837,21.88712],[73.658844,21.887108],[73.658838,21.887097],[73.658839,21.887093],[73.658852,21.887089],[73.658866,21.887081],[73.658863,21.887079],[73.658855,21.887083],[73.658846,21.887083],[73.658836,21.887073],[73.658836,21.88707],[73.658832,21.887072],[73.658829,21.887068],[73.658815,21.887064],[73.658818,21.887056],[73.658822,21.887053],[73.658822,21.887057],[73.658824,21.887058],[73.658824,21.887056],[73.658832,21.887054],[73.658833,21.887049],[73.658846,21.887053],[73.658849,21.887057],[73.658856,21.887057],[73.658859,21.887052],[73.658859,21.887045],[73.658855,21.887051],[73.658848,21.887047],[73.658849,21.887045],[73.658844,21.887043],[73.658833,21.887041],[73.658828,21.887044],[73.658827,21.887041],[73.658822,21.88704],[73.658776,21.887033],[73.65852,21.887018],[73.658467,21.88702],[73.65845,21.887024],[73.658434,21.887025],[73.658417,21.887018],[73.658403,21.887008],[73.658391,21.887005],[73.658352,21.887005],[73.658332,21.887012]]}},{"type":"Feature","properties":{"elevation":40},"geometry":{"type":"LineString","coordinates":[[73.662654,21.887547],[73.662636,21.887551],[73.662616,21.887544],[73.662604,21.887545],[73.66258,21.887541],[73.662568,21.887542],[73.66255,21.88754],[73.662531,21.887547],[73.662519,21.887547],[73.662513,21.887552],[73.662501,21.887553],[73.662492,21.887549],[73.662485,21.88755],[73.662487,21.887535],[73.662492,21.887525],[73.662491,21.887522],[73.662486,21.887522],[73.662479,21.887522],[73.662466,21.887532],[73.662459,21.887527],[73.66245,21.88753],[73.662433,21.88753],[73.662425,21.887535],[73.662417,21.887535],[73.662409,21.88754],[73.662398,21.887542],[73.662388,21.887547],[73.662371,21.887548],[73.662363,21.887543],[73.662359,21.887533],[73.662352,21.887524],[73.662343,21.887501],[73.662327,21.887481],[73.662316,21.887471],[73.662291,21.887462],[73.662275,21.887455],[73.662267,21.887449],[73.66226,21.887449],[73.662253,21.887444],[73.662237,21.887442],[73.662216,21.887428],[73.662205,21.887427],[73.662194,21.887416],[73.662189,21.887402],[73.662164,21.887387],[73.662153,21.887384],[73.662131,21.887384],[73.662107,21.887366],[73.662097,21.887362],[73.662059,21.887359],[73.662041,21.887354],[73.662015,21.887353],[73.661986,21.887349],[73.661973,21.88734],[73.661952,21.887336],[73.661873,21.887337],[73.661844,21.887334],[73.661827,21.887338],[73.661806,21.887333],[73.661787,21.887332],[73.661763,21.887338],[73.661743,21.887334],[73.661702,21.887333],[73.661609,21.887336],[73.661591,21.887332],[73.66158,21.887325],[73.661565,21.887323],[73.66155,21.887314],[73.661529,21.887312],[73.661501,21.887306],[73.661479,21.88731],[73.661455,21.887308],[73.661447,21.887311],[73.661399,21.88731],[73.661393,21.887314],[73.661381,21.887307],[73.66136,21.887306],[73.661282,21.887322],[73.661277,21.887323],[73.661266,21.88732],[73.661258,21.887322],[73.661228,21.887323],[73.661224,21.887322],[73.661203,21.887306],[73.661182,21.887306],[73.661163,21.887299],[73.661154,21.887302],[73.661134,21.887304],[73.661124,21.887313],[73.661111,21.887318],[73.661097,21.887328],[73.661074,21.887329],[73.66106,21.887325],[73.661049,21.887325],[73.661036,21.887332],[73.661032,21.887332],[73.661028,21.887328],[73.661021,21.88733],[73.661011,21.887329],[73.661001,21.887334],[73.660992,21.887335],[73.660983,21.887334],[73.660981,21.887328],[73.660971,21.887322],[73.660973,21.887317],[73.660968,21.887315],[73.660965,21.887309],[73.660957,21.887309],[73.660936,21.887304],[73.660922,21.887295],[73.660896,21.887294],[73.660876,21.887307],[73.660851,21.887305],[73.660831,21.887307],[73.66082,21.887311],[73.660802,21.88731],[73.660788,21.887319],[73.660781,21.88732],[73.66077,21.887316],[73.660766,21.8873],[73.660754,21.887279],[73.660753,21.887272],[73.660745,21.887275],[73.660728,21.887274],[73.660724,21.88727],[73.660716,21.88727],[73.660705,21.887264],[73.660676,21.887262],[73.660659,21.887257],[73.660651,21.887258],[73.660634,21.887251],[73.660622,21.887252],[73.660618,21.887257],[73.660592,21.88726],[73.66058,21.887258],[73.660571,21.887261],[73.660554,21.887255],[73.660545,21.887258],[73.660524,21.887252],[73.660482,21.887249],[73.660467,21.887246],[73.660449,21.887251],[73.660435,21.88725],[73.660421,21.887258],[73.660408,21.887259],[73.66039,21.887249],[73.660385,21.88725],[73.660379,21.887248],[73.660365,21.887247],[73.660353,21.887252],[73.660347,21.887252],[73.660338,21.887258],[73.660327,21.887259],[73.660322,21.887265],[73.660316,21.887267],[73.660304,21.887268],[73.660293,21.887264],[73.660286,21.887265],[73.660252,21.887277],[73.660242,21.887274],[73.660236,21.887276],[73.660228,21.887273],[73.660219,21.887275],[73.660213,21.887273],[73.660197,21.887274],[73.660182,21.88727],[73.660155,21.887271],[73.660145,21.887276],[73.660132,21.887278],[73.660102,21.88728],[73.660091,21.887278],[73.660078,21.887281],[73.660055,21.88727],[73.660038,21.887257],[73.660009,21.887251],[73.660004,21.887254],[73.65998,21.887255],[73.65997,21.887259],[73.659954,21.887255],[73.659929,21.887255],[73.659924,21.887253],[73.659899,21.887258],[73.659866,21.887258],[73.659845,21.887264],[73.659837,21.887273],[73.659819,21.887287],[73.659797,21.887293],[73.659785,21.887291],[73.659766,21.887299],[73.659761,21.887304],[73.65975,21.887307],[73.659736,21.887317],[73.659725,21.88732],[73.659711,21.88732],[73.659705,21.887329],[73.659699,21.887327],[73.659685,21.887335],[73.659666,21.887337],[73.65966,21.887335],[73.659647,21.887326],[73.659637,21.887314],[73.659623,21.887291],[73.659618,21.887287],[73.659607,21.887273],[73.659603,21.887269],[73.659594,21.887266],[73.659578,21.887251],[73.659567,21.887255],[73.65956,21.887254],[73.659555,21.887252],[73.65955,21.887245],[73.659545,21.887242],[73.659534,21.887254],[73.659522,21.88726],[73.659513,21.887257],[73.659509,21.887259],[73.659508,21.887257],[73.659501,21.887254],[73.659479,21.887251],[73.659459,21.887241],[73.659456,21.887235],[73.659438,21.887233],[73.659425,21.887228],[73.659408,21.887228],[73.659401,21.887225],[73.659395,21.88722],[73.659381,21.887216],[73.65937,21.887222],[73.659358,21.887216],[73.659332,21.887217],[73.659304,21.887212],[73.659262,21.887187],[73.659238,21.887175],[73.659215,21.88716],[73.659189,21.887161],[73.659156,21.887158],[73.659142,21.887162],[73.659136,21.887158],[73.659135,21.887152],[73.659133,21.887155],[73.659124,21.887154],[73.659117,21.887157],[73.659108,21.887154],[73.659106,21.887149],[73.65911,21.887145],[73.659105,21.887141],[73.659098,21.887146],[73.659097,21.887154],[73.659093,21.887156],[73.659087,21.887157],[73.659081,21.887154],[73.659068,21.887154],[73.659053,21.88715],[73.65905,21.887147],[73.659055,21.887143],[73.659054,21.887136],[73.659057,21.887132],[73.659056,21.887125],[73.659065,21.887127],[73.659067,21.887124],[73.659083,21.887117],[73.659096,21.88711],[73.659102,21.887102],[73.659111,21.887102],[73.659115,21.8871],[73.659115,21.887085],[73.65911,21.887082],[73.659104,21.887083],[73.659104,21.887075],[73.659109,21.887074],[73.659112,21.887077],[73.659118,21.887073],[73.659123,21.887076],[73.659128,21.887072],[73.659125,21.887069],[73.659121,21.887072],[73.659115,21.887069],[73.659106,21.88707],[73.659104,21.887065],[73.659082,21.88706],[73.659075,21.887042],[73.659067,21.887036],[73.65882,21.887031],[73.65874,21.887026],[73.658705,21.88702],[73.658658,21.88702],[73.658552,21.887014],[73.658537,21.887011],[73.658522,21.887003],[73.658514,21.887008],[73.658488,21.887009],[73.658453,21.887018],[73.658436,21.887019],[73.658425,21.887017],[73.658407,21.887006],[73.658396,21.887003],[73.658358,21.887002],[73.658335,21.887006]]}},{"type":"Feature","properties":{"elevation":39},"geometry":{"type":"LineString","coordinates":[[73.662657,21.887533],[73.662645,21.887533],[73.662641,21.887531],[73.662643,21.887528],[73.66264,21.887525],[73.662638,21.887527],[73.662641,21.88753],[73.662637,21.887531],[73.662631,21.887524],[73.662634,21.887521],[73.662633,21.887507],[73.662645,21.887509],[73.662649,21.887506],[73.662642,21.887498],[73.662634,21.887494],[73.662628,21.887497],[73.662608,21.887495],[73.662602,21.887491],[73.662576,21.887486],[73.662501,21.887477],[73.662467,21.887468],[73.662443,21.887465],[73.662423,21.887467],[73.662414,21.887465],[73.662404,21.887475],[73.662403,21.887489],[73.6624,21.887492],[73.662379,21.887504],[73.662356,21.887508],[73.662338,21.887485],[73.662334,21.887475],[73.662328,21.887469],[73.66228,21.88745],[73.662268,21.88744],[73.662243,21.887437],[73.662227,21.887425],[73.662213,21.887421],[73.662202,21.887413],[73.662201,21.8874],[73.662196,21.887395],[73.662182,21.887392],[73.662168,21.887383],[73.662156,21.887379],[73.662135,21.88738],[73.662112,21.887362],[73.662096,21.887356],[73.662085,21.887355],[73.662076,21.887357],[73.662061,21.887356],[73.662049,21.887349],[73.662036,21.887346],[73.661989,21.887343],[73.661976,21.887335],[73.661962,21.887331],[73.661861,21.887331],[73.661851,21.88733],[73.661842,21.887325],[73.661827,21.887333],[73.661806,21.887324],[73.661795,21.887323],[73.661781,21.887325],[73.661761,21.887333],[73.661737,21.887329],[73.661708,21.887328],[73.661663,21.887329],[73.661656,21.887331],[73.661648,21.887329],[73.661606,21.887329],[73.661592,21.887327],[73.661585,21.887321],[73.66157,21.887317],[73.661559,21.88731],[73.661531,21.887308],[73.661512,21.8873],[73.661498,21.8873],[73.661487,21.887304],[73.661468,21.887304],[73.661453,21.887298],[73.661441,21.887304],[73.661417,21.887304],[73.661395,21.887308],[73.661389,21.887304],[73.661366,21.887299],[73.66136,21.887302],[73.661339,21.887304],[73.661308,21.887303],[73.661298,21.887308],[73.661292,21.887307],[73.661288,21.887309],[73.661278,21.88731],[73.66127,21.887307],[73.66124,21.887315],[73.661227,21.887312],[73.661223,21.887306],[73.661206,21.887297],[73.661192,21.8873],[73.661176,21.887294],[73.661162,21.887292],[73.661132,21.887294],[73.661124,21.887297],[73.661124,21.8873],[73.661128,21.887305],[73.661121,21.88731],[73.66111,21.887312],[73.661099,21.887321],[73.66108,21.887321],[73.661078,21.887317],[73.661074,21.887317],[73.661073,21.887314],[73.661066,21.887315],[73.661058,21.887311],[73.66105,21.88731],[73.661047,21.887313],[73.661032,21.887313],[73.661025,21.887316],[73.661018,21.887313],[73.661014,21.887314],[73.661009,21.88731],[73.661003,21.887317],[73.660999,21.887313],[73.660999,21.887308],[73.661002,21.887303],[73.661007,21.887301],[73.661,21.887295],[73.660986,21.887294],[73.660976,21.887298],[73.66097,21.887297],[73.660959,21.887291],[73.660939,21.887291],[73.660918,21.887284],[73.66091,21.887286],[73.660902,21.887283],[73.660886,21.887289],[73.660881,21.887294],[73.660866,21.8873],[73.660812,21.887303],[73.660799,21.887305],[73.660787,21.887311],[73.66078,21.887309],[73.660774,21.887301],[73.66077,21.8873],[73.660764,21.88728],[73.660755,21.887266],[73.660733,21.887259],[73.660726,21.887258],[73.660717,21.88725],[73.660706,21.887248],[73.660696,21.887239],[73.660664,21.887242],[73.660646,21.887236],[73.660622,21.887237],[73.660618,21.887235],[73.660607,21.887241],[73.660601,21.88724],[73.660596,21.887244],[73.660566,21.887237],[73.660548,21.887241],[73.660533,21.887239],[73.660529,21.887241],[73.66052,21.887241],[73.66051,21.887245],[73.660491,21.887243],[73.660485,21.88724],[73.660466,21.887238],[73.660438,21.887242],[73.660429,21.887241],[73.660415,21.887243],[73.660398,21.887238],[73.660377,21.887237],[73.660366,21.88724],[73.660351,21.887241],[73.660339,21.887245],[73.660333,21.887244],[73.660313,21.887254],[73.660307,21.887254],[73.660292,21.887247],[73.660284,21.887247],[73.660269,21.887255],[73.660263,21.887254],[73.660259,21.88726],[73.660251,21.887263],[73.660236,21.88726],[73.660218,21.887262],[73.660205,21.887261],[73.66019,21.887255],[73.660147,21.887261],[73.660112,21.88727],[73.660097,21.887269],[73.660085,21.887264],[73.660077,21.887265],[73.660064,21.887259],[73.66006,21.887253],[73.660052,21.887253],[73.660034,21.887244],[73.660018,21.887241],[73.659998,21.887242],[73.659993,21.887245],[73.659957,21.887245],[73.65995,21.887247],[73.65994,21.887245],[73.659922,21.887245],[73.659915,21.887243],[73.6599,21.887245],[73.659894,21.887242],[73.65989,21.887246],[73.659883,21.887249],[73.659857,21.887251],[73.659842,21.887254],[73.659825,21.887263],[73.659811,21.887259],[73.659801,21.887262],[73.659798,21.887258],[73.659791,21.887258],[73.659773,21.887268],[73.659767,21.887277],[73.659761,21.887278],[73.659757,21.887282],[73.659751,21.887282],[73.659742,21.887288],[73.659723,21.887293],[73.659704,21.887297],[73.659689,21.887313],[73.659684,21.887315],[73.659676,21.887312],[73.65966,21.8873],[73.659653,21.887288],[73.65965,21.887263],[73.659633,21.887259],[73.659618,21.887261],[73.659611,21.887252],[73.659596,21.887243],[73.65958,21.887243],[73.659566,21.887237],[73.659549,21.887233],[73.659536,21.88724],[73.65952,21.887242],[73.659516,21.887246],[73.659494,21.887244],[73.659477,21.887232],[73.659457,21.887222],[73.659444,21.88722],[73.659432,21.887214],[73.659414,21.887211],[73.659392,21.887198],[73.659369,21.887196],[73.659344,21.887205],[73.659334,21.887204],[73.659323,21.887205],[73.659317,21.887201],[73.659311,21.887201],[73.659307,21.887197],[73.659307,21.887189],[73.659296,21.887179],[73.659293,21.887169],[73.659276,21.887165],[73.659265,21.887154],[73.659257,21.887156],[73.659252,21.887152],[73.659249,21.887156],[73.659247,21.887155],[73.65925,21.887151],[73.659247,21.887144],[73.659247,21.887126],[73.659267,21.88712],[73.659272,21.887116],[73.659268,21.887108],[73.659262,21.887104],[73.659265,21.887101],[73.659272,21.887099],[73.659274,21.887094],[73.659285,21.887088],[73.659285,21.887085],[73.659282,21.887085],[73.659277,21.887083],[73.659282,21.887083],[73.659288,21.887074],[73.659301,21.887068],[73.6593,21.887072],[73.659303,21.887072],[73.659305,21.887067],[73.659311,21.887069],[73.659315,21.887068],[73.659317,21.887063],[73.659313,21.887059],[73.659288,21.887059],[73.659282,21.887061],[73.659274,21.887059],[73.659255,21.88706],[73.659239,21.887057],[73.659228,21.887051],[73.659195,21.887048],[73.659174,21.88705],[73.659144,21.88705],[73.659132,21.887047],[73.659109,21.887049],[73.659092,21.887048],[73.659084,21.887046],[73.659072,21.887034],[73.659057,21.88703],[73.65883,21.887026],[73.658745,21.887021],[73.65872,21.887016],[73.658715,21.887012],[73.658716,21.887008],[73.658714,21.887006],[73.658702,21.88701],[73.65868,21.887013],[73.65865,21.887012],[73.658595,21.887005],[73.658575,21.887006],[73.658568,21.887004],[73.658561,21.886999],[73.65855,21.887001],[73.658535,21.886995],[73.658532,21.886991],[73.658523,21.886988],[73.658505,21.886995],[73.658489,21.886995],[73.658461,21.887009],[73.658439,21.887013],[73.658427,21.887012],[73.658409,21.887003],[73.658397,21.887],[73.658359,21.887],[73.658336,21.887002]]}},{"type":"Feature","properties":{"elevation":38},"geometry":{"type":"LineString","coordinates":[[73.662677,21.887442],[73.662657,21.887439],[73.662635,21.887433],[73.662612,21.887431],[73.662602,21.887426],[73.662591,21.887428],[73.662583,21.88742],[73.662544,21.887417],[73.662534,21.887413],[73.662521,21.887416],[73.662512,21.88741],[73.662503,21.887407],[73.662478,21.887405],[73.662461,21.887397],[73.662429,21.887395],[73.662412,21.887385],[73.662371,21.887384],[73.662356,21.887375],[73.662345,21.887378],[73.662317,21.887372],[73.66229,21.88737],[73.662275,21.887362],[73.662251,21.887358],[73.662244,21.88736],[73.662235,21.887359],[73.662218,21.887352],[73.662192,21.887349],[73.662175,21.887339],[73.662148,21.887337],[73.662135,21.887329],[73.662103,21.887327],[73.662092,21.887321],[73.662079,21.887321],[73.662063,21.887314],[73.662037,21.887314],[73.662031,21.887308],[73.662024,21.887305],[73.662006,21.887308],[73.661994,21.887304],[73.661985,21.887306],[73.661964,21.887303],[73.661941,21.887303],[73.661929,21.887297],[73.661894,21.887297],[73.661886,21.887293],[73.661872,21.88729],[73.661855,21.887292],[73.66181,21.887289],[73.661796,21.887285],[73.661776,21.887286],[73.661766,21.887282],[73.66175,21.887288],[73.661738,21.887289],[73.661733,21.887287],[73.661729,21.88728],[73.661725,21.887279],[73.661661,21.887279],[73.661643,21.887275],[73.661628,21.887276],[73.66161,21.887269],[73.661591,21.887271],[73.661585,21.887268],[73.661575,21.887267],[73.661504,21.887265],[73.661496,21.88726],[73.661478,21.887258],[73.661462,21.887264],[73.661408,21.887263],[73.661392,21.887255],[73.661311,21.887252],[73.661292,21.887247],[73.661272,21.88725],[73.661246,21.887241],[73.661229,21.887244],[73.661204,21.887241],[73.661122,21.88724],[73.661106,21.887239],[73.661099,21.887234],[73.661085,21.887234],[73.661071,21.88723],[73.661046,21.88723],[73.66102,21.887233],[73.661011,21.88723],[73.660949,21.887227],[73.660939,21.887222],[73.660861,21.887221],[73.660854,21.887216],[73.660846,21.887215],[73.660825,21.887216],[73.660764,21.887214],[73.660749,21.887206],[73.660739,21.887209],[73.660707,21.887209],[73.660693,21.887205],[73.660607,21.887201],[73.660595,21.887197],[73.660582,21.887201],[73.660559,21.887201],[73.66055,21.887197],[73.66051,21.887196],[73.660501,21.887192],[73.660449,21.88719],[73.660438,21.887186],[73.660427,21.88719],[73.660398,21.887188],[73.660364,21.887191],[73.660238,21.887186],[73.660215,21.887189],[73.66016,21.887186],[73.660129,21.887189],[73.660065,21.887188],[73.660042,21.887184],[73.659988,21.887188],[73.659983,21.88719],[73.65997,21.887201],[73.659967,21.887209],[73.659966,21.88722],[73.659959,21.887221],[73.659953,21.887233],[73.659948,21.887233],[73.659943,21.887229],[73.659951,21.887226],[73.659949,21.887221],[73.659943,21.887215],[73.659938,21.887223],[73.659938,21.887229],[73.659931,21.887229],[73.65992,21.887236],[73.659895,21.887236],[73.659886,21.88724],[73.659867,21.887242],[73.659856,21.887237],[73.659847,21.887241],[73.659838,21.887242],[73.659832,21.88724],[73.659816,21.887244],[73.659812,21.887239],[73.659805,21.887241],[73.659804,21.887238],[73.659796,21.887238],[73.65979,21.887244],[73.65978,21.887242],[73.659772,21.88725],[73.659758,21.887254],[73.659755,21.887259],[73.659753,21.887257],[73.659754,21.887261],[73.659751,21.887264],[73.659752,21.887267],[73.659741,21.887275],[73.659727,21.887275],[73.659717,21.887271],[73.65971,21.887275],[73.659699,21.887273],[73.659683,21.887284],[73.659674,21.887287],[73.659671,21.887275],[73.659673,21.887268],[73.659672,21.887264],[73.659664,21.887258],[73.659662,21.887252],[73.659655,21.887246],[73.659646,21.887244],[73.659641,21.887238],[73.65963,21.887235],[73.659619,21.887236],[73.659622,21.887231],[73.659628,21.887226],[73.659624,21.887224],[73.659623,21.887216],[73.659617,21.887215],[73.659619,21.887207],[73.659603,21.887194],[73.659594,21.887193],[73.65959,21.887197],[73.659586,21.887194],[73.659583,21.887196],[73.659584,21.8872],[73.659582,21.887202],[73.659585,21.887205],[73.659584,21.887206],[73.659577,21.887202],[73.659569,21.887205],[73.659569,21.887208],[73.659576,21.887211],[73.659578,21.887214],[73.659588,21.887212],[73.65959,21.887216],[73.659586,21.887219],[73.659575,21.887215],[73.659573,21.887217],[73.659574,21.887221],[73.65957,21.887217],[73.659563,21.887218],[73.659555,21.887217],[73.659547,21.887213],[73.659544,21.887207],[73.659518,21.887209],[73.659501,21.887208],[73.659498,21.887204],[73.659497,21.887194],[73.659492,21.887188],[73.659495,21.887179],[73.659491,21.88717],[73.659487,21.887169],[73.659473,21.887173],[73.659459,21.887169],[73.65945,21.887161],[73.659443,21.887161],[73.659433,21.887157],[73.659422,21.887157],[73.659423,21.887147],[73.659425,21.887146],[73.659424,21.887143],[73.659433,21.887144],[73.65944,21.887139],[73.65946,21.887138],[73.659466,21.887127],[73.659478,21.88713],[73.659485,21.887134],[73.659492,21.887131],[73.659498,21.887124],[73.659505,21.887126],[73.659507,21.887121],[73.659504,21.887123],[73.6595,21.887119],[73.659501,21.887116],[73.659511,21.887115],[73.659514,21.887118],[73.659511,21.887121],[73.659515,21.887123],[73.659523,21.887119],[73.659528,21.887114],[73.659518,21.887107],[73.65951,21.887105],[73.659519,21.887095],[73.659522,21.887101],[73.659526,21.887102],[73.659528,21.887106],[73.659531,21.887104],[73.65953,21.8871],[73.659539,21.887102],[73.659539,21.887099],[73.659531,21.887093],[73.659519,21.88708],[73.659472,21.887056],[73.65946,21.887055],[73.659396,21.887059],[73.659245,21.887051],[73.659223,21.887047],[73.659104,21.887045],[73.659089,21.887043],[73.659074,21.887031],[73.659059,21.887027],[73.658825,21.887022],[73.658752,21.887017],[73.65873,21.887012],[73.658715,21.886997],[73.65871,21.886998],[73.658706,21.887001],[73.658697,21.886999],[73.658687,21.887],[73.658678,21.886998],[73.658666,21.88699],[73.658657,21.886992],[73.658656,21.886974],[73.658653,21.886977],[73.658652,21.886976],[73.658653,21.886974],[73.65865,21.886973],[73.658645,21.886972],[73.658643,21.886975],[73.658637,21.886969],[73.658634,21.88697],[73.658634,21.886975],[73.658632,21.886976],[73.658629,21.886971],[73.658614,21.88697],[73.658613,21.886965],[73.658608,21.886963],[73.658595,21.886963],[73.658578,21.886958],[73.658571,21.88696],[73.658563,21.886957],[73.658558,21.886961],[73.658535,21.886958],[73.658522,21.88696],[73.658508,21.886969],[73.658496,21.886982],[73.658481,21.886988],[73.658469,21.886998],[73.658454,21.887004],[73.658425,21.887005],[73.658393,21.886998],[73.658338,21.886999]]}},{"type":"Feature","properties":{"elevation":37},"geometry":{"type":"LineString","coordinates":[[73.662681,21.887422],[73.662672,21.88742],[73.662665,21.887415],[73.662643,21.887415],[73.662623,21.88741],[73.66261,21.887403],[73.662599,21.887409],[73.662586,21.887408],[73.662571,21.887398],[73.662538,21.887396],[73.662524,21.887387],[73.662487,21.887386],[73.66247,21.887378],[73.662441,21.887374],[73.662433,21.887369],[73.662401,21.887369],[73.662388,21.887362],[73.662347,21.887361],[73.662333,21.887352],[73.662306,21.887351],[73.662289,21.887343],[73.662268,21.887344],[73.662262,21.88734],[73.662247,21.887339],[73.662233,21.887332],[73.662221,21.887333],[73.662213,21.88733],[73.662203,21.887329],[73.66219,21.887323],[73.662172,21.887322],[73.662156,21.887317],[73.662127,21.887315],[73.662106,21.887298],[73.662101,21.887296],[73.662055,21.887295],[73.662037,21.887292],[73.662029,21.887288],[73.662015,21.887291],[73.662003,21.887287],[73.661983,21.887287],[73.661956,21.88728],[73.661932,21.887279],[73.661922,21.887276],[73.661906,21.887276],[73.661891,21.887282],[73.661881,21.887276],[73.661858,21.887275],[73.661834,21.887269],[73.661777,21.887268],[73.66177,21.887264],[73.661754,21.88726],[73.661747,21.887261],[73.66174,21.887266],[73.661733,21.887267],[73.661727,21.887265],[73.661721,21.887258],[73.66171,21.887258],[73.661688,21.887262],[73.661667,21.887257],[73.661651,21.88725],[73.661618,21.887256],[73.661606,21.887251],[73.661591,21.887253],[73.661572,21.88725],[73.661553,21.887244],[73.661536,21.887244],[73.661523,21.887246],[73.661507,21.887243],[73.661448,21.887243],[73.661441,21.887241],[73.661429,21.887233],[73.661342,21.887231],[73.661334,21.887224],[73.661326,21.887222],[73.661301,21.887226],[73.661291,21.88723],[73.661265,21.88723],[73.661247,21.887224],[73.661234,21.887225],[73.661222,21.887224],[73.661214,21.887221],[73.661175,21.887221],[73.661152,21.887217],[73.66114,21.887214],[73.661113,21.887218],[73.661102,21.887211],[73.661093,21.887208],[73.661044,21.887206],[73.660995,21.887208],[73.660915,21.887205],[73.660897,21.887199],[73.660888,21.887199],[73.660884,21.887196],[73.660878,21.887199],[73.660868,21.8872],[73.660854,21.887196],[73.660785,21.887194],[73.660776,21.887189],[73.660765,21.887187],[73.66073,21.887188],[73.660721,21.887192],[73.660708,21.887192],[73.660695,21.887187],[73.660686,21.887187],[73.660679,21.887184],[73.660658,21.887183],[73.660634,21.887179],[73.660626,21.88718],[73.660613,21.887176],[73.660598,21.887181],[73.660568,21.88718],[73.660557,21.887176],[73.660549,21.887179],[73.660526,21.88718],[73.66051,21.887173],[73.660499,21.887173],[73.660487,21.887168],[73.660447,21.88717],[73.660423,21.887167],[73.660402,21.887169],[73.660319,21.887168],[73.66028,21.887171],[73.66025,21.887167],[73.660181,21.887167],[73.660161,21.88717],[73.660139,21.887166],[73.66006,21.887168],[73.660043,21.887166],[73.66,21.887166],[73.659976,21.887171],[73.659973,21.887175],[73.65997,21.887184],[73.659964,21.887185],[73.659957,21.88718],[73.659953,21.887172],[73.659955,21.887168],[73.659963,21.887165],[73.659963,21.887162],[73.65995,21.887154],[73.659878,21.887143],[73.659855,21.887136],[73.659787,21.887136],[73.659762,21.887131],[73.659741,21.887118],[73.659728,21.887114],[73.659671,21.887111],[73.659636,21.887098],[73.659585,21.887095],[73.65956,21.887088],[73.659542,21.887072],[73.659531,21.887066],[73.659477,21.887051],[73.659398,21.887051],[73.659224,21.887043],[73.659109,21.887042],[73.659093,21.887039],[73.659075,21.887027],[73.65906,21.887023],[73.658826,21.887018],[73.658779,21.887015],[73.658737,21.887007],[73.658724,21.886991],[73.658718,21.886987],[73.658713,21.886984],[73.658701,21.886984],[73.658697,21.886981],[73.658688,21.886958],[73.658669,21.88696],[73.658663,21.886955],[73.658651,21.886954],[73.658645,21.88695],[73.658612,21.886942],[73.658587,21.886945],[73.658573,21.886949],[73.658559,21.886946],[73.65855,21.886951],[73.658528,21.886951],[73.658511,21.886955],[73.658498,21.886956],[73.658488,21.886962],[73.658487,21.886968],[73.65848,21.886973],[73.658475,21.886983],[73.658469,21.886986],[73.658468,21.886993],[73.658459,21.886996],[73.658417,21.886998],[73.658391,21.886996],[73.658339,21.886997]]}},{"type":"Feature","properties":{"elevation":36},"geometry":{"type":"LineString","coordinates":[[73.662686,21.887403],[73.662661,21.887402],[73.662637,21.887394],[73.662616,21.887393],[73.662599,21.887389],[73.662577,21.887388],[73.662553,21.887377],[73.662507,21.887373],[73.662499,21.88737],[73.662475,21.887364],[73.662457,21.887357],[73.662423,21.887352],[73.662387,21.88735],[73.662339,21.887338],[73.662323,21.887331],[73.662284,21.887327],[73.662272,21.887323],[73.662237,21.88732],[73.662209,21.887307],[73.662185,21.887306],[73.662162,21.887299],[73.662126,21.887298],[73.66209,21.887284],[73.66207,21.887282],[73.662055,21.887277],[73.661992,21.887269],[73.661972,21.887263],[73.661944,21.887266],[73.661924,21.887261],[73.661858,21.887258],[73.661844,21.887253],[73.661835,21.887252],[73.661821,21.887258],[73.661801,21.887258],[73.66177,21.887249],[73.661746,21.887246],[73.661734,21.88724],[73.661715,21.887246],[73.661679,21.887246],[73.661669,21.887249],[73.661638,21.887239],[73.661569,21.887233],[73.661554,21.887228],[73.661486,21.887226],[73.66147,21.887222],[73.66141,21.887221],[73.661373,21.88721],[73.661343,21.887211],[73.661333,21.887216],[73.661287,21.887209],[73.661217,21.887209],[73.661157,21.887206],[73.661143,21.887202],[73.661122,21.887201],[73.661102,21.887192],[73.661093,21.88719],[73.661082,21.887191],[73.661071,21.887198],[73.661038,21.887198],[73.661032,21.887197],[73.661025,21.887192],[73.661008,21.887194],[73.660996,21.887189],[73.660972,21.887184],[73.660942,21.887189],[73.66092,21.887186],[73.660905,21.887188],[73.660868,21.887181],[73.660856,21.887177],[73.660772,21.887175],[73.660743,21.887172],[73.660734,21.887168],[73.660723,21.887171],[73.660714,21.887167],[73.660704,21.887171],[73.660688,21.88717],[73.66068,21.887165],[73.660667,21.887163],[73.660601,21.887164],[73.660569,21.887158],[73.66054,21.887161],[73.660509,21.887158],[73.660497,21.887152],[73.660476,21.887155],[73.660453,21.887151],[73.660314,21.88715],[73.660293,21.887155],[73.660269,21.887149],[73.660244,21.887153],[73.660225,21.887149],[73.660147,21.887146],[73.660119,21.88715],[73.660103,21.887147],[73.66003,21.887147],[73.66001,21.887151],[73.659993,21.88715],[73.659978,21.887146],[73.659961,21.887145],[73.65987,21.887126],[73.65978,21.887118],[73.659734,21.887106],[73.659668,21.887099],[73.659639,21.887092],[73.659594,21.887086],[73.659576,21.88708],[73.659553,21.887064],[73.659541,21.887058],[73.659478,21.887045],[73.659402,21.887046],[73.659277,21.887039],[73.659115,21.887037],[73.659098,21.887035],[73.659077,21.887024],[73.659061,21.88702],[73.658806,21.887012],[73.658782,21.887008],[73.658765,21.887001],[73.658761,21.886989],[73.658763,21.886985],[73.658755,21.886978],[73.65876,21.886974],[73.658762,21.886969],[73.658765,21.886966],[73.658756,21.886968],[73.658753,21.886962],[73.658754,21.886955],[73.658748,21.88695],[73.658724,21.886946],[73.658712,21.886948],[73.658703,21.886946],[73.658682,21.886947],[73.658673,21.886941],[73.658663,21.886944],[73.658654,21.886942],[73.658633,21.886931],[73.658619,21.886933],[73.658607,21.88693],[73.658578,21.886937],[73.658554,21.886937],[73.658487,21.886953],[73.658484,21.886955],[73.658473,21.886972],[73.658463,21.886975],[73.658454,21.886985],[73.658447,21.886987],[73.658441,21.886993],[73.658418,21.886996],[73.65834,21.886995]]}},{"type":"Feature","properties":{"elevation":35},"geometry":{"type":"LineString","coordinates":[[73.662687,21.887396],[73.662655,21.887393],[73.662638,21.887389],[73.662584,21.887384],[73.66257,21.887376],[73.662555,21.887373],[73.662541,21.887367],[73.662477,21.887359],[73.66246,21.887349],[73.662445,21.887345],[73.66239,21.887343],[73.662361,21.887335],[73.662333,21.887321],[73.66225,21.887314],[73.662242,21.88731],[73.662228,21.8873],[73.662212,21.887294],[73.662164,21.887291],[73.662128,21.887292],[73.662119,21.88729],[73.662105,21.887281],[73.662095,21.887277],[73.662035,21.887268],[73.66201,21.887259],[73.661977,21.887253],[73.661943,21.887255],[73.661901,21.887251],[73.661859,21.88725],[73.661836,21.887247],[73.661799,21.88725],[73.661756,21.887243],[73.661741,21.887232],[73.661732,21.88723],[73.661723,21.887231],[73.661699,21.88724],[73.661671,21.88724],[73.661658,21.887237],[73.66164,21.887229],[73.661619,21.887226],[73.661508,21.887221],[73.661468,21.887216],[73.661424,21.887216],[73.661413,21.887213],[73.661398,21.887204],[73.661381,21.8872],[73.661349,21.887201],[73.661334,21.887208],[73.661328,21.887209],[73.661301,21.887201],[73.661166,21.887199],[73.66112,21.887193],[73.661111,21.887191],[73.661103,21.887186],[73.661094,21.887185],[73.66108,21.887186],[73.661065,21.887192],[73.661041,21.887192],[73.661024,21.887185],[73.661007,21.887186],[73.660981,21.887176],[73.660956,21.887176],[73.660938,21.887183],[73.660908,21.887183],[73.6609,21.887181],[73.66089,21.887176],[73.660862,21.88717],[73.660759,21.887168],[73.660723,21.887162],[73.660705,21.887164],[73.6607,21.887162],[73.660694,21.887162],[73.660672,21.887158],[73.660668,21.887155],[73.660654,21.887158],[73.6606,21.887158],[73.660579,21.887152],[73.660568,21.887151],[73.660549,21.887151],[73.660535,21.887154],[73.660516,21.887153],[73.660497,21.887146],[73.660335,21.887144],[73.660294,21.887147],[73.660267,21.887143],[73.660175,21.887143],[73.660163,21.887142],[73.660154,21.887136],[73.660145,21.887136],[73.660138,21.887141],[73.660122,21.887143],[73.65999,21.887143],[73.659944,21.887132],[73.659909,21.887119],[73.659891,21.887115],[73.659845,21.887109],[73.659778,21.887105],[73.659708,21.887097],[73.659677,21.88709],[73.659612,21.88708],[73.659593,21.887073],[73.659562,21.887055],[73.659516,21.887044],[73.659487,21.88704],[73.659411,21.88704],[73.659285,21.887029],[73.659115,21.88703],[73.6591,21.887028],[73.659077,21.887019],[73.659062,21.887016],[73.65896,21.887012],[73.658919,21.887007],[73.658876,21.887007],[73.658856,21.887004],[73.658844,21.887007],[73.658817,21.887006],[73.658808,21.887004],[73.658805,21.886999],[73.658788,21.886988],[73.65879,21.886984],[73.658788,21.886977],[73.658793,21.886972],[73.658792,21.886968],[73.6588,21.886964],[73.6588,21.886957],[73.65881,21.886953],[73.658816,21.886958],[73.658822,21.88696],[73.658827,21.886955],[73.658832,21.886957],[73.658835,21.886951],[73.658836,21.886948],[73.658832,21.886946],[73.658833,21.886942],[73.658828,21.886937],[73.658825,21.886937],[73.658828,21.886928],[73.658827,21.886925],[73.658816,21.886921],[73.658809,21.886914],[73.658795,21.88692],[73.658779,21.886923],[73.658768,21.886916],[73.658759,21.886915],[73.658749,21.886919],[73.658746,21.886926],[73.658736,21.88693],[73.658716,21.88693],[73.658711,21.886932],[73.658707,21.88693],[73.658695,21.886932],[73.65869,21.886924],[73.658683,21.886926],[73.658673,21.886917],[73.658657,21.886915],[73.658611,21.886918],[73.658595,21.886923],[73.658584,21.886921],[73.658569,21.886925],[73.658562,21.886923],[73.658553,21.886924],[73.658521,21.886933],[73.658511,21.886938],[73.658497,21.886938],[73.658479,21.886945],[73.658473,21.886956],[73.658468,21.886959],[73.658458,21.886974],[73.658452,21.886978],[73.658444,21.88698],[73.658441,21.886986],[73.658434,21.886986],[73.658425,21.886991],[73.658416,21.886993],[73.658342,21.886992]]}},{"type":"Feature","properties":{"elevation":34},"geometry":{"type":"LineString","coordinates":[[73.662688,21.887391],[73.662592,21.887381],[73.662585,21.887379],[73.662574,21.887371],[73.662544,21.887362],[73.662479,21.887352],[73.662463,21.887343],[73.66245,21.887339],[73.662405,21.887335],[73.662389,21.887337],[73.662367,21.887327],[73.662358,21.887319],[73.662345,21.887314],[73.66231,21.887314],[73.662292,21.887308],[73.662259,21.887306],[73.662253,21.887303],[73.662236,21.887287],[73.662238,21.887284],[73.662235,21.887282],[73.662236,21.887277],[73.662244,21.887273],[73.662256,21.887273],[73.662266,21.887269],[73.662281,21.887267],[73.662285,21.887263],[73.662277,21.887264],[73.662272,21.887261],[73.662268,21.887263],[73.662263,21.887261],[73.662256,21.887262],[73.662248,21.887257],[73.662239,21.887258],[73.662236,21.887261],[73.662227,21.887259],[73.662219,21.887262],[73.662208,21.887268],[73.662207,21.887274],[73.662203,21.887277],[73.662187,21.88728],[73.662165,21.887279],[73.662145,21.887286],[73.662134,21.887287],[73.662119,21.887284],[73.662103,21.887274],[73.662056,21.887267],[73.662035,21.88726],[73.662023,21.887253],[73.662015,21.887251],[73.66198,21.887248],[73.661937,21.88725],[73.6619,21.887244],[73.661856,21.887244],[73.661817,21.88724],[73.661809,21.887243],[73.661798,21.887244],[73.661768,21.88724],[73.661762,21.887237],[73.661761,21.887233],[73.661736,21.887225],[73.661719,21.887225],[73.661693,21.887229],[73.661672,21.88723],[73.661614,21.887219],[73.661594,21.887221],[73.661561,21.887217],[73.661514,21.887217],[73.661474,21.887207],[73.661462,21.887201],[73.661445,21.887202],[73.661437,21.887199],[73.661428,21.887202],[73.661416,21.887201],[73.661408,21.887197],[73.661408,21.887192],[73.661399,21.887196],[73.66139,21.887195],[73.661384,21.887189],[73.661379,21.88719],[73.661373,21.887187],[73.661354,21.887195],[73.661329,21.887195],[73.661329,21.8872],[73.661323,21.887202],[73.661312,21.887198],[73.6613,21.887196],[73.66128,21.887197],[73.661245,21.887193],[73.661217,21.887196],[73.661168,21.887193],[73.661144,21.887182],[73.661143,21.887176],[73.661146,21.887168],[73.66114,21.887152],[73.661127,21.887146],[73.661114,21.887143],[73.66109,21.887146],[73.66109,21.887148],[73.661095,21.887152],[73.66109,21.887157],[73.661088,21.887171],[73.661085,21.887178],[73.661065,21.887183],[73.66104,21.887184],[73.661025,21.88718],[73.66101,21.887179],[73.661005,21.887177],[73.661005,21.887172],[73.661002,21.887169],[73.660995,21.887173],[73.660975,21.887172],[73.660954,21.887167],[73.660941,21.887176],[73.660904,21.887176],[73.660897,21.887172],[73.660889,21.887171],[73.660886,21.887169],[73.660896,21.887166],[73.660903,21.887169],[73.660908,21.887168],[73.660917,21.88717],[73.660952,21.887165],[73.660957,21.887154],[73.660961,21.88715],[73.660965,21.88715],[73.660967,21.887144],[73.660965,21.887141],[73.660962,21.887145],[73.660964,21.887142],[73.66096,21.887142],[73.660955,21.887148],[73.660947,21.887145],[73.660939,21.887145],[73.660937,21.887139],[73.660945,21.887136],[73.660948,21.887121],[73.660941,21.887119],[73.660943,21.887126],[73.660938,21.88713],[73.66094,21.887136],[73.660937,21.887136],[73.660938,21.887128],[73.660936,21.887122],[73.660938,21.887118],[73.660935,21.887113],[73.660928,21.887112],[73.660929,21.887115],[73.660927,21.887121],[73.660919,21.887124],[73.660926,21.88713],[73.660921,21.887141],[73.660899,21.887139],[73.660898,21.887137],[73.660899,21.887133],[73.660895,21.887132],[73.660895,21.887128],[73.66089,21.887129],[73.660886,21.887126],[73.66089,21.887122],[73.660895,21.887125],[73.660902,21.887124],[73.660906,21.887126],[73.660908,21.887123],[73.660904,21.887122],[73.660902,21.887116],[73.660894,21.887118],[73.660887,21.887115],[73.660886,21.88711],[73.660887,21.887106],[73.660891,21.887104],[73.660892,21.887106],[73.660912,21.887107],[73.660922,21.887111],[73.660925,21.887111],[73.660926,21.887109],[73.660924,21.887106],[73.660916,21.887104],[73.660913,21.887097],[73.66091,21.887095],[73.660903,21.887097],[73.660897,21.887091],[73.660891,21.88709],[73.660875,21.887091],[73.66088,21.887097],[73.660877,21.887102],[73.66087,21.887104],[73.660868,21.887104],[73.660868,21.887098],[73.660865,21.887097],[73.660853,21.887098],[73.660851,21.887102],[73.660828,21.887097],[73.660827,21.8871],[73.660823,21.887101],[73.660821,21.887103],[73.660818,21.887112],[73.660809,21.887113],[73.660806,21.887125],[73.660799,21.887123],[73.660784,21.887126],[73.660779,21.887124],[73.660775,21.887127],[73.660779,21.887126],[73.660783,21.887129],[73.660783,21.887132],[73.660779,21.887131],[73.660771,21.887133],[73.660769,21.887132],[73.660773,21.88713],[73.66077,21.887125],[73.660762,21.887124],[73.660761,21.887128],[73.660766,21.887132],[73.660767,21.88714],[73.660758,21.887145],[73.660751,21.887141],[73.660744,21.887147],[73.660721,21.887145],[73.660698,21.887152],[73.660693,21.887151],[73.660691,21.887153],[73.660684,21.88715],[73.660678,21.887141],[73.660673,21.88714],[73.660654,21.887145],[73.660648,21.887143],[73.660645,21.887147],[73.660623,21.887147],[73.66061,21.887151],[73.660599,21.887151],[73.660586,21.887146],[73.660548,21.887144],[73.660538,21.887138],[73.660523,21.887136],[73.660487,21.887142],[73.660454,21.887138],[73.660421,21.887141],[73.66039,21.887141],[73.660361,21.887139],[73.660353,21.887136],[73.660349,21.887139],[73.660297,21.887141],[73.660287,21.887139],[73.660266,21.887131],[73.660256,21.887133],[73.660242,21.887132],[73.660223,21.887137],[73.660192,21.887134],[73.660183,21.887136],[73.660157,21.88713],[73.66015,21.887126],[73.66014,21.887127],[73.660129,21.887124],[73.660124,21.887128],[73.660114,21.887127],[73.660105,21.88713],[73.660097,21.887129],[73.660061,21.887137],[73.660046,21.887135],[73.660036,21.887137],[73.660031,21.887134],[73.660026,21.887136],[73.660021,21.887135],[73.660008,21.887136],[73.659998,21.887133],[73.659992,21.887136],[73.65998,21.887129],[73.659957,21.887124],[73.659928,21.887111],[73.659909,21.887106],[73.659857,21.887101],[73.659782,21.887098],[73.659707,21.88709],[73.659677,21.887077],[73.65967,21.887059],[73.659662,21.887061],[73.659652,21.88706],[73.659641,21.887067],[73.659623,21.887066],[73.6596,21.887057],[73.659583,21.88704],[73.659565,21.88704],[73.659549,21.887043],[73.659534,21.887034],[73.659516,21.887029],[73.659485,21.887029],[73.659443,21.887033],[73.659415,21.887032],[73.659388,21.887027],[73.659355,21.887017],[73.659328,21.887013],[73.659324,21.887011],[73.659324,21.887007],[73.659319,21.887009],[73.659316,21.887006],[73.659297,21.887004],[73.65925,21.887005],[73.65924,21.887],[73.659234,21.887001],[73.65922,21.88701],[73.659211,21.887012],[73.659188,21.887014],[73.65918,21.88701],[73.659176,21.887005],[73.659157,21.887003],[73.659152,21.887003],[73.659148,21.887009],[73.659139,21.887012],[73.659119,21.887016],[73.659101,21.887017],[73.659074,21.887011],[73.659003,21.887005],[73.658996,21.886999],[73.659,21.886997],[73.658996,21.886995],[73.658992,21.886986],[73.658987,21.886982],[73.658981,21.886986],[73.658991,21.886994],[73.658989,21.887],[73.658985,21.886998],[73.65898,21.887002],[73.658974,21.886999],[73.65897,21.887001],[73.658967,21.886997],[73.658967,21.886993],[73.658977,21.88699],[73.658971,21.886986],[73.658962,21.886988],[73.658961,21.886995],[73.658952,21.886993],[73.658951,21.886988],[73.658944,21.886986],[73.658939,21.886982],[73.658934,21.886985],[73.658931,21.886983],[73.658928,21.886985],[73.65892,21.886979],[73.658907,21.886979],[73.658892,21.886976],[73.658882,21.886971],[73.658877,21.886955],[73.658873,21.886955],[73.658868,21.886945],[73.658861,21.886945],[73.658858,21.886935],[73.658859,21.886931],[73.658854,21.886922],[73.658841,21.886918],[73.658834,21.886911],[73.658828,21.886912],[73.658823,21.886911],[73.658815,21.886897],[73.658807,21.886892],[73.658784,21.886894],[73.658776,21.886896],[73.658762,21.886906],[73.658756,21.886906],[73.658748,21.88691],[73.658743,21.886915],[73.65873,21.886914],[73.658727,21.886917],[73.658718,21.886915],[73.658712,21.886917],[73.658705,21.886911],[73.658696,21.886909],[73.658699,21.886904],[73.658694,21.886901],[73.658675,21.886904],[73.658669,21.886896],[73.658661,21.886899],[73.658657,21.886898],[73.658646,21.886901],[73.65864,21.886898],[73.65863,21.886897],[73.658608,21.886904],[73.65858,21.886905],[73.658559,21.886913],[73.658543,21.886914],[73.65853,21.886921],[73.658507,21.886925],[73.658498,21.886923],[73.658489,21.886926],[73.658468,21.886944],[73.658461,21.88696],[73.658445,21.886971],[73.658439,21.886979],[73.658424,21.886983],[73.658417,21.886989],[73.658343,21.88699]]}},{"type":"Feature","properties":{"elevation":33},"geometry":{"type":"LineString","coordinates":[[73.662689,21.887387],[73.662608,21.887378],[73.662592,21.887373],[73.662577,21.887357],[73.662563,21.887349],[73.662545,21.887347],[73.662538,21.887348],[73.662506,21.887337],[73.662487,21.887338],[73.66248,21.887334],[73.66247,21.887331],[73.66246,21.887333],[73.662451,21.887323],[73.662438,21.887317],[73.662434,21.887312],[73.662425,21.88731],[73.662423,21.887305],[73.662411,21.887301],[73.662397,21.887289],[73.662381,21.887287],[73.662365,21.887273],[73.662326,21.887261],[73.662312,21.887257],[73.662307,21.887258],[73.662296,21.887252],[73.662289,21.887253],[73.662283,21.887249],[73.662269,21.887245],[73.662264,21.887246],[73.662254,21.887243],[73.662248,21.887245],[73.662238,21.887242],[73.662217,21.887242],[73.662211,21.887243],[73.662202,21.887241],[73.662179,21.887244],[73.66217,21.887243],[73.662158,21.887246],[73.662154,21.887244],[73.66214,21.887244],[73.662137,21.887246],[73.662143,21.887253],[73.662133,21.887267],[73.662134,21.887268],[73.66214,21.887267],[73.662138,21.887273],[73.662135,21.887277],[73.662128,21.887278],[73.662116,21.887276],[73.6621,21.887267],[73.662098,21.887265],[73.6621,21.887262],[73.662105,21.88726],[73.662097,21.887256],[73.662092,21.887258],[73.662095,21.887262],[73.662094,21.887264],[73.662066,21.887263],[73.662074,21.887257],[73.662058,21.887238],[73.662054,21.887236],[73.662042,21.887236],[73.662037,21.887239],[73.662033,21.887235],[73.662024,21.887236],[73.662021,21.887238],[73.662025,21.887243],[73.662022,21.887244],[73.662016,21.887244],[73.662011,21.88724],[73.662005,21.887245],[73.66198,21.887243],[73.661957,21.887247],[73.661936,21.887247],[73.661923,21.887245],[73.661906,21.887238],[73.661891,21.887235],[73.661872,21.887234],[73.66185,21.887237],[73.661816,21.887234],[73.661804,21.887236],[73.661785,21.887234],[73.661776,21.887232],[73.661764,21.887224],[73.66173,21.887222],[73.6617,21.887216],[73.661662,21.88722],[73.661633,21.887216],[73.661622,21.887212],[73.661598,21.887211],[73.661595,21.887209],[73.661589,21.887209],[73.661587,21.887207],[73.66157,21.887209],[73.661549,21.887207],[73.661538,21.887209],[73.66152,21.88721],[73.661472,21.887197],[73.661464,21.887188],[73.661454,21.887183],[73.661429,21.887175],[73.661411,21.887173],[73.661391,21.887175],[73.661373,21.88717],[73.661367,21.887173],[73.661344,21.88717],[73.66133,21.887171],[73.661317,21.887166],[73.661301,21.887168],[73.661301,21.887172],[73.661304,21.887173],[73.6613,21.887177],[73.661299,21.887183],[73.661292,21.887186],[73.661279,21.887186],[73.661272,21.88719],[73.661261,21.887184],[73.661257,21.887186],[73.661247,21.887182],[73.661242,21.887186],[73.661231,21.887186],[73.661227,21.887185],[73.661214,21.887188],[73.661204,21.887184],[73.661212,21.887176],[73.661209,21.887168],[73.661202,21.88716],[73.661189,21.887157],[73.661174,21.887148],[73.661162,21.887148],[73.661159,21.887144],[73.661145,21.887139],[73.661142,21.887134],[73.661128,21.887125],[73.661118,21.887117],[73.661108,21.887119],[73.661094,21.887116],[73.66107,21.887125],[73.661068,21.887133],[73.661056,21.887139],[73.661025,21.887141],[73.660999,21.887138],[73.66098,21.887126],[73.660978,21.887122],[73.660967,21.887116],[73.660945,21.887096],[73.660941,21.887095],[73.660935,21.887087],[73.660928,21.887086],[73.660923,21.887081],[73.660906,21.887082],[73.660894,21.887079],[73.660886,21.88708],[73.660881,21.887077],[73.660848,21.88708],[73.660844,21.887078],[73.660841,21.88708],[73.660828,21.887074],[73.660822,21.887075],[73.660805,21.887065],[73.660796,21.887063],[73.660791,21.887065],[73.66079,21.88707],[73.660783,21.88707],[73.660782,21.887065],[73.660768,21.887062],[73.660756,21.887052],[73.66075,21.887051],[73.660747,21.887053],[73.660726,21.887052],[73.660718,21.887056],[73.660719,21.887063],[73.660728,21.887072],[73.660723,21.887076],[73.660719,21.887074],[73.66072,21.887078],[73.660724,21.887078],[73.660728,21.887082],[73.660723,21.88709],[73.660719,21.887088],[73.660716,21.887091],[73.660725,21.887095],[73.660722,21.887099],[73.660725,21.887107],[73.660719,21.887111],[73.660716,21.887111],[73.660717,21.887118],[73.660702,21.887123],[73.660704,21.887128],[73.660699,21.887135],[73.660696,21.887134],[73.660695,21.88713],[73.660676,21.887122],[73.660672,21.887125],[73.660667,21.887124],[73.660662,21.887126],[73.660658,21.88713],[73.660629,21.887131],[73.660609,21.887136],[73.66059,21.887132],[73.660572,21.887133],[73.660562,21.887124],[73.660539,21.887117],[73.660528,21.887122],[73.6605,21.887123],[73.660494,21.887128],[73.660485,21.887131],[73.660438,21.887129],[73.660422,21.887134],[73.660396,21.887135],[73.660372,21.88713],[73.660368,21.887131],[73.660364,21.887127],[73.660355,21.887129],[73.660346,21.887125],[73.660338,21.887129],[73.660334,21.887128],[73.660328,21.88713],[73.660306,21.887132],[73.660288,21.887129],[73.660273,21.887121],[73.660255,21.887119],[73.660222,21.887124],[73.660204,21.887123],[73.660181,21.887126],[73.660178,21.887122],[73.660138,21.88711],[73.660124,21.887115],[73.6601,21.887116],[73.660083,21.887123],[73.660078,21.887122],[73.660068,21.887125],[73.660065,21.887123],[73.660051,21.887126],[73.660033,21.887123],[73.660013,21.887125],[73.660004,21.88712],[73.659998,21.887122],[73.659989,21.887121],[73.659979,21.887116],[73.659968,21.887114],[73.659947,21.887105],[73.659931,21.887101],[73.659832,21.887093],[73.659819,21.887094],[73.659812,21.887092],[73.659807,21.887089],[73.659802,21.887091],[73.659787,21.887092],[73.659768,21.887088],[73.659764,21.887084],[73.65976,21.887086],[73.659712,21.887082],[73.659703,21.887078],[73.659685,21.887066],[73.659677,21.887057],[73.659668,21.887053],[73.659665,21.887045],[73.659659,21.887042],[73.659644,21.887044],[73.659576,21.887029],[73.659535,21.887027],[73.659526,21.887021],[73.659521,21.887021],[73.659506,21.887015],[73.659503,21.887016],[73.659501,21.887013],[73.65948,21.887008],[73.659469,21.887014],[73.659461,21.887014],[73.659453,21.887019],[73.659426,21.887019],[73.659411,21.887014],[73.659409,21.887008],[73.659404,21.887009],[73.659398,21.887004],[73.65939,21.887002],[73.659383,21.886997],[73.65937,21.886996],[73.659354,21.88699],[73.659334,21.886989],[73.659303,21.886982],[73.659287,21.886981],[73.659278,21.886975],[73.659263,21.886972],[73.659248,21.886971],[73.659241,21.886974],[73.65924,21.886968],[73.659225,21.886975],[73.659222,21.886983],[73.659213,21.886986],[73.65921,21.88699],[73.659201,21.886992],[73.659189,21.88699],[73.659185,21.886992],[73.659177,21.886989],[73.659169,21.886991],[73.659164,21.886987],[73.659131,21.886988],[73.659095,21.886985],[73.659079,21.886981],[73.65905,21.886982],[73.659035,21.886979],[73.659024,21.886982],[73.659012,21.886981],[73.658984,21.886971],[73.65898,21.886965],[73.658967,21.886957],[73.658954,21.886956],[73.658944,21.886948],[73.658932,21.886943],[73.658927,21.886944],[73.658924,21.886952],[73.658917,21.886954],[73.658905,21.886947],[73.658885,21.886944],[73.658882,21.886942],[73.658883,21.886933],[73.658877,21.886928],[73.658876,21.886922],[73.658849,21.886906],[73.658826,21.886901],[73.658812,21.886888],[73.65878,21.886887],[73.658772,21.886891],[73.658765,21.88689],[73.658757,21.886894],[73.658747,21.88689],[73.658744,21.886894],[73.658737,21.88689],[73.658732,21.886879],[73.658728,21.886877],[73.658714,21.886877],[73.658686,21.886872],[73.658679,21.886875],[73.658673,21.886873],[73.658661,21.886874],[73.658646,21.886884],[73.658641,21.886887],[73.658633,21.886885],[73.658623,21.886891],[73.658609,21.886885],[73.658597,21.886887],[73.658587,21.886885],[73.658555,21.886892],[73.658543,21.8869],[73.658518,21.886908],[73.658512,21.886906],[73.658509,21.886908],[73.658502,21.886907],[73.658495,21.886913],[73.658481,21.886917],[73.658474,21.886923],[73.658445,21.886933],[73.658442,21.886937],[73.658445,21.886937],[73.658447,21.88694],[73.65844,21.88694],[73.658438,21.88696],[73.658434,21.886971],[73.658413,21.886985],[73.658399,21.886987],[73.658345,21.886986]]}},{"type":"Feature","properties":{"elevation":32},"geometry":{"type":"LineString","coordinates":[[73.660641,21.887034],[73.660634,21.887046],[73.660625,21.887049],[73.660625,21.887055],[73.660622,21.88706],[73.660625,21.887062],[73.660634,21.887057],[73.660638,21.88706],[73.660647,21.887059],[73.660649,21.887061],[73.660645,21.887065],[73.660643,21.887074],[73.66066,21.887086],[73.660654,21.88709],[73.660644,21.887087],[73.660642,21.887076],[73.660636,21.887077],[73.660632,21.887082],[73.660635,21.887085],[73.660633,21.887088],[73.660639,21.887096],[73.66063,21.887101],[73.660628,21.887098],[73.660625,21.8871],[73.660623,21.887107],[73.660616,21.887108],[73.660615,21.887112],[73.660613,21.887111],[73.660614,21.887103],[73.660608,21.887105],[73.660607,21.887107],[73.66061,21.887111],[73.660608,21.887114],[73.660602,21.887114],[73.6606,21.887118],[73.660587,21.887111],[73.660554,21.887103],[73.660554,21.887099],[73.660548,21.887093],[73.660538,21.887095],[73.660536,21.887099],[73.660527,21.887103],[73.660515,21.887105],[73.660511,21.887102],[73.660512,21.887093],[73.660505,21.887093],[73.660504,21.887083],[73.660513,21.887077],[73.660514,21.88707],[73.660517,21.887069],[73.660527,21.887062],[73.660529,21.887053],[73.660533,21.887046],[73.660532,21.887038],[73.660527,21.887034],[73.660518,21.887037],[73.660518,21.88704],[73.660513,21.887039],[73.660503,21.887047],[73.660494,21.887045],[73.660493,21.887051],[73.660483,21.887044],[73.660471,21.887042],[73.660466,21.887045],[73.660466,21.88704],[73.660455,21.887031],[73.660446,21.887034],[73.660442,21.887032],[73.660434,21.887036],[73.660423,21.887034],[73.660419,21.887038],[73.660415,21.887034],[73.660394,21.887033],[73.660388,21.887031],[73.660377,21.887032],[73.660372,21.887028],[73.660363,21.887034],[73.660356,21.887034],[73.660357,21.887036],[73.66037,21.887041],[73.66037,21.887044],[73.660374,21.887045],[73.660377,21.887048],[73.660375,21.887051],[73.66035,21.88704],[73.660342,21.88704],[73.660341,21.887037],[73.660345,21.887033],[73.660337,21.887035],[73.660337,21.887032],[73.660331,21.887031],[73.66033,21.887028],[73.660324,21.887027],[73.660313,21.887032],[73.660309,21.887027],[73.660306,21.887028],[73.660295,21.887022],[73.660286,21.887024],[73.660275,21.887019],[73.660271,21.887027],[73.660265,21.88703],[73.660257,21.887027],[73.660255,21.887028],[73.660253,21.887023],[73.660243,21.887027],[73.660232,21.887028],[73.660219,21.887029],[73.660216,21.887026],[73.660212,21.887028],[73.660214,21.887031],[73.660208,21.887033],[73.660196,21.887025],[73.660185,21.887025],[73.660163,21.887036],[73.660152,21.887038],[73.66015,21.887042],[73.660154,21.887059],[73.660152,21.887072],[73.660154,21.887081],[73.66013,21.887104],[73.660102,21.887105],[73.660098,21.887107],[73.660081,21.887108],[73.660077,21.887103],[73.660066,21.887097],[73.660057,21.887095],[73.660059,21.887098],[73.660058,21.887107],[73.660048,21.887109],[73.660042,21.887104],[73.660038,21.887105],[73.660039,21.887109],[73.660036,21.887111],[73.660023,21.887107],[73.659996,21.88711],[73.659994,21.887106],[73.659989,21.887109],[73.659981,21.887107],[73.659967,21.887097],[73.659949,21.887091],[73.659918,21.887092],[73.659875,21.88709],[73.659873,21.887087],[73.659876,21.887082],[73.659883,21.887075],[73.659881,21.88707],[73.659876,21.887077],[73.659871,21.887076],[73.659865,21.887072],[73.659859,21.887075],[73.659853,21.887067],[73.659839,21.887062],[73.659833,21.887067],[73.659831,21.887063],[73.659826,21.887061],[73.659823,21.887064],[73.659828,21.887068],[73.659828,21.88707],[73.659819,21.887069],[73.659814,21.88707],[73.65981,21.887066],[73.659812,21.887062],[73.659808,21.887061],[73.659812,21.887055],[73.659805,21.887058],[73.659804,21.887065],[73.659802,21.88707],[73.659805,21.887072],[73.659801,21.887072],[73.659796,21.887076],[73.659796,21.887072],[73.659785,21.887067],[73.659782,21.887063],[73.659777,21.887066],[73.659774,21.887065],[73.65977,21.88706],[73.659782,21.887051],[73.659779,21.887047],[73.659785,21.887046],[73.659788,21.887061],[73.659791,21.887063],[73.659794,21.887062],[73.659794,21.887058],[73.659798,21.887053],[73.659797,21.887047],[73.659791,21.887044],[73.659788,21.887038],[73.659783,21.887037],[73.659776,21.887039],[73.659771,21.887037],[73.659762,21.887056],[73.659762,21.88705],[73.659758,21.88705],[73.659759,21.887042],[73.659764,21.887041],[73.659763,21.887037],[73.659747,21.887036],[73.659741,21.887042],[73.659744,21.887048],[73.659742,21.887054],[73.659748,21.887061],[73.659739,21.887066],[73.659736,21.887064],[73.65973,21.887068],[73.659718,21.887065],[73.659707,21.887055],[73.659691,21.887034],[73.659692,21.887017],[73.659693,21.887011],[73.659699,21.887003],[73.659698,21.886995],[73.659712,21.886986],[73.659719,21.886984],[73.659726,21.886987],[73.659729,21.88699],[73.659725,21.886993],[73.659726,21.886996],[73.65973,21.886993],[73.65973,21.88699],[73.659735,21.886989],[73.659744,21.886998],[73.659753,21.887],[73.659754,21.887005],[73.659759,21.887008],[73.659764,21.887009],[73.659769,21.887007],[73.659776,21.887009],[73.659779,21.887017],[73.659773,21.887017],[73.659769,21.887024],[73.659763,21.887028],[73.659766,21.887037],[73.659771,21.887037],[73.659771,21.88703],[73.659775,21.887029],[73.65979,21.887031],[73.659792,21.887036],[73.659797,21.887036],[73.659795,21.887031],[73.65979,21.887028],[73.659796,21.887022],[73.659797,21.887017],[73.659784,21.887012],[73.659793,21.887005],[73.65979,21.88699],[73.659776,21.886988],[73.65975,21.886979],[73.659727,21.886981],[73.659706,21.886972],[73.659695,21.886971],[73.659692,21.886975],[73.659673,21.886971],[73.659669,21.886974],[73.659661,21.886967],[73.659652,21.886968],[73.659634,21.886982],[73.659628,21.886982],[73.659627,21.886989],[73.659619,21.886988],[73.659617,21.886994],[73.659608,21.886994],[73.659598,21.886999],[73.659593,21.887011],[73.659588,21.88701],[73.659582,21.887013],[73.659558,21.887017],[73.659543,21.887009],[73.65953,21.887007],[73.659525,21.887003],[73.659524,21.887001],[73.659507,21.886999],[73.659494,21.886993],[73.659482,21.886996],[73.659468,21.886995],[73.659454,21.886999],[73.659446,21.886996],[73.659439,21.886998],[73.659417,21.886997],[73.659393,21.886987],[73.659346,21.886977],[73.65934,21.886968],[73.659334,21.88697],[73.659326,21.886965],[73.659318,21.886965],[73.659306,21.886959],[73.659288,21.886963],[73.659284,21.886962],[73.659283,21.886963],[73.65926,21.886961],[73.659233,21.886946],[73.659216,21.886929],[73.659207,21.886925],[73.659201,21.886929],[73.659186,21.886933],[73.659184,21.886939],[73.659179,21.886941],[73.659179,21.886943],[73.659184,21.886943],[73.659182,21.886947],[73.659192,21.886965],[73.659183,21.886974],[73.65914,21.886974],[73.659136,21.886972],[73.659129,21.886974],[73.659124,21.88697],[73.659108,21.886966],[73.659094,21.886966],[73.65908,21.886964],[73.659034,21.886968],[73.659022,21.886962],[73.659013,21.886961],[73.659,21.886952],[73.65899,21.886932],[73.658994,21.886925],[73.658986,21.88692],[73.658989,21.886916],[73.65898,21.886917],[73.65898,21.886912],[73.658968,21.886912],[73.658965,21.886909],[73.658951,21.886909],[73.658948,21.886911],[73.658939,21.886909],[73.65893,21.886916],[73.658918,21.886915],[73.658909,21.886919],[73.65889,21.886917],[73.658855,21.886902],[73.658832,21.886897],[73.658811,21.886883],[73.658795,21.88688],[73.658779,21.88688],[73.658764,21.886871],[73.65876,21.886871],[73.658756,21.886864],[73.65874,21.886861],[73.658702,21.886863],[73.658688,21.886861],[73.658682,21.886865],[73.658675,21.886865],[73.658669,21.886863],[73.658656,21.886864],[73.658654,21.886862],[73.658647,21.886868],[73.658637,21.886868],[73.658619,21.886879],[73.658598,21.886871],[73.658582,21.886869],[73.658569,21.886872],[73.658566,21.886876],[73.658551,21.886876],[73.658542,21.88688],[73.658537,21.88688],[73.658528,21.886886],[73.65852,21.886885],[73.658512,21.886889],[73.658507,21.886888],[73.658493,21.886893],[73.658486,21.886892],[73.658461,21.886902],[73.658454,21.886899],[73.658452,21.886904],[73.658446,21.886908],[73.658446,21.886914],[73.658442,21.886922],[73.658433,21.88693],[73.65843,21.88694],[73.658428,21.886965],[73.658423,21.886972],[73.658411,21.886981],[73.658403,21.886983],[73.658376,21.886985],[73.65836,21.886981],[73.658347,21.886981]]}}]}