{"type":"FeatureCollection","features":[{"type":"Feature","properties":{"elevation":338},"geometry":{"type":"LineString","coordinates":[[73.731181,20.844246],[73.73119,20.844235],[73.731199,20.844232],[73.731211,20.844224],[73.73121,20.844202],[73.731216,20.84419],[73.731216,20.84418],[73.731227,20.844171],[73.731242,20.844163],[73.731239,20.844149],[73.731233,20.844138],[73.731226,20.844131],[73.731216,20.84413],[73.731211,20.844137],[73.731206,20.844138],[73.731204,20.844134],[73.731207,20.844131],[73.731207,20.844128],[73.731204,20.844128],[73.731201,20.844132],[73.731193,20.844124],[73.731194,20.844117],[73.7312,20.844112],[73.731208,20.844111],[73.731216,20.844104],[73.73123,20.844102],[73.731225,20.844095],[73.73123,20.844093],[73.731235,20.844083],[73.731238,20.844082],[73.731235,20.844078],[73.73123,20.844077],[73.731223,20.84408],[73.731212,20.844077],[73.731186,20.844102],[73.731177,20.844105],[73.731175,20.844109],[73.731167,20.844112],[73.731161,20.844122],[73.731153,20.844128],[73.73115,20.844135],[73.731156,20.844141],[73.731155,20.844147],[73.731171,20.844153],[73.731172,20.844156],[73.731168,20.84416],[73.731169,20.844171],[73.731153,20.844182],[73.731147,20.844191],[73.731119,20.844189],[73.731111,20.844192],[73.731109,20.844195],[73.731097,20.8442],[73.731087,20.844192],[73.731079,20.844201],[73.731072,20.844199],[73.73106,20.844209],[73.731032,20.844201],[73.731029,20.844198],[73.731031,20.844186],[73.731024,20.844183],[73.731024,20.84418],[73.731033,20.844181],[73.731035,20.844172],[73.731037,20.844178],[73.731044,20.844181],[73.731045,20.844177],[73.731049,20.844175],[73.731049,20.844167],[73.731044,20.844163],[73.731044,20.844161],[73.731048,20.844162],[73.731053,20.844169],[73.731058,20.844171],[73.731062,20.844168],[73.731067,20.844168],[73.731061,20.844162],[73.731067,20.844162],[73.731064,20.844155],[73.73107,20.844154],[73.731071,20.84415],[73.731065,20.844145],[73.73106,20.844147],[73.731054,20.844147],[73.731051,20.844149],[73.731047,20.844146],[73.73104,20.84415],[73.731027,20.844145],[73.731023,20.844149],[73.731019,20.844146],[73.731014,20.844146],[73.730993,20.844171],[73.730977,20.844184],[73.730913,20.844215],[73.730911,20.844218],[73.730907,20.844246]]}},{"type":"Feature","properties":{"elevation":338},"geometry":{"type":"LineString","coordinates":[[73.731143,20.844247],[73.73115,20.844236],[73.731161,20.844241],[73.731162,20.844245]]}},{"type":"Feature","properties":{"elevation":339},"geometry":{"type":"LineString","coordinates":[[73.73123,20.844246],[73.731226,20.844244],[73.731226,20.844237],[73.731233,20.844228],[73.731236,20.844231],[73.731239,20.84423],[73.73125,20.844233],[73.731264,20.84423],[73.731266,20.844224],[73.731264,20.844218],[73.731264,20.844212],[73.73127,20.84421],[73.731274,20.844205],[73.731278,20.844186],[73.7313,20.844177],[73.731301,20.844169],[73.731316,20.844158],[73.731333,20.844112],[73.731338,20.844107],[73.731349,20.844104],[73.731352,20.844099],[73.731365,20.844067],[73.731364,20.844051],[73.731367,20.844044],[73.731366,20.844014],[73.73136,20.844011],[73.731356,20.844003],[73.73136,20.844],[73.731378,20.844001],[73.731392,20.843995],[73.731396,20.843988],[73.731396,20.843981],[73.731392,20.843974],[73.731378,20.843965],[73.731377,20.843959],[73.731388,20.84392],[73.731394,20.84391],[73.731394,20.843892],[73.731404,20.843849],[73.731416,20.843831],[73.731422,20.843809],[73.731423,20.8438],[73.731419,20.843786],[73.731419,20.84378],[73.731428,20.843764],[73.731429,20.843748],[73.731433,20.843742],[73.73144,20.84374],[73.731442,20.843736],[73.731439,20.843728],[73.731442,20.843717],[73.731454,20.843693],[73.731452,20.843682],[73.731459,20.843672],[73.731458,20.843668],[73.731463,20.843657],[73.731463,20.843646],[73.731468,20.843622],[73.731462,20.843604],[73.731461,20.843596],[73.731463,20.843591],[73.731469,20.843588],[73.731468,20.843585],[73.731471,20.843585],[73.731473,20.843583],[73.731473,20.843571],[73.731476,20.843568],[73.731472,20.843564],[73.731471,20.843555],[73.731475,20.843552],[73.731479,20.843538],[73.731473,20.84353],[73.731479,20.843525],[73.731476,20.843517],[73.731481,20.843517],[73.731479,20.843514],[73.731474,20.843511],[73.731473,20.843508],[73.731475,20.843505],[73.731484,20.843504],[73.731487,20.843496],[73.731486,20.843492],[73.731478,20.843487],[73.731473,20.843487],[73.731469,20.843491],[73.73147,20.843495],[73.731466,20.843509],[73.731467,20.843514],[73.731463,20.84351],[73.731462,20.843504],[73.731465,20.843498],[73.731462,20.843491],[73.731459,20.84349],[73.73146,20.843496],[73.731457,20.843499],[73.731453,20.843497],[73.731452,20.843491],[73.731446,20.843494],[73.731438,20.843493],[73.731434,20.843498],[73.731433,20.843493],[73.731425,20.843488],[73.731425,20.843494],[73.731422,20.843501],[73.731413,20.8435],[73.731411,20.843497],[73.731409,20.843499],[73.731411,20.843502],[73.731412,20.843511],[73.731408,20.843517],[73.731407,20.843526],[73.731397,20.843521],[73.731394,20.843522],[73.731402,20.843528],[73.731406,20.843529],[73.731408,20.843533],[73.731402,20.843542],[73.731387,20.843548],[73.731388,20.843558],[73.731382,20.843575],[73.731374,20.843584],[73.731372,20.843593],[73.731364,20.843607],[73.731366,20.843619],[73.731363,20.843626],[73.731361,20.843644],[73.731354,20.84365],[73.731348,20.843661],[73.731341,20.843697],[73.73133,20.843719],[73.73133,20.843735],[73.731315,20.843752],[73.731321,20.843769],[73.731314,20.843776],[73.731308,20.843788],[73.731301,20.843789],[73.731301,20.843793],[73.731293,20.843804],[73.731293,20.843808],[73.731291,20.843813],[73.731286,20.843812],[73.73128,20.843815],[73.731274,20.843821],[73.731266,20.843862],[73.731262,20.843866],[73.731265,20.84387],[73.731261,20.843874],[73.731256,20.843872],[73.731254,20.843874],[73.731256,20.843892],[73.731253,20.843896],[73.731253,20.843902],[73.731249,20.843905],[73.731242,20.843905],[73.731241,20.843909],[73.731238,20.843909],[73.731236,20.843906],[73.73124,20.843903],[73.731237,20.843899],[73.731233,20.843908],[73.731225,20.843907],[73.731225,20.843915],[73.731229,20.843917],[73.731234,20.843917],[73.731234,20.843921],[73.731229,20.843923],[73.731222,20.843915],[73.731217,20.843914],[73.731216,20.843907],[73.731214,20.843904],[73.731201,20.843919],[73.731194,20.843914],[73.731193,20.843918],[73.731189,20.84392],[73.731183,20.84393],[73.731177,20.843932],[73.731176,20.843927],[73.731173,20.843928],[73.73117,20.843934],[73.731164,20.843935],[73.731164,20.84394],[73.73116,20.84394],[73.731154,20.843944],[73.731148,20.843952],[73.731147,20.843958],[73.73115,20.84396],[73.731155,20.843958],[73.731158,20.843962],[73.731155,20.843969],[73.73114,20.843975],[73.73114,20.843979],[73.731143,20.843981],[73.731143,20.843984],[73.731131,20.843977],[73.731132,20.843973],[73.731126,20.84397],[73.731122,20.84398],[73.731114,20.843985],[73.731112,20.84399],[73.731105,20.84399],[73.731098,20.843994],[73.731094,20.843999],[73.731094,20.844006],[73.73108,20.844009],[73.731057,20.844018],[73.731045,20.844019],[73.731028,20.844031],[73.731023,20.844039],[73.731026,20.844046],[73.73102,20.844048],[73.731014,20.844061],[73.731007,20.84407],[73.731005,20.844092],[73.730991,20.8441],[73.73099,20.844106],[73.730983,20.844106],[73.730978,20.844111],[73.730971,20.844113],[73.730962,20.844111],[73.730954,20.844118],[73.73095,20.844119],[73.730952,20.844128],[73.730951,20.844139],[73.73094,20.84415],[73.730939,20.844156],[73.730948,20.844167],[73.730956,20.844185],[73.730944,20.844196],[73.730909,20.844213],[73.730903,20.844246]]}},{"type":"Feature","properties":{"elevation":339},"geometry":{"type":"LineString","coordinates":[[73.731221,20.844246],[73.731219,20.844246]]}},{"type":"Feature","properties":{"elevation":339},"geometry":{"type":"LineString","coordinates":[[73.731222,20.844246],[73.731226,20.844246]]}},{"type":"Feature","properties":{"elevation":340},"geometry":{"type":"LineString","coordinates":[[73.731444,20.844247],[73.731444,20.844245],[73.731439,20.844243],[73.731442,20.844237],[73.731449,20.844236],[73.731452,20.844242],[73.731455,20.844242],[73.731457,20.844238],[73.731463,20.844234],[73.731464,20.84423],[73.731458,20.844215],[73.731452,20.84421],[73.731438,20.844206],[73.731435,20.844196],[73.731439,20.844194],[73.731452,20.844195],[73.731454,20.844186],[73.731461,20.844173],[73.73147,20.844176],[73.731476,20.844176],[73.731476,20.844181],[73.731473,20.844182],[73.731473,20.844187],[73.73148,20.84418],[73.731477,20.84416],[73.731466,20.844149],[73.731469,20.844143],[73.731475,20.844138],[73.731483,20.844137],[73.731492,20.844132],[73.731501,20.844131],[73.731507,20.844128],[73.731515,20.844129],[73.731517,20.844123],[73.731521,20.844126],[73.731519,20.84413],[73.731522,20.844131],[73.731523,20.844127],[73.731531,20.844122],[73.731538,20.844123],[73.73155,20.844118],[73.731556,20.844119],[73.731571,20.844103],[73.731571,20.844096],[73.731562,20.844097],[73.731558,20.8441],[73.731553,20.844096],[73.731548,20.844098],[73.731536,20.844091],[73.731534,20.844086],[73.731525,20.844085],[73.731521,20.844079],[73.731518,20.844081],[73.731517,20.844072],[73.731528,20.844066],[73.73153,20.844059],[73.731529,20.844056],[73.731524,20.844056],[73.731519,20.844046],[73.73152,20.844041],[73.731526,20.844044],[73.731526,20.844035],[73.731514,20.84403],[73.731512,20.844025],[73.731509,20.844031],[73.731508,20.844041],[73.731502,20.844043],[73.731505,20.844039],[73.731497,20.844038],[73.731494,20.844036],[73.731495,20.844023],[73.7315,20.844015],[73.731513,20.844014],[73.731516,20.844022],[73.731523,20.844019],[73.731525,20.844015],[73.731533,20.844018],[73.731533,20.844014],[73.73153,20.844011],[73.731532,20.844009],[73.73153,20.844004],[73.731535,20.844007],[73.731539,20.844007],[73.731542,20.843994],[73.731536,20.843989],[73.731547,20.843983],[73.731545,20.843981],[73.731531,20.843982],[73.731532,20.84397],[73.731535,20.843968],[73.731547,20.84397],[73.731551,20.843964],[73.731556,20.843961],[73.731556,20.843956],[73.731561,20.843954],[73.731552,20.843943],[73.731545,20.843951],[73.731542,20.843951],[73.731541,20.843945],[73.731532,20.843941],[73.731533,20.843933],[73.731528,20.84393],[73.731523,20.84393],[73.731526,20.843927],[73.731536,20.843927],[73.73154,20.843924],[73.731545,20.843924],[73.731538,20.843916],[73.731543,20.84391],[73.731538,20.843905],[73.731532,20.843905],[73.731525,20.843897],[73.731526,20.843891],[73.731524,20.843885],[73.731516,20.843881],[73.731511,20.843884],[73.731503,20.843885],[73.731498,20.843877],[73.7315,20.84387],[73.731498,20.843865],[73.731504,20.843851],[73.731517,20.843847],[73.73152,20.843836],[73.731514,20.843837],[73.73151,20.843843],[73.7315,20.843836],[73.731482,20.843829],[73.731485,20.843824],[73.731505,20.843826],[73.73151,20.84382],[73.731516,20.843821],[73.731511,20.843814],[73.731513,20.843809],[73.731506,20.843806],[73.731507,20.843801],[73.731503,20.843796],[73.731502,20.843784],[73.731497,20.843781],[73.731497,20.843786],[73.731495,20.843787],[73.73148,20.843764],[73.731481,20.843759],[73.731485,20.843755],[73.731495,20.843761],[73.7315,20.843758],[73.731502,20.843755],[73.731498,20.84375],[73.731494,20.843751],[73.731484,20.843749],[73.731481,20.843744],[73.731479,20.843731],[73.731485,20.843733],[73.73149,20.843731],[73.731488,20.843721],[73.731489,20.843715],[73.731485,20.843702],[73.731487,20.843695],[73.73148,20.843679],[73.731486,20.843666],[73.731485,20.843648],[73.731494,20.843622],[73.731495,20.843595],[73.731498,20.843591],[73.731498,20.843585],[73.731507,20.843568],[73.731507,20.843562],[73.731514,20.843549],[73.731516,20.843538],[73.731523,20.843531],[73.73153,20.84352],[73.731531,20.843511],[73.731536,20.843509],[73.731536,20.843502],[73.731542,20.8435],[73.731542,20.843495],[73.731545,20.843489],[73.731546,20.843483],[73.731544,20.843477],[73.731546,20.843474],[73.731546,20.843462],[73.731539,20.84344],[73.731542,20.843435],[73.731543,20.843439],[73.731546,20.843439],[73.731546,20.843431],[73.731549,20.843434],[73.731551,20.843433],[73.731548,20.843429],[73.731545,20.843416],[73.731547,20.843384],[73.731544,20.843358],[73.731551,20.84335],[73.731557,20.843328],[73.731557,20.843288],[73.731555,20.843267],[73.731557,20.843263],[73.731559,20.84324],[73.731563,20.843227],[73.731559,20.843199],[73.731561,20.843192],[73.731569,20.843181],[73.73157,20.84317],[73.731562,20.843161],[73.731563,20.843159],[73.731568,20.843158],[73.73157,20.843156],[73.731565,20.84314],[73.731567,20.843098],[73.731572,20.843088],[73.731571,20.84306],[73.731568,20.843043],[73.731576,20.843029],[73.731584,20.842984],[73.731587,20.842982],[73.731589,20.842971],[73.731595,20.842964],[73.731592,20.842959],[73.731595,20.842954],[73.731597,20.842945],[73.731594,20.842937],[73.731589,20.842934],[73.731592,20.842932],[73.731597,20.842932],[73.731597,20.842923],[73.731602,20.842918],[73.731605,20.842904],[73.73161,20.842897],[73.731613,20.842877],[73.731592,20.842881],[73.731598,20.842892],[73.731604,20.842895],[73.731593,20.842895],[73.731596,20.842899],[73.73159,20.842901],[73.731595,20.842903],[73.7316,20.842909],[73.731598,20.842911],[73.731592,20.842912],[73.731592,20.842918],[73.731584,20.842918],[73.73158,20.842915],[73.731587,20.842902],[73.731585,20.842896],[73.73157,20.842891],[73.731567,20.842885],[73.731562,20.842886],[73.731563,20.84289],[73.731571,20.8429],[73.731571,20.842908],[73.73157,20.842911],[73.731565,20.842912],[73.731567,20.842917],[73.731552,20.842922],[73.731555,20.842928],[73.73155,20.84293],[73.731548,20.842915],[73.731554,20.842904],[73.731555,20.842899],[73.73156,20.8429],[73.731565,20.842897],[73.731559,20.842892],[73.731551,20.842892],[73.731544,20.842895],[73.731541,20.842906],[73.731542,20.842919],[73.731539,20.842923],[73.731542,20.842928],[73.731539,20.842928],[73.731534,20.842925],[73.731534,20.842932],[73.731527,20.842938],[73.731528,20.842943],[73.73153,20.84294],[73.731533,20.842946],[73.731528,20.842946],[73.731522,20.84295],[73.731513,20.842946],[73.731506,20.842949],[73.731505,20.842964],[73.7315,20.842968],[73.731493,20.842988],[73.731491,20.842999],[73.731485,20.843013],[73.73148,20.843019],[73.73148,20.843046],[73.731469,20.843058],[73.731461,20.84308],[73.731463,20.843082],[73.731481,20.843082],[73.731483,20.843095],[73.731477,20.843103],[73.731465,20.843107],[73.73146,20.843122],[73.731456,20.843145],[73.731447,20.843156],[73.73144,20.843156],[73.731437,20.843161],[73.731436,20.843182],[73.731433,20.843186],[73.73143,20.843201],[73.731429,20.843217],[73.731428,20.843219],[73.731418,20.843221],[73.731409,20.843238],[73.731407,20.843249],[73.731413,20.843262],[73.731412,20.843265],[73.731406,20.843267],[73.731407,20.843276],[73.731414,20.843286],[73.731419,20.843304],[73.731406,20.843323],[73.731404,20.843334],[73.7314,20.84334],[73.731385,20.84335],[73.731376,20.843362],[73.731377,20.843371],[73.731382,20.843383],[73.731376,20.843412],[73.731381,20.843434],[73.731386,20.843439],[73.731387,20.843447],[73.731386,20.843458],[73.731377,20.843466],[73.731374,20.843473],[73.731377,20.843475],[73.73139,20.843475],[73.731394,20.843482],[73.731376,20.843493],[73.731364,20.84348],[73.731363,20.843475],[73.731354,20.843479],[73.731351,20.843489],[73.731359,20.843501],[73.731366,20.843502],[73.731365,20.843496],[73.731369,20.843497],[73.731371,20.843501],[73.731367,20.843525],[73.731356,20.84354],[73.731351,20.843544],[73.731341,20.843544],[73.731336,20.84356],[73.731329,20.843572],[73.731327,20.843574],[73.731322,20.843573],[73.731315,20.843576],[73.731314,20.843586],[73.731309,20.843592],[73.731304,20.84359],[73.731302,20.843595],[73.731298,20.843593],[73.73129,20.843595],[73.731278,20.843593],[73.731275,20.843597],[73.731269,20.843599],[73.731262,20.843597],[73.731251,20.843606],[73.731247,20.843616],[73.731238,20.843622],[73.731234,20.84362],[73.731229,20.843624],[73.731225,20.843631],[73.731227,20.843636],[73.731219,20.843641],[73.731216,20.843653],[73.731206,20.843658],[73.731204,20.843662],[73.731201,20.843662],[73.731199,20.843671],[73.731192,20.843668],[73.731193,20.84369],[73.731191,20.843693],[73.731186,20.843694],[73.731177,20.84371],[73.731172,20.843714],[73.731165,20.843722],[73.731168,20.843735],[73.731161,20.84374],[73.731164,20.843748],[73.731156,20.843755],[73.731152,20.843766],[73.731145,20.843774],[73.731136,20.843792],[73.731137,20.843798],[73.731134,20.8438],[73.731133,20.843805],[73.731121,20.843826],[73.731118,20.843837],[73.731121,20.843847],[73.731118,20.843848],[73.731123,20.843853],[73.731119,20.843858],[73.731121,20.843873],[73.731118,20.84388],[73.731101,20.843888],[73.731086,20.843887],[73.73108,20.843892],[73.73108,20.843896],[73.731084,20.843909],[73.731073,20.843915],[73.731065,20.843913],[73.731067,20.84392],[73.731056,20.843935],[73.731056,20.843949],[73.731053,20.843957],[73.731051,20.843959],[73.731044,20.843955],[73.731042,20.843958],[73.731041,20.843961],[73.731046,20.843967],[73.731036,20.843989],[73.731031,20.843991],[73.731004,20.843984],[73.730989,20.843993],[73.730985,20.843997],[73.730973,20.844024],[73.730965,20.844033],[73.73096,20.844035],[73.730946,20.844067],[73.730936,20.844073],[73.730924,20.844073],[73.730915,20.844076],[73.730918,20.844092],[73.730912,20.844099],[73.730912,20.844112],[73.730918,20.844122],[73.730924,20.844127],[73.730914,20.844139],[73.730917,20.844144],[73.730912,20.844148],[73.730913,20.844159],[73.730908,20.844167],[73.73091,20.844177],[73.730909,20.844189],[73.730912,20.844195],[73.730905,20.844211],[73.730901,20.844246]]}},{"type":"Feature","properties":{"elevation":340},"geometry":{"type":"LineString","coordinates":[[73.731449,20.844248],[73.731448,20.844247]]}},{"type":"Feature","properties":{"elevation":340},"geometry":{"type":"LineString","coordinates":[[73.731462,20.844248],[73.731459,20.844246],[73.731458,20.844248]]}},{"type":"Feature","properties":{"elevation":340},"geometry":{"type":"LineString","coordinates":[[73.731609,20.844249],[73.731606,20.844245],[73.731597,20.844246],[73.731595,20.844249]]}},{"type":"Feature","properties":{"elevation":341},"geometry":{"type":"LineString","coordinates":[[73.731719,20.844187],[73.731709,20.844186],[73.731695,20.844195],[73.731695,20.844192],[73.731691,20.844194],[73.73168,20.84419],[73.731668,20.84419],[73.731666,20.844184],[73.731658,20.844177],[73.731669,20.844177],[73.731677,20.844173],[73.731679,20.84417],[73.731676,20.844162],[73.731678,20.844158],[73.731684,20.844158],[73.731686,20.844155],[73.73169,20.844156],[73.731692,20.844151],[73.7317,20.844149],[73.731707,20.844143],[73.731722,20.844146],[73.731728,20.844142],[73.731726,20.844131],[73.731712,20.844128],[73.731714,20.84412],[73.731691,20.844109],[73.731684,20.844101],[73.731672,20.84408],[73.73167,20.844061],[73.731666,20.844057],[73.731641,20.844055],[73.731622,20.844037],[73.731611,20.844037],[73.731606,20.844041],[73.731599,20.844039],[73.731595,20.844035],[73.731598,20.84403],[73.73161,20.84403],[73.731621,20.844027],[73.731624,20.844022],[73.73162,20.84401],[73.731606,20.843995],[73.731608,20.843991],[73.731605,20.843964],[73.731606,20.843953],[73.731605,20.843939],[73.731602,20.843935],[73.731605,20.843916],[73.731599,20.843904],[73.731597,20.843892],[73.731603,20.843843],[73.731596,20.843827],[73.731602,20.843793],[73.731598,20.843772],[73.731603,20.843761],[73.731601,20.843727],[73.731595,20.843701],[73.731598,20.843682],[73.731586,20.843673],[73.731589,20.843662],[73.731584,20.843648],[73.731579,20.843642],[73.73157,20.843641],[73.731566,20.843632],[73.731567,20.843629],[73.731574,20.843624],[73.731572,20.843619],[73.731574,20.843616],[73.731575,20.843601],[73.731578,20.843595],[73.731575,20.843577],[73.731579,20.843571],[73.731575,20.843564],[73.731576,20.843554],[73.731582,20.843545],[73.731579,20.843532],[73.731582,20.843528],[73.731583,20.843517],[73.731588,20.843508],[73.731585,20.843499],[73.731589,20.84349],[73.731589,20.843484],[73.731594,20.843477],[73.731592,20.843471],[73.731602,20.843459],[73.731588,20.843441],[73.731589,20.843437],[73.731598,20.84343],[73.731599,20.843427],[73.731586,20.843405],[73.731585,20.843385],[73.731579,20.843374],[73.731578,20.843358],[73.731583,20.843335],[73.731579,20.843321],[73.731582,20.843306],[73.73158,20.843295],[73.731577,20.84329],[73.731582,20.843281],[73.731581,20.843274],[73.731586,20.843254],[73.731585,20.843232],[73.73159,20.843222],[73.731588,20.843216],[73.731592,20.843193],[73.731589,20.843186],[73.731594,20.843172],[73.731593,20.843164],[73.731595,20.84315],[73.731593,20.843148],[73.731592,20.843135],[73.731597,20.843129],[73.731599,20.843113],[73.731606,20.843109],[73.731607,20.8431],[73.731614,20.843091],[73.731623,20.843085],[73.731621,20.84308],[73.731618,20.843081],[73.731616,20.84308],[73.731621,20.843038],[73.731634,20.843011],[73.731635,20.842995],[73.73164,20.842994],[73.731643,20.842991],[73.731638,20.842984],[73.731646,20.842978],[73.731656,20.842976],[73.731655,20.842973],[73.731652,20.842974],[73.73165,20.842971],[73.731653,20.842968],[73.731655,20.842948],[73.73166,20.842941],[73.731655,20.842921],[73.73166,20.842902],[73.731669,20.842881],[73.731669,20.842846],[73.731681,20.842827],[73.731678,20.842819],[73.731684,20.84278],[73.731683,20.842769],[73.731689,20.842763],[73.731693,20.842749],[73.731699,20.842744],[73.7317,20.842734],[73.731708,20.842726],[73.731711,20.842709],[73.731719,20.842693],[73.731719,20.842687],[73.731727,20.842675],[73.731731,20.842661],[73.73173,20.842644],[73.731735,20.842634],[73.731736,20.842622],[73.731741,20.842617],[73.731743,20.842601],[73.731747,20.842598],[73.731755,20.842597],[73.731758,20.842593],[73.731756,20.842578],[73.731762,20.842564],[73.73176,20.842551],[73.731768,20.842544],[73.731783,20.842551],[73.731785,20.842541],[73.73179,20.842541],[73.73179,20.842537],[73.731794,20.842532],[73.731793,20.842524],[73.731785,20.842519],[73.731784,20.842514],[73.73179,20.842506],[73.731798,20.842509],[73.731798,20.842504],[73.731801,20.842504],[73.7318,20.842502],[73.731813,20.842502],[73.731812,20.842492],[73.731802,20.842483],[73.73181,20.842463],[73.73181,20.842457],[73.731812,20.842454],[73.731818,20.842454],[73.731826,20.842464],[73.731832,20.842456],[73.731826,20.842443],[73.731821,20.842441],[73.731824,20.842439],[73.731817,20.842421],[73.73182,20.842411],[73.731817,20.842404],[73.731812,20.842408],[73.731816,20.842411],[73.73181,20.842412],[73.73181,20.842419],[73.731806,20.84242],[73.731797,20.842417],[73.731789,20.842401],[73.731783,20.842397],[73.73178,20.842399],[73.73178,20.842407],[73.731777,20.842411],[73.731772,20.842412],[73.731771,20.842417],[73.731767,20.842416],[73.731766,20.842399],[73.731761,20.842389],[73.731769,20.842383],[73.73177,20.842379],[73.73176,20.842373],[73.73176,20.842362],[73.731753,20.842358],[73.731759,20.842353],[73.731764,20.842336],[73.731758,20.842322],[73.731748,20.842314],[73.731749,20.84231],[73.731745,20.842304],[73.731734,20.842299],[73.731733,20.842289],[73.731729,20.842285],[73.73173,20.84227],[73.731733,20.84227],[73.731731,20.842263],[73.731725,20.842253],[73.731721,20.842259],[73.731723,20.842266],[73.731714,20.842275],[73.731709,20.842287],[73.731711,20.842292],[73.73171,20.842297],[73.731711,20.842307],[73.731728,20.842336],[73.731726,20.842351],[73.731729,20.842364],[73.731736,20.842366],[73.731739,20.84237],[73.731737,20.8424],[73.731734,20.842409],[73.731729,20.842412],[73.731727,20.84242],[73.731728,20.84243],[73.731734,20.842442],[73.731725,20.842452],[73.73172,20.842469],[73.731711,20.842481],[73.731703,20.842486],[73.731697,20.842494],[73.731686,20.842495],[73.731684,20.842497],[73.731684,20.842501],[73.731688,20.842507],[73.731688,20.842514],[73.731683,20.842519],[73.73168,20.842529],[73.731672,20.842536],[73.73167,20.842542],[73.731675,20.842565],[73.731665,20.84257],[73.73166,20.842576],[73.731644,20.842581],[73.731639,20.842598],[73.73163,20.842605],[73.731622,20.842627],[73.731616,20.842627],[73.73161,20.842632],[73.731608,20.84265],[73.731601,20.842657],[73.731602,20.842666],[73.731598,20.842666],[73.731594,20.842664],[73.73159,20.842667],[73.731591,20.842673],[73.731586,20.842689],[73.731591,20.842697],[73.731589,20.842703],[73.731585,20.842705],[73.731578,20.842699],[73.731579,20.842706],[73.731576,20.842706],[73.731573,20.842702],[73.731571,20.842703],[73.731572,20.842708],[73.731567,20.842712],[73.73156,20.842713],[73.731557,20.842721],[73.731554,20.842723],[73.731549,20.842737],[73.731553,20.842753],[73.73155,20.842758],[73.731555,20.84277],[73.73155,20.84277],[73.731547,20.842775],[73.731535,20.842779],[73.731533,20.842784],[73.731526,20.842784],[73.731527,20.842788],[73.731523,20.842793],[73.731524,20.842799],[73.731521,20.842802],[73.731522,20.842819],[73.731514,20.842842],[73.73151,20.842861],[73.731505,20.842868],[73.731507,20.842871],[73.731507,20.842888],[73.731497,20.842895],[73.731499,20.842903],[73.731509,20.842917],[73.731509,20.842922],[73.731513,20.842923],[73.73152,20.842921],[73.731523,20.842923],[73.731523,20.842933],[73.731518,20.842934],[73.73152,20.842943],[73.731508,20.842942],[73.731497,20.842938],[73.731493,20.842942],[73.731483,20.842945],[73.73148,20.842959],[73.731481,20.842972],[73.731475,20.842979],[73.731469,20.842998],[73.731448,20.843001],[73.731436,20.843006],[73.731433,20.843009],[73.731434,20.843016],[73.731445,20.843022],[73.731453,20.843031],[73.731452,20.84304],[73.731447,20.843047],[73.731451,20.843092],[73.731447,20.843101],[73.73144,20.843105],[73.731436,20.843102],[73.731432,20.843095],[73.731428,20.843095],[73.731428,20.843099],[73.731424,20.843104],[73.731427,20.843121],[73.731424,20.843138],[73.731419,20.843144],[73.731411,20.843147],[73.731407,20.843151],[73.731407,20.843155],[73.731404,20.843158],[73.731401,20.843165],[73.731407,20.843168],[73.7314,20.843179],[73.731402,20.843181],[73.731398,20.843181],[73.731397,20.843186],[73.73139,20.843188],[73.731395,20.843192],[73.7314,20.843192],[73.731397,20.843207],[73.731388,20.84321],[73.731385,20.843216],[73.73137,20.843221],[73.731357,20.843233],[73.731358,20.843242],[73.731363,20.843248],[73.731357,20.843259],[73.731363,20.843277],[73.731363,20.843284],[73.731359,20.843286],[73.731367,20.843305],[73.731362,20.84331],[73.731362,20.843316],[73.731357,20.843322],[73.73135,20.843322],[73.731345,20.843336],[73.731331,20.843346],[73.731328,20.843357],[73.731332,20.843363],[73.731333,20.843372],[73.731324,20.843373],[73.731318,20.843384],[73.731313,20.843387],[73.731303,20.843387],[73.731303,20.843392],[73.731301,20.843394],[73.731308,20.843404],[73.731306,20.84341],[73.731294,20.84341],[73.731291,20.843415],[73.731287,20.843415],[73.731287,20.843423],[73.73128,20.843423],[73.731282,20.843427],[73.731275,20.843433],[73.73127,20.843435],[73.731273,20.843439],[73.731269,20.843444],[73.731274,20.843449],[73.731272,20.843456],[73.731264,20.843459],[73.731261,20.843462],[73.731252,20.843486],[73.731242,20.843493],[73.731232,20.843496],[73.731232,20.843501],[73.731226,20.843501],[73.731218,20.843508],[73.731211,20.84351],[73.731209,20.843514],[73.731204,20.843517],[73.731202,20.843522],[73.731198,20.843527],[73.731193,20.843526],[73.731195,20.843535],[73.731191,20.843535],[73.731191,20.843543],[73.731184,20.843546],[73.731181,20.843552],[73.731179,20.843553],[73.731177,20.843561],[73.731178,20.843567],[73.731172,20.84357],[73.731171,20.843585],[73.731165,20.843592],[73.731162,20.843612],[73.731158,20.843613],[73.73116,20.843617],[73.731157,20.843619],[73.731159,20.843626],[73.731154,20.843629],[73.731151,20.843637],[73.731148,20.843635],[73.731147,20.843643],[73.73114,20.843655],[73.731139,20.843666],[73.731133,20.843667],[73.731135,20.843674],[73.731126,20.843701],[73.731126,20.843708],[73.731119,20.843714],[73.731114,20.843715],[73.73111,20.843719],[73.731109,20.843724],[73.731115,20.843733],[73.731111,20.843734],[73.731102,20.843745],[73.731101,20.843751],[73.731098,20.843754],[73.731099,20.843758],[73.731094,20.843763],[73.731092,20.843774],[73.731087,20.843781],[73.731087,20.843795],[73.731079,20.8438],[73.731081,20.843808],[73.73108,20.843814],[73.731075,20.843815],[73.731072,20.843806],[73.731055,20.843814],[73.731054,20.843839],[73.731037,20.84386],[73.731023,20.84387],[73.731013,20.84388],[73.73101,20.843891],[73.731012,20.843896],[73.731007,20.8439],[73.731002,20.843898],[73.730999,20.843901],[73.731004,20.843919],[73.73098,20.843929],[73.730977,20.843947],[73.730969,20.843952],[73.730965,20.843962],[73.730957,20.843969],[73.730958,20.843974],[73.730952,20.843987],[73.730948,20.843991],[73.730944,20.844007],[73.730925,20.84404],[73.730913,20.844053],[73.730893,20.844064],[73.730888,20.844068],[73.730893,20.844084],[73.730891,20.844098],[73.730889,20.844101],[73.730872,20.844112],[73.73087,20.844118],[73.730871,20.844129],[73.730879,20.844148],[73.730876,20.844169],[73.730887,20.844201],[73.730883,20.844205],[73.730874,20.844203],[73.73087,20.844207],[73.73087,20.844217],[73.730864,20.844224],[73.730867,20.844239],[73.730864,20.844245]]}},{"type":"Feature","properties":{"elevation":341},"geometry":{"type":"LineString","coordinates":[[73.731673,20.844249],[73.731684,20.84424],[73.7317,20.844235],[73.731702,20.844228],[73.731711,20.844225]]}},{"type":"Feature","properties":{"elevation":342},"geometry":{"type":"LineString","coordinates":[[73.73174,20.844091],[73.731726,20.844086],[73.731718,20.84408],[73.731708,20.84408],[73.731703,20.844068],[73.731682,20.844065],[73.731679,20.844062],[73.731669,20.844044],[73.731664,20.84402],[73.731657,20.844022],[73.731646,20.844021],[73.731638,20.844004],[73.731628,20.843999],[73.731626,20.843986],[73.73163,20.843979],[73.731628,20.843973],[73.731632,20.84397],[73.731621,20.843962],[73.731619,20.843957],[73.73162,20.843936],[73.731616,20.843926],[73.731615,20.843914],[73.731619,20.84391],[73.73164,20.843906],[73.731643,20.843889],[73.731642,20.843884],[73.73163,20.843872],[73.731609,20.843859],[73.731607,20.843848],[73.731608,20.843841],[73.731622,20.843835],[73.731629,20.843826],[73.73163,20.843805],[73.731627,20.843795],[73.731632,20.843787],[73.731629,20.843783],[73.73163,20.843774],[73.731626,20.843768],[73.731629,20.843764],[73.731625,20.843756],[73.731628,20.843741],[73.731636,20.843736],[73.731629,20.843719],[73.731628,20.843711],[73.731631,20.843697],[73.731627,20.843685],[73.731629,20.843679],[73.731626,20.843672],[73.731626,20.843665],[73.731622,20.84366],[73.731629,20.843652],[73.731633,20.843641],[73.731637,20.84364],[73.731643,20.843629],[73.731641,20.843606],[73.731627,20.843577],[73.731629,20.843568],[73.731638,20.843556],[73.731646,20.843539],[73.731637,20.843528],[73.731632,20.843484],[73.731636,20.843482],[73.731637,20.843476],[73.731642,20.843473],[73.731642,20.843467],[73.731646,20.843461],[73.731666,20.843454],[73.731671,20.843447],[73.731668,20.843443],[73.731661,20.84344],[73.731645,20.843425],[73.731644,20.84342],[73.731638,20.843416],[73.731618,20.84337],[73.731607,20.843325],[73.731606,20.843303],[73.731608,20.843275],[73.731605,20.843261],[73.731608,20.843248],[73.731607,20.843242],[73.731612,20.843237],[73.731606,20.843232],[73.731606,20.843221],[73.731608,20.843207],[73.731614,20.843198],[73.731619,20.84317],[73.731616,20.843142],[73.731618,20.843133],[73.731624,20.843127],[73.73163,20.843099],[73.731629,20.843083],[73.731632,20.843076],[73.731637,20.843072],[73.731647,20.843057],[73.731654,20.843043],[73.731656,20.843029],[73.731653,20.84301],[73.731671,20.842988],[73.73167,20.842973],[73.731675,20.842956],[73.731675,20.842939],[73.731685,20.842939],[73.731688,20.842937],[73.731702,20.842919],[73.731712,20.8429],[73.731725,20.842895],[73.731729,20.842896],[73.731734,20.842893],[73.73174,20.842895],[73.731744,20.842893],[73.731748,20.842894],[73.731751,20.842888],[73.73175,20.842883],[73.731743,20.842883],[73.731731,20.842874],[73.73173,20.842868],[73.731715,20.842854],[73.731717,20.842848],[73.731714,20.842838],[73.731709,20.842835],[73.731713,20.84283],[73.731714,20.842826],[73.731706,20.842797],[73.731711,20.842783],[73.731719,20.842773],[73.731721,20.842756],[73.731731,20.842739],[73.731733,20.842727],[73.73173,20.842723],[73.731731,20.842718],[73.731735,20.842713],[73.731735,20.842708],[73.731743,20.842703],[73.73175,20.84269],[73.73175,20.84267],[73.731758,20.842652],[73.731764,20.842613],[73.731786,20.842583],[73.7318,20.842556],[73.731801,20.842549],[73.731821,20.84254],[73.731826,20.842529],[73.731842,20.842517],[73.731852,20.842502],[73.731854,20.842496],[73.731869,20.842493],[73.731881,20.842496],[73.731899,20.842492],[73.731917,20.842494],[73.731924,20.842485],[73.731911,20.84247],[73.731904,20.842467],[73.731892,20.842467],[73.731886,20.84246],[73.731881,20.84246],[73.731873,20.842455],[73.731875,20.842448],[73.731872,20.842445],[73.731873,20.842425],[73.731877,20.842417],[73.731873,20.842409],[73.73188,20.842396],[73.731882,20.842386],[73.731882,20.842374],[73.731885,20.84237],[73.731885,20.842362],[73.731882,20.842357],[73.731883,20.842341],[73.731874,20.842326],[73.731868,20.842308],[73.731871,20.842294],[73.731864,20.842276],[73.731864,20.842261],[73.731851,20.842237],[73.731849,20.842223],[73.73184,20.842212],[73.731839,20.84221],[73.731842,20.842208],[73.731837,20.842199],[73.731836,20.842193],[73.731835,20.842166],[73.731838,20.842151],[73.731858,20.842126],[73.731863,20.842105],[73.731899,20.84204],[73.7319,20.842011],[73.731903,20.841996],[73.73191,20.841979],[73.731927,20.841956],[73.731929,20.841951],[73.73193,20.841934],[73.731927,20.841929],[73.731921,20.841928],[73.73192,20.841925],[73.731921,20.841919],[73.731931,20.841909],[73.731933,20.841901],[73.731931,20.841896],[73.73193,20.841895],[73.731926,20.8419],[73.731922,20.841899],[73.731921,20.841887],[73.731912,20.841884],[73.731908,20.84188],[73.73191,20.841873],[73.731904,20.841862],[73.731901,20.841861],[73.731898,20.841864],[73.731895,20.841859],[73.731889,20.841853],[73.731888,20.841842],[73.731884,20.841842],[73.731882,20.841851],[73.73188,20.841851],[73.731874,20.841844],[73.731873,20.841836],[73.731871,20.841835],[73.731869,20.841836],[73.73187,20.841842],[73.731875,20.841854],[73.73187,20.84186],[73.731862,20.841853],[73.731864,20.841871],[73.731858,20.841884],[73.731863,20.841899],[73.731863,20.841915],[73.731868,20.841919],[73.731866,20.841925],[73.731868,20.841931],[73.731865,20.841932],[73.73186,20.841929],[73.731856,20.841938],[73.731847,20.841944],[73.731837,20.841947],[73.731823,20.841963],[73.731818,20.841974],[73.731801,20.841988],[73.7318,20.841995],[73.731786,20.842011],[73.731781,20.842025],[73.731774,20.842029],[73.731772,20.842033],[73.731764,20.842049],[73.731762,20.84206],[73.731745,20.842066],[73.731747,20.842081],[73.731744,20.842097],[73.731741,20.842101],[73.731741,20.842112],[73.731738,20.842115],[73.731739,20.842131],[73.731737,20.842136],[73.731729,20.842146],[73.731731,20.842157],[73.731724,20.842172],[73.731731,20.842181],[73.731732,20.842188],[73.731724,20.842201],[73.731718,20.842226],[73.731709,20.842243],[73.731712,20.842248],[73.731719,20.842249],[73.731714,20.842259],[73.731718,20.842266],[73.731704,20.842285],[73.731702,20.842298],[73.731705,20.842301],[73.731704,20.842305],[73.73171,20.842321],[73.731719,20.842333],[73.731719,20.842335],[73.731712,20.84234],[73.73171,20.842345],[73.731713,20.84235],[73.731721,20.842356],[73.731719,20.842376],[73.731723,20.842385],[73.731713,20.842397],[73.731692,20.842404],[73.731684,20.842414],[73.731679,20.842416],[73.731683,20.84243],[73.73168,20.842428],[73.731676,20.842421],[73.731664,20.842421],[73.731659,20.842428],[73.731644,20.842424],[73.73164,20.842426],[73.731636,20.842422],[73.731629,20.842421],[73.731617,20.842415],[73.731612,20.842416],[73.731617,20.84243],[73.731633,20.842454],[73.731636,20.842492],[73.731631,20.842494],[73.731627,20.842518],[73.731623,20.842523],[73.731624,20.842526],[73.731619,20.84253],[73.731618,20.842537],[73.731612,20.84254],[73.731613,20.842546],[73.731609,20.84255],[73.731602,20.842566],[73.731599,20.842582],[73.731595,20.842585],[73.731588,20.842601],[73.731581,20.842605],[73.731579,20.842614],[73.731571,20.842626],[73.731572,20.842633],[73.731557,20.842653],[73.731551,20.842672],[73.731543,20.842683],[73.731542,20.842687],[73.731529,20.842696],[73.731523,20.842711],[73.731512,20.842723],[73.73151,20.842728],[73.731503,20.842731],[73.731496,20.842737],[73.731492,20.842746],[73.731483,20.842755],[73.731473,20.84277],[73.731473,20.842774],[73.731476,20.842781],[73.731474,20.842789],[73.73148,20.842804],[73.731475,20.842805],[73.731473,20.842802],[73.731471,20.842802],[73.73147,20.842813],[73.731474,20.842817],[73.731473,20.842822],[73.731479,20.842832],[73.731473,20.842834],[73.73147,20.842833],[73.73147,20.84283],[73.731468,20.842831],[73.731465,20.842835],[73.731466,20.84284],[73.73146,20.842846],[73.731462,20.842852],[73.731459,20.842852],[73.731452,20.842857],[73.731451,20.84287],[73.731455,20.842877],[73.731455,20.84288],[73.731451,20.842887],[73.731445,20.842889],[73.731435,20.8429],[73.731432,20.842907],[73.731435,20.842911],[73.731429,20.842909],[73.731411,20.842913],[73.731388,20.842944],[73.731388,20.842961],[73.731371,20.843008],[73.731378,20.843013],[73.73138,20.843021],[73.731388,20.843031],[73.73139,20.843037],[73.731397,20.84304],[73.731396,20.843042],[73.731391,20.843042],[73.73139,20.843046],[73.731387,20.843044],[73.731385,20.843045],[73.731388,20.843058],[73.731387,20.843062],[73.731389,20.843064],[73.731385,20.843074],[73.731379,20.84308],[73.731376,20.843088],[73.73138,20.843098],[73.731369,20.843105],[73.731373,20.843115],[73.731366,20.843119],[73.731362,20.843109],[73.731359,20.843109],[73.73135,20.843123],[73.731349,20.843132],[73.731344,20.843141],[73.731332,20.843153],[73.731331,20.843159],[73.731327,20.84316],[73.731324,20.843167],[73.731326,20.843174],[73.731316,20.843175],[73.73131,20.843182],[73.731304,20.843184],[73.731303,20.843187],[73.731295,20.843187],[73.731296,20.843192],[73.731292,20.843197],[73.731277,20.843202],[73.731271,20.843207],[73.731265,20.843225],[73.731268,20.843233],[73.731266,20.843237],[73.73127,20.843251],[73.731267,20.843259],[73.731272,20.843264],[73.73127,20.843266],[73.731263,20.843265],[73.731258,20.843275],[73.731255,20.843283],[73.731256,20.8433],[73.73126,20.843309],[73.731261,20.843317],[73.73126,20.843326],[73.731254,20.84333],[73.731246,20.843354],[73.731239,20.843357],[73.731231,20.843356],[73.731229,20.843361],[73.731221,20.843362],[73.731208,20.843374],[73.731199,20.843377],[73.731188,20.843376],[73.731179,20.843395],[73.731156,20.843403],[73.731161,20.843414],[73.731154,20.843438],[73.73116,20.843455],[73.731156,20.843466],[73.73116,20.843474],[73.731147,20.84348],[73.73115,20.843482],[73.731147,20.843485],[73.731142,20.843482],[73.731137,20.843512],[73.731142,20.84352],[73.731136,20.843531],[73.731136,20.843547],[73.731115,20.843596],[73.731116,20.843602],[73.731111,20.843604],[73.731097,20.84363],[73.731094,20.843642],[73.731087,20.843651],[73.731085,20.843662],[73.731078,20.84367],[73.731077,20.84368],[73.731068,20.843685],[73.731059,20.84371],[73.731064,20.843723],[73.731061,20.843738],[73.731057,20.843744],[73.731051,20.843748],[73.73105,20.843759],[73.731044,20.843764],[73.731035,20.843762],[73.731031,20.843764],[73.73102,20.843798],[73.730988,20.843833],[73.730982,20.84385],[73.730962,20.84389],[73.730964,20.843916],[73.730958,20.843918],[73.730955,20.843925],[73.730944,20.843932],[73.730941,20.843937],[73.730939,20.843953],[73.730927,20.843973],[73.730926,20.843984],[73.730922,20.84399],[73.730917,20.844012],[73.730913,20.84402],[73.730896,20.844043],[73.730884,20.84405],[73.730879,20.844049],[73.730866,20.844059],[73.730867,20.844078],[73.730862,20.844086],[73.730859,20.844097],[73.730866,20.844115],[73.730866,20.844123],[73.730863,20.844132],[73.730847,20.844154],[73.730848,20.844171],[73.730847,20.844175],[73.730842,20.844175],[73.73084,20.844178],[73.730851,20.844189],[73.730846,20.844197],[73.730844,20.844208],[73.730835,20.844217],[73.730833,20.844221],[73.730838,20.844233],[73.730849,20.844243],[73.730849,20.844245]]}},{"type":"Feature","properties":{"elevation":343},"geometry":{"type":"LineString","coordinates":[[73.731747,20.844059],[73.731738,20.844056],[73.731723,20.844048],[73.731717,20.844048],[73.731709,20.844041],[73.731696,20.84404],[73.731685,20.844047],[73.731679,20.844046],[73.731675,20.84403],[73.731675,20.844009],[73.731671,20.843993],[73.731668,20.84399],[73.731662,20.843988],[73.731644,20.843994],[73.731632,20.843995],[73.731629,20.843985],[73.731632,20.84398],[73.731632,20.843975],[73.731636,20.843974],[73.731635,20.843965],[73.731624,20.843959],[73.731622,20.843956],[73.731624,20.843939],[73.731622,20.843921],[73.731623,20.843916],[73.731648,20.843908],[73.731654,20.843899],[73.731662,20.843902],[73.731665,20.843899],[73.731661,20.843889],[73.731654,20.843892],[73.731653,20.843889],[73.731655,20.843872],[73.731659,20.84387],[73.731661,20.843866],[73.731656,20.843846],[73.731656,20.843837],[73.73165,20.843828],[73.731656,20.843808],[73.731654,20.843794],[73.731655,20.843788],[73.731652,20.843783],[73.731652,20.843777],[73.731662,20.843757],[73.731656,20.843731],[73.731663,20.843696],[73.731667,20.843693],[73.731668,20.843688],[73.731668,20.843674],[73.731673,20.843661],[73.731669,20.843655],[73.731675,20.84365],[73.731673,20.843643],[73.731676,20.843635],[73.731697,20.843615],[73.731675,20.843582],[73.731675,20.843577],[73.731682,20.843569],[73.731684,20.843543],[73.73168,20.843534],[73.731679,20.843521],[73.731683,20.843497],[73.731672,20.843477],[73.731673,20.843475],[73.731678,20.843474],[73.731684,20.843469],[73.73169,20.84346],[73.731694,20.843459],[73.731713,20.843445],[73.731715,20.843441],[73.731711,20.843432],[73.731707,20.843428],[73.731697,20.843427],[73.731681,20.84342],[73.73168,20.84341],[73.731673,20.843407],[73.731661,20.843392],[73.731661,20.843384],[73.731651,20.843366],[73.731651,20.84336],[73.731646,20.843351],[73.731637,20.843346],[73.73164,20.843335],[73.731639,20.843325],[73.731635,20.843313],[73.731636,20.843304],[73.731631,20.843288],[73.731638,20.843268],[73.731642,20.843245],[73.731653,20.843227],[73.73165,20.84321],[73.73165,20.843191],[73.731643,20.843179],[73.731644,20.843167],[73.731641,20.843155],[73.731643,20.843146],[73.731647,20.843141],[73.731646,20.843139],[73.731642,20.84314],[73.731641,20.843131],[73.731648,20.843119],[73.731651,20.843105],[73.731662,20.843093],[73.731659,20.843083],[73.731672,20.843063],[73.73167,20.843054],[73.731677,20.843044],[73.73167,20.843035],[73.731675,20.843031],[73.731677,20.84302],[73.731683,20.843011],[73.731685,20.843004],[73.731682,20.842993],[73.731692,20.842989],[73.731698,20.842983],[73.731705,20.842967],[73.731714,20.842955],[73.731718,20.842944],[73.731729,20.842942],[73.731734,20.842936],[73.731746,20.842927],[73.731761,20.84292],[73.731765,20.842913],[73.731776,20.842913],[73.731785,20.842905],[73.731789,20.842898],[73.731781,20.842886],[73.731776,20.842885],[73.731764,20.842867],[73.731755,20.84286],[73.731748,20.842845],[73.73173,20.842825],[73.731729,20.842822],[73.731747,20.842787],[73.731737,20.84278],[73.731741,20.84277],[73.731749,20.842759],[73.731749,20.842752],[73.731753,20.842745],[73.731754,20.842726],[73.731762,20.842718],[73.731778,20.84268],[73.731776,20.842674],[73.731781,20.842663],[73.73178,20.842657],[73.731783,20.842645],[73.731783,20.842627],[73.731787,20.842614],[73.731811,20.842585],[73.731823,20.842582],[73.731824,20.842569],[73.731835,20.842557],[73.73186,20.842545],[73.731874,20.842535],[73.731884,20.842532],[73.731893,20.842521],[73.731898,20.842518],[73.731918,20.842516],[73.731938,20.842522],[73.73196,20.842542],[73.731977,20.842544],[73.731985,20.842542],[73.731995,20.842528],[73.731994,20.84252],[73.731995,20.842512],[73.731972,20.842513],[73.731965,20.842509],[73.73196,20.84249],[73.731964,20.842487],[73.731967,20.842479],[73.731963,20.84246],[73.731951,20.842454],[73.731948,20.842446],[73.73194,20.842446],[73.731927,20.84245],[73.731909,20.842443],[73.731907,20.842437],[73.731912,20.842429],[73.731903,20.842414],[73.731905,20.84241],[73.731904,20.84239],[73.731908,20.842385],[73.731908,20.842376],[73.7319,20.842356],[73.731902,20.842345],[73.7319,20.842323],[73.73191,20.8423],[73.731913,20.842274],[73.731904,20.842247],[73.731909,20.84223],[73.73191,20.842207],[73.731921,20.842186],[73.731922,20.842178],[73.731899,20.842152],[73.731866,20.842126],[73.731864,20.842119],[73.73187,20.842101],[73.731901,20.84204],[73.731902,20.842011],[73.73191,20.841985],[73.731931,20.841952],[73.731933,20.841939],[73.73194,20.841921],[73.731942,20.8419],[73.731951,20.841885],[73.731948,20.841871],[73.731949,20.841851],[73.731943,20.841836],[73.731923,20.841814],[73.731911,20.841781],[73.73191,20.841774],[73.731919,20.841744],[73.731901,20.841731],[73.7319,20.841717],[73.731895,20.8417],[73.731877,20.84169],[73.731885,20.841678],[73.731882,20.841647],[73.731872,20.841621],[73.731866,20.841585],[73.731861,20.841576],[73.731861,20.841565],[73.731856,20.841551],[73.731852,20.841521],[73.731848,20.841518],[73.731841,20.841534],[73.731837,20.841537],[73.731838,20.841541],[73.731831,20.841547],[73.731835,20.841552],[73.731834,20.841568],[73.731835,20.841584],[73.731842,20.841597],[73.731847,20.841648],[73.731855,20.84167],[73.73186,20.841669],[73.731865,20.841675],[73.731872,20.841673],[73.731872,20.841676],[73.731869,20.841676],[73.731874,20.84168],[73.731867,20.841683],[73.731865,20.841691],[73.73185,20.841714],[73.731846,20.841714],[73.731841,20.841709],[73.731835,20.841708],[73.73183,20.841696],[73.731824,20.841693],[73.731813,20.841695],[73.731811,20.841699],[73.731806,20.8417],[73.731791,20.84169],[73.731787,20.841683],[73.731779,20.84168],[73.731781,20.841678],[73.731777,20.841676],[73.731765,20.841665],[73.731765,20.841662],[73.731748,20.841639],[73.731739,20.841633],[73.731735,20.841634],[73.731741,20.841636],[73.731739,20.84165],[73.731745,20.841672],[73.731739,20.841675],[73.731698,20.841665],[73.73169,20.841662],[73.731684,20.841655],[73.731679,20.841655],[73.731677,20.841651],[73.731674,20.841652],[73.731663,20.841648],[73.731662,20.841642],[73.731659,20.84164],[73.731656,20.841644],[73.731656,20.84165],[73.731647,20.841653],[73.731638,20.84164],[73.731638,20.841626],[73.731635,20.841626],[73.731634,20.841632],[73.731629,20.841631],[73.731622,20.841634],[73.731627,20.841668],[73.731649,20.841677],[73.731661,20.841693],[73.73167,20.841692],[73.731677,20.841702],[73.731684,20.841703],[73.731717,20.841725],[73.731742,20.84175],[73.73175,20.841764],[73.731766,20.841782],[73.731771,20.841783],[73.731777,20.841782],[73.731782,20.841777],[73.731789,20.84178],[73.731786,20.841804],[73.731789,20.841815],[73.731799,20.841824],[73.731801,20.841835],[73.731801,20.841859],[73.731796,20.841857],[73.7318,20.841862],[73.731799,20.841867],[73.731796,20.841872],[73.731796,20.841884],[73.731789,20.84189],[73.731783,20.841891],[73.731776,20.841888],[73.731776,20.841891],[73.73178,20.841895],[73.731775,20.841901],[73.731774,20.841905],[73.731768,20.841902],[73.731766,20.841905],[73.731751,20.841904],[73.731746,20.841911],[73.731747,20.841915],[73.731756,20.841923],[73.731757,20.841926],[73.731748,20.841934],[73.731747,20.84195],[73.731744,20.841958],[73.731745,20.841971],[73.731747,20.841975],[73.731746,20.841978],[73.731757,20.841992],[73.731752,20.842003],[73.731744,20.842009],[73.731742,20.842022],[73.731739,20.842024],[73.731734,20.842036],[73.731732,20.842061],[73.731734,20.842076],[73.731737,20.842081],[73.731731,20.842083],[73.731728,20.842088],[73.731732,20.842131],[73.731723,20.842146],[73.731723,20.84215],[73.731727,20.842158],[73.73172,20.84217],[73.731721,20.842177],[73.731724,20.842177],[73.731728,20.842186],[73.731721,20.8422],[73.731715,20.842224],[73.731705,20.842229],[73.731701,20.842251],[73.731691,20.842268],[73.731685,20.84229],[73.73169,20.8423],[73.731689,20.842303],[73.731673,20.84231],[73.731666,20.84231],[73.731663,20.842314],[73.731658,20.842312],[73.731649,20.842333],[73.731644,20.842336],[73.731635,20.842338],[73.731628,20.842336],[73.731615,20.842344],[73.731593,20.842345],[73.731577,20.842351],[73.731574,20.842355],[73.731544,20.842355],[73.731537,20.842361],[73.731524,20.842367],[73.731521,20.842372],[73.731516,20.842373],[73.731519,20.842376],[73.731518,20.842384],[73.731513,20.842384],[73.731511,20.842392],[73.731505,20.842391],[73.731501,20.842386],[73.731492,20.842384],[73.731487,20.842381],[73.731481,20.842384],[73.731481,20.842393],[73.731496,20.842402],[73.731513,20.842405],[73.731521,20.842411],[73.731523,20.84241],[73.731522,20.842406],[73.731529,20.842406],[73.731531,20.842412],[73.731524,20.842415],[73.731528,20.842419],[73.731534,20.842417],[73.731545,20.842406],[73.731551,20.842405],[73.73156,20.842409],[73.731581,20.842435],[73.731593,20.842442],[73.731597,20.842451],[73.731597,20.842472],[73.731603,20.842496],[73.7316,20.842499],[73.731599,20.842511],[73.731593,20.842527],[73.731597,20.84254],[73.731572,20.842563],[73.73156,20.842578],[73.73156,20.842587],[73.73155,20.842594],[73.731551,20.842607],[73.731558,20.842618],[73.731556,20.842623],[73.731551,20.842624],[73.731544,20.842619],[73.73154,20.84262],[73.731532,20.842631],[73.731533,20.84264],[73.73153,20.842642],[73.73153,20.842645],[73.731525,20.842647],[73.731525,20.842651],[73.73152,20.842652],[73.731519,20.84266],[73.731499,20.842689],[73.731486,20.842695],[73.731481,20.842702],[73.731471,20.842707],[73.731461,20.842718],[73.731462,20.842725],[73.731455,20.842727],[73.731443,20.842736],[73.731437,20.842746],[73.73142,20.842749],[73.73142,20.842753],[73.731415,20.842757],[73.731415,20.842773],[73.731412,20.842775],[73.731411,20.842779],[73.731408,20.842776],[73.731405,20.842777],[73.731407,20.842788],[73.731404,20.842794],[73.731405,20.842797],[73.731415,20.842805],[73.731416,20.842809],[73.731414,20.842813],[73.731421,20.842821],[73.731421,20.842824],[73.731416,20.842825],[73.73141,20.842817],[73.731406,20.842816],[73.731397,20.842822],[73.73139,20.842819],[73.731388,20.842824],[73.731389,20.842832],[73.731375,20.842832],[73.73137,20.84283],[73.731355,20.842861],[73.731351,20.842864],[73.731345,20.842864],[73.731339,20.842873],[73.731329,20.842899],[73.731329,20.842908],[73.731316,20.842909],[73.731314,20.842917],[73.731315,20.842921],[73.731312,20.842928],[73.731314,20.842932],[73.731317,20.842958],[73.731323,20.842973],[73.73132,20.842978],[73.731309,20.84298],[73.731306,20.842986],[73.731309,20.842989],[73.731321,20.842989],[73.731324,20.842993],[73.731319,20.842996],[73.731313,20.842995],[73.731313,20.843017],[73.731302,20.843015],[73.731293,20.843018],[73.731291,20.84302],[73.731298,20.843028],[73.731319,20.843045],[73.731323,20.843058],[73.731307,20.843073],[73.731298,20.843086],[73.731298,20.843094],[73.731294,20.843101],[73.731274,20.843101],[73.73126,20.843112],[73.731252,20.843121],[73.731237,20.843151],[73.731238,20.84317],[73.731224,20.843188],[73.731222,20.843201],[73.731213,20.843208],[73.731208,20.843218],[73.731205,20.84322],[73.731202,20.843226],[73.731202,20.843243],[73.731204,20.843254],[73.731209,20.843256],[73.731213,20.843262],[73.731212,20.843273],[73.731192,20.843279],[73.731187,20.843288],[73.731193,20.843295],[73.731195,20.843293],[73.731206,20.843297],[73.731218,20.843305],[73.73122,20.843309],[73.731197,20.843335],[73.731185,20.843351],[73.731174,20.843356],[73.73117,20.843351],[73.731171,20.843347],[73.731163,20.843349],[73.731153,20.843361],[73.731145,20.843363],[73.731134,20.843374],[73.731129,20.843375],[73.731127,20.843384],[73.731124,20.843384],[73.731119,20.84339],[73.731087,20.843379],[73.731081,20.843379],[73.731078,20.843382],[73.731074,20.843397],[73.731077,20.843402],[73.731072,20.843404],[73.731077,20.843414],[73.731074,20.843431],[73.731076,20.843439],[73.731089,20.843448],[73.731092,20.843453],[73.731083,20.843459],[73.731079,20.843466],[73.731082,20.843473],[73.731081,20.843482],[73.731079,20.843484],[73.731089,20.843486],[73.73109,20.84349],[73.731089,20.843492],[73.731084,20.843493],[73.731089,20.843494],[73.731089,20.843499],[73.731084,20.843497],[73.731081,20.843502],[73.731085,20.843511],[73.731082,20.843518],[73.731085,20.843521],[73.731083,20.843526],[73.731087,20.843535],[73.731084,20.843539],[73.731083,20.843559],[73.731078,20.843568],[73.731073,20.843599],[73.731067,20.843609],[73.731066,20.84362],[73.731058,20.843633],[73.731053,20.843648],[73.731037,20.843665],[73.731028,20.843689],[73.731023,20.843695],[73.731015,20.843715],[73.73101,20.843721],[73.731006,20.843733],[73.73101,20.843735],[73.73101,20.843741],[73.731005,20.843747],[73.731001,20.843762],[73.730994,20.84376],[73.730985,20.843771],[73.730969,20.843781],[73.730971,20.843789],[73.730983,20.843797],[73.730992,20.843808],[73.730994,20.843814],[73.730991,20.843821],[73.730982,20.843829],[73.73096,20.843829],[73.730951,20.843842],[73.730951,20.843847],[73.730947,20.843845],[73.730945,20.843849],[73.730938,20.843854],[73.730939,20.843862],[73.730932,20.843869],[73.730931,20.843874],[73.730926,20.843875],[73.730927,20.843882],[73.730922,20.843902],[73.730926,20.84391],[73.730923,20.843914],[73.730916,20.843917],[73.730914,20.843936],[73.730904,20.843958],[73.730905,20.843967],[73.73089,20.844019],[73.730885,20.844025],[73.730877,20.844029],[73.730866,20.84403],[73.730855,20.84404],[73.730841,20.844043],[73.730843,20.844055],[73.730848,20.844066],[73.730843,20.844077],[73.730846,20.844094],[73.730835,20.844105],[73.730821,20.844134],[73.73082,20.844168],[73.730822,20.844181],[73.730819,20.844193],[73.730827,20.844217],[73.730825,20.844222],[73.730816,20.844228],[73.73081,20.844245]]}},{"type":"Feature","properties":{"elevation":344},"geometry":{"type":"LineString","coordinates":[[73.73176,20.844001],[73.731747,20.844002],[73.731724,20.843994],[73.731722,20.843995],[73.73172,20.843999],[73.731717,20.844],[73.731714,20.843996],[73.731714,20.84399],[73.731706,20.843989],[73.731699,20.843981],[73.731701,20.843963],[73.731707,20.843957],[73.731702,20.843953],[73.731707,20.843941],[73.731702,20.843917],[73.731695,20.843905],[73.731697,20.843881],[73.731689,20.843865],[73.731686,20.843851],[73.731686,20.843831],[73.731682,20.843809],[73.731684,20.843798],[73.731682,20.843794],[73.731685,20.843787],[73.731678,20.843771],[73.731671,20.843761],[73.731669,20.843753],[73.731677,20.843747],[73.731678,20.843737],[73.731675,20.843733],[73.731678,20.843725],[73.731692,20.843707],[73.731695,20.843694],[73.731699,20.843691],[73.731706,20.843677],[73.731714,20.843671],[73.731714,20.843665],[73.731716,20.843663],[73.731716,20.84365],[73.731714,20.843645],[73.731723,20.843639],[73.731715,20.843622],[73.731707,20.843617],[73.731707,20.843599],[73.731712,20.843595],[73.731719,20.843599],[73.731722,20.843604],[73.731722,20.843611],[73.731716,20.843617],[73.731718,20.84362],[73.731729,20.843619],[73.731733,20.843604],[73.73173,20.843602],[73.731731,20.843598],[73.731726,20.843596],[73.731721,20.843589],[73.731715,20.843585],[73.731709,20.84357],[73.731712,20.843569],[73.73171,20.843565],[73.731705,20.843562],[73.731696,20.843547],[73.731695,20.843539],[73.731691,20.843529],[73.731691,20.843521],[73.731699,20.84351],[73.731694,20.843502],[73.731706,20.843495],[73.731718,20.843494],[73.731727,20.843489],[73.731749,20.843454],[73.731758,20.843448],[73.731757,20.843439],[73.731748,20.843422],[73.731754,20.843406],[73.731753,20.843404],[73.731746,20.843404],[73.73174,20.843397],[73.731737,20.843396],[73.731734,20.843399],[73.731726,20.843395],[73.731704,20.843374],[73.731692,20.843371],[73.731677,20.843348],[73.731677,20.843334],[73.73167,20.843323],[73.731669,20.843315],[73.731665,20.843305],[73.731666,20.843295],[73.731663,20.843292],[73.731663,20.843284],[73.731645,20.843257],[73.731645,20.843246],[73.731657,20.843229],[73.731655,20.843197],[73.731669,20.843172],[73.731667,20.843157],[73.731674,20.84315],[73.731675,20.843138],[73.73168,20.843131],[73.731676,20.843097],[73.731683,20.843092],[73.731702,20.843084],[73.731708,20.843069],[73.73171,20.84306],[73.731706,20.843047],[73.731708,20.843014],[73.731712,20.843002],[73.731726,20.842989],[73.731726,20.842983],[73.731732,20.842976],[73.73174,20.842975],[73.731751,20.842962],[73.731768,20.842955],[73.73178,20.84294],[73.731802,20.842929],[73.731807,20.842921],[73.731817,20.842919],[73.731819,20.842917],[73.731819,20.842908],[73.731821,20.842904],[73.731817,20.842901],[73.731817,20.842897],[73.731825,20.842883],[73.731825,20.842877],[73.731813,20.84287],[73.731797,20.842868],[73.731781,20.842858],[73.731776,20.842851],[73.731772,20.842838],[73.731762,20.842826],[73.731756,20.842804],[73.731766,20.842778],[73.731765,20.842765],[73.731763,20.842761],[73.731767,20.842759],[73.731768,20.842753],[73.731774,20.842746],[73.73178,20.84272],[73.731786,20.842715],[73.731791,20.842707],[73.731803,20.842674],[73.731808,20.842653],[73.731808,20.842637],[73.731812,20.842615],[73.731832,20.842581],[73.731855,20.842563],[73.73188,20.842549],[73.731883,20.842544],[73.731893,20.842546],[73.731906,20.84254],[73.731919,20.842544],[73.731946,20.84254],[73.731957,20.842547],[73.73197,20.842547],[73.731974,20.84255],[73.731976,20.842556],[73.731993,20.842564],[73.732006,20.842576],[73.732032,20.842577],[73.732036,20.842576],[73.732038,20.842573],[73.732032,20.842537],[73.732028,20.842533],[73.73202,20.842529],[73.732018,20.842519],[73.732011,20.842509],[73.732009,20.842502],[73.732012,20.842493],[73.732007,20.842472],[73.732002,20.842464],[73.731986,20.842456],[73.731981,20.842457],[73.731956,20.842439],[73.73194,20.842437],[73.731931,20.842431],[73.731925,20.842423],[73.731932,20.842405],[73.731927,20.842391],[73.731925,20.842369],[73.73193,20.842344],[73.731937,20.842331],[73.731926,20.842316],[73.73193,20.842306],[73.731926,20.842295],[73.73193,20.842272],[73.731926,20.842262],[73.731928,20.842251],[73.731927,20.842245],[73.731918,20.842235],[73.731913,20.84221],[73.731927,20.842178],[73.731922,20.842169],[73.731907,20.842155],[73.731887,20.842131],[73.731908,20.842121],[73.731912,20.842113],[73.731911,20.84211],[73.731905,20.842105],[73.731889,20.842102],[73.731882,20.842094],[73.731887,20.842076],[73.731903,20.842042],[73.731904,20.842012],[73.731908,20.841994],[73.731915,20.841977],[73.731933,20.841951],[73.731942,20.841921],[73.731944,20.841902],[73.731953,20.841888],[73.73195,20.841871],[73.731951,20.841846],[73.731944,20.841834],[73.731926,20.841814],[73.731914,20.841778],[73.731931,20.841734],[73.731935,20.841709],[73.731951,20.841683],[73.731946,20.841678],[73.731937,20.841673],[73.731927,20.841664],[73.731921,20.841643],[73.731902,20.841615],[73.731899,20.841594],[73.731903,20.841565],[73.73191,20.841541],[73.731913,20.841542],[73.73192,20.841534],[73.731911,20.841522],[73.731913,20.841515],[73.731908,20.841506],[73.731901,20.8415],[73.731896,20.841501],[73.731889,20.841498],[73.73189,20.84149],[73.731893,20.841486],[73.731887,20.841482],[73.731891,20.841476],[73.731889,20.841471],[73.73189,20.841465],[73.731886,20.841455],[73.731883,20.841456],[73.73187,20.841446],[73.731871,20.841432],[73.731874,20.841428],[73.731857,20.841384],[73.731858,20.841377],[73.731856,20.841371],[73.73186,20.841363],[73.731866,20.841359],[73.731878,20.841345],[73.731883,20.841326],[73.731887,20.841319],[73.731896,20.841314],[73.731901,20.841305],[73.731905,20.841303],[73.731917,20.841289],[73.731916,20.841283],[73.731924,20.841284],[73.731926,20.841279],[73.731919,20.841281],[73.731915,20.841269],[73.731917,20.841262],[73.731918,20.841271],[73.731924,20.841277],[73.731927,20.841277],[73.731927,20.841271],[73.731921,20.841263],[73.731925,20.841258],[73.731915,20.841253],[73.731904,20.84126],[73.7319,20.84126],[73.731899,20.841264],[73.731893,20.841266],[73.731887,20.841274],[73.731869,20.841282],[73.731853,20.841293],[73.731848,20.841299],[73.731844,20.841301],[73.731824,20.841297],[73.731825,20.841301],[73.73182,20.841301],[73.731817,20.841285],[73.731813,20.841281],[73.731809,20.841282],[73.731805,20.841279],[73.731806,20.841269],[73.73181,20.841266],[73.731818,20.841249],[73.731823,20.841224],[73.731829,20.841216],[73.731829,20.841211],[73.731832,20.841204],[73.731829,20.841199],[73.731833,20.841197],[73.731838,20.841182],[73.731843,20.841176],[73.731847,20.841157],[73.731846,20.841147],[73.731851,20.841138],[73.731844,20.841135],[73.731836,20.841138],[73.73184,20.84114],[73.73184,20.841143],[73.731837,20.841144],[73.731832,20.841142],[73.731829,20.841144],[73.731831,20.841151],[73.731828,20.841156],[73.731821,20.841157],[73.731826,20.841161],[73.731825,20.841175],[73.731821,20.841182],[73.731815,20.841186],[73.731817,20.841191],[73.731815,20.841199],[73.731809,20.841206],[73.731797,20.841212],[73.731795,20.841225],[73.731778,20.841239],[73.731773,20.84125],[73.731773,20.841255],[73.731759,20.841277],[73.731752,20.841275],[73.731743,20.841282],[73.731735,20.841295],[73.731716,20.841316],[73.731711,20.841318],[73.731703,20.841326],[73.731707,20.841329],[73.731705,20.841333],[73.73171,20.841336],[73.73171,20.84134],[73.731704,20.841356],[73.731684,20.841381],[73.731676,20.841401],[73.731665,20.841416],[73.731651,20.841451],[73.731653,20.841466],[73.731651,20.841472],[73.731646,20.841478],[73.731647,20.841486],[73.731642,20.841492],[73.731635,20.841489],[73.731629,20.841489],[73.731627,20.841492],[73.731623,20.841516],[73.731624,20.841528],[73.731627,20.841531],[73.731632,20.841531],[73.731639,20.841548],[73.731636,20.841551],[73.731635,20.841565],[73.731627,20.841568],[73.731628,20.841578],[73.731624,20.841582],[73.731616,20.841585],[73.731616,20.841589],[73.731612,20.841592],[73.73161,20.841609],[73.731612,20.841633],[73.731609,20.841641],[73.73161,20.841648],[73.73162,20.841657],[73.731623,20.841668],[73.731637,20.841676],[73.731647,20.841689],[73.73166,20.841695],[73.731668,20.841694],[73.731675,20.841704],[73.731679,20.841706],[73.731684,20.841711],[73.731689,20.841712],[73.731695,20.841727],[73.731691,20.841739],[73.731687,20.841742],[73.731688,20.841749],[73.731691,20.841752],[73.73169,20.841768],[73.731695,20.841788],[73.731694,20.841808],[73.731702,20.84185],[73.731713,20.841888],[73.731709,20.841906],[73.731715,20.84192],[73.731713,20.841939],[73.731724,20.841981],[73.731721,20.84199],[73.731722,20.841998],[73.731717,20.842009],[73.731716,20.842024],[73.73172,20.842033],[73.731715,20.842048],[73.731713,20.842084],[73.731718,20.842091],[73.731715,20.842093],[73.73171,20.842101],[73.731714,20.842117],[73.731718,20.842121],[73.731715,20.842127],[73.731716,20.84214],[73.731714,20.842147],[73.731702,20.842157],[73.731698,20.842169],[73.731703,20.842185],[73.731702,20.842191],[73.731697,20.842195],[73.731696,20.842201],[73.731686,20.842213],[73.731679,20.842227],[73.731676,20.84224],[73.731672,20.842242],[73.731642,20.842281],[73.731626,20.842294],[73.73161,20.842302],[73.731606,20.842302],[73.7316,20.842307],[73.731598,20.842302],[73.731594,20.842305],[73.73158,20.842306],[73.731565,20.842313],[73.73156,20.842312],[73.731549,20.842316],[73.731544,20.842322],[73.731534,20.842325],[73.731521,20.842323],[73.731515,20.842326],[73.731488,20.842322],[73.731486,20.842326],[73.731488,20.842329],[73.731487,20.842334],[73.73148,20.842341],[73.731477,20.842349],[73.731473,20.842352],[73.731465,20.842348],[73.73146,20.842338],[73.731462,20.842322],[73.731444,20.842307],[73.731433,20.842308],[73.73143,20.842305],[73.731427,20.842312],[73.731421,20.842312],[73.73143,20.842327],[73.731436,20.84233],[73.731431,20.842334],[73.731432,20.842338],[73.731438,20.842338],[73.731436,20.842333],[73.731439,20.842331],[73.731441,20.842333],[73.731442,20.842344],[73.731434,20.842353],[73.731425,20.842355],[73.731427,20.842359],[73.731432,20.84236],[73.731431,20.84237],[73.731427,20.842372],[73.731419,20.842373],[73.731408,20.842381],[73.731409,20.842395],[73.731404,20.842397],[73.731406,20.842412],[73.731411,20.842418],[73.731414,20.842419],[73.731426,20.842419],[73.731432,20.842412],[73.731441,20.842407],[73.731458,20.842414],[73.73148,20.842414],[73.731497,20.84242],[73.731496,20.842426],[73.731499,20.842427],[73.731523,20.842426],[73.731533,20.842428],[73.731549,20.842442],[73.731564,20.842449],[73.731579,20.842485],[73.731575,20.84249],[73.731578,20.842493],[73.731573,20.842494],[73.731573,20.8425],[73.73157,20.842505],[73.731564,20.842545],[73.731561,20.842548],[73.731545,20.842556],[73.73153,20.84257],[73.731528,20.842577],[73.731531,20.842585],[73.73153,20.84259],[73.731521,20.842605],[73.73149,20.842628],[73.731493,20.842651],[73.731483,20.842659],[73.731477,20.84267],[73.731462,20.842672],[73.731426,20.842665],[73.731422,20.842667],[73.73142,20.84267],[73.731417,20.842696],[73.731406,20.842719],[73.731393,20.84273],[73.731391,20.842739],[73.731385,20.84274],[73.731383,20.842745],[73.73138,20.842743],[73.731382,20.842738],[73.731386,20.842737],[73.731384,20.842732],[73.731374,20.842731],[73.731369,20.842737],[73.731365,20.842748],[73.731359,20.842751],[73.731354,20.84276],[73.731348,20.842762],[73.731348,20.842767],[73.731341,20.842777],[73.731326,20.842787],[73.731322,20.842799],[73.731319,20.842801],[73.731317,20.84281],[73.731314,20.842813],[73.731317,20.842819],[73.731313,20.842816],[73.73131,20.842817],[73.73131,20.842843],[73.731299,20.842844],[73.731287,20.842857],[73.731286,20.842867],[73.731291,20.842869],[73.731294,20.842875],[73.731301,20.842883],[73.731293,20.842884],[73.731287,20.842901],[73.731278,20.842909],[73.731276,20.842926],[73.73128,20.842935],[73.731277,20.84294],[73.731279,20.842948],[73.731274,20.842953],[73.731271,20.842977],[73.731264,20.84299],[73.731267,20.842993],[73.731274,20.842994],[73.731274,20.842999],[73.731267,20.843008],[73.731249,20.843017],[73.731243,20.843022],[73.731242,20.843037],[73.731238,20.843052],[73.731241,20.84306],[73.731229,20.843084],[73.731231,20.843101],[73.731241,20.843113],[73.731243,20.843125],[73.731225,20.843147],[73.731205,20.843159],[73.73118,20.843177],[73.731173,20.843187],[73.731161,20.843219],[73.731148,20.843237],[73.731127,20.843254],[73.731114,20.84327],[73.731114,20.843284],[73.731123,20.843296],[73.731128,20.843297],[73.73113,20.843305],[73.731129,20.843311],[73.731124,20.843314],[73.731127,20.843323],[73.731123,20.84333],[73.731119,20.843334],[73.731112,20.843332],[73.731104,20.843333],[73.731102,20.843342],[73.731081,20.843369],[73.731076,20.843373],[73.731027,20.843392],[73.731004,20.843391],[73.730996,20.843399],[73.730998,20.843409],[73.731006,20.843414],[73.731007,20.843418],[73.730987,20.843453],[73.730985,20.84347],[73.731018,20.84348],[73.731026,20.843485],[73.731031,20.843492],[73.731034,20.843509],[73.731028,20.843526],[73.731031,20.843528],[73.731031,20.843536],[73.731023,20.843546],[73.731025,20.843565],[73.731008,20.843593],[73.731009,20.843611],[73.731011,20.843617],[73.731004,20.843621],[73.731001,20.843636],[73.731002,20.843641],[73.730993,20.843657],[73.730992,20.843682],[73.730982,20.843684],[73.730981,20.84369],[73.730978,20.843691],[73.730974,20.843696],[73.730973,20.843708],[73.730969,20.843713],[73.730949,20.843714],[73.730941,20.843719],[73.73093,20.843748],[73.730917,20.843764],[73.73091,20.843777],[73.730918,20.843793],[73.730936,20.843818],[73.730913,20.843847],[73.730893,20.843855],[73.73089,20.84386],[73.73089,20.843869],[73.730902,20.843883],[73.730897,20.843887],[73.730898,20.843893],[73.730891,20.843903],[73.73089,20.843922],[73.730885,20.843931],[73.730881,20.843952],[73.730872,20.843975],[73.730874,20.84398],[73.730866,20.844008],[73.730868,20.844014],[73.730861,20.844024],[73.730852,20.844025],[73.730838,20.844035],[73.73082,20.844037],[73.730816,20.844042],[73.730819,20.844059],[73.730818,20.844072],[73.730814,20.844075],[73.730813,20.844086],[73.730808,20.844092],[73.730806,20.844099],[73.730807,20.84411],[73.730803,20.844115],[73.730805,20.844116],[73.730805,20.844121],[73.730796,20.844136],[73.730793,20.844146],[73.730796,20.844153],[73.730813,20.844168],[73.730818,20.84418],[73.730814,20.844188],[73.730803,20.844199],[73.730803,20.844211],[73.730798,20.844212],[73.730794,20.844219],[73.73079,20.844234],[73.730793,20.844245]]}},{"type":"Feature","properties":{"elevation":345},"geometry":{"type":"LineString","coordinates":[[73.731771,20.843953],[73.731746,20.843943],[73.731744,20.843934],[73.731736,20.843925],[73.731737,20.843918],[73.731733,20.84391],[73.731728,20.843905],[73.731725,20.84391],[73.731723,20.843905],[73.731725,20.8439],[73.731733,20.843893],[73.731727,20.843889],[73.731725,20.843874],[73.731726,20.843871],[73.731733,20.843871],[73.731736,20.843869],[73.731734,20.843862],[73.731736,20.843859],[73.731733,20.843855],[73.731735,20.84385],[73.73173,20.843843],[73.731722,20.843818],[73.731722,20.843812],[73.731719,20.843809],[73.731722,20.843777],[73.731717,20.843769],[73.731716,20.84376],[73.731719,20.84373],[73.731717,20.843723],[73.731723,20.843706],[73.731734,20.843698],[73.731738,20.843691],[73.731744,20.843691],[73.731745,20.843687],[73.731751,20.843683],[73.731764,20.84365],[73.731776,20.843638],[73.731776,20.843632],[73.731781,20.843628],[73.731789,20.843615],[73.731786,20.843604],[73.731789,20.8436],[73.731785,20.843564],[73.731772,20.843555],[73.731774,20.843552],[73.731771,20.843542],[73.731775,20.843538],[73.731774,20.843518],[73.731773,20.843513],[73.731768,20.843511],[73.731773,20.843507],[73.731774,20.843501],[73.731778,20.843497],[73.731778,20.843496],[73.731773,20.843498],[73.731772,20.843497],[73.731772,20.843487],[73.731779,20.843483],[73.73178,20.843461],[73.731796,20.843432],[73.731796,20.84342],[73.7318,20.843413],[73.731802,20.843401],[73.731801,20.843399],[73.7318,20.843403],[73.731797,20.843403],[73.731794,20.843397],[73.731787,20.843391],[73.731783,20.843382],[73.731783,20.843376],[73.731776,20.843367],[73.73177,20.843363],[73.731766,20.843365],[73.731758,20.843364],[73.731757,20.843369],[73.731752,20.843369],[73.73175,20.843363],[73.731742,20.843351],[73.731737,20.84335],[73.73173,20.843353],[73.731726,20.84335],[73.73172,20.843341],[73.731719,20.84333],[73.731715,20.843324],[73.7317,20.843318],[73.7317,20.843303],[73.731694,20.843287],[73.731691,20.843273],[73.731685,20.843262],[73.731687,20.843256],[73.731681,20.843245],[73.731668,20.84323],[73.731676,20.843223],[73.731686,20.843219],[73.731688,20.843216],[73.731686,20.843203],[73.73169,20.843192],[73.731693,20.843189],[73.731695,20.843182],[73.731689,20.843179],[73.731689,20.843175],[73.7317,20.843161],[73.731699,20.84314],[73.731702,20.843137],[73.731707,20.843121],[73.731705,20.843114],[73.731708,20.843093],[73.731708,20.843085],[73.731717,20.843052],[73.731723,20.843044],[73.73173,20.84304],[73.731736,20.843023],[73.731742,20.843015],[73.731741,20.842997],[73.731745,20.842994],[73.731751,20.842995],[73.731763,20.842988],[73.731766,20.842983],[73.731775,20.842979],[73.731777,20.842974],[73.731784,20.84297],[73.731786,20.842966],[73.731792,20.842965],[73.731801,20.842958],[73.731814,20.842953],[73.73182,20.842953],[73.731833,20.842949],[73.731851,20.842932],[73.73185,20.842908],[73.731846,20.842897],[73.731845,20.842887],[73.73185,20.842881],[73.731847,20.842858],[73.73184,20.842855],[73.731828,20.842855],[73.731803,20.842842],[73.731802,20.842837],[73.731796,20.842837],[73.731791,20.842834],[73.731784,20.842812],[73.731771,20.8428],[73.731767,20.842792],[73.731773,20.842779],[73.731791,20.842764],[73.731794,20.842759],[73.731791,20.84275],[73.731795,20.842736],[73.7318,20.842731],[73.731808,20.842711],[73.731817,20.842703],[73.731832,20.842649],[73.731833,20.842622],[73.731839,20.842591],[73.731845,20.842587],[73.73185,20.842587],[73.731869,20.842566],[73.731871,20.84257],[73.731873,20.842571],[73.731874,20.842567],[73.73188,20.842568],[73.731885,20.842564],[73.731901,20.842559],[73.731906,20.842562],[73.73192,20.842564],[73.73193,20.842571],[73.731937,20.842568],[73.731946,20.842574],[73.731952,20.842573],[73.731989,20.842582],[73.731997,20.842582],[73.732001,20.842579],[73.732011,20.842584],[73.732042,20.842584],[73.732053,20.84258],[73.732057,20.84256],[73.732065,20.842554],[73.732055,20.842507],[73.732057,20.842494],[73.732053,20.842488],[73.732048,20.842472],[73.732023,20.842464],[73.732014,20.842464],[73.732,20.842455],[73.731992,20.842454],[73.731984,20.842448],[73.731954,20.842434],[73.731941,20.842421],[73.73195,20.842406],[73.731943,20.842395],[73.731945,20.842386],[73.73194,20.842379],[73.73194,20.842375],[73.731949,20.842364],[73.73195,20.842361],[73.731947,20.842359],[73.731949,20.842346],[73.731957,20.842332],[73.73195,20.842315],[73.731947,20.842298],[73.731948,20.842283],[73.731942,20.84227],[73.731944,20.842264],[73.731944,20.842231],[73.731939,20.842229],[73.731937,20.842222],[73.731928,20.842214],[73.731923,20.8422],[73.73193,20.842173],[73.731922,20.842157],[73.731929,20.842144],[73.731936,20.842139],[73.73193,20.842132],[73.731934,20.842125],[73.731933,20.842119],[73.73193,20.842113],[73.731924,20.842111],[73.73193,20.842106],[73.731896,20.842063],[73.731904,20.842043],[73.731905,20.842013],[73.731909,20.841995],[73.731918,20.841976],[73.731936,20.841949],[73.731944,20.84192],[73.731945,20.841903],[73.731955,20.841892],[73.731952,20.841872],[73.731953,20.841843],[73.731927,20.841813],[73.731925,20.841798],[73.731927,20.841791],[73.731936,20.841787],[73.731938,20.841783],[73.731943,20.84177],[73.731941,20.841763],[73.731929,20.841749],[73.731934,20.841731],[73.731936,20.841716],[73.731941,20.841704],[73.73195,20.8417],[73.731957,20.841684],[73.731951,20.841671],[73.73193,20.841657],[73.731926,20.84164],[73.731919,20.841632],[73.731916,20.841622],[73.731918,20.841607],[73.731927,20.841594],[73.731932,20.841564],[73.731929,20.841537],[73.731937,20.841528],[73.731943,20.841513],[73.731948,20.841511],[73.731956,20.841499],[73.731962,20.841485],[73.731962,20.841474],[73.731971,20.841462],[73.731971,20.841452],[73.731968,20.841441],[73.731971,20.841433],[73.731971,20.841427],[73.731976,20.841422],[73.731976,20.841411],[73.731979,20.8414],[73.731976,20.84139],[73.731964,20.841376],[73.731964,20.84137],[73.731968,20.841365],[73.731965,20.84136],[73.731971,20.841358],[73.731964,20.841344],[73.731968,20.841342],[73.731973,20.841331],[73.731977,20.841334],[73.731981,20.841331],[73.731975,20.841325],[73.73198,20.841322],[73.731977,20.841318],[73.731979,20.841316],[73.731985,20.841313],[73.731995,20.841318],[73.731995,20.841313],[73.732005,20.841318],[73.731994,20.841305],[73.731989,20.841303],[73.731984,20.841298],[73.73199,20.84128],[73.731987,20.841272],[73.732005,20.841246],[73.732013,20.841238],[73.732024,20.841233],[73.73203,20.841217],[73.732043,20.841204],[73.732042,20.841194],[73.732047,20.841193],[73.732051,20.841189],[73.732056,20.841175],[73.732063,20.841165],[73.732076,20.841162],[73.732079,20.841157],[73.732085,20.841147],[73.732086,20.84114],[73.7321,20.84112],[73.732099,20.841096],[73.732102,20.841079],[73.732114,20.841067],[73.732116,20.841062],[73.732113,20.841057],[73.732104,20.841052],[73.732102,20.841033],[73.732105,20.841032],[73.732095,20.84102],[73.732089,20.841026],[73.732085,20.841023],[73.732078,20.841026],[73.73207,20.841024],[73.732069,20.841036],[73.73207,20.841038],[73.732072,20.841036],[73.732072,20.84104],[73.732067,20.841041],[73.732061,20.841054],[73.732056,20.841056],[73.732065,20.841068],[73.732062,20.841074],[73.73205,20.841084],[73.732051,20.841088],[73.732058,20.841089],[73.732051,20.841091],[73.732055,20.841098],[73.732048,20.8411],[73.73205,20.841107],[73.732046,20.841104],[73.732039,20.841106],[73.732041,20.841112],[73.732032,20.841104],[73.732026,20.841111],[73.732006,20.841104],[73.732003,20.841109],[73.732002,20.841119],[73.731997,20.841119],[73.731997,20.841122],[73.731992,20.841121],[73.73199,20.841124],[73.731974,20.84113],[73.731969,20.841144],[73.73197,20.841148],[73.731955,20.841156],[73.731946,20.841156],[73.731943,20.84116],[73.731929,20.84116],[73.731926,20.841163],[73.731928,20.841172],[73.731915,20.841176],[73.731911,20.841167],[73.731914,20.841156],[73.731911,20.841149],[73.731916,20.841152],[73.73192,20.841145],[73.73193,20.841143],[73.731948,20.841115],[73.731961,20.841086],[73.731958,20.841081],[73.731961,20.841079],[73.731959,20.841073],[73.731961,20.841068],[73.73196,20.841056],[73.731972,20.841021],[73.731967,20.841011],[73.731961,20.841009],[73.73196,20.841015],[73.731948,20.841027],[73.731945,20.841038],[73.731941,20.841039],[73.731942,20.841043],[73.731937,20.841046],[73.731938,20.841049],[73.731933,20.841051],[73.731933,20.841054],[73.731927,20.841054],[73.731919,20.841069],[73.731911,20.841075],[73.731902,20.841073],[73.731899,20.841078],[73.731894,20.841078],[73.731893,20.841083],[73.731886,20.841082],[73.731888,20.841077],[73.731886,20.841073],[73.731888,20.84107],[73.731888,20.841065],[73.731899,20.841039],[73.73191,20.841023],[73.731911,20.84101],[73.73192,20.840993],[73.731923,20.840981],[73.731922,20.840975],[73.731915,20.840971],[73.731908,20.840957],[73.731901,20.840954],[73.731896,20.840961],[73.731895,20.840969],[73.731889,20.840977],[73.731889,20.840986],[73.731879,20.84099],[73.731872,20.840997],[73.731876,20.841004],[73.731874,20.84101],[73.731865,20.841013],[73.731854,20.841024],[73.731845,20.84104],[73.731845,20.841046],[73.731837,20.841056],[73.731836,20.841066],[73.731828,20.84108],[73.731827,20.84109],[73.731818,20.841107],[73.73182,20.841119],[73.731814,20.841125],[73.731814,20.841138],[73.731805,20.841149],[73.731807,20.841156],[73.731804,20.841158],[73.731811,20.841166],[73.731809,20.841171],[73.731791,20.841185],[73.731785,20.841185],[73.731775,20.84119],[73.731765,20.841188],[73.731739,20.841187],[73.731733,20.841185],[73.731725,20.841174],[73.731725,20.84118],[73.73172,20.841185],[73.731724,20.841194],[73.731723,20.841196],[73.731718,20.841196],[73.731717,20.841198],[73.73172,20.841197],[73.731721,20.8412],[73.731716,20.841203],[73.731746,20.84122],[73.731753,20.84122],[73.731766,20.84123],[73.731764,20.841252],[73.731751,20.841262],[73.731747,20.841272],[73.731737,20.841281],[73.731733,20.841291],[73.731729,20.841294],[73.731701,20.841325],[73.731698,20.841333],[73.731703,20.841331],[73.731706,20.841339],[73.731701,20.841342],[73.731702,20.841346],[73.731699,20.841356],[73.731681,20.84138],[73.731673,20.841399],[73.731663,20.841415],[73.731648,20.841452],[73.731649,20.841471],[73.731645,20.841477],[73.731646,20.841484],[73.73164,20.841488],[73.731625,20.841487],[73.731622,20.841492],[73.731624,20.841501],[73.731621,20.841513],[73.731623,20.841532],[73.731626,20.841537],[73.731632,20.841537],[73.731635,20.841539],[73.731635,20.841563],[73.731632,20.841565],[73.731626,20.841565],[73.731623,20.841573],[73.731627,20.841577],[73.731618,20.841582],[73.731613,20.841579],[73.73161,20.841584],[73.731608,20.841602],[73.73161,20.841627],[73.731606,20.841644],[73.731608,20.841654],[73.731599,20.84166],[73.731597,20.841669],[73.731598,20.841671],[73.73161,20.84167],[73.731612,20.841675],[73.731621,20.841671],[73.731635,20.841679],[73.731637,20.841688],[73.731643,20.841693],[73.731651,20.841714],[73.731651,20.841725],[73.731656,20.841737],[73.731654,20.841757],[73.731657,20.841767],[73.731657,20.841788],[73.731663,20.841807],[73.731661,20.841818],[73.731664,20.841824],[73.731681,20.841843],[73.731685,20.841857],[73.731686,20.841878],[73.731698,20.841913],[73.731697,20.84192],[73.731703,20.841927],[73.731699,20.841937],[73.731699,20.841951],[73.731705,20.841963],[73.731703,20.841968],[73.731704,20.841988],[73.731699,20.841999],[73.731701,20.84201],[73.731695,20.842064],[73.731699,20.842106],[73.731695,20.842114],[73.731696,20.842121],[73.731692,20.842125],[73.731692,20.842141],[73.731683,20.84216],[73.731683,20.842165],[73.731679,20.842171],[73.731675,20.842197],[73.731668,20.842202],[73.731659,20.842225],[73.731649,20.842242],[73.731616,20.842263],[73.731608,20.842265],[73.731604,20.842271],[73.731595,20.842274],[73.731592,20.842277],[73.731585,20.842275],[73.73157,20.842279],[73.731546,20.842294],[73.73152,20.842294],[73.731506,20.842287],[73.731484,20.842292],[73.731477,20.842288],[73.73147,20.842288],[73.731463,20.842282],[73.731452,20.842281],[73.731447,20.842286],[73.731435,20.842279],[73.731416,20.84228],[73.73141,20.842276],[73.731398,20.842276],[73.731389,20.84227],[73.731387,20.842272],[73.731373,20.842268],[73.731365,20.842268],[73.73137,20.842304],[73.731377,20.842318],[73.731377,20.842341],[73.731372,20.84235],[73.731369,20.84237],[73.731362,20.842376],[73.731362,20.842393],[73.73136,20.842394],[73.731355,20.842392],[73.731352,20.842397],[73.731343,20.842402],[73.73134,20.842424],[73.731334,20.842431],[73.731337,20.842441],[73.731352,20.842443],[73.731363,20.842441],[73.731372,20.842444],[73.731395,20.842444],[73.731397,20.842443],[73.731395,20.842438],[73.731398,20.842436],[73.731412,20.842442],[73.731421,20.842438],[73.731436,20.842441],[73.731446,20.842439],[73.731452,20.842435],[73.731469,20.842438],[73.731519,20.842432],[73.731522,20.842434],[73.731524,20.842441],[73.731532,20.842444],[73.731545,20.842461],[73.731557,20.842483],[73.731557,20.842487],[73.731545,20.842502],[73.731544,20.842511],[73.731532,20.84253],[73.731531,20.842537],[73.731528,20.84254],[73.731523,20.842557],[73.731519,20.842564],[73.731506,20.842566],[73.731481,20.842563],[73.731477,20.842564],[73.731476,20.842569],[73.73147,20.842576],[73.731468,20.842587],[73.731463,20.842593],[73.731464,20.842604],[73.731457,20.842615],[73.731415,20.842656],[73.731407,20.842658],[73.731382,20.842656],[73.731364,20.842662],[73.731354,20.842677],[73.731346,20.842707],[73.731328,20.842726],[73.731326,20.842732],[73.731318,20.842738],[73.731314,20.842748],[73.731317,20.842754],[73.731315,20.842764],[73.731306,20.842768],[73.731306,20.842776],[73.731291,20.842779],[73.731282,20.842787],[73.731283,20.842798],[73.731279,20.842808],[73.731279,20.842816],[73.731271,20.842834],[73.73127,20.842844],[73.731256,20.842857],[73.731254,20.842862],[73.731264,20.842885],[73.731259,20.842905],[73.731254,20.84291],[73.731254,20.842914],[73.731249,20.842921],[73.731248,20.842932],[73.731252,20.842954],[73.731245,20.842959],[73.731244,20.842965],[73.731233,20.842965],[73.731233,20.842971],[73.731231,20.842978],[73.731221,20.843],[73.731184,20.842996],[73.731174,20.843011],[73.731174,20.843014],[73.731188,20.843021],[73.73119,20.84303],[73.731201,20.843047],[73.731196,20.84306],[73.731199,20.843064],[73.731196,20.843068],[73.731192,20.843095],[73.731182,20.843104],[73.73118,20.843116],[73.731172,20.843136],[73.731178,20.843143],[73.731174,20.843145],[73.731176,20.84315],[73.731176,20.84317],[73.731169,20.843182],[73.731166,20.843201],[73.731144,20.843235],[73.731131,20.843246],[73.731118,20.843252],[73.731101,20.84327],[73.731085,20.843279],[73.731069,20.843297],[73.731072,20.843309],[73.731079,20.843312],[73.731072,20.843321],[73.731068,20.843322],[73.731064,20.843335],[73.731074,20.843363],[73.731074,20.84337],[73.731062,20.843377],[73.73105,20.843379],[73.731041,20.843374],[73.731039,20.843367],[73.731025,20.84337],[73.731019,20.843366],[73.731017,20.84336],[73.731013,20.843359],[73.730995,20.843366],[73.730978,20.843378],[73.730969,20.843388],[73.730968,20.843394],[73.730962,20.843396],[73.730962,20.843399],[73.730968,20.843401],[73.73097,20.843407],[73.730962,20.84341],[73.730959,20.843418],[73.730964,20.843423],[73.730974,20.843443],[73.73098,20.843458],[73.730981,20.843468],[73.730953,20.843532],[73.730974,20.843554],[73.730976,20.843563],[73.730972,20.843566],[73.730973,20.843591],[73.730959,20.843603],[73.730962,20.843619],[73.730961,20.843626],[73.730953,20.843645],[73.730949,20.843649],[73.730949,20.843659],[73.730941,20.843672],[73.730942,20.843677],[73.73094,20.843686],[73.730944,20.84369],[73.730944,20.843706],[73.730931,20.843724],[73.730924,20.843745],[73.730907,20.843774],[73.730906,20.843781],[73.730911,20.843798],[73.730889,20.843832],[73.730872,20.843845],[73.730873,20.843849],[73.730881,20.843855],[73.730881,20.843861],[73.73087,20.843872],[73.730866,20.843889],[73.730858,20.843897],[73.730864,20.843906],[73.730862,20.84392],[73.730866,20.843932],[73.730865,20.84394],[73.73086,20.843944],[73.730859,20.843951],[73.730845,20.843984],[73.730839,20.843992],[73.730841,20.843995],[73.730836,20.843998],[73.730829,20.844009],[73.73082,20.844029],[73.730818,20.844029],[73.730813,20.844026],[73.730813,20.844033],[73.730801,20.844039],[73.730795,20.844052],[73.730797,20.844066],[73.730789,20.844072],[73.730787,20.844077],[73.730782,20.844079],[73.730783,20.844082],[73.730778,20.844086],[73.730781,20.844092],[73.730775,20.844116],[73.730773,20.844137],[73.730777,20.844149],[73.730774,20.844165],[73.730776,20.844173],[73.730782,20.844177],[73.730783,20.844188],[73.730776,20.844202],[73.730774,20.844213],[73.730782,20.844223],[73.730772,20.844245]]}},{"type":"Feature","properties":{"elevation":346},"geometry":{"type":"LineString","coordinates":[[73.731887,20.840846],[73.731886,20.840854],[73.731889,20.840861],[73.731884,20.840863],[73.73188,20.840876],[73.731883,20.840889],[73.731877,20.840894],[73.731881,20.840901],[73.731877,20.840902],[73.731879,20.840908],[73.731873,20.840918],[73.731874,20.840933],[73.73187,20.840948],[73.731873,20.840963],[73.731871,20.840974],[73.731868,20.840977],[73.731873,20.840987],[73.731861,20.840998],[73.731861,20.841007],[73.731852,20.841014],[73.731845,20.841024],[73.73184,20.841036],[73.731841,20.841042],[73.731833,20.841061],[73.731833,20.841065],[73.731824,20.841079],[73.731824,20.841089],[73.731815,20.841105],[73.731817,20.84112],[73.73181,20.841124],[73.731809,20.841129],[73.731801,20.841132],[73.731794,20.84114],[73.731793,20.841145],[73.731786,20.841148],[73.731784,20.841153],[73.731779,20.841152],[73.731775,20.841155],[73.731766,20.841157],[73.731759,20.841156],[73.731749,20.841158],[73.731736,20.841153],[73.731725,20.841154],[73.731709,20.841145],[73.731709,20.841148],[73.731702,20.841152],[73.731698,20.841163],[73.731702,20.84117],[73.731702,20.841174],[73.731697,20.841178],[73.7317,20.841182],[73.731702,20.841194],[73.7317,20.841197],[73.731695,20.841196],[73.731697,20.841204],[73.731699,20.841204],[73.731702,20.841207],[73.731699,20.841215],[73.731707,20.841222],[73.731718,20.841226],[73.731718,20.841229],[73.731728,20.841237],[73.73173,20.841246],[73.731728,20.841254],[73.731732,20.841258],[73.731731,20.841263],[73.731735,20.84127],[73.731727,20.841282],[73.731725,20.841293],[73.731721,20.8413],[73.731699,20.841324],[73.731696,20.841333],[73.731701,20.841336],[73.731698,20.841339],[73.731698,20.841346],[73.731694,20.841361],[73.731679,20.84138],[73.731672,20.841397],[73.731662,20.841413],[73.731651,20.841441],[73.731649,20.841444],[73.731644,20.841444],[73.731635,20.841449],[73.731624,20.841448],[73.73162,20.841453],[73.731619,20.841458],[73.731623,20.841466],[73.731628,20.841467],[73.731637,20.84146],[73.731644,20.841469],[73.731642,20.841471],[73.731637,20.84147],[73.731642,20.841476],[73.731644,20.841483],[73.731638,20.841487],[73.731624,20.841485],[73.731619,20.841491],[73.731623,20.841501],[73.73162,20.841512],[73.731621,20.841535],[73.731623,20.841539],[73.73163,20.841542],[73.731634,20.841555],[73.731629,20.841559],[73.731632,20.841563],[73.731627,20.84156],[73.731624,20.841561],[73.731621,20.841573],[73.731622,20.841576],[73.73162,20.841579],[73.731618,20.841579],[73.731613,20.841573],[73.731609,20.841572],[73.7316,20.841584],[73.731601,20.841591],[73.731605,20.841594],[73.731608,20.841631],[73.731585,20.841666],[73.731577,20.841674],[73.731573,20.841685],[73.73158,20.841694],[73.731588,20.841694],[73.731595,20.841691],[73.731604,20.841694],[73.731619,20.841707],[73.731618,20.841716],[73.731628,20.841733],[73.73163,20.841749],[73.731638,20.841766],[73.731636,20.841773],[73.731641,20.841792],[73.731638,20.841817],[73.731644,20.841842],[73.731655,20.84186],[73.731661,20.84188],[73.731666,20.841884],[73.731671,20.841895],[73.731672,20.841909],[73.731677,20.841924],[73.731679,20.84195],[73.731677,20.841954],[73.731677,20.841959],[73.731672,20.841963],[73.731667,20.841972],[73.731672,20.841995],[73.731679,20.842014],[73.731675,20.842029],[73.731677,20.842051],[73.731672,20.842105],[73.731668,20.842119],[73.73167,20.84213],[73.731661,20.842136],[73.731657,20.842145],[73.731659,20.842151],[73.731659,20.842166],[73.731654,20.842172],[73.731653,20.842183],[73.731634,20.842196],[73.731638,20.84221],[73.731629,20.842215],[73.731616,20.842228],[73.731613,20.842234],[73.731608,20.842234],[73.731603,20.842238],[73.731597,20.842251],[73.731587,20.842256],[73.731563,20.842251],[73.731547,20.842262],[73.731539,20.842265],[73.731529,20.84226],[73.731522,20.842263],[73.731508,20.842259],[73.731505,20.842262],[73.731496,20.842255],[73.731486,20.842253],[73.731473,20.842254],[73.731464,20.842251],[73.731459,20.842253],[73.73145,20.842246],[73.731436,20.842246],[73.731424,20.842242],[73.731408,20.842241],[73.731387,20.842246],[73.731367,20.842237],[73.731364,20.84223],[73.731356,20.842226],[73.731347,20.842226],[73.731336,20.842215],[73.731327,20.842214],[73.73132,20.842205],[73.731314,20.842206],[73.731308,20.842211],[73.731307,20.842215],[73.731312,20.842229],[73.731318,20.842233],[73.731326,20.84225],[73.731337,20.84226],[73.731338,20.842287],[73.731346,20.842315],[73.731343,20.842327],[73.731337,20.842329],[73.731337,20.842335],[73.731339,20.842339],[73.731344,20.842341],[73.731345,20.842345],[73.731336,20.842358],[73.731328,20.842361],[73.731324,20.842386],[73.73131,20.8424],[73.731308,20.842413],[73.731301,20.842419],[73.731299,20.842422],[73.7313,20.84243],[73.73129,20.842438],[73.731285,20.842437],[73.731285,20.842439],[73.731298,20.842455],[73.731302,20.842456],[73.731307,20.842455],[73.731316,20.842462],[73.731329,20.842465],[73.731335,20.84246],[73.731341,20.842464],[73.731365,20.84247],[73.731377,20.842468],[73.73139,20.842472],[73.731397,20.842471],[73.731411,20.842488],[73.73142,20.842487],[73.731431,20.842475],[73.731446,20.84247],[73.731474,20.842469],[73.731484,20.842473],[73.731494,20.842473],[73.731496,20.842478],[73.731505,20.842478],[73.73151,20.842482],[73.731513,20.842506],[73.731511,20.842515],[73.731477,20.842545],[73.731474,20.84256],[73.731458,20.84259],[73.731453,20.842613],[73.731412,20.842654],[73.731378,20.842651],[73.731366,20.842654],[73.731358,20.842659],[73.73135,20.842668],[73.731342,20.842688],[73.731332,20.842697],[73.731325,20.842703],[73.731316,20.842706],[73.73131,20.842714],[73.731299,20.842709],[73.731291,20.842716],[73.731294,20.842734],[73.731287,20.842742],[73.731287,20.842747],[73.731274,20.84276],[73.731283,20.842766],[73.731279,20.842767],[73.731276,20.842764],[73.731267,20.842779],[73.731252,20.842794],[73.731254,20.842803],[73.731251,20.842826],[73.731246,20.842829],[73.731243,20.842836],[73.73124,20.842857],[73.731233,20.842861],[73.731224,20.842874],[73.731225,20.842905],[73.731215,20.84293],[73.731203,20.842935],[73.731198,20.84294],[73.731177,20.842945],[73.731169,20.842954],[73.731161,20.84297],[73.731156,20.842974],[73.73114,20.842967],[73.731131,20.842969],[73.731124,20.842975],[73.731121,20.842989],[73.731119,20.842991],[73.731121,20.842998],[73.731137,20.843003],[73.731143,20.843009],[73.731156,20.843042],[73.731153,20.843046],[73.731154,20.843051],[73.731152,20.843063],[73.731149,20.843072],[73.731145,20.843076],[73.731145,20.843087],[73.73114,20.843102],[73.731139,20.843112],[73.731132,20.843115],[73.731134,20.843118],[73.731126,20.843125],[73.731127,20.843129],[73.731131,20.843131],[73.731128,20.843135],[73.731129,20.843144],[73.731122,20.843153],[73.731124,20.843157],[73.731117,20.843158],[73.731113,20.84317],[73.731107,20.843175],[73.731106,20.843183],[73.731094,20.843197],[73.731097,20.843207],[73.731092,20.843227],[73.731059,20.843247],[73.731037,20.843249],[73.731029,20.843268],[73.731029,20.843304],[73.731023,20.843313],[73.731018,20.843316],[73.731017,20.843319],[73.731003,20.843335],[73.730997,20.843337],[73.730992,20.843334],[73.730965,20.843331],[73.730963,20.843339],[73.730957,20.843342],[73.730955,20.843347],[73.730956,20.843354],[73.730962,20.843356],[73.730963,20.843362],[73.730957,20.843363],[73.730952,20.843371],[73.730945,20.843375],[73.730935,20.843376],[73.730934,20.84338],[73.730937,20.843383],[73.730931,20.843386],[73.730933,20.843391],[73.73093,20.843397],[73.730919,20.843393],[73.730909,20.843408],[73.730901,20.843413],[73.730902,20.843423],[73.730931,20.843454],[73.730972,20.843473],[73.730973,20.843478],[73.730959,20.843509],[73.730937,20.843544],[73.730936,20.843549],[73.730941,20.843566],[73.730945,20.843601],[73.730923,20.84363],[73.730916,20.843636],[73.730911,20.843636],[73.730906,20.843654],[73.730906,20.843664],[73.730908,20.84367],[73.730915,20.843674],[73.730912,20.843679],[73.730912,20.843683],[73.730902,20.843697],[73.730903,20.843703],[73.730896,20.843721],[73.730859,20.843764],[73.730864,20.84378],[73.730874,20.84379],[73.730852,20.843824],[73.730848,20.843842],[73.730842,20.843845],[73.730848,20.843892],[73.730847,20.843898],[73.730833,20.843915],[73.730826,20.843932],[73.730812,20.843938],[73.730807,20.843945],[73.730804,20.843957],[73.730804,20.843998],[73.730791,20.844011],[73.730783,20.844012],[73.730773,20.844025],[73.730765,20.844026],[73.730757,20.844035],[73.730751,20.844036],[73.730748,20.844041],[73.730755,20.844057],[73.730747,20.844079],[73.730755,20.844088],[73.730753,20.844129],[73.730759,20.844159],[73.730757,20.844175],[73.730758,20.84419],[73.730755,20.844198],[73.730757,20.844205],[73.730755,20.844215],[73.730755,20.844223],[73.730758,20.844225],[73.730754,20.844234],[73.730758,20.844245]]}},{"type":"Feature","properties":{"elevation":346},"geometry":{"type":"LineString","coordinates":[[73.731815,20.843753],[73.731811,20.843751],[73.731806,20.843744],[73.731808,20.843733],[73.731804,20.843727],[73.731808,20.843719],[73.731803,20.843705],[73.731805,20.8437],[73.731802,20.843692],[73.731805,20.843688],[73.731805,20.843681],[73.73181,20.84367],[73.731809,20.843665],[73.73182,20.843666],[73.731824,20.843664],[73.731825,20.843659],[73.731834,20.843656]]}},{"type":"Feature","properties":{"elevation":346},"geometry":{"type":"LineString","coordinates":[[73.731813,20.843761],[73.73181,20.84376],[73.731813,20.843757]]}},{"type":"Feature","properties":{"elevation":346},"geometry":{"type":"LineString","coordinates":[[73.731844,20.843617],[73.731835,20.843611],[73.731833,20.843606],[73.731836,20.843594],[73.731835,20.84359],[73.731842,20.843586],[73.731842,20.843573],[73.731844,20.843573],[73.731847,20.843569],[73.731845,20.843562],[73.731847,20.843551],[73.731844,20.843548],[73.731848,20.843541],[73.731843,20.843537],[73.731845,20.84353],[73.731842,20.843518],[73.731835,20.843511],[73.731839,20.843508],[73.731835,20.843493],[73.731835,20.843478],[73.731829,20.84347],[73.731827,20.843463],[73.731829,20.843459],[73.731823,20.843455],[73.731825,20.84345],[73.731825,20.843438],[73.731829,20.843437],[73.731838,20.843431],[73.731838,20.843424],[73.731841,20.843422],[73.731838,20.843417],[73.731841,20.843415],[73.731841,20.843412],[73.731836,20.843415],[73.731832,20.843411],[73.731835,20.843386],[73.731823,20.843374],[73.731826,20.84335],[73.731795,20.843316],[73.731789,20.843315],[73.731785,20.843312],[73.731777,20.843314],[73.731753,20.843306],[73.731738,20.843307],[73.731726,20.843299],[73.731722,20.843291],[73.731717,20.843257],[73.731722,20.843238],[73.731721,20.843232],[73.731723,20.843225],[73.731719,20.843215],[73.731721,20.843205],[73.731728,20.8432],[73.731731,20.843188],[73.731726,20.843166],[73.731727,20.843164],[73.731731,20.843164],[73.731732,20.843163],[73.731733,20.843144],[73.73173,20.843145],[73.731729,20.843143],[73.731733,20.843141],[73.731731,20.843136],[73.731737,20.843127],[73.731736,20.843122],[73.731741,20.843116],[73.731739,20.843106],[73.731741,20.8431],[73.731765,20.843077],[73.731765,20.843063],[73.731758,20.843051],[73.731757,20.843044],[73.731761,20.843031],[73.731768,20.843023],[73.73177,20.843016],[73.731782,20.843002],[73.731801,20.842998],[73.731806,20.842995],[73.731814,20.842981],[73.731826,20.842969],[73.731834,20.842971],[73.731844,20.842968],[73.731857,20.842958],[73.731866,20.842958],[73.731872,20.842955],[73.731877,20.842936],[73.731874,20.842922],[73.731876,20.842906],[73.731873,20.842897],[73.731875,20.842883],[73.731865,20.842869],[73.731856,20.842867],[73.731854,20.842865],[73.731858,20.842858],[73.731875,20.842852],[73.731877,20.842844],[73.731873,20.84284],[73.731855,20.842835],[73.731843,20.842827],[73.731835,20.842825],[73.731822,20.842816],[73.731813,20.842805],[73.731809,20.84279],[73.731811,20.84277],[73.731826,20.842742],[73.73183,20.842729],[73.731838,20.842718],[73.731838,20.8427],[73.731844,20.842692],[73.731849,20.842672],[73.731853,20.842667],[73.731853,20.842639],[73.731856,20.842631],[73.731857,20.842609],[73.731864,20.842599],[73.731865,20.84259],[73.731875,20.842583],[73.731882,20.842586],[73.731888,20.842583],[73.731894,20.842576],[73.731913,20.842578],[73.731923,20.842583],[73.731932,20.842589],[73.731937,20.84259],[73.731945,20.842599],[73.731971,20.842607],[73.731977,20.842605],[73.731987,20.842597],[73.732006,20.842592],[73.732014,20.842592],[73.732017,20.842596],[73.732022,20.842597],[73.732029,20.842591],[73.732041,20.842588],[73.73205,20.842587],[73.732066,20.842589]]}},{"type":"Feature","properties":{"elevation":346},"geometry":{"type":"LineString","coordinates":[[73.731837,20.843653],[73.731837,20.843647]]}},{"type":"Feature","properties":{"elevation":346},"geometry":{"type":"LineString","coordinates":[[73.731838,20.843642],[73.731839,20.84364]]}},{"type":"Feature","properties":{"elevation":346},"geometry":{"type":"LineString","coordinates":[[73.731841,20.843629],[73.731842,20.843627]]}},{"type":"Feature","properties":{"elevation":346},"geometry":{"type":"LineString","coordinates":[[73.732063,20.842602],[73.732061,20.842604],[73.732061,20.842608]]}},{"type":"Feature","properties":{"elevation":346},"geometry":{"type":"LineString","coordinates":[[73.732081,20.842517],[73.73208,20.842502],[73.732075,20.842491],[73.732066,20.842485],[73.732066,20.842479],[73.732061,20.842471],[73.732061,20.84246],[73.732057,20.842458],[73.732029,20.842453],[73.732014,20.842443],[73.731986,20.842434],[73.731984,20.842427],[73.731977,20.84242],[73.731972,20.842401],[73.731964,20.842393],[73.731954,20.842372],[73.731957,20.842361],[73.731966,20.842352],[73.731971,20.84234],[73.731986,20.842331],[73.731989,20.842327],[73.731982,20.842315],[73.731961,20.842292],[73.731963,20.842283],[73.731955,20.842269],[73.731954,20.842257],[73.731957,20.842253],[73.731958,20.842248],[73.731963,20.842243],[73.731963,20.842228],[73.731941,20.842193],[73.731932,20.842184],[73.731934,20.842178],[73.731951,20.842166],[73.731956,20.842157],[73.731954,20.842137],[73.731951,20.842131],[73.731949,20.842104],[73.731942,20.842092],[73.731943,20.842084],[73.731938,20.842074],[73.73191,20.842057],[73.731905,20.842052],[73.731911,20.841996],[73.73192,20.841976],[73.731939,20.841946],[73.731949,20.841904],[73.731955,20.8419],[73.731959,20.841894],[73.731955,20.841878],[73.731954,20.841853],[73.731959,20.841845],[73.731969,20.841845],[73.731975,20.841843],[73.731977,20.84183],[73.731977,20.841826],[73.731974,20.841824],[73.731959,20.841824],[73.731954,20.841828],[73.731949,20.841827],[73.73194,20.841822],[73.73193,20.841809],[73.731932,20.841803],[73.731942,20.841799],[73.731944,20.841794],[73.731942,20.841788],[73.731948,20.841773],[73.731945,20.841764],[73.731932,20.841743],[73.731938,20.84173],[73.73194,20.841717],[73.731953,20.841706],[73.731956,20.841699],[73.731964,20.841695],[73.731965,20.841689],[73.731961,20.841683],[73.731962,20.841675],[73.731959,20.841653],[73.731955,20.841652],[73.731946,20.841654],[73.73194,20.841653],[73.731935,20.84165],[73.731932,20.84164],[73.731938,20.841635],[73.731953,20.84163],[73.731967,20.84163],[73.731969,20.841624],[73.731963,20.8416],[73.731961,20.841577],[73.731957,20.841566],[73.73195,20.841558],[73.73195,20.841544],[73.731942,20.841533],[73.731959,20.841515],[73.731964,20.841514],[73.731973,20.841502],[73.731978,20.841501],[73.731981,20.841493],[73.731989,20.841488],[73.731992,20.841482],[73.731992,20.841469],[73.731999,20.841459],[73.732002,20.841447],[73.732018,20.841429],[73.732026,20.841399],[73.732039,20.841391],[73.732042,20.84138],[73.732051,20.841363],[73.732061,20.841324],[73.73206,20.841309],[73.732053,20.841297],[73.732056,20.841294],[73.732061,20.841285],[73.732058,20.841277],[73.73206,20.841262],[73.732064,20.841257],[73.732073,20.841257],[73.732078,20.841252],[73.732076,20.841248],[73.732078,20.841231],[73.732062,20.841192],[73.732064,20.841186],[73.732064,20.841179],[73.732082,20.841167],[73.732082,20.841163],[73.732087,20.84116],[73.732091,20.841143],[73.732103,20.841124],[73.732103,20.841096],[73.732106,20.84108],[73.732123,20.841068],[73.732127,20.841055],[73.73214,20.841039],[73.73213,20.841025],[73.732134,20.84101],[73.732136,20.840967],[73.732133,20.840961],[73.732125,20.840921],[73.732126,20.840876],[73.732118,20.84087],[73.732116,20.840859],[73.732121,20.840852],[73.732124,20.840839]]}},{"type":"Feature","properties":{"elevation":347},"geometry":{"type":"LineString","coordinates":[[73.731855,20.840846],[73.73185,20.840882],[73.731838,20.84092],[73.731844,20.840941],[73.731854,20.840955],[73.731858,20.840974],[73.731836,20.841028],[73.731833,20.841033],[73.731833,20.841038],[73.731826,20.841045],[73.731821,20.841064],[73.731821,20.84107],[73.731811,20.841083],[73.731809,20.841092],[73.731803,20.841101],[73.731788,20.841117],[73.731778,20.841124],[73.731772,20.841124],[73.73177,20.841127],[73.731763,20.841129],[73.731748,20.841128],[73.73173,20.841132],[73.731709,20.841124],[73.731697,20.841132],[73.7317,20.841137],[73.73169,20.841155],[73.731681,20.841164],[73.731672,20.841206],[73.731669,20.841213],[73.731664,20.841215],[73.731669,20.841225],[73.731669,20.841228],[73.731676,20.84123],[73.731685,20.84124],[73.731692,20.841242],[73.731705,20.84126],[73.731707,20.841283],[73.731705,20.841291],[73.731701,20.841298],[73.731704,20.841298],[73.731705,20.841306],[73.731708,20.841309],[73.731685,20.841331],[73.731684,20.841337],[73.731678,20.841342],[73.731673,20.841353],[73.731668,20.841356],[73.731669,20.841363],[73.731664,20.841381],[73.731657,20.841397],[73.731642,20.841411],[73.731628,20.841417],[73.731627,20.841423],[73.731623,20.841428],[73.731605,20.841439],[73.7316,20.841444],[73.731598,20.841453],[73.731602,20.84146],[73.731612,20.841465],[73.731616,20.841465],[73.731623,20.84147],[73.731633,20.841467],[73.731634,20.841472],[73.731638,20.841475],[73.731636,20.841485],[73.731625,20.841483],[73.731616,20.841487],[73.731621,20.841501],[73.731618,20.841514],[73.731619,20.841542],[73.731626,20.841548],[73.731629,20.841555],[73.731625,20.841553],[73.731623,20.841557],[73.731615,20.841552],[73.731611,20.841553],[73.731611,20.84156],[73.731605,20.841559],[73.731604,20.841569],[73.731597,20.841576],[73.731594,20.841576],[73.731594,20.84158],[73.731589,20.841585],[73.731589,20.841593],[73.731592,20.8416],[73.731598,20.841602],[73.7316,20.841609],[73.731605,20.841617],[73.731606,20.841628],[73.731601,20.841629],[73.731597,20.841627],[73.731594,20.841616],[73.731593,20.841616],[73.73159,20.84163],[73.731592,20.841639],[73.731584,20.841643],[73.731579,20.841649],[73.731574,20.84166],[73.731566,20.841669],[73.731564,20.841678],[73.73156,20.841682],[73.731549,20.841683],[73.73154,20.841691],[73.731542,20.841702],[73.73155,20.841704],[73.731563,20.841714],[73.731574,20.841715],[73.731582,20.84171],[73.731587,20.841712],[73.73159,20.841718],[73.731592,20.841734],[73.731599,20.841747],[73.731599,20.841755],[73.73161,20.841764],[73.731608,20.841773],[73.73161,20.841777],[73.731608,20.841784],[73.731612,20.841801],[73.731612,20.84183],[73.731618,20.841841],[73.731627,20.841877],[73.731628,20.841874],[73.731631,20.841877],[73.73163,20.841899],[73.731632,20.841918],[73.731631,20.841921],[73.731635,20.841943],[73.73164,20.841951],[73.731633,20.841962],[73.731626,20.841986],[73.731631,20.841995],[73.731635,20.841997],[73.731642,20.842023],[73.731647,20.842025],[73.73165,20.842028],[73.731648,20.842033],[73.731644,20.842032],[73.731649,20.842042],[73.731645,20.842093],[73.731648,20.842095],[73.731649,20.8421],[73.731646,20.842108],[73.731638,20.842116],[73.731637,20.842156],[73.731624,20.842173],[73.731606,20.842206],[73.731602,20.842209],[73.731593,20.842208],[73.731589,20.84221],[73.731584,20.84222],[73.731572,20.842227],[73.731561,20.842239],[73.731545,20.842233],[73.731531,20.842232],[73.731517,20.842225],[73.731514,20.842227],[73.731496,20.842224],[73.73149,20.842226],[73.731487,20.842223],[73.731483,20.842224],[73.731452,20.842216],[73.731448,20.842217],[73.731446,20.842211],[73.731443,20.842216],[73.73144,20.842213],[73.731423,20.842207],[73.731413,20.842208],[73.731397,20.842196],[73.73139,20.842197],[73.731384,20.842204],[73.731381,20.842199],[73.731374,20.842196],[73.73136,20.842185],[73.731339,20.842181],[73.73131,20.842167],[73.731295,20.842168],[73.731287,20.84218],[73.73129,20.842194],[73.731288,20.842204],[73.73129,20.842214],[73.731281,20.842225],[73.731293,20.842239],[73.731305,20.842247],[73.731313,20.842263],[73.731318,20.842274],[73.731315,20.842288],[73.731317,20.842298],[73.731307,20.842309],[73.731299,20.842344],[73.731296,20.842348],[73.731295,20.842357],[73.731282,20.84238],[73.731279,20.842396],[73.731272,20.842409],[73.731266,20.842413],[73.731258,20.842425],[73.731244,20.842429],[73.731239,20.842441],[73.731249,20.842455],[73.731278,20.842474],[73.731294,20.842479],[73.731298,20.842482],[73.731316,20.842485],[73.731324,20.84249],[73.731332,20.84249],[73.731355,20.842502],[73.731362,20.8425],[73.731365,20.842505],[73.731361,20.842511],[73.731366,20.842518],[73.731375,20.842516],[73.731396,20.842504],[73.731401,20.842505],[73.731403,20.842516],[73.731413,20.842525],[73.731407,20.842536],[73.731408,20.842548],[73.731403,20.842556],[73.731407,20.842564],[73.731413,20.842569],[73.731413,20.842573],[73.73141,20.84258],[73.731404,20.842581],[73.731403,20.842586],[73.731384,20.842605],[73.731384,20.842627],[73.731379,20.842645],[73.731357,20.842654],[73.731344,20.842665],[73.731327,20.84267],[73.731318,20.842675],[73.731311,20.842677],[73.731299,20.842674],[73.731291,20.842682],[73.731293,20.842686],[73.7313,20.842684],[73.731294,20.84269],[73.731288,20.842686],[73.731282,20.84269],[73.731266,20.842691],[73.73126,20.842694],[73.731256,20.842713],[73.731258,20.842725],[73.731242,20.84274],[73.731236,20.84274],[73.731237,20.842744],[73.731234,20.842746],[73.731229,20.842756],[73.731231,20.842774],[73.731226,20.842784],[73.731231,20.84279],[73.731223,20.84279],[73.73122,20.842792],[73.731214,20.842805],[73.731215,20.842813],[73.731219,20.842819],[73.731214,20.842837],[73.731224,20.842861],[73.731215,20.842875],[73.731199,20.842886],[73.731196,20.842892],[73.731195,20.842898],[73.73119,20.842903],[73.731184,20.842933],[73.731172,20.842941],[73.731143,20.842938],[73.731126,20.842934],[73.731124,20.842927],[73.731119,20.842925],[73.731118,20.842935],[73.731113,20.842939],[73.731111,20.842947],[73.731105,20.842951],[73.731103,20.842972],[73.731104,20.842983],[73.731113,20.843004],[73.731112,20.843014],[73.731106,20.843037],[73.731108,20.843043],[73.731106,20.843058],[73.731094,20.843085],[73.731095,20.843092],[73.731089,20.843111],[73.731087,20.843133],[73.731083,20.843136],[73.731077,20.843147],[73.731075,20.84317],[73.731063,20.843179],[73.731057,20.843181],[73.731056,20.843197],[73.73105,20.843203],[73.731042,20.843204],[73.731034,20.84321],[73.731031,20.843215],[73.731013,20.843217],[73.731002,20.843214],[73.730996,20.843218],[73.730997,20.843228],[73.731001,20.843235],[73.730997,20.84324],[73.73099,20.84328],[73.730975,20.843298],[73.730962,20.843308],[73.730959,20.843322],[73.73095,20.843337],[73.730945,20.84334],[73.73091,20.843342],[73.730905,20.843346],[73.7309,20.843352],[73.730902,20.843369],[73.730905,20.843372],[73.73091,20.843389],[73.730909,20.843394],[73.730904,20.843398],[73.730898,20.843394],[73.730893,20.843398],[73.730896,20.843403],[73.730892,20.84341],[73.730895,20.84344],[73.730898,20.843446],[73.730909,20.843457],[73.730913,20.843465],[73.730916,20.843487],[73.73092,20.843494],[73.730913,20.843503],[73.730914,20.84351],[73.730937,20.843524],[73.730939,20.843529],[73.730932,20.843542],[73.7309,20.843554],[73.730891,20.84356],[73.730882,20.843586],[73.730878,20.843612],[73.73087,20.843632],[73.730872,20.843656],[73.730867,20.843675],[73.730868,20.843679],[73.730879,20.84369],[73.730877,20.843703],[73.730871,20.843711],[73.730867,20.843713],[73.730863,20.843724],[73.730853,20.84374],[73.730838,20.843754],[73.730833,20.843762],[73.730836,20.843777],[73.730836,20.843792],[73.730829,20.843802],[73.730825,20.843824],[73.730818,20.843838],[73.730824,20.843872],[73.730823,20.843882],[73.730828,20.843901],[73.730827,20.843914],[73.730821,20.843929],[73.730816,20.843929],[73.730809,20.843934],[73.730803,20.843953],[73.730788,20.843973],[73.730786,20.843983],[73.73078,20.843992],[73.730765,20.843995],[73.730755,20.844003],[73.730751,20.844011],[73.730748,20.844029],[73.730735,20.844042],[73.730727,20.844057],[73.730726,20.844069],[73.730735,20.844083],[73.730735,20.844101],[73.730731,20.844106],[73.730737,20.844135],[73.730737,20.844149],[73.730743,20.844185],[73.730739,20.844192],[73.730739,20.844199],[73.730734,20.844209],[73.73073,20.844229],[73.730731,20.844244]]}},{"type":"Feature","properties":{"elevation":347},"geometry":{"type":"LineString","coordinates":[[73.73189,20.843396],[73.731892,20.84338],[73.731879,20.84336],[73.731877,20.843344],[73.731867,20.843328],[73.731862,20.843329],[73.731859,20.843327],[73.731851,20.843309],[73.731842,20.843302],[73.731843,20.843289],[73.73184,20.843279],[73.731833,20.843271],[73.731817,20.843266],[73.731814,20.84326],[73.731805,20.843259],[73.731803,20.843261],[73.731793,20.843248],[73.731789,20.843247],[73.731786,20.843237],[73.731782,20.84323],[73.731785,20.843219],[73.731782,20.843215],[73.731783,20.843208],[73.731779,20.843204],[73.731778,20.843197],[73.731775,20.843199],[73.731772,20.843182],[73.731776,20.843168],[73.731777,20.843151],[73.731773,20.843121],[73.731785,20.843095],[73.731784,20.843086],[73.731775,20.843078],[73.731777,20.843068],[73.731779,20.843066],[73.731789,20.843065],[73.731791,20.843062],[73.731798,20.843058],[73.731804,20.843049],[73.731802,20.843043],[73.731805,20.84304],[73.731804,20.843034],[73.731816,20.843025],[73.73182,20.843025],[73.73183,20.84302],[73.73184,20.842997],[73.73185,20.842994],[73.731865,20.842984],[73.73187,20.842986],[73.731874,20.842984],[73.731889,20.842972],[73.731899,20.842946],[73.731899,20.842933],[73.731902,20.842929],[73.731902,20.842921],[73.731905,20.842918],[73.731907,20.842909],[73.731905,20.842877],[73.731906,20.842872],[73.731903,20.842867],[73.731903,20.84285],[73.731905,20.842846],[73.731902,20.842829],[73.731892,20.842816],[73.731886,20.842815],[73.73188,20.842808],[73.731874,20.842807],[73.731862,20.842796],[73.731852,20.842792],[73.731847,20.842781],[73.731848,20.842772],[73.731844,20.842757],[73.731853,20.842731],[73.731863,20.842723],[73.73187,20.84271],[73.73187,20.842703],[73.731873,20.842701],[73.731866,20.842693],[73.731872,20.842687],[73.731877,20.842662],[73.731874,20.842653],[73.731875,20.842644],[73.731869,20.842631],[73.731871,20.842622],[73.731877,20.842613],[73.731892,20.842602],[73.7319,20.842606],[73.731906,20.842603],[73.731919,20.842605],[73.731929,20.842617],[73.731959,20.842632],[73.731963,20.842638],[73.731972,20.842644],[73.731979,20.842646],[73.731988,20.84264],[73.731995,20.842642],[73.732007,20.842637],[73.732019,20.842624],[73.732017,20.842614],[73.732018,20.84261],[73.732054,20.842593],[73.732057,20.842595],[73.732052,20.842604],[73.732053,20.842611],[73.732056,20.842613],[73.732061,20.842613]]}},{"type":"Feature","properties":{"elevation":347},"geometry":{"type":"LineString","coordinates":[[73.731889,20.843407],[73.73189,20.8434]]}},{"type":"Feature","properties":{"elevation":347},"geometry":{"type":"LineString","coordinates":[[73.73209,20.842477],[73.732068,20.842445],[73.732058,20.842445],[73.732037,20.842438],[73.732035,20.842438],[73.732033,20.842441],[73.732028,20.842441],[73.732022,20.842434],[73.732007,20.842427],[73.732006,20.842422],[73.731999,20.842412],[73.731998,20.842386],[73.731987,20.84237],[73.73199,20.842366],[73.731989,20.842355],[73.731998,20.842352],[73.732003,20.842342],[73.731997,20.842325],[73.73198,20.842304],[73.731983,20.842288],[73.731981,20.842279],[73.731976,20.842275],[73.73198,20.842265],[73.731978,20.842258],[73.731981,20.84225],[73.731982,20.842224],[73.731975,20.842201],[73.731982,20.842197],[73.731984,20.842184],[73.731978,20.842175],[73.731966,20.842175],[73.73196,20.842168],[73.731967,20.842138],[73.731973,20.842128],[73.731965,20.842103],[73.731965,20.842092],[73.731959,20.842082],[73.731961,20.842058],[73.731953,20.842051],[73.731952,20.84204],[73.731927,20.842034],[73.731923,20.842026],[73.731925,20.842021],[73.731941,20.842008],[73.731946,20.841996],[73.731949,20.84198],[73.73194,20.841974],[73.731933,20.841962],[73.731944,20.841943],[73.731948,20.84193],[73.731954,20.841928],[73.731954,20.841921],[73.731968,20.841899],[73.731974,20.841894],[73.731989,20.841893],[73.731998,20.841882],[73.731988,20.841847],[73.73199,20.841843],[73.731999,20.841836],[73.732002,20.841823],[73.731995,20.841819],[73.731973,20.841811],[73.731967,20.841804],[73.731968,20.841798],[73.731966,20.841777],[73.73199,20.841755],[73.731991,20.841725],[73.731969,20.841704],[73.731968,20.841689],[73.731965,20.841679],[73.731968,20.841666],[73.731969,20.841651],[73.731991,20.841612],[73.731977,20.841601],[73.731971,20.841591],[73.731972,20.841585],[73.731968,20.841576],[73.731966,20.841565],[73.731969,20.841552],[73.731967,20.841547],[73.731971,20.841541],[73.731968,20.841533],[73.731985,20.841505],[73.731992,20.841497],[73.732,20.841466],[73.732007,20.841459],[73.732013,20.841458],[73.732027,20.841448],[73.732045,20.841423],[73.732054,20.841417],[73.732061,20.841377],[73.732058,20.841365],[73.732062,20.841347],[73.732069,20.841343],[73.732109,20.841336],[73.732111,20.841334],[73.73211,20.841329],[73.732102,20.84132],[73.732091,20.84131],[73.732086,20.841309],[73.732085,20.841301],[73.732087,20.841285],[73.73209,20.841275],[73.732101,20.841273],[73.732106,20.841268],[73.732099,20.841258],[73.732098,20.841246],[73.732104,20.841224],[73.732101,20.841195],[73.732106,20.841182],[73.732103,20.841171],[73.732106,20.841164],[73.732103,20.841145],[73.732107,20.841132],[73.732106,20.841093],[73.732109,20.841083],[73.732124,20.841068],[73.732132,20.841051],[73.732149,20.841037],[73.732145,20.841021],[73.732141,20.841015],[73.732147,20.841002],[73.732144,20.840985],[73.732144,20.840962],[73.732133,20.840926],[73.732138,20.840913],[73.732136,20.840907],[73.732133,20.840905],[73.732129,20.840892],[73.732132,20.840881],[73.732145,20.84087],[73.732137,20.840844],[73.732139,20.840839]]}},{"type":"Feature","properties":{"elevation":348},"geometry":{"type":"LineString","coordinates":[[73.731837,20.840846],[73.73183,20.840888],[73.731825,20.840892],[73.731813,20.840913],[73.731808,20.840925],[73.731813,20.840932],[73.731824,20.840941],[73.731827,20.840952],[73.731836,20.840963],[73.731839,20.840987],[73.731835,20.840991],[73.731833,20.841006],[73.731819,20.841031],[73.731809,20.841051],[73.731806,20.841064],[73.731792,20.84109],[73.731775,20.8411],[73.731756,20.841105],[73.731723,20.841104],[73.731707,20.8411],[73.731705,20.841098],[73.7317,20.841107],[73.731691,20.84111],[73.731686,20.841108],[73.731684,20.84111],[73.731684,20.841113],[73.731676,20.841114],[73.731667,20.841106],[73.731666,20.841109],[73.73166,20.841109],[73.731652,20.841117],[73.731637,20.84112],[73.731629,20.841125],[73.731629,20.841133],[73.731638,20.841141],[73.731637,20.841147],[73.731644,20.841167],[73.731637,20.841173],[73.731633,20.841186],[73.731636,20.841193],[73.731643,20.841199],[73.731647,20.841205],[73.731644,20.84121],[73.731632,20.841217],[73.731634,20.841221],[73.731638,20.841221],[73.731644,20.841224],[73.731647,20.841239],[73.731653,20.84125],[73.731653,20.841252],[73.731665,20.841267],[73.731661,20.841272],[73.731662,20.841278],[73.731668,20.841288],[73.731659,20.841291],[73.731664,20.841294],[73.731664,20.841296],[73.731661,20.841298],[73.731664,20.8413],[73.731664,20.841307],[73.731667,20.841312],[73.731652,20.841319],[73.731634,20.84134],[73.731622,20.841372],[73.731617,20.841374],[73.731579,20.841428],[73.731567,20.841435],[73.731558,20.841446],[73.731558,20.841448],[73.731563,20.841447],[73.731568,20.84145],[73.731577,20.841468],[73.731591,20.841485],[73.731595,20.841495],[73.731596,20.841513],[73.731589,20.841552],[73.731583,20.841557],[73.731578,20.841572],[73.731572,20.841597],[73.731561,20.841629],[73.731557,20.84165],[73.731549,20.841663],[73.731526,20.841676],[73.731502,20.841675],[73.7315,20.841673],[73.731503,20.841669],[73.731489,20.841663],[73.731487,20.841667],[73.731487,20.841671],[73.731492,20.841679],[73.731501,20.841682],[73.731499,20.841685],[73.731503,20.841699],[73.731514,20.841706],[73.73152,20.841707],[73.731526,20.841711],[73.731525,20.84172],[73.731528,20.841725],[73.731537,20.841735],[73.731549,20.841741],[73.731577,20.841774],[73.731584,20.841805],[73.731585,20.841834],[73.731593,20.841856],[73.73159,20.841869],[73.731599,20.841898],[73.731596,20.841903],[73.731598,20.841919],[73.731595,20.841922],[73.731597,20.841928],[73.731591,20.84193],[73.731594,20.841944],[73.731586,20.841953],[73.731582,20.841977],[73.731585,20.84199],[73.731583,20.841997],[73.731595,20.842019],[73.731603,20.842044],[73.731602,20.842047],[73.731605,20.842055],[73.731603,20.842062],[73.7316,20.842065],[73.731603,20.842089],[73.731595,20.842111],[73.73159,20.842116],[73.731591,20.842121],[73.731589,20.842126],[73.731574,20.842143],[73.731567,20.842146],[73.731563,20.842152],[73.731558,20.842152],[73.73155,20.84216],[73.731545,20.842166],[73.731546,20.842173],[73.731542,20.842176],[73.731543,20.84218],[73.731537,20.842176],[73.73153,20.842182],[73.731527,20.842179],[73.731514,20.842179],[73.731508,20.842184],[73.731503,20.842179],[73.731495,20.842179],[73.731493,20.842183],[73.731498,20.842187],[73.731496,20.84219],[73.731488,20.842185],[73.731487,20.842181],[73.731475,20.842188],[73.731469,20.842183],[73.731459,20.842183],[73.731452,20.842177],[73.731446,20.842166],[73.73144,20.842171],[73.731438,20.842171],[73.731435,20.842169],[73.731437,20.842164],[73.731433,20.842161],[73.731414,20.842159],[73.731407,20.842164],[73.731393,20.842167],[73.731382,20.842178],[73.731369,20.842182],[73.731341,20.842176],[73.731308,20.842161],[73.731296,20.84216],[73.731289,20.842162],[73.731287,20.842166],[73.731278,20.842202],[73.731271,20.842204],[73.731268,20.842207],[73.731267,20.842229],[73.731289,20.842252],[73.731289,20.842262],[73.731294,20.842273],[73.731292,20.842284],[73.731288,20.84229],[73.731287,20.8423],[73.731278,20.842316],[73.73126,20.842329],[73.731245,20.842335],[73.731249,20.842361],[73.731255,20.842378],[73.731253,20.842386],[73.731246,20.842396],[73.73124,20.842408],[73.731235,20.842416],[73.731224,20.84242],[73.731214,20.842428],[73.731199,20.842434],[73.731196,20.842439],[73.731205,20.84245],[73.731211,20.842453],[73.731224,20.842453],[73.731244,20.84247],[73.731246,20.84247],[73.731248,20.842465],[73.73125,20.842465],[73.731266,20.842485],[73.731273,20.842487],[73.731276,20.842492],[73.731288,20.842499],[73.731296,20.842509],[73.731297,20.842514],[73.731301,20.842516],[73.7313,20.84252],[73.731303,20.842526],[73.731316,20.842535],[73.731327,20.842557],[73.731328,20.842565],[73.731321,20.842571],[73.731318,20.842582],[73.731312,20.842593],[73.731312,20.842598],[73.731308,20.842601],[73.731308,20.842608],[73.731303,20.842611],[73.731297,20.842626],[73.731291,20.84263],[73.731291,20.842634],[73.731289,20.842635],[73.731282,20.842634],[73.731276,20.842642],[73.731263,20.842648],[73.731263,20.842657],[73.731256,20.842659],[73.731239,20.842668],[73.731237,20.842674],[73.731243,20.842685],[73.731242,20.842692],[73.731226,20.842698],[73.731221,20.842702],[73.731218,20.84272],[73.731209,20.842729],[73.731207,20.842738],[73.7312,20.842742],[73.731201,20.842751],[73.731197,20.842757],[73.731196,20.842766],[73.731197,20.842768],[73.731201,20.842768],[73.731202,20.842771],[73.731192,20.842783],[73.731187,20.842797],[73.731183,20.842801],[73.731179,20.842818],[73.731175,20.84282],[73.731173,20.842826],[73.731178,20.842834],[73.731167,20.842846],[73.731168,20.842851],[73.731162,20.842851],[73.731156,20.842867],[73.73115,20.842868],[73.731147,20.842873],[73.73114,20.842877],[73.731133,20.842887],[73.731134,20.842892],[73.731129,20.842891],[73.731126,20.842894],[73.731124,20.842892],[73.731124,20.842887],[73.731123,20.842887],[73.731118,20.842892],[73.731105,20.842893],[73.731096,20.8429],[73.731092,20.8429],[73.73109,20.842906],[73.731093,20.842924],[73.73109,20.842934],[73.731085,20.842938],[73.73106,20.842948],[73.731061,20.842953],[73.731069,20.842955],[73.731073,20.84296],[73.731071,20.842963],[73.731065,20.842964],[73.731065,20.842967],[73.731072,20.842972],[73.731067,20.842979],[73.731071,20.84299],[73.73107,20.843004],[73.731071,20.843014],[73.731058,20.843054],[73.731059,20.843059],[73.731055,20.843066],[73.731056,20.843075],[73.731053,20.843082],[73.731051,20.843098],[73.731043,20.843104],[73.731041,20.843126],[73.731034,20.843142],[73.731029,20.843146],[73.731027,20.843153],[73.731012,20.843163],[73.731005,20.843172],[73.731005,20.843185],[73.731001,20.843185],[73.730996,20.843182],[73.730994,20.843189],[73.730978,20.843199],[73.73096,20.843193],[73.730958,20.843197],[73.730964,20.843202],[73.730957,20.843209],[73.730952,20.843208],[73.730951,20.843209],[73.730948,20.843219],[73.730952,20.843225],[73.730959,20.843226],[73.730963,20.843232],[73.730967,20.843251],[73.730965,20.843258],[73.730968,20.84326],[73.730956,20.843271],[73.730954,20.843278],[73.730957,20.843284],[73.730951,20.843288],[73.730954,20.843311],[73.730926,20.843313],[73.730895,20.84333],[73.730894,20.843334],[73.730881,20.843352],[73.730886,20.84337],[73.730883,20.843376],[73.730872,20.843379],[73.730863,20.843391],[73.730842,20.843395],[73.730839,20.843397],[73.730841,20.843417],[73.730846,20.84343],[73.730851,20.843435],[73.730873,20.843447],[73.730881,20.843462],[73.730884,20.843477],[73.730888,20.843481],[73.73088,20.843508],[73.73088,20.843516],[73.730886,20.843518],[73.730888,20.843521],[73.730885,20.843539],[73.730889,20.843555],[73.730872,20.843594],[73.73087,20.843613],[73.730865,20.843621],[73.730855,20.843629],[73.730849,20.843639],[73.730843,20.843665],[73.73084,20.843669],[73.730841,20.843674],[73.730847,20.843681],[73.730838,20.843702],[73.730839,20.84371],[73.730829,20.843715],[73.730822,20.843727],[73.73081,20.843738],[73.730808,20.843747],[73.730802,20.843754],[73.730804,20.843767],[73.7308,20.843775],[73.730805,20.843785],[73.730806,20.843794],[73.730796,20.843815],[73.730799,20.843824],[73.730795,20.843842],[73.730799,20.84386],[73.7308,20.843879],[73.730796,20.843882],[73.730793,20.843889],[73.730798,20.84391],[73.730803,20.843912],[73.730801,20.843917],[73.730805,20.843929],[73.7308,20.843952],[73.730767,20.843974],[73.730758,20.843984],[73.730751,20.843998],[73.730747,20.844017],[73.730741,20.844022],[73.730744,20.844029],[73.73074,20.844035],[73.730731,20.844038],[73.73072,20.84403],[73.730711,20.844034],[73.730711,20.84404],[73.730713,20.844039],[73.730725,20.844048],[73.730721,20.844071],[73.730711,20.844088],[73.73071,20.844097],[73.73071,20.844113],[73.730715,20.844135],[73.730714,20.844145],[73.730722,20.844174],[73.73072,20.844186],[73.730723,20.844201],[73.730718,20.84421],[73.730717,20.844222],[73.730713,20.844229],[73.730712,20.844244]]}},{"type":"Feature","properties":{"elevation":348},"geometry":{"type":"LineString","coordinates":[[73.731912,20.843303],[73.731908,20.84329],[73.731909,20.843285],[73.731904,20.843279],[73.7319,20.843267],[73.7319,20.843252],[73.73188,20.843228],[73.731877,20.843222],[73.73188,20.843219],[73.731874,20.843211],[73.731863,20.843207],[73.731859,20.843199],[73.731854,20.843186],[73.731855,20.84318],[73.731849,20.843173],[73.731855,20.843167],[73.731849,20.843163],[73.731849,20.843159],[73.731845,20.843156],[73.731845,20.843137],[73.731841,20.843132],[73.731843,20.84312],[73.731846,20.843117],[73.731847,20.843113],[73.731853,20.843108],[73.731855,20.8431],[73.731845,20.843078],[73.73185,20.843076],[73.731858,20.843062],[73.73187,20.843054],[73.731871,20.843046],[73.731876,20.843039],[73.731877,20.843033],[73.731885,20.843031],[73.731889,20.843026],[73.731909,20.843025],[73.731921,20.84302],[73.731933,20.843002],[73.73193,20.842995],[73.73192,20.842995],[73.731921,20.842979],[73.73193,20.842967],[73.731926,20.842963],[73.731925,20.842959],[73.731927,20.842952],[73.731932,20.842947],[73.731928,20.842929],[73.731931,20.842926],[73.731936,20.842906],[73.731935,20.84289],[73.731936,20.842872],[73.731931,20.842864],[73.73194,20.842843],[73.73194,20.842826],[73.731935,20.842808],[73.73193,20.8428],[73.731916,20.842798],[73.731911,20.842785],[73.731895,20.842774],[73.731885,20.842749],[73.731893,20.842747],[73.731894,20.842736],[73.731898,20.842734],[73.731911,20.842713],[73.731917,20.842709],[73.731916,20.842702],[73.731923,20.842699],[73.731928,20.842693],[73.731933,20.842695],[73.731942,20.842687],[73.731957,20.842689],[73.731965,20.842685],[73.731971,20.842685],[73.731976,20.842681],[73.731975,20.842673],[73.731977,20.842672],[73.731987,20.842674],[73.731998,20.842686],[73.732,20.842683],[73.732005,20.842683],[73.732045,20.842639],[73.732056,20.842636]]}},{"type":"Feature","properties":{"elevation":348},"geometry":{"type":"LineString","coordinates":[[73.732105,20.842412],[73.732088,20.842412],[73.732077,20.842417],[73.732073,20.842424],[73.732079,20.842428],[73.73208,20.842431],[73.732078,20.842431],[73.73207,20.842428],[73.732059,20.842429],[73.732037,20.842417],[73.732038,20.84241],[73.732032,20.842405],[73.73203,20.842399],[73.732031,20.842391],[73.732027,20.842388],[73.732023,20.842362],[73.732009,20.842342],[73.732003,20.842329],[73.732005,20.842324],[73.732013,20.842316],[73.73202,20.842305],[73.732011,20.842277],[73.732011,20.842264],[73.732021,20.842257],[73.732055,20.842242],[73.73206,20.842234],[73.732005,20.842186],[73.731983,20.842165],[73.731987,20.84216],[73.731996,20.842159],[73.731996,20.842155],[73.731993,20.842146],[73.731996,20.842144],[73.731999,20.842128],[73.732015,20.842102],[73.731988,20.842085],[73.731982,20.842076],[73.731975,20.842075],[73.731973,20.842072],[73.731978,20.842064],[73.731973,20.842056],[73.731975,20.842013],[73.731968,20.842002],[73.731971,20.841998],[73.731974,20.84198],[73.731982,20.841975],[73.731969,20.841946],[73.731973,20.841937],[73.731983,20.841931],[73.731986,20.841927],[73.731991,20.841925],[73.731995,20.84192],[73.731992,20.8419],[73.731997,20.841896],[73.732004,20.841882],[73.732007,20.841867],[73.732006,20.841856],[73.732024,20.841841],[73.732027,20.841832],[73.732024,20.841821],[73.732007,20.841795],[73.731995,20.841762],[73.731993,20.841747],[73.731997,20.841712],[73.731978,20.841698],[73.731968,20.84168],[73.731969,20.841672],[73.731974,20.841667],[73.731986,20.84164],[73.731985,20.841632],[73.731998,20.841613],[73.732002,20.841594],[73.732016,20.841575],[73.732014,20.841572],[73.732005,20.841564],[73.732008,20.841558],[73.731998,20.841548],[73.731996,20.84155],[73.731995,20.841555],[73.731989,20.841559],[73.731977,20.841562],[73.731973,20.841559],[73.731984,20.841549],[73.731992,20.841546],[73.731994,20.841539],[73.731989,20.841537],[73.731988,20.841534],[73.731995,20.841528],[73.732002,20.841512],[73.732009,20.841504],[73.73201,20.84149],[73.732005,20.841485],[73.732003,20.841481],[73.732007,20.84147],[73.732034,20.841446],[73.732048,20.841441],[73.732057,20.841431],[73.73206,20.841423],[73.73206,20.841406],[73.732074,20.84139],[73.732073,20.841381],[73.732078,20.841371],[73.732078,20.841361],[73.732089,20.841354],[73.732105,20.841355],[73.732112,20.841352],[73.732116,20.841346],[73.732117,20.84133],[73.732122,20.841312],[73.732137,20.841274],[73.732135,20.84126],[73.732118,20.841247],[73.732119,20.841233],[73.732117,20.841201],[73.732122,20.841188],[73.732124,20.841166],[73.732127,20.841163],[73.732126,20.841155],[73.732122,20.841158],[73.73212,20.841155],[73.73212,20.841149],[73.732112,20.841127],[73.732116,20.841122],[73.732114,20.841114],[73.732125,20.841098],[73.732129,20.841083],[73.732124,20.841073],[73.732134,20.841052],[73.732141,20.841046],[73.732161,20.841038],[73.732166,20.841032],[73.732164,20.841025],[73.732154,20.841012],[73.732159,20.841006],[73.732161,20.840995],[73.732154,20.840979],[73.73215,20.840961],[73.732151,20.840959],[73.732159,20.840957],[73.732166,20.840947],[73.732172,20.840926],[73.732171,20.84092],[73.732165,20.840914],[73.732165,20.840906],[73.732166,20.840904],[73.732173,20.840906],[73.732175,20.840903],[73.732179,20.840881],[73.732177,20.840877],[73.732162,20.840869],[73.732162,20.840861],[73.732154,20.840863],[73.732148,20.84086],[73.732147,20.840855],[73.732149,20.840849],[73.732143,20.840844],[73.732143,20.840839]]}},{"type":"Feature","properties":{"elevation":348},"geometry":{"type":"LineString","coordinates":[[73.732092,20.842463],[73.732087,20.842453],[73.73209,20.842445],[73.732095,20.842446],[73.732097,20.842452]]}},{"type":"Feature","properties":{"elevation":348},"geometry":{"type":"LineString","coordinates":[[73.732143,20.840839],[73.732145,20.840837]]}},{"type":"Feature","properties":{"elevation":349},"geometry":{"type":"LineString","coordinates":[[73.731821,20.840848],[73.731818,20.840854],[73.731817,20.840872],[73.73181,20.840889],[73.731804,20.840895],[73.731795,20.840913],[73.731799,20.840922],[73.731798,20.840935],[73.731806,20.840959],[73.731812,20.840963],[73.731816,20.84097],[73.73182,20.840993],[73.731817,20.840997],[73.731816,20.841004],[73.731809,20.841013],[73.731808,20.84102],[73.731798,20.841033],[73.731796,20.841042],[73.731783,20.841062],[73.731777,20.841063],[73.731773,20.841068],[73.731758,20.841068],[73.731745,20.841062],[73.731739,20.841063],[73.731733,20.841056],[73.731718,20.841051],[73.731713,20.841045],[73.731696,20.841042],[73.731676,20.841048],[73.73167,20.841047],[73.731657,20.841053],[73.731652,20.841051],[73.73165,20.841057],[73.731644,20.841055],[73.731636,20.841062],[73.731626,20.84106],[73.731622,20.841063],[73.731618,20.841062],[73.7316,20.841072],[73.731594,20.841071],[73.731591,20.841068],[73.731586,20.841071],[73.731562,20.841072],[73.731556,20.841075],[73.73155,20.841072],[73.731547,20.841072],[73.731547,20.841075],[73.731535,20.841076],[73.731531,20.841078],[73.731529,20.841088],[73.731541,20.841095],[73.731532,20.841097],[73.731533,20.841102],[73.731538,20.84111],[73.731553,20.841124],[73.73156,20.841127],[73.731561,20.841132],[73.73157,20.84114],[73.73157,20.841158],[73.73158,20.841164],[73.731582,20.841171],[73.731581,20.841181],[73.731577,20.841184],[73.731576,20.841189],[73.731581,20.841203],[73.731588,20.841214],[73.731587,20.841218],[73.731589,20.841244],[73.731593,20.841256],[73.731592,20.841262],[73.731596,20.841269],[73.731597,20.841292],[73.73159,20.841323],[73.731592,20.841333],[73.731589,20.841349],[73.731571,20.841376],[73.731555,20.84141],[73.731544,20.841422],[73.731524,20.84143],[73.73152,20.841441],[73.731525,20.841458],[73.731531,20.841458],[73.731535,20.841466],[73.731556,20.841484],[73.731569,20.841515],[73.731558,20.841545],[73.731556,20.841559],[73.731558,20.841565],[73.731556,20.841574],[73.731549,20.841586],[73.73154,20.841616],[73.731535,20.841622],[73.731531,20.84164],[73.73153,20.841655],[73.731507,20.841665],[73.731494,20.841659],[73.731491,20.841654],[73.731483,20.841651],[73.731478,20.841652],[73.73148,20.841647],[73.731475,20.841648],[73.73147,20.841645],[73.731466,20.841646],[73.731461,20.841653],[73.731468,20.841665],[73.731473,20.841703],[73.731499,20.841737],[73.731512,20.841758],[73.731528,20.841776],[73.731527,20.841778],[73.731544,20.841791],[73.73155,20.841805],[73.731552,20.841823],[73.731555,20.841834],[73.731553,20.84184],[73.731554,20.841866],[73.73155,20.841882],[73.73155,20.841887],[73.731545,20.841892],[73.731538,20.841911],[73.731536,20.841924],[73.731533,20.841928],[73.731536,20.841935],[73.73153,20.841938],[73.731532,20.841943],[73.731531,20.84195],[73.731529,20.841953],[73.731524,20.841953],[73.731522,20.84196],[73.731519,20.841962],[73.73152,20.841967],[73.731516,20.841973],[73.731514,20.841981],[73.731509,20.841988],[73.731512,20.841999],[73.731509,20.842012],[73.731513,20.842026],[73.731511,20.842036],[73.73151,20.842038],[73.731502,20.842042],[73.731499,20.842051],[73.731501,20.842057],[73.731499,20.84206],[73.7315,20.842065],[73.731497,20.842066],[73.731491,20.842064],[73.731491,20.842071],[73.731488,20.84207],[73.731485,20.842073],[73.731485,20.842084],[73.731478,20.842086],[73.731474,20.842083],[73.73147,20.842088],[73.731467,20.842085],[73.731463,20.84209],[73.731459,20.842091],[73.731457,20.842097],[73.731435,20.842102],[73.731427,20.842109],[73.731397,20.842101],[73.731389,20.842103],[73.731382,20.842101],[73.731352,20.842107],[73.731339,20.842101],[73.731336,20.842103],[73.731337,20.842109],[73.73133,20.842109],[73.73133,20.842113],[73.731325,20.842112],[73.731323,20.842115],[73.731313,20.842114],[73.731313,20.842118],[73.731307,20.842125],[73.7313,20.842127],[73.731294,20.842125],[73.731287,20.842126],[73.731281,20.842118],[73.731278,20.842118],[73.731259,20.84213],[73.731258,20.842134],[73.731256,20.842132],[73.731261,20.842142],[73.731263,20.842151],[73.731269,20.842155],[73.731273,20.842161],[73.731267,20.842175],[73.731275,20.842184],[73.731262,20.842202],[73.731263,20.842226],[73.731259,20.842262],[73.731261,20.842273],[73.731267,20.842272],[73.731273,20.842278],[73.731265,20.84229],[73.731266,20.842296],[73.73126,20.842305],[73.731253,20.842305],[73.73125,20.842307],[73.731243,20.842325],[73.731235,20.842337],[73.731241,20.842358],[73.731233,20.84237],[73.731225,20.842375],[73.731226,20.842382],[73.731222,20.842396],[73.731211,20.842407],[73.731204,20.842409],[73.731189,20.842421],[73.731188,20.842433],[73.73118,20.842438],[73.731177,20.842444],[73.731179,20.842452],[73.731197,20.842454],[73.731206,20.842464],[73.731225,20.842473],[73.731226,20.842475],[73.731223,20.84248],[73.73123,20.842483],[73.73123,20.842492],[73.731235,20.842496],[73.731243,20.842495],[73.731255,20.842513],[73.731256,20.842523],[73.731261,20.842529],[73.731257,20.842537],[73.731259,20.84254],[73.731259,20.842548],[73.731263,20.842553],[73.73126,20.842558],[73.73126,20.842573],[73.731253,20.842575],[73.73125,20.842581],[73.731249,20.842593],[73.731257,20.842607],[73.731257,20.842615],[73.731251,20.84262],[73.731248,20.842629],[73.731245,20.842629],[73.731236,20.842623],[73.731233,20.842629],[73.731224,20.842633],[73.731222,20.84264],[73.73121,20.842646],[73.731205,20.842654],[73.731203,20.842655],[73.7312,20.842662],[73.731203,20.842672],[73.731201,20.842677],[73.731197,20.842677],[73.731191,20.842674],[73.731189,20.842675],[73.731191,20.842693],[73.731195,20.842702],[73.731189,20.842706],[73.731177,20.842706],[73.731175,20.842708],[73.731172,20.842722],[73.731168,20.84273],[73.731165,20.842732],[73.731162,20.842745],[73.731157,20.842749],[73.731158,20.842758],[73.731156,20.842763],[73.731158,20.842776],[73.731153,20.842793],[73.731145,20.842802],[73.731134,20.842807],[73.731129,20.842812],[73.731132,20.842818],[73.731108,20.842841],[73.7311,20.842857],[73.731099,20.842863],[73.731092,20.842866],[73.731061,20.842857],[73.731049,20.84286],[73.731045,20.842865],[73.731041,20.842884],[73.731051,20.842894],[73.731063,20.842894],[73.731064,20.842897],[73.731061,20.842899],[73.731058,20.842907],[73.731063,20.842915],[73.731056,20.842926],[73.731047,20.842931],[73.731046,20.842935],[73.731027,20.842944],[73.731025,20.842951],[73.731019,20.842957],[73.731021,20.842968],[73.731033,20.842987],[73.731033,20.842992],[73.731029,20.842996],[73.731012,20.843002],[73.731007,20.843009],[73.73101,20.843015],[73.731024,20.843029],[73.731026,20.843035],[73.731023,20.843039],[73.731028,20.843043],[73.731006,20.843083],[73.731006,20.843093],[73.731012,20.843096],[73.731004,20.843102],[73.731005,20.843111],[73.730988,20.843132],[73.73098,20.843156],[73.730981,20.84316],[73.730978,20.843163],[73.730979,20.843167],[73.730975,20.843169],[73.730969,20.843179],[73.730951,20.84319],[73.730945,20.8432],[73.730933,20.843206],[73.730924,20.843217],[73.730924,20.843223],[73.730929,20.843229],[73.730944,20.843238],[73.73094,20.843243],[73.730939,20.843268],[73.730932,20.843277],[73.730915,20.843289],[73.730912,20.843297],[73.730897,20.8433],[73.730861,20.843325],[73.730857,20.843332],[73.730861,20.843352],[73.730854,20.84336],[73.730833,20.843364],[73.730827,20.843367],[73.730823,20.843372],[73.730823,20.843378],[73.730835,20.843393],[73.73084,20.843423],[73.730846,20.84344],[73.730852,20.843447],[73.730851,20.843452],[73.730854,20.843459],[73.730852,20.843463],[73.730856,20.843473],[73.730859,20.843504],[73.730856,20.843509],[73.730857,20.843515],[73.730848,20.843518],[73.730849,20.843532],[73.730846,20.843536],[73.730843,20.84355],[73.730837,20.843563],[73.730832,20.843572],[73.730829,20.843595],[73.730822,20.8436],[73.730821,20.843613],[73.730826,20.843621],[73.730819,20.843636],[73.730819,20.843641],[73.730816,20.843644],[73.730817,20.843656],[73.730813,20.84366],[73.730817,20.843667],[73.73081,20.8437],[73.730797,20.843725],[73.730787,20.84373],[73.730779,20.84374],[73.730778,20.843745],[73.730782,20.843752],[73.730777,20.843766],[73.730778,20.843772],[73.730773,20.843776],[73.730772,20.84378],[73.730775,20.843788],[73.730774,20.843801],[73.730771,20.843805],[73.730773,20.843809],[73.730772,20.843817],[73.730767,20.843838],[73.730774,20.843865],[73.730787,20.843896],[73.730787,20.843915],[73.730794,20.843928],[73.730794,20.84394],[73.730785,20.843947],[73.730758,20.84395],[73.730748,20.843961],[73.730744,20.843974],[73.730728,20.843978],[73.730719,20.843987],[73.730707,20.843991],[73.73069,20.844024],[73.730687,20.844036],[73.730687,20.844048],[73.730693,20.844076],[73.730688,20.844127],[73.7307,20.844166],[73.730698,20.844185],[73.7307,20.844194],[73.730695,20.844216],[73.730695,20.84423],[73.730691,20.844244]]}},{"type":"Feature","properties":{"elevation":349},"geometry":{"type":"LineString","coordinates":[[73.731933,20.843198],[73.731929,20.843179],[73.731924,20.843176],[73.731921,20.843169],[73.731922,20.843164],[73.731918,20.843155],[73.731913,20.843153],[73.731911,20.84315],[73.731911,20.843143],[73.731915,20.84314],[73.731916,20.843136],[73.73191,20.843124],[73.731912,20.843114],[73.731915,20.843113],[73.731916,20.843109],[73.731913,20.8431],[73.731909,20.8431],[73.731906,20.843098],[73.731902,20.843086],[73.731909,20.843079],[73.731914,20.843068],[73.731918,20.843067],[73.731923,20.843048],[73.731922,20.843035],[73.731925,20.843027],[73.731942,20.843004],[73.731956,20.842992],[73.731972,20.842959],[73.731974,20.842922],[73.731968,20.842917],[73.731967,20.84291],[73.731973,20.842902],[73.73197,20.842899],[73.731972,20.842892],[73.731981,20.842885],[73.731983,20.842879],[73.731983,20.842825],[73.731977,20.842815],[73.731981,20.842811],[73.731983,20.842796],[73.731983,20.842786],[73.731979,20.842781],[73.731977,20.842769],[73.731979,20.842765],[73.731983,20.842763],[73.731981,20.842756],[73.731985,20.842752],[73.731987,20.842745],[73.731998,20.842737],[73.732008,20.842733],[73.732015,20.842719],[73.732021,20.842718],[73.732025,20.842711],[73.732036,20.842704],[73.73204,20.8427],[73.732039,20.842696],[73.732042,20.842696]]}},{"type":"Feature","properties":{"elevation":349},"geometry":{"type":"LineString","coordinates":[[73.731933,20.843207],[73.731933,20.843204]]}},{"type":"Feature","properties":{"elevation":349},"geometry":{"type":"LineString","coordinates":[[73.732107,20.842406],[73.732086,20.842399],[73.73207,20.842404],[73.732061,20.842402],[73.732053,20.84239],[73.732038,20.842378],[73.732031,20.84236],[73.732014,20.842339],[73.732015,20.842334],[73.732029,20.842335],[73.732036,20.842329],[73.732037,20.842323],[73.732026,20.842316],[73.732045,20.842276],[73.732065,20.842248],[73.732066,20.842243],[73.732063,20.842229],[73.732054,20.84222],[73.732017,20.842192],[73.732006,20.84218],[73.732012,20.842161],[73.732009,20.842154],[73.732013,20.842147],[73.732013,20.842142],[73.732018,20.84214],[73.73202,20.842136],[73.732017,20.842113],[73.73202,20.842102],[73.732018,20.842091],[73.732019,20.842079],[73.732017,20.842066],[73.73201,20.842063],[73.732004,20.842065],[73.731992,20.842041],[73.731997,20.842037],[73.731999,20.842025],[73.732005,20.842014],[73.732001,20.842012],[73.732002,20.842016],[73.731997,20.842018],[73.73199,20.842014],[73.731989,20.842005],[73.731994,20.842002],[73.731991,20.841997],[73.731991,20.841987],[73.731997,20.841987],[73.732009,20.842],[73.732014,20.841997],[73.731999,20.841978],[73.731997,20.841943],[73.732002,20.841934],[73.732003,20.841927],[73.731999,20.841902],[73.732008,20.841883],[73.732023,20.841863],[73.732025,20.841856],[73.732044,20.841837],[73.732041,20.841823],[73.732033,20.841818],[73.732031,20.841813],[73.732016,20.841799],[73.731998,20.841763],[73.731995,20.841748],[73.732002,20.841714],[73.732001,20.841702],[73.731995,20.841689],[73.731984,20.841677],[73.731986,20.841664],[73.731996,20.841648],[73.731997,20.841642],[73.732001,20.841637],[73.732003,20.841617],[73.732009,20.841612],[73.732027,20.841578],[73.732048,20.841556],[73.732068,20.84152],[73.732068,20.841514],[73.732058,20.841496],[73.732038,20.841479],[73.732033,20.841478],[73.732027,20.841479],[73.73203,20.84146],[73.732033,20.841458],[73.732041,20.841458],[73.73205,20.841453],[73.732055,20.841453],[73.732061,20.841445],[73.732062,20.841434],[73.732076,20.841431],[73.732079,20.841427],[73.732078,20.841421],[73.732075,20.841417],[73.732074,20.841404],[73.73208,20.841405],[73.732084,20.841396],[73.732102,20.841387],[73.73212,20.841374],[73.732117,20.841338],[73.732124,20.841312],[73.732136,20.841281],[73.732145,20.841272],[73.732158,20.841264],[73.73216,20.841258],[73.732164,20.841207],[73.732146,20.841182],[73.732146,20.841164],[73.732143,20.841156],[73.732146,20.841141],[73.732153,20.841129],[73.732154,20.841115],[73.73216,20.841093],[73.732157,20.84109],[73.732148,20.841093],[73.732143,20.84108],[73.732147,20.841074],[73.732158,20.841073],[73.732156,20.841048],[73.732166,20.841042],[73.732176,20.841016],[73.732177,20.841005],[73.732169,20.840996],[73.732172,20.840986],[73.732163,20.840981],[73.732161,20.840974],[73.732163,20.840968],[73.73217,20.840961],[73.732171,20.840938],[73.732184,20.840914],[73.73219,20.840894],[73.732189,20.840888],[73.732172,20.840858],[73.732176,20.840837]]}},{"type":"Feature","properties":{"elevation":350},"geometry":{"type":"LineString","coordinates":[[73.731806,20.840848],[73.731807,20.840852],[73.731803,20.840864],[73.731795,20.840882],[73.731788,20.840887],[73.731781,20.840889],[73.731768,20.840884],[73.731763,20.840889],[73.731757,20.840907],[73.731751,20.840915],[73.731746,20.840935],[73.73174,20.840934],[73.731738,20.840941],[73.731739,20.840946],[73.731736,20.840947],[73.731736,20.840952],[73.731733,20.840953],[73.731729,20.840963],[73.731724,20.840964],[73.73172,20.840969],[73.73171,20.840969],[73.731709,20.840972],[73.731704,20.840971],[73.731697,20.840979],[73.731687,20.84098],[73.731683,20.840984],[73.731661,20.840991],[73.73165,20.84099],[73.731651,20.840993],[73.731648,20.840992],[73.731642,20.841],[73.731635,20.841006],[73.73163,20.841018],[73.73162,20.841024],[73.731607,20.841028],[73.731602,20.841027],[73.731597,20.84103],[73.731579,20.84103],[73.731578,20.841033],[73.731577,20.841029],[73.731569,20.841026],[73.731562,20.841026],[73.731562,20.841029],[73.731556,20.84103],[73.731539,20.841022],[73.731534,20.841025],[73.73152,20.841028],[73.731514,20.841026],[73.731491,20.841032],[73.731485,20.841042],[73.73148,20.841043],[73.731468,20.841056],[73.731468,20.841061],[73.731462,20.841061],[73.731453,20.841066],[73.731449,20.841073],[73.731445,20.841075],[73.731448,20.841083],[73.731459,20.841093],[73.731473,20.841101],[73.731493,20.841109],[73.731506,20.84111],[73.731522,20.841122],[73.731527,20.841139],[73.731526,20.841142],[73.73154,20.841168],[73.731544,20.841187],[73.731547,20.841216],[73.731545,20.841249],[73.73155,20.841262],[73.731546,20.841267],[73.731545,20.841282],[73.731552,20.841318],[73.731548,20.841339],[73.731541,20.84135],[73.731538,20.841368],[73.731533,20.841384],[73.731529,20.841386],[73.731528,20.841393],[73.73152,20.841399],[73.731513,20.841402],[73.73151,20.841406],[73.731503,20.841406],[73.731488,20.841414],[73.731483,20.841427],[73.731484,20.841451],[73.731489,20.841467],[73.73152,20.841486],[73.73153,20.841496],[73.731535,20.841506],[73.731535,20.841531],[73.73153,20.841543],[73.731527,20.841546],[73.731531,20.841554],[73.731529,20.841573],[73.731512,20.841608],[73.731501,20.841624],[73.731486,20.841631],[73.731476,20.841631],[73.731471,20.841633],[73.731462,20.84163],[73.731439,20.84163],[73.731431,20.841636],[73.731426,20.841647],[73.731436,20.841658],[73.731442,20.841671],[73.731449,20.841721],[73.731454,20.841736],[73.731466,20.841754],[73.73147,20.841776],[73.731473,20.841783],[73.731472,20.841787],[73.731477,20.841794],[73.731476,20.8418],[73.73148,20.841812],[73.731481,20.841826],[73.731478,20.841827],[73.73148,20.841839],[73.731479,20.841842],[73.731476,20.841839],[73.731476,20.841841],[73.731479,20.841852],[73.731479,20.841878],[73.731477,20.841881],[73.731479,20.841887],[73.731476,20.841895],[73.731469,20.841897],[73.731466,20.841905],[73.731463,20.841947],[73.731459,20.841951],[73.731452,20.841951],[73.731443,20.841964],[73.731435,20.841969],[73.731428,20.841976],[73.731422,20.841989],[73.73141,20.841995],[73.731407,20.841998],[73.731408,20.842002],[73.7314,20.842006],[73.731394,20.842015],[73.73138,20.842024],[73.731375,20.842021],[73.731369,20.842031],[73.731336,20.842044],[73.731338,20.842049],[73.731336,20.842052],[73.731304,20.842064],[73.731299,20.842069],[73.731283,20.842075],[73.731274,20.842084],[73.73127,20.842093],[73.731258,20.842103],[73.731251,20.842115],[73.731246,20.842118],[73.731237,20.842118],[73.731238,20.84213],[73.731244,20.842136],[73.731248,20.842149],[73.731244,20.842179],[73.731249,20.842199],[73.731239,20.842207],[73.731241,20.842213],[73.73124,20.842218],[73.731242,20.84222],[73.731256,20.842221],[73.73126,20.842227],[73.731252,20.842278],[73.731239,20.842305],[73.731233,20.842331],[73.731215,20.842341],[73.731205,20.842362],[73.7312,20.842363],[73.731204,20.842367],[73.731203,20.842372],[73.731189,20.842383],[73.731182,20.842412],[73.731176,20.842408],[73.731175,20.842411],[73.731179,20.842417],[73.731174,20.842417],[73.731169,20.842413],[73.731163,20.842419],[73.731164,20.842425],[73.731162,20.842432],[73.731168,20.842436],[73.731168,20.842439],[73.73116,20.842443],[73.731158,20.842437],[73.731154,20.842438],[73.731149,20.842448],[73.731153,20.842456],[73.731172,20.842462],[73.731181,20.842468],[73.731196,20.842498],[73.731204,20.842503],[73.731217,20.842506],[73.731218,20.842515],[73.731215,20.84252],[73.731218,20.842544],[73.731215,20.84255],[73.731217,20.842552],[73.731215,20.842555],[73.73122,20.842563],[73.731212,20.842563],[73.7312,20.842594],[73.731189,20.842607],[73.731184,20.84262],[73.731173,20.84263],[73.731172,20.842634],[73.731163,20.842639],[73.731162,20.84265],[73.731158,20.842652],[73.731157,20.842665],[73.73116,20.842676],[73.731158,20.842688],[73.731144,20.842698],[73.731139,20.842696],[73.731129,20.84271],[73.731127,20.842726],[73.731114,20.842747],[73.731115,20.842754],[73.731121,20.842756],[73.731118,20.842759],[73.731121,20.842767],[73.731116,20.842774],[73.731101,20.842783],[73.731099,20.842793],[73.7311,20.842802],[73.731095,20.842806],[73.731077,20.842834],[73.731044,20.842859],[73.731029,20.842876],[73.731025,20.842884],[73.731015,20.842897],[73.731014,20.842903],[73.731023,20.842935],[73.731007,20.842974],[73.731002,20.843014],[73.730995,20.843032],[73.73099,20.843058],[73.730986,20.84306],[73.730979,20.843074],[73.730974,20.843079],[73.730967,20.843109],[73.730969,20.843115],[73.730965,20.843114],[73.730962,20.843117],[73.730958,20.843133],[73.730948,20.843149],[73.730951,20.843157],[73.73095,20.843165],[73.730946,20.843166],[73.730945,20.84317],[73.73095,20.843179],[73.730933,20.843186],[73.73092,20.843198],[73.730915,20.843199],[73.730915,20.843202],[73.730902,20.843204],[73.7309,20.843207],[73.730899,20.843226],[73.73091,20.84324],[73.730913,20.843252],[73.730912,20.84327],[73.730898,20.843276],[73.730895,20.843282],[73.730887,20.843283],[73.730884,20.843292],[73.730864,20.84329],[73.730859,20.843294],[73.730848,20.843309],[73.730835,20.843319],[73.730831,20.843332],[73.730835,20.843341],[73.730826,20.843349],[73.730817,20.843367],[73.730817,20.843377],[73.73083,20.843397],[73.730826,20.843404],[73.730813,20.843419],[73.730815,20.843425],[73.730825,20.843435],[73.730826,20.843441],[73.73083,20.843445],[73.730825,20.843458],[73.730834,20.843464],[73.730834,20.843475],[73.730831,20.843477],[73.730831,20.843485],[73.730829,20.843493],[73.730836,20.843502],[73.730836,20.843511],[73.730829,20.843517],[73.730824,20.843519],[73.730821,20.843525],[73.730816,20.843538],[73.730813,20.843556],[73.730804,20.843578],[73.730804,20.843584],[73.730792,20.843609],[73.730799,20.843649],[73.730797,20.843652],[73.730789,20.843657],[73.730791,20.843663],[73.730785,20.843673],[73.730787,20.843685],[73.730782,20.843694],[73.730775,20.843698],[73.73075,20.843736],[73.730749,20.843746],[73.730751,20.843759],[73.730745,20.843772],[73.730745,20.843788],[73.730749,20.843795],[73.730745,20.843808],[73.730747,20.843819],[73.730742,20.843826],[73.730741,20.843836],[73.730743,20.843845],[73.730763,20.843885],[73.730757,20.843899],[73.730758,20.843915],[73.730753,20.84392],[73.730749,20.843934],[73.730741,20.843937],[73.73073,20.843955],[73.730714,20.84397],[73.730686,20.843986],[73.730677,20.844005],[73.730674,20.844021],[73.730671,20.844025],[73.730673,20.844052],[73.730669,20.844087],[73.730669,20.844102],[73.730666,20.844108],[73.730667,20.844114],[73.730663,20.844124],[73.730666,20.84413],[73.730664,20.844137],[73.730678,20.844155],[73.730681,20.844174],[73.730674,20.844208],[73.730674,20.844224],[73.730671,20.844244]]}},{"type":"Feature","properties":{"elevation":350},"geometry":{"type":"LineString","coordinates":[[73.732107,20.842402],[73.732087,20.842394],[73.732079,20.842359],[73.732075,20.842356],[73.732058,20.842353],[73.732055,20.842345],[73.732051,20.842343],[73.732058,20.842319],[73.732052,20.842299],[73.732053,20.842287],[73.73206,20.84227],[73.73207,20.842252],[73.732071,20.842247],[73.732066,20.842229],[73.732058,20.842217],[73.732034,20.842194],[73.732029,20.842177],[73.732028,20.842163],[73.73203,20.842152],[73.732024,20.842127],[73.732022,20.842101],[73.732026,20.84205],[73.732034,20.842032],[73.732049,20.84201],[73.73201,20.841973],[73.73201,20.841966],[73.732017,20.841953],[73.732019,20.841934],[73.732017,20.841926],[73.732009,20.841919],[73.732004,20.841902],[73.73201,20.841895],[73.732015,20.841901],[73.732019,20.841902],[73.732021,20.841898],[73.732018,20.841892],[73.732034,20.841885],[73.732038,20.84188],[73.73204,20.841876],[73.732037,20.841874],[73.732037,20.84187],[73.732039,20.841868],[73.732046,20.841869],[73.732048,20.841861],[73.732054,20.841852],[73.732055,20.841843],[73.732047,20.841831],[73.73204,20.841815],[73.732026,20.841805],[73.73202,20.841784],[73.732006,20.841768],[73.731999,20.841754],[73.731998,20.841749],[73.732001,20.841732],[73.732006,20.841721],[73.732004,20.841686],[73.732006,20.841682],[73.732013,20.841678],[73.732016,20.841674],[73.732009,20.84167],[73.732008,20.841665],[73.73201,20.841661],[73.732009,20.841623],[73.732012,20.84162],[73.732016,20.841619],[73.732016,20.841609],[73.732035,20.84158],[73.73204,20.841577],[73.73207,20.84152],[73.732071,20.841514],[73.732066,20.841494],[73.732067,20.841474],[73.732076,20.841452],[73.732088,20.841438],[73.732089,20.841424],[73.732096,20.841421],[73.732104,20.841402],[73.732123,20.841378],[73.732119,20.841337],[73.732135,20.841286],[73.732142,20.841277],[73.73216,20.841267],[73.732163,20.841256],[73.732168,20.841207],[73.732164,20.841197],[73.732152,20.841181],[73.732151,20.841151],[73.732152,20.841145],[73.732157,20.841136],[73.732157,20.841116],[73.73216,20.841104],[73.732174,20.841081],[73.732167,20.841066],[73.732166,20.841059],[73.732169,20.84105],[73.732169,20.84104],[73.732178,20.841018],[73.732181,20.841003],[73.732172,20.84094],[73.732184,20.840921],[73.732196,20.840916],[73.732203,20.840903],[73.732201,20.840902],[73.732197,20.840905],[73.732195,20.840904],[73.732193,20.84089],[73.73218,20.840864],[73.732187,20.840846],[73.732185,20.840837]]}},{"type":"Feature","properties":{"elevation":351},"geometry":{"type":"LineString","coordinates":[[73.731744,20.840849],[73.731735,20.840856],[73.731733,20.84086],[73.731721,20.840869],[73.73172,20.840874],[73.731712,20.840882],[73.731705,20.840884],[73.73169,20.840899],[73.731688,20.840903],[73.731684,20.840905],[73.731676,20.840914],[73.73167,20.840916],[73.731667,20.840919],[73.731652,20.840927],[73.731641,20.840938],[73.731627,20.840942],[73.731621,20.84095],[73.731605,20.840955],[73.731595,20.840962],[73.73159,20.840961],[73.731586,20.840964],[73.73157,20.84097],[73.731541,20.840971],[73.731525,20.840961],[73.731508,20.840954],[73.731508,20.840947],[73.731505,20.840944],[73.731505,20.840953],[73.731502,20.840955],[73.731494,20.84095],[73.731496,20.840946],[73.731494,20.840945],[73.731493,20.840952],[73.731496,20.840954],[73.731493,20.840957],[73.731493,20.840965],[73.7315,20.840974],[73.731499,20.84098],[73.731483,20.840987],[73.731481,20.840992],[73.731475,20.840996],[73.73146,20.841016],[73.731449,20.841021],[73.731437,20.841032],[73.73143,20.841042],[73.731425,20.841041],[73.731427,20.841046],[73.731406,20.841052],[73.731406,20.841056],[73.731399,20.841056],[73.731394,20.841061],[73.731395,20.841066],[73.731402,20.841079],[73.731411,20.84109],[73.731429,20.8411],[73.731443,20.841112],[73.731474,20.841128],[73.731486,20.841131],[73.731493,20.841143],[73.7315,20.841159],[73.731507,20.841185],[73.731505,20.84119],[73.731511,20.841216],[73.731505,20.84126],[73.731511,20.841286],[73.731511,20.841307],[73.731513,20.841313],[73.731513,20.84134],[73.731505,20.841357],[73.731504,20.841368],[73.731495,20.841383],[73.731487,20.841391],[73.73148,20.841394],[73.731464,20.841408],[73.73146,20.841416],[73.73146,20.841425],[73.731463,20.841439],[73.73146,20.841469],[73.731496,20.841514],[73.731496,20.841522],[73.731492,20.841537],[73.731494,20.841567],[73.731488,20.841573],[73.731486,20.841578],[73.731478,20.841582],[73.731475,20.841587],[73.731464,20.841591],[73.73146,20.8416],[73.731436,20.841611],[73.731408,20.841615],[73.731384,20.841629],[73.731387,20.841651],[73.731391,20.841658],[73.731389,20.841662],[73.731394,20.841663],[73.731395,20.841668],[73.7314,20.841671],[73.731401,20.841676],[73.731407,20.841676],[73.731415,20.841681],[73.731415,20.841685],[73.73141,20.84169],[73.731411,20.841693],[73.73142,20.841693],[73.731418,20.841698],[73.731412,20.841703],[73.731411,20.841708],[73.731415,20.841734],[73.731412,20.841763],[73.731409,20.841769],[73.731413,20.841783],[73.731411,20.84179],[73.731407,20.841794],[73.731409,20.841799],[73.731405,20.8418],[73.731406,20.841806],[73.731401,20.841813],[73.7314,20.841821],[73.731396,20.841827],[73.731392,20.841829],[73.731392,20.841839],[73.731384,20.841851],[73.731387,20.841858],[73.731381,20.841864],[73.731381,20.841869],[73.731377,20.841871],[73.731372,20.841883],[73.731368,20.841886],[73.731367,20.841891],[73.731362,20.841897],[73.731363,20.841903],[73.731357,20.841911],[73.731358,20.841919],[73.731355,20.84193],[73.731348,20.841932],[73.731348,20.841935],[73.731342,20.841941],[73.73134,20.841947],[73.731336,20.841945],[73.731332,20.841946],[73.731329,20.841951],[73.731323,20.841952],[73.731325,20.841962],[73.731319,20.84196],[73.731322,20.841965],[73.731317,20.841969],[73.731315,20.841967],[73.731306,20.841988],[73.731298,20.841993],[73.731298,20.842004],[73.731295,20.842006],[73.73129,20.842003],[73.731289,20.842013],[73.731272,20.842023],[73.731268,20.842032],[73.73127,20.842038],[73.731265,20.842049],[73.731266,20.84206],[73.731265,20.842064],[73.731259,20.842067],[73.731252,20.842063],[73.731249,20.842068],[73.73124,20.84207],[73.731231,20.842082],[73.731231,20.842092],[73.731216,20.842096],[73.731213,20.842102],[73.731214,20.842109],[73.731221,20.842114],[73.73122,20.842121],[73.731227,20.842135],[73.73122,20.842144],[73.731211,20.842149],[73.731204,20.842156],[73.731219,20.842186],[73.731215,20.842196],[73.731206,20.842203],[73.73122,20.84223],[73.731223,20.842249],[73.73122,20.842255],[73.731215,20.842258],[73.731206,20.842295],[73.731191,20.842317],[73.731178,20.842324],[73.731173,20.84233],[73.73117,20.84234],[73.731172,20.842356],[73.731171,20.842375],[73.731158,20.84239],[73.731158,20.842395],[73.731151,20.842399],[73.731154,20.84241],[73.731147,20.842416],[73.731142,20.842412],[73.731139,20.842415],[73.731133,20.842416],[73.73113,20.842424],[73.731129,20.842446],[73.731138,20.84246],[73.731146,20.842463],[73.731155,20.842473],[73.731162,20.842473],[73.731169,20.842481],[73.731178,20.842483],[73.731184,20.842491],[73.731186,20.842502],[73.731177,20.842514],[73.731175,20.84252],[73.731176,20.842532],[73.731173,20.842537],[73.731176,20.842541],[73.731172,20.842545],[73.731162,20.842568],[73.731159,20.842585],[73.731151,20.842604],[73.731145,20.84261],[73.731145,20.842615],[73.731135,20.842621],[73.731132,20.842628],[73.731133,20.842632],[73.731128,20.842637],[73.73113,20.842645],[73.731126,20.842646],[73.731124,20.842643],[73.731117,20.84265],[73.731116,20.842662],[73.731111,20.842667],[73.731107,20.842682],[73.731101,20.842688],[73.731101,20.842694],[73.731092,20.842712],[73.731086,20.842732],[73.731085,20.842745],[73.73108,20.84275],[73.731078,20.842773],[73.731063,20.842781],[73.731061,20.842795],[73.73105,20.842809],[73.731039,20.842858],[73.731018,20.842882],[73.731006,20.842901],[73.731006,20.842905],[73.731011,20.842908],[73.731012,20.842917],[73.731015,20.842939],[73.730998,20.842951],[73.730983,20.84295],[73.730981,20.842952],[73.730979,20.842964],[73.730982,20.842973],[73.730976,20.842976],[73.730979,20.842982],[73.730978,20.842988],[73.730973,20.842988],[73.730972,20.842991],[73.730974,20.842995],[73.730978,20.842995],[73.730982,20.843004],[73.73098,20.843016],[73.730971,20.843026],[73.730965,20.843028],[73.730963,20.843035],[73.730964,20.843043],[73.730957,20.843057],[73.730957,20.843065],[73.730951,20.843076],[73.730946,20.843092],[73.730943,20.843095],[73.730937,20.843107],[73.730925,20.843145],[73.730925,20.84315],[73.730914,20.843174],[73.730907,20.843182],[73.730902,20.843193],[73.730885,20.843202],[73.730884,20.843216],[73.730894,20.843234],[73.730887,20.843246],[73.730886,20.843254],[73.730869,20.843263],[73.730861,20.843269],[73.730852,20.843271],[73.730838,20.843287],[73.730811,20.843301],[73.730799,20.843312],[73.730794,20.843326],[73.730792,20.843344],[73.730795,20.843351],[73.730803,20.843358],[73.730804,20.843362],[73.730781,20.843375],[73.730767,20.84339],[73.730769,20.843394],[73.730788,20.843409],[73.730804,20.843439],[73.73081,20.843457],[73.730809,20.843476],[73.730807,20.843487],[73.730803,20.843493],[73.730803,20.843505],[73.7308,20.843519],[73.730795,20.843531],[73.730797,20.843545],[73.730788,20.843552],[73.730784,20.843563],[73.730785,20.843575],[73.730778,20.843585],[73.73077,20.843615],[73.730764,20.843629],[73.730763,20.843638],[73.730766,20.843641],[73.730767,20.843646],[73.730761,20.843665],[73.730761,20.843675],[73.730743,20.843692],[73.73074,20.843713],[73.730733,20.843727],[73.730727,20.843734],[73.730728,20.843746],[73.730722,20.843756],[73.730719,20.843799],[73.730715,20.843807],[73.730719,20.843831],[73.730718,20.843847],[73.730724,20.843861],[73.73074,20.843879],[73.730741,20.843893],[73.730722,20.843937],[73.730712,20.843948],[73.730702,20.843952],[73.730696,20.843952],[73.730678,20.843968],[73.730667,20.843983],[73.730654,20.844016],[73.730654,20.844031],[73.730658,20.84405],[73.730655,20.844055],[73.730654,20.844079],[73.730642,20.84413],[73.730652,20.844157],[73.730657,20.844186],[73.730654,20.844211],[73.730651,20.844217],[73.730646,20.844233],[73.730649,20.844239],[73.730647,20.844244]]}},{"type":"Feature","properties":{"elevation":351},"geometry":{"type":"LineString","coordinates":[[73.732131,20.84229],[73.732087,20.842259],[73.732075,20.842247],[73.732063,20.842216],[73.732063,20.842182],[73.732049,20.84217],[73.732042,20.842155],[73.732035,20.842149],[73.732033,20.842143],[73.732032,20.842128],[73.73204,20.842116],[73.732026,20.842103],[73.732029,20.842055],[73.732033,20.842045],[73.732037,20.842043],[73.732061,20.842017],[73.732047,20.841998],[73.732043,20.841975],[73.732033,20.841964],[73.732032,20.841956],[73.732036,20.841951],[73.732025,20.841927],[73.732044,20.8419],[73.732046,20.841891],[73.732049,20.841889],[73.732044,20.841887],[73.732059,20.841862],[73.732062,20.841842],[73.732057,20.841831],[73.73203,20.841805],[73.732032,20.841799],[73.732038,20.841791],[73.732054,20.841787],[73.732059,20.841783],[73.732066,20.84177],[73.732068,20.841762],[73.732065,20.841754],[73.732055,20.841744],[73.732015,20.841718],[73.732011,20.84171],[73.73201,20.841702],[73.732018,20.841697],[73.732016,20.841693],[73.732027,20.841679],[73.732031,20.841661],[73.732034,20.841656],[73.732031,20.841651],[73.732032,20.841643],[73.732025,20.841643],[73.73202,20.841635],[73.732023,20.841613],[73.732042,20.841583],[73.732052,20.841555],[73.732073,20.841517],[73.732069,20.841487],[73.732075,20.841459],[73.732085,20.841445],[73.732093,20.841441],[73.732099,20.841434],[73.732103,20.841415],[73.732125,20.841382],[73.73212,20.841337],[73.732137,20.841286],[73.732143,20.841278],[73.73216,20.841269],[73.732163,20.841262],[73.732166,20.841228],[73.73217,20.841206],[73.732168,20.841195],[73.732159,20.841186],[73.732157,20.84118],[73.732161,20.841176],[73.732162,20.841171],[73.732158,20.841162],[73.732166,20.841153],[73.732165,20.84114],[73.73216,20.84113],[73.732159,20.841116],[73.732163,20.841103],[73.732179,20.841083],[73.732171,20.841063],[73.732172,20.841058],[73.732175,20.841054],[73.732171,20.841042],[73.732183,20.841013],[73.732184,20.840987],[73.732192,20.840986],[73.732186,20.840979],[73.732191,20.840974],[73.732187,20.840966],[73.732198,20.840961],[73.732203,20.84095],[73.732201,20.840945],[73.732186,20.840933],[73.73219,20.840927],[73.732201,20.840921],[73.732208,20.840913],[73.732208,20.840896],[73.732195,20.840884],[73.732189,20.840872],[73.732196,20.840867],[73.732214,20.840866],[73.732219,20.840858],[73.732217,20.840845],[73.732204,20.840838]]}},{"type":"Feature","properties":{"elevation":351},"geometry":{"type":"LineString","coordinates":[[73.732109,20.842395],[73.732102,20.842393],[73.7321,20.842386],[73.732094,20.842387],[73.732092,20.842385],[73.732088,20.842374],[73.732087,20.84235],[73.73209,20.842343],[73.732126,20.842311]]}},{"type":"Feature","properties":{"elevation":352},"geometry":{"type":"LineString","coordinates":[[73.730621,20.844244],[73.730629,20.844217],[73.730629,20.844211],[73.730633,20.844206],[73.730634,20.8442],[73.730631,20.844178],[73.730634,20.844172],[73.730632,20.844161],[73.730619,20.844138],[73.730623,20.844112],[73.730627,20.844101],[73.730632,20.844093],[73.73064,20.844057],[73.730639,20.84403],[73.730635,20.844019],[73.73064,20.844005],[73.730636,20.843986],[73.730644,20.843962],[73.730647,20.84396],[73.730662,20.84396],[73.730677,20.843942],[73.730707,20.843921],[73.730707,20.8439],[73.730711,20.843895],[73.730715,20.843885],[73.730709,20.843868],[73.730715,20.843857],[73.730712,20.84385],[73.730702,20.843843],[73.730698,20.843835],[73.730708,20.843819],[73.730706,20.843812],[73.730702,20.843813],[73.730699,20.843811],[73.730704,20.843808],[73.7307,20.843804],[73.730699,20.843786],[73.730703,20.843769],[73.73071,20.843759],[73.730708,20.843736],[73.730711,20.843725],[73.730709,20.843719],[73.730719,20.843694],[73.730732,20.84369],[73.730734,20.843687],[73.730733,20.843669],[73.73074,20.843643],[73.730743,20.843638],[73.730739,20.843624],[73.730747,20.843615],[73.730749,20.8436],[73.730762,20.843553],[73.730773,20.843537],[73.730783,20.843518],[73.73078,20.843506],[73.730776,20.843499],[73.730778,20.843489],[73.730784,20.843485],[73.73079,20.843469],[73.730788,20.843467],[73.730788,20.843456],[73.730783,20.843445],[73.730784,20.84343],[73.730771,20.843406],[73.730753,20.843392],[73.730752,20.843388],[73.730754,20.843383],[73.730751,20.843371],[73.730758,20.84335],[73.730765,20.843348],[73.73077,20.843337],[73.730786,20.843325],[73.7308,20.843298],[73.730812,20.843288],[73.730815,20.843282],[73.730811,20.843277],[73.730819,20.843271],[73.730826,20.84327],[73.730843,20.843255],[73.730853,20.843251],[73.730864,20.843234],[73.730859,20.843214],[73.73086,20.843207],[73.730865,20.8432],[73.730884,20.843185],[73.730894,20.843165],[73.730897,20.843147],[73.730907,20.843133],[73.730907,20.843119],[73.730912,20.843114],[73.730926,20.843084],[73.730932,20.843058],[73.730937,20.843051],[73.730944,20.843029],[73.730948,20.843023],[73.730947,20.843004],[73.730962,20.84295],[73.730961,20.842934],[73.730969,20.84292],[73.730986,20.842906],[73.730995,20.842902],[73.730999,20.842896],[73.730999,20.842891],[73.730987,20.842875],[73.730982,20.84286],[73.730982,20.842849],[73.730976,20.842841],[73.730991,20.842834],[73.730999,20.84284],[73.731006,20.842838],[73.731009,20.842828],[73.731006,20.842819],[73.731017,20.84281],[73.731019,20.842801],[73.731035,20.842779],[73.731038,20.84277],[73.731035,20.842764],[73.73104,20.842765],[73.731042,20.842771],[73.731046,20.842762],[73.731048,20.842767],[73.731051,20.842765],[73.731051,20.842757],[73.731046,20.842749],[73.731046,20.842744],[73.73105,20.842734],[73.731054,20.842734],[73.73106,20.842727],[73.731058,20.842719],[73.731066,20.842715],[73.731065,20.84271],[73.731061,20.842703],[73.731065,20.842688],[73.731066,20.842673],[73.731071,20.842665],[73.731081,20.842666],[73.731083,20.842665],[73.731082,20.84266],[73.731076,20.842654],[73.731079,20.84264],[73.731089,20.842636],[73.731091,20.842624],[73.731099,20.842612],[73.731105,20.842606],[73.731113,20.842606],[73.731112,20.842603],[73.731107,20.842601],[73.73111,20.842594],[73.731113,20.842591],[73.731121,20.842589],[73.731126,20.842584],[73.731126,20.842569],[73.731131,20.842551],[73.731143,20.842543],[73.731147,20.842514],[73.731137,20.842476],[73.731108,20.842451],[73.731104,20.842439],[73.731112,20.842432],[73.731108,20.842428],[73.731109,20.842415],[73.731124,20.842401],[73.731132,20.842399],[73.73114,20.842386],[73.731148,20.842377],[73.731151,20.842364],[73.731149,20.842358],[73.731151,20.842352],[73.731163,20.842338],[73.731173,20.842321],[73.731174,20.842288],[73.731171,20.842284],[73.731176,20.842283],[73.731178,20.84228],[73.731188,20.84225],[73.73119,20.842238],[73.731188,20.842224],[73.731181,20.842205],[73.731182,20.842199],[73.731178,20.842188],[73.731186,20.842173],[73.731196,20.842163],[73.731201,20.842145],[73.731197,20.842133],[73.731198,20.842127],[73.731195,20.842115],[73.731196,20.842107],[73.73118,20.842077],[73.73118,20.842066],[73.731182,20.842063],[73.731183,20.842055],[73.73119,20.842053],[73.731198,20.842044],[73.7312,20.842035],[73.731208,20.842035],[73.73121,20.842031],[73.73121,20.842027],[73.731215,20.84203],[73.73122,20.84202],[73.731225,20.842019],[73.731228,20.842014],[73.731235,20.842017],[73.73125,20.842004],[73.731259,20.841983],[73.731257,20.841973],[73.731262,20.84196],[73.731268,20.84196],[73.731271,20.841953],[73.731269,20.841936],[73.731272,20.841934],[73.731274,20.841928],[73.73128,20.841927],[73.731276,20.841914],[73.731281,20.841911],[73.731281,20.841905],[73.731283,20.841905],[73.731283,20.8419],[73.73129,20.84189],[73.731291,20.841877],[73.731296,20.841872],[73.731295,20.841868],[73.7313,20.841869],[73.731303,20.841867],[73.731306,20.841858],[73.731313,20.841856],[73.731318,20.84185],[73.731319,20.841841],[73.731316,20.841838],[73.731319,20.841832],[73.731318,20.84182],[73.731325,20.841806],[73.731325,20.841796],[73.731329,20.841786],[73.731341,20.841767],[73.731347,20.841762],[73.731346,20.841757],[73.73135,20.84176],[73.731357,20.841754],[73.731356,20.841749],[73.731362,20.841739],[73.731366,20.84172],[73.731366,20.841701],[73.731369,20.841697],[73.731364,20.841695],[73.731359,20.841689],[73.731361,20.841684],[73.731359,20.841673],[73.731352,20.841664],[73.731348,20.841652],[73.731339,20.841648],[73.731337,20.84164],[73.731324,20.841626],[73.731324,20.841622],[73.731331,20.84162],[73.731346,20.841621],[73.731352,20.841614],[73.731359,20.841613],[73.731369,20.841599],[73.731383,20.841591],[73.731393,20.841594],[73.7314,20.841601],[73.731404,20.841602],[73.731407,20.841589],[73.73142,20.841574],[73.731425,20.841563],[73.731425,20.841558],[73.731433,20.841546],[73.731434,20.841534],[73.731438,20.841516],[73.731439,20.841499],[73.731436,20.841485],[73.731432,20.841478],[73.731431,20.841467],[73.731441,20.841439],[73.731444,20.841413],[73.73145,20.841403],[73.731454,20.841385],[73.73146,20.841379],[73.731459,20.841372],[73.731464,20.841369],[73.731464,20.841365],[73.731469,20.841355],[73.731468,20.841349],[73.731471,20.841349],[73.731472,20.841285],[73.731469,20.841278],[73.731474,20.841212],[73.731473,20.841177],[73.731469,20.841165],[73.73147,20.841161],[73.731452,20.841141],[73.731448,20.841133],[73.731437,20.841132],[73.731423,20.841124],[73.731405,20.84111],[73.731385,20.841081],[73.731377,20.841081],[73.731361,20.841075],[73.731354,20.841061],[73.731354,20.841052],[73.731359,20.841046],[73.731378,20.841038],[73.731386,20.841023],[73.731393,20.841019],[73.731389,20.841017],[73.731389,20.841014],[73.731395,20.841015],[73.731397,20.84101],[73.731407,20.841006],[73.731408,20.840997],[73.731412,20.840996],[73.731412,20.840991],[73.731422,20.840982],[73.731426,20.840973],[73.731433,20.840972],[73.73143,20.84096],[73.731439,20.840958],[73.731441,20.840954],[73.731451,20.840954],[73.731459,20.840959],[73.731463,20.840955],[73.731463,20.840946],[73.731444,20.840928],[73.731457,20.840917],[73.731463,20.840918],[73.731468,20.840922],[73.73147,20.840932],[73.731472,20.840935],[73.731477,20.840935],[73.731479,20.840931],[73.73148,20.84092],[73.731491,20.840912],[73.731496,20.840912],[73.731504,20.840917],[73.731516,20.840915],[73.731531,20.840909],[73.731539,20.840903],[73.73154,20.8409],[73.731548,20.840897],[73.731555,20.840898],[73.731563,20.840893],[73.731572,20.840892],[73.731577,20.840893],[73.731579,20.840892],[73.73158,20.840887],[73.731601,20.840888],[73.731608,20.840884],[73.731611,20.840881],[73.731617,20.840883],[73.731628,20.840876],[73.731631,20.840877],[73.731654,20.840867],[73.731662,20.840856],[73.731667,20.840855],[73.731671,20.840851]]}},{"type":"Feature","properties":{"elevation":352},"geometry":{"type":"LineString","coordinates":[[73.732131,20.842286],[73.732096,20.842263],[73.73208,20.842249],[73.732074,20.84224],[73.732067,20.842219],[73.732068,20.842204],[73.732072,20.842201],[73.732077,20.842163],[73.732089,20.842128],[73.732064,20.84209],[73.73207,20.84209],[73.732075,20.842083],[73.732083,20.842055],[73.732074,20.842041],[73.732075,20.842031],[73.732082,20.842022],[73.73209,20.842019],[73.732066,20.842011],[73.73206,20.842005],[73.732057,20.841948],[73.732055,20.841944],[73.732056,20.841934],[73.732053,20.841928],[73.732054,20.841917],[73.732059,20.841913],[73.732063,20.841895],[73.732061,20.841872],[73.732066,20.841841],[73.732053,20.841821],[73.732044,20.841816],[73.732034,20.841805],[73.732042,20.841795],[73.732054,20.841791],[73.73206,20.841787],[73.732071,20.841761],[73.732066,20.841749],[73.732048,20.841735],[73.73202,20.841706],[73.732039,20.841676],[73.732047,20.84166],[73.732041,20.841646],[73.732035,20.841639],[73.732035,20.841626],[73.732037,20.84162],[73.732036,20.841607],[73.732044,20.841589],[73.732053,20.841555],[73.732075,20.841517],[73.732074,20.841492],[73.732078,20.841459],[73.73208,20.841454],[73.732088,20.841447],[73.732096,20.841445],[73.732104,20.841452],[73.732113,20.841447],[73.732114,20.841442],[73.732111,20.84143],[73.732118,20.841428],[73.73212,20.841425],[73.732128,20.841385],[73.732121,20.841342],[73.732123,20.84133],[73.732139,20.841284],[73.732144,20.841279],[73.732159,20.841272],[73.732163,20.841267],[73.732173,20.841194],[73.732171,20.841181],[73.732172,20.841171],[73.732183,20.841161],[73.732196,20.841161],[73.7322,20.841144],[73.732205,20.841132],[73.732191,20.841092],[73.732185,20.841082],[73.732187,20.841072],[73.732176,20.841038],[73.732184,20.841023],[73.732195,20.841018],[73.732205,20.841006],[73.732213,20.840976],[73.73222,20.840958],[73.732218,20.84094],[73.732224,20.840932],[73.732231,20.840912],[73.732228,20.840901],[73.73223,20.840893],[73.732234,20.840888],[73.732233,20.840881],[73.732238,20.840879],[73.732241,20.840864],[73.732243,20.840859],[73.732247,20.840856],[73.732242,20.84084],[73.732244,20.840836]]}},{"type":"Feature","properties":{"elevation":352},"geometry":{"type":"LineString","coordinates":[[73.732112,20.842377],[73.732102,20.842378],[73.732095,20.842356],[73.732102,20.842353],[73.732117,20.842355]]}},{"type":"Feature","properties":{"elevation":353},"geometry":{"type":"LineString","coordinates":[[73.731518,20.840856],[73.731488,20.840867],[73.731487,20.84087],[73.731474,20.84087],[73.731455,20.840878],[73.731454,20.840884],[73.731452,20.840887],[73.73144,20.840886],[73.731438,20.840889],[73.731433,20.840889],[73.731432,20.840894],[73.731427,20.840892],[73.731421,20.840895],[73.731419,20.840903],[73.731412,20.840905],[73.731411,20.840909],[73.731405,20.840914],[73.731408,20.840937],[73.731414,20.84095],[73.731409,20.840965],[73.731407,20.840967],[73.7314,20.840962],[73.731391,20.840966],[73.731381,20.840979],[73.731375,20.840995],[73.731333,20.841024],[73.731324,20.841038],[73.731327,20.841062],[73.731326,20.841067],[73.73132,20.841069],[73.73132,20.841074],[73.731325,20.84108],[73.731336,20.841084],[73.731348,20.841093],[73.731364,20.841097],[73.73137,20.841106],[73.731377,20.841108],[73.731389,20.841123],[73.731396,20.841127],[73.731425,20.841156],[73.731434,20.84117],[73.731439,20.841185],[73.731452,20.841194],[73.731451,20.841203],[73.731438,20.841222],[73.73144,20.841227],[73.731437,20.841235],[73.731437,20.841265],[73.731439,20.841272],[73.731439,20.84129],[73.731443,20.841309],[73.73144,20.841314],[73.731433,20.841317],[73.731431,20.841328],[73.731421,20.841355],[73.731417,20.84139],[73.731404,20.84142],[73.731401,20.841433],[73.731401,20.841451],[73.731394,20.841463],[73.731396,20.84147],[73.731391,20.841475],[73.731387,20.841506],[73.731381,20.84152],[73.731382,20.841533],[73.731379,20.841533],[73.731377,20.84155],[73.731369,20.841551],[73.731368,20.841564],[73.731372,20.841573],[73.731366,20.841579],[73.731358,20.841583],[73.731352,20.841591],[73.731346,20.841593],[73.731341,20.841592],[73.731333,20.841596],[73.731331,20.841603],[73.731325,20.841611],[73.731315,20.841616],[73.731307,20.841613],[73.731302,20.841616],[73.731301,20.841622],[73.731305,20.841631],[73.731299,20.841642],[73.731316,20.841651],[73.731321,20.841662],[73.731319,20.841673],[73.731314,20.841682],[73.73132,20.841699],[73.731317,20.841705],[73.731316,20.84172],[73.73131,20.841729],[73.731305,20.841729],[73.731304,20.841741],[73.731298,20.841746],[73.731294,20.841762],[73.731295,20.841768],[73.731291,20.841775],[73.731291,20.841781],[73.731284,20.84179],[73.731279,20.8418],[73.731279,20.841815],[73.731273,20.841823],[73.731265,20.841826],[73.731264,20.841839],[73.731267,20.84184],[73.731269,20.841837],[73.731276,20.841836],[73.731277,20.841845],[73.73127,20.841846],[73.731263,20.841842],[73.731266,20.841848],[73.73126,20.841849],[73.731256,20.841865],[73.731246,20.841874],[73.731245,20.841881],[73.731241,20.841885],[73.731242,20.841888],[73.731246,20.84189],[73.731235,20.841896],[73.731234,20.8419],[73.731237,20.841905],[73.731233,20.841908],[73.731232,20.841914],[73.731224,20.841928],[73.731223,20.841958],[73.731216,20.841968],[73.731215,20.841975],[73.731206,20.841986],[73.731202,20.842008],[73.731188,20.84201],[73.731183,20.842014],[73.731171,20.842022],[73.731166,20.842038],[73.731146,20.842046],[73.731142,20.842052],[73.731145,20.842061],[73.731159,20.842061],[73.731162,20.842064],[73.731165,20.842079],[73.731161,20.842098],[73.73117,20.842114],[73.731173,20.842125],[73.731167,20.842148],[73.73117,20.842159],[73.731178,20.842164],[73.731181,20.842169],[73.731169,20.842189],[73.731167,20.842191],[73.731159,20.842192],[73.731155,20.842196],[73.731156,20.842202],[73.731162,20.842207],[73.731165,20.842216],[73.73116,20.842225],[73.731159,20.842235],[73.731155,20.842239],[73.731157,20.842247],[73.731152,20.842254],[73.731153,20.842261],[73.731148,20.842269],[73.73114,20.842268],[73.731135,20.842289],[73.731125,20.842298],[73.731124,20.842303],[73.731136,20.842311],[73.731139,20.842318],[73.731134,20.842325],[73.731136,20.842332],[73.73113,20.84234],[73.731124,20.842359],[73.731125,20.842372],[73.731123,20.842376],[73.731116,20.842377],[73.731109,20.842385],[73.73111,20.842395],[73.731097,20.842401],[73.731089,20.842408],[73.731088,20.842414],[73.731089,20.842424],[73.731078,20.84244],[73.731082,20.842465],[73.7311,20.842475],[73.731109,20.842481],[73.731112,20.842486],[73.731107,20.842501],[73.731102,20.842501],[73.7311,20.842517],[73.731096,20.842525],[73.731096,20.842543],[73.731098,20.842555],[73.731097,20.842557],[73.731094,20.842556],[73.731093,20.842551],[73.731095,20.842549],[73.731092,20.842548],[73.731085,20.84256],[73.731084,20.842566],[73.731073,20.842578],[73.731073,20.842584],[73.731067,20.842597],[73.731061,20.842603],[73.731059,20.842612],[73.731051,20.84262],[73.73105,20.842632],[73.731042,20.842647],[73.731043,20.842658],[73.731038,20.842655],[73.731021,20.842671],[73.731027,20.842704],[73.731024,20.842709],[73.731023,20.842731],[73.731011,20.842756],[73.731011,20.842763],[73.731002,20.842778],[73.730999,20.84279],[73.730992,20.842798],[73.730984,20.842801],[73.730984,20.842809],[73.730976,20.842816],[73.730976,20.842821],[73.73097,20.842821],[73.730966,20.842824],[73.730965,20.84284],[73.73096,20.842845],[73.730959,20.84286],[73.730956,20.84287],[73.730944,20.842887],[73.730951,20.842906],[73.730943,20.842921],[73.730944,20.842932],[73.73094,20.842943],[73.73094,20.842959],[73.730929,20.842985],[73.730919,20.843027],[73.730897,20.843083],[73.730889,20.843097],[73.730889,20.843107],[73.730883,20.843113],[73.730876,20.843137],[73.730873,20.843141],[73.730866,20.843177],[73.730853,20.843188],[73.730844,20.843207],[73.730837,20.843216],[73.730834,20.843234],[73.730801,20.843252],[73.730785,20.843264],[73.730778,20.843273],[73.730769,20.843277],[73.730764,20.843285],[73.730764,20.843292],[73.730753,20.843306],[73.730754,20.843314],[73.730759,20.843328],[73.730754,20.843335],[73.730749,20.843353],[73.730744,20.843362],[73.730732,20.843365],[73.730733,20.843371],[73.730728,20.843375],[73.730731,20.843381],[73.730733,20.8434],[73.730737,20.843403],[73.730754,20.843406],[73.730757,20.843409],[73.730752,20.843415],[73.730761,20.843427],[73.730761,20.843433],[73.730758,20.843438],[73.73076,20.84344],[73.730761,20.843478],[73.730749,20.843505],[73.730746,20.843524],[73.730743,20.843527],[73.730737,20.843556],[73.730726,20.843588],[73.730724,20.843614],[73.730719,20.843629],[73.73072,20.84364],[73.730719,20.843643],[73.730721,20.843646],[73.730715,20.843648],[73.730713,20.843651],[73.730712,20.843664],[73.730704,20.843674],[73.730705,20.843686],[73.730695,20.843697],[73.730688,20.843712],[73.730686,20.843722],[73.730681,20.843729],[73.73068,20.843758],[73.730682,20.84377],[73.730679,20.843787],[73.730673,20.843804],[73.730674,20.843816],[73.730672,20.843828],[73.730677,20.84384],[73.730675,20.84385],[73.730677,20.843864],[73.730682,20.843873],[73.73068,20.843878],[73.730684,20.843881],[73.730685,20.84389],[73.730681,20.843892],[73.730675,20.843905],[73.730675,20.843911],[73.730668,20.843908],[73.730658,20.843917],[73.730638,20.843957],[73.730633,20.843982],[73.73062,20.844007],[73.730623,20.844054],[73.730618,20.844076],[73.730613,20.844081],[73.730606,20.844101],[73.730602,20.844124],[73.730605,20.844139],[73.730604,20.844151],[73.730607,20.844158],[73.730607,20.844176],[73.73061,20.844182],[73.73061,20.844202],[73.730608,20.844213],[73.7306,20.844226],[73.730596,20.844243]]}},{"type":"Feature","properties":{"elevation":353},"geometry":{"type":"LineString","coordinates":[[73.732133,20.842284],[73.732099,20.842263],[73.732081,20.842247],[73.732073,20.842234],[73.73207,20.842218],[73.73208,20.842164],[73.732092,20.842128],[73.732075,20.842104],[73.732074,20.842098],[73.732088,20.842055],[73.732093,20.842028],[73.7321,20.842017],[73.732096,20.842011],[73.732084,20.842007],[73.732064,20.841959],[73.732067,20.841952],[73.732074,20.841948],[73.732076,20.841944],[73.732071,20.841934],[73.732075,20.84193],[73.732071,20.841919],[73.732089,20.841896],[73.732088,20.841885],[73.732093,20.84188],[73.732109,20.841877],[73.732111,20.841874],[73.732086,20.84183],[73.732068,20.841832],[73.732053,20.841817],[73.732045,20.841815],[73.732037,20.841808],[73.732042,20.841797],[73.732055,20.841794],[73.732062,20.841788],[73.732072,20.841765],[73.732072,20.841748],[73.732075,20.84174],[73.732082,20.841729],[73.732086,20.841719],[73.732085,20.841714],[73.732071,20.841702],[73.732069,20.84169],[73.732052,20.84166],[73.732047,20.841623],[73.732057,20.841627],[73.732064,20.841626],[73.732069,20.84162],[73.732074,20.841617],[73.732073,20.841604],[73.73207,20.8416],[73.73205,20.841599],[73.732049,20.841574],[73.732054,20.841557],[73.732063,20.841538],[73.732077,20.841515],[73.732092,20.841499],[73.7321,20.841483],[73.732101,20.841474],[73.732096,20.841462],[73.732106,20.841461],[73.732115,20.841451],[73.732124,20.841457],[73.732129,20.841458],[73.732131,20.841432],[73.732126,20.84143],[73.732133,20.841425],[73.732136,20.841393],[73.732127,20.841375],[73.732123,20.841338],[73.73213,20.841312],[73.732141,20.841286],[73.732145,20.841281],[73.732161,20.841274],[73.732164,20.841269],[73.732167,20.841233],[73.732174,20.841201],[73.732201,20.841173],[73.732202,20.84115],[73.732209,20.84113],[73.732191,20.841083],[73.732193,20.841069],[73.73219,20.841054],[73.732194,20.841045],[73.732212,20.841033],[73.732211,20.841001],[73.732214,20.840985],[73.732231,20.840941],[73.732231,20.840933],[73.732238,20.840925],[73.732237,20.840917],[73.732242,20.840916],[73.732246,20.840906],[73.732247,20.840899],[73.732244,20.840892],[73.732245,20.840882],[73.732259,20.840867],[73.73226,20.84086],[73.732269,20.840852],[73.732264,20.840836]]}},{"type":"Feature","properties":{"elevation":354},"geometry":{"type":"LineString","coordinates":[[73.731407,20.84086],[73.731398,20.840868],[73.731396,20.840876],[73.731379,20.840884],[73.731375,20.840888],[73.731376,20.840899],[73.731373,20.840905],[73.731368,20.840905],[73.731368,20.840917],[73.731363,20.840921],[73.731369,20.840925],[73.731368,20.84093],[73.731371,20.840935],[73.731372,20.840947],[73.731366,20.840946],[73.731361,20.840949],[73.73135,20.840965],[73.731342,20.840971],[73.731342,20.840975],[73.73134,20.840978],[73.731324,20.840986],[73.731314,20.840981],[73.731305,20.840986],[73.731293,20.841009],[73.731298,20.84102],[73.7313,20.841045],[73.731294,20.841058],[73.731294,20.841071],[73.731286,20.841085],[73.73129,20.841092],[73.731294,20.841091],[73.731296,20.841088],[73.731299,20.841088],[73.731304,20.841095],[73.731313,20.841097],[73.73133,20.841108],[73.731354,20.841117],[73.731374,20.841132],[73.731383,20.841141],[73.731389,20.841152],[73.731404,20.841187],[73.731407,20.841219],[73.731406,20.841236],[73.731402,20.841245],[73.731402,20.841257],[73.731399,20.841262],[73.7314,20.841272],[73.731396,20.841282],[73.731392,20.841308],[73.731382,20.841347],[73.731382,20.841353],[73.731371,20.841385],[73.731368,20.841419],[73.731371,20.841429],[73.731366,20.841436],[73.731361,20.841454],[73.731357,20.841457],[73.731354,20.841464],[73.731347,20.841518],[73.731332,20.841538],[73.731327,20.84155],[73.731323,20.841553],[73.731324,20.841558],[73.731319,20.841575],[73.731312,20.84158],[73.731304,20.841593],[73.731298,20.841594],[73.731285,20.841603],[73.731285,20.841616],[73.731281,20.841624],[73.731275,20.841626],[73.731272,20.841633],[73.731274,20.841643],[73.731293,20.841668],[73.731287,20.841676],[73.731267,20.841687],[73.731267,20.841695],[73.731264,20.841698],[73.731274,20.841715],[73.731271,20.841722],[73.73127,20.841731],[73.731277,20.841735],[73.731278,20.841739],[73.731268,20.841739],[73.731259,20.841757],[73.731259,20.841761],[73.731255,20.841768],[73.731259,20.841781],[73.731251,20.84179],[73.73125,20.841799],[73.731237,20.841821],[73.731235,20.841827],[73.73123,20.841833],[73.731233,20.841838],[73.73123,20.841839],[73.731226,20.841849],[73.73122,20.841856],[73.731213,20.841879],[73.731209,20.841883],[73.731207,20.841893],[73.731208,20.841902],[73.731199,20.841915],[73.731197,20.841928],[73.731188,20.841948],[73.731172,20.841968],[73.731162,20.841996],[73.73115,20.842001],[73.731145,20.842019],[73.731138,20.842026],[73.731131,20.84203],[73.731128,20.842037],[73.731131,20.842046],[73.731124,20.842068],[73.731129,20.842073],[73.731138,20.842072],[73.731144,20.842075],[73.731155,20.842094],[73.731155,20.842099],[73.731146,20.842109],[73.731143,20.842119],[73.731142,20.842131],[73.731148,20.842143],[73.731144,20.842147],[73.731143,20.842164],[73.731137,20.842174],[73.731127,20.842182],[73.731124,20.842188],[73.731122,20.84226],[73.731114,20.842281],[73.731113,20.842304],[73.731102,20.84232],[73.731101,20.842341],[73.731093,20.842366],[73.731094,20.842376],[73.73109,20.842382],[73.73108,20.842386],[73.731078,20.842396],[73.731063,20.842416],[73.731058,20.842427],[73.731061,20.842453],[73.731072,20.842472],[73.731074,20.842507],[73.731066,20.842517],[73.731063,20.84253],[73.731057,20.842534],[73.731055,20.842544],[73.731051,20.842547],[73.731039,20.842565],[73.731034,20.842577],[73.731037,20.842585],[73.731032,20.842595],[73.731034,20.842601],[73.731013,20.842632],[73.731014,20.842638],[73.731011,20.842645],[73.730996,20.842666],[73.730985,20.842671],[73.730991,20.84268],[73.730994,20.842702],[73.730999,20.842713],[73.730997,20.842718],[73.730999,20.842725],[73.730995,20.842736],[73.730997,20.842742],[73.730984,20.842747],[73.730979,20.842751],[73.730974,20.842761],[73.730978,20.84277],[73.73097,20.842771],[73.730967,20.842777],[73.730966,20.842789],[73.73096,20.842797],[73.730958,20.842805],[73.73095,20.842809],[73.730942,20.842823],[73.730931,20.842832],[73.730935,20.842843],[73.730932,20.842848],[73.730932,20.842853],[73.730928,20.84285],[73.730923,20.842855],[73.730916,20.842863],[73.730911,20.842875],[73.730911,20.842879],[73.730913,20.84288],[73.730921,20.842874],[73.730927,20.842874],[73.73093,20.842877],[73.73093,20.842884],[73.730924,20.842894],[73.730929,20.842908],[73.730929,20.842919],[73.73092,20.842938],[73.730918,20.842968],[73.730906,20.842992],[73.730901,20.843015],[73.730881,20.843056],[73.730875,20.843079],[73.730866,20.843091],[73.730863,20.843105],[73.730852,20.843134],[73.730848,20.843138],[73.730843,20.843161],[73.730838,20.843165],[73.730832,20.843177],[73.730813,20.843182],[73.730814,20.843188],[73.730811,20.843203],[73.730804,20.843213],[73.73079,20.843226],[73.730788,20.843231],[73.730781,20.843238],[73.730768,20.843239],[73.730766,20.843245],[73.73076,20.843249],[73.730743,20.843267],[73.730738,20.843275],[73.730733,20.843295],[73.730728,20.843305],[73.730728,20.843315],[73.730731,20.84332],[73.73073,20.843325],[73.730726,20.843336],[73.730715,20.843352],[73.730716,20.843358],[73.730708,20.843365],[73.730708,20.843382],[73.730701,20.843392],[73.730689,20.843396],[73.730712,20.843415],[73.73073,20.843417],[73.730732,20.843425],[73.730735,20.843427],[73.730733,20.843438],[73.730737,20.843447],[73.730737,20.843452],[73.730732,20.843459],[73.730732,20.843469],[73.730727,20.843494],[73.730732,20.843507],[73.730727,20.843518],[73.730713,20.843532],[73.730717,20.843548],[73.730712,20.843562],[73.730711,20.843588],[73.730703,20.843597],[73.730699,20.84361],[73.730701,20.84362],[73.730698,20.843644],[73.730683,20.843663],[73.730679,20.843674],[73.730674,20.84368],[73.730673,20.843686],[73.730679,20.843688],[73.73068,20.843691],[73.730673,20.843696],[73.730675,20.843713],[73.730671,20.843719],[73.730662,20.843726],[73.730658,20.843742],[73.730661,20.843754],[73.730656,20.843768],[73.730657,20.843784],[73.730655,20.84379],[73.730658,20.843804],[73.730651,20.843816],[73.730652,20.843827],[73.730648,20.843843],[73.730653,20.843865],[73.730649,20.843894],[73.730654,20.843906],[73.730654,20.843913],[73.730633,20.843958],[73.730614,20.843968],[73.73061,20.843985],[73.730598,20.843994],[73.730595,20.844],[73.730595,20.844003],[73.730598,20.844006],[73.730598,20.844021],[73.730604,20.844047],[73.730602,20.844064],[73.730595,20.844079],[73.730595,20.84409],[73.730584,20.844127],[73.730591,20.844161],[73.730587,20.844202],[73.730582,20.844218],[73.730582,20.844224],[73.730573,20.844243]]}},{"type":"Feature","properties":{"elevation":354},"geometry":{"type":"LineString","coordinates":[[73.732133,20.842281],[73.732116,20.842272],[73.732089,20.842253],[73.732079,20.842241],[73.732074,20.842228],[73.732083,20.842164],[73.732094,20.842128],[73.732082,20.84211],[73.732078,20.842096],[73.73209,20.842059],[73.732091,20.842057],[73.732097,20.842057],[73.732103,20.842048],[73.732104,20.84201],[73.732122,20.841986],[73.732123,20.84198],[73.732122,20.841975],[73.732118,20.841969],[73.73211,20.841951],[73.732094,20.841937],[73.732094,20.841931],[73.732098,20.84192],[73.7321,20.841908],[73.732122,20.84189],[73.732124,20.841883],[73.732121,20.841872],[73.732109,20.841857],[73.732104,20.841844],[73.732104,20.841841],[73.732113,20.841833],[73.732116,20.841825],[73.732112,20.841813],[73.732103,20.841802],[73.7321,20.841791],[73.732091,20.841787],[73.73208,20.841788],[73.732064,20.841804],[73.73206,20.841815],[73.732047,20.841813],[73.73204,20.841808],[73.732045,20.841799],[73.732062,20.841797],[73.732068,20.841786],[73.732076,20.841777],[73.732076,20.84176],[73.732081,20.841752],[73.732087,20.841733],[73.732092,20.841707],[73.732084,20.841678],[73.732059,20.841657],[73.732061,20.841649],[73.73208,20.841645],[73.732082,20.841623],[73.732081,20.841606],[73.732076,20.841595],[73.732053,20.841581],[73.732051,20.841569],[73.732058,20.84155],[73.732075,20.841521],[73.732114,20.841496],[73.732122,20.841486],[73.732133,20.841464],[73.732132,20.841441],[73.732141,20.841399],[73.732138,20.841391],[73.732128,20.841374],[73.732127,20.841342],[73.732139,20.841333],[73.73216,20.841328],[73.732166,20.841323],[73.732169,20.841314],[73.732176,20.841312],[73.732183,20.841305],[73.732184,20.841295],[73.732166,20.841273],[73.732168,20.841235],[73.732177,20.841204],[73.732193,20.841189],[73.732204,20.841177],[73.732203,20.841151],[73.732211,20.841127],[73.732204,20.841113],[73.732196,20.841084],[73.732205,20.841074],[73.732212,20.841071],[73.732221,20.841057],[73.732221,20.841051],[73.732218,20.841047],[73.732218,20.841037],[73.732227,20.841028],[73.732231,20.841014],[73.732228,20.841008],[73.732235,20.840997],[73.732237,20.840975],[73.732243,20.840961],[73.732243,20.840952],[73.732252,20.840933],[73.732252,20.840926],[73.732267,20.840907],[73.732268,20.840897],[73.732265,20.840888],[73.732276,20.840874],[73.732281,20.840862],[73.732279,20.840854],[73.732285,20.840847],[73.732273,20.840834]]}},{"type":"Feature","properties":{"elevation":355},"geometry":{"type":"LineString","coordinates":[[73.731323,20.840862],[73.731327,20.840871],[73.731339,20.840888],[73.731342,20.840898],[73.731329,20.840921],[73.731315,20.840938],[73.731307,20.84097],[73.731303,20.840973],[73.731296,20.840968],[73.731288,20.840969],[73.731279,20.840976],[73.731266,20.84098],[73.731261,20.840987],[73.731265,20.840998],[73.731272,20.841],[73.731277,20.841007],[73.731277,20.841011],[73.73127,20.841016],[73.731278,20.841038],[73.731276,20.841044],[73.731275,20.841056],[73.731284,20.84106],[73.731286,20.841065],[73.731276,20.841065],[73.731272,20.841073],[73.731266,20.841077],[73.731264,20.841082],[73.731272,20.841103],[73.731281,20.841107],[73.731293,20.841104],[73.731303,20.841105],[73.731313,20.841115],[73.731343,20.841133],[73.731352,20.841147],[73.731358,20.841152],[73.731373,20.84118],[73.731376,20.841203],[73.731376,20.841231],[73.731382,20.841249],[73.731373,20.841253],[73.731365,20.841272],[73.731366,20.841278],[73.731362,20.841285],[73.73136,20.841302],[73.731353,20.84132],[73.731353,20.841333],[73.731344,20.841353],[73.731343,20.841367],[73.731341,20.841375],[73.731341,20.841393],[73.73134,20.841399],[73.731338,20.841402],[73.731342,20.841408],[73.731343,20.841412],[73.731341,20.841415],[73.731334,20.841418],[73.731332,20.841437],[73.73132,20.84148],[73.731315,20.841488],[73.731315,20.841497],[73.731303,20.841525],[73.731295,20.84155],[73.731285,20.841566],[73.731283,20.841575],[73.73127,20.841589],[73.731259,20.841594],[73.731255,20.8416],[73.731258,20.84161],[73.731256,20.841622],[73.731248,20.841628],[73.73125,20.841646],[73.731239,20.841685],[73.731241,20.841691],[73.731241,20.841708],[73.731245,20.841718],[73.731244,20.841726],[73.731233,20.841748],[73.731223,20.841757],[73.731214,20.841798],[73.731209,20.841804],[73.731195,20.841811],[73.731205,20.841824],[73.731202,20.841826],[73.731202,20.841831],[73.73119,20.84184],[73.731186,20.841846],[73.731186,20.841865],[73.731181,20.84188],[73.731184,20.841885],[73.73118,20.841888],[73.731175,20.8419],[73.731166,20.841909],[73.731162,20.841921],[73.731155,20.841929],[73.731157,20.841938],[73.73115,20.841947],[73.73115,20.841953],[73.731146,20.841954],[73.731132,20.841981],[73.731125,20.841988],[73.731124,20.841995],[73.73113,20.842004],[73.731129,20.842012],[73.731113,20.842018],[73.73111,20.842028],[73.731112,20.842035],[73.731107,20.842039],[73.731105,20.842057],[73.731096,20.842062],[73.731093,20.842067],[73.731095,20.842071],[73.731102,20.842073],[73.731104,20.842076],[73.731106,20.842096],[73.731114,20.842109],[73.731113,20.842126],[73.731115,20.842133],[73.73111,20.842149],[73.731114,20.842182],[73.731095,20.842197],[73.731095,20.842202],[73.731098,20.842207],[73.731096,20.842217],[73.7311,20.842228],[73.731094,20.84224],[73.731095,20.842254],[73.73109,20.842255],[73.731091,20.842259],[73.73109,20.842264],[73.731076,20.842282],[73.731082,20.842308],[73.731088,20.842313],[73.731076,20.842335],[73.731072,20.842346],[73.731072,20.842351],[73.731078,20.84236],[73.731069,20.842367],[73.731067,20.842366],[73.731066,20.842361],[73.731065,20.842365],[73.731059,20.842369],[73.731057,20.842374],[73.73105,20.842372],[73.731045,20.842375],[73.731045,20.842383],[73.731059,20.842386],[73.731059,20.842396],[73.73104,20.842419],[73.731039,20.842435],[73.731035,20.842442],[73.731037,20.842451],[73.731047,20.842462],[73.731049,20.842475],[73.731055,20.842481],[73.731051,20.842488],[73.731041,20.842493],[73.731035,20.84251],[73.73102,20.842534],[73.731018,20.842546],[73.731012,20.842549],[73.731008,20.842554],[73.731007,20.842561],[73.731009,20.842567],[73.731007,20.84257],[73.731009,20.842575],[73.731,20.842595],[73.730995,20.842614],[73.730971,20.842629],[73.730965,20.842634],[73.730962,20.842647],[73.730974,20.842674],[73.730967,20.842697],[73.730971,20.842713],[73.730971,20.842732],[73.730969,20.842734],[73.730963,20.842735],[73.730956,20.842749],[73.730963,20.84276],[73.73096,20.842778],[73.730948,20.842792],[73.730926,20.842801],[73.730917,20.842811],[73.730916,20.842844],[73.730904,20.842859],[73.730902,20.842865],[73.730903,20.842883],[73.730894,20.842907],[73.7309,20.84294],[73.730895,20.84295],[73.730891,20.842977],[73.730872,20.843026],[73.730868,20.84304],[73.730868,20.843054],[73.730866,20.843058],[73.73086,20.843061],[73.730855,20.843066],[73.73085,20.84308],[73.730842,20.843091],[73.730838,20.843103],[73.730834,20.843106],[73.730833,20.843117],[73.730827,20.843122],[73.730826,20.84313],[73.730822,20.843133],[73.730813,20.843152],[73.730804,20.843155],[73.730797,20.843155],[73.730789,20.843165],[73.730788,20.843171],[73.730784,20.843174],[73.730784,20.843187],[73.730782,20.843193],[73.730776,20.8432],[73.730775,20.843207],[73.730771,20.843207],[73.730759,20.843215],[73.730758,20.843227],[73.730752,20.843231],[73.730753,20.843239],[73.730751,20.843247],[73.730731,20.843252],[73.730715,20.843276],[73.730708,20.843278],[73.730706,20.843281],[73.730704,20.843287],[73.730707,20.843294],[73.730707,20.843308],[73.730699,20.843333],[73.730704,20.843342],[73.730701,20.843348],[73.730691,20.843355],[73.730673,20.843361],[73.730666,20.843367],[73.730679,20.843396],[73.73069,20.843406],[73.730697,20.843416],[73.730706,20.843422],[73.730713,20.843436],[73.730711,20.843476],[73.730705,20.843495],[73.730705,20.843512],[73.730708,20.843527],[73.73069,20.843553],[73.730692,20.843563],[73.73069,20.843584],[73.730694,20.843595],[73.730694,20.843603],[73.730685,20.843612],[73.730678,20.843627],[73.730677,20.84364],[73.730665,20.843665],[73.73066,20.84367],[73.73065,20.843699],[73.730646,20.843703],[73.730642,20.843701],[73.730639,20.843703],[73.730641,20.843714],[73.730639,20.843728],[73.730641,20.843736],[73.730635,20.843747],[73.730634,20.843765],[73.730628,20.843783],[73.730632,20.843791],[73.730639,20.84379],[73.730641,20.843793],[73.730635,20.843803],[73.730635,20.843812],[73.730631,20.843818],[73.730632,20.843825],[73.730629,20.843827],[73.73063,20.843833],[73.730626,20.843839],[73.730629,20.843881],[73.730617,20.843911],[73.730614,20.843932],[73.730602,20.843944],[73.730606,20.843953],[73.730599,20.84397],[73.730599,20.843987],[73.730591,20.843996],[73.730586,20.844009],[73.730585,20.844066],[73.730581,20.844076],[73.730576,20.844081],[73.730577,20.844086],[73.730571,20.844097],[73.730566,20.844111],[73.730565,20.844124],[73.73057,20.844146],[73.730574,20.84415],[73.730574,20.844175],[73.730571,20.844187],[73.730568,20.844189],[73.730567,20.844202],[73.730563,20.844208],[73.730554,20.844243]]}},{"type":"Feature","properties":{"elevation":355},"geometry":{"type":"LineString","coordinates":[[73.732133,20.842278],[73.732117,20.842271],[73.732099,20.842259],[73.732083,20.842244],[73.732076,20.84223],[73.732088,20.842155],[73.732096,20.842128],[73.73209,20.842116],[73.732088,20.842104],[73.732088,20.842079],[73.732093,20.842064],[73.732101,20.842065],[73.732104,20.842063],[73.732107,20.842048],[73.732106,20.842017],[73.732112,20.842004],[73.732122,20.841991],[73.732126,20.841981],[73.732128,20.841966],[73.732123,20.841955],[73.732127,20.841944],[73.732125,20.841938],[73.732132,20.841938],[73.732141,20.841932],[73.732144,20.841918],[73.732133,20.841897],[73.732127,20.841875],[73.732127,20.841869],[73.732132,20.841861],[73.73213,20.841851],[73.732127,20.841845],[73.732116,20.841836],[73.732128,20.841812],[73.732121,20.841797],[73.732116,20.841791],[73.732119,20.841787],[73.732118,20.841759],[73.732106,20.841749],[73.732108,20.841734],[73.732103,20.841731],[73.732096,20.841731],[73.732095,20.841729],[73.732096,20.841715],[73.732106,20.841704],[73.732107,20.841699],[73.732095,20.841674],[73.7321,20.841654],[73.732089,20.841639],[73.732089,20.841609],[73.732085,20.841597],[73.732077,20.841583],[73.732058,20.841562],[73.732058,20.841558],[73.732061,20.841548],[73.732075,20.841523],[73.732115,20.841499],[73.732124,20.841487],[73.732135,20.841463],[73.732135,20.841444],[73.732144,20.841414],[73.732144,20.841401],[73.732141,20.841393],[73.73213,20.841373],[73.732131,20.841357],[73.732141,20.84135],[73.73216,20.841348],[73.73217,20.841344],[73.732175,20.841332],[73.732204,20.841313],[73.732188,20.841291],[73.732169,20.841271],[73.732167,20.841263],[73.732169,20.841234],[73.732178,20.841207],[73.732194,20.841197],[73.732208,20.841183],[73.732205,20.841152],[73.732215,20.841126],[73.73221,20.841118],[73.732203,20.841093],[73.732213,20.841091],[73.732221,20.841092],[73.732227,20.841088],[73.732229,20.841082],[73.732229,20.841067],[73.732233,20.841062],[73.732237,20.84105],[73.732233,20.841045],[73.732235,20.841032],[73.732245,20.841018],[73.732244,20.84099],[73.73225,20.840984],[73.732254,20.840972],[73.732268,20.840969],[73.732263,20.840941],[73.732273,20.840921],[73.732281,20.840913],[73.732285,20.840902],[73.732283,20.840886],[73.732277,20.840884],[73.73228,20.840881],[73.732285,20.840885],[73.732295,20.840879],[73.732298,20.840861],[73.732303,20.840854],[73.732292,20.840834]]}},{"type":"Feature","properties":{"elevation":356},"geometry":{"type":"LineString","coordinates":[[73.731307,20.840861],[73.731315,20.840883],[73.731314,20.840885],[73.731307,20.840884],[73.731304,20.840886],[73.731309,20.84089],[73.73131,20.840895],[73.731309,20.840903],[73.731318,20.840912],[73.731321,20.840918],[73.731315,20.840925],[73.731308,20.840927],[73.731287,20.840926],[73.731282,20.840943],[73.73127,20.840946],[73.731261,20.840966],[73.731256,20.840969],[73.731246,20.840967],[73.731241,20.84098],[73.731245,20.840995],[73.731242,20.841011],[73.731247,20.841025],[73.731259,20.841039],[73.731258,20.841044],[73.731253,20.841048],[73.731251,20.841068],[73.731248,20.841074],[73.731253,20.841083],[73.731262,20.841091],[73.731269,20.841104],[73.731297,20.841121],[73.731305,20.841123],[73.731334,20.841152],[73.731337,20.841158],[73.731345,20.84121],[73.731341,20.841231],[73.731341,20.841249],[73.731332,20.841278],[73.73133,20.841297],[73.731323,20.841308],[73.731309,20.841378],[73.731305,20.841384],[73.731304,20.841393],[73.731308,20.841403],[73.731304,20.841407],[73.731295,20.841442],[73.731294,20.84148],[73.731273,20.841509],[73.731275,20.841518],[73.731266,20.841527],[73.731258,20.841541],[73.73125,20.84157],[73.731233,20.841584],[73.73123,20.841589],[73.731223,20.841592],[73.731216,20.841601],[73.731217,20.841608],[73.73123,20.841618],[73.731221,20.841643],[73.731213,20.841649],[73.731208,20.841658],[73.731209,20.841668],[73.73122,20.841679],[73.731221,20.841685],[73.731209,20.841697],[73.731203,20.841712],[73.731201,20.841723],[73.731202,20.84173],[73.731194,20.841753],[73.731196,20.841762],[73.731189,20.841775],[73.731189,20.841796],[73.731181,20.841814],[73.731179,20.84184],[73.731177,20.841843],[73.731159,20.841851],[73.731151,20.84187],[73.73115,20.84188],[73.731136,20.841903],[73.731142,20.841913],[73.731135,20.841915],[73.731135,20.84192],[73.731131,20.841921],[73.731125,20.841928],[73.731123,20.841925],[73.73112,20.841926],[73.731123,20.841931],[73.731119,20.841938],[73.731114,20.841956],[73.731106,20.841963],[73.731104,20.841969],[73.73111,20.841988],[73.731109,20.841994],[73.731102,20.841998],[73.731095,20.84201],[73.731074,20.842021],[73.731071,20.842027],[73.731069,20.842039],[73.731074,20.84205],[73.731069,20.842062],[73.731078,20.842064],[73.731081,20.842072],[73.73109,20.842077],[73.731086,20.842082],[73.731082,20.842078],[73.731079,20.842079],[73.731074,20.842091],[73.731075,20.8421],[73.731066,20.842104],[73.731063,20.842108],[73.731081,20.842122],[73.731085,20.842134],[73.731082,20.84214],[73.731082,20.84215],[73.731067,20.842157],[73.731063,20.842178],[73.731062,20.842189],[73.731069,20.842201],[73.731071,20.842213],[73.731067,20.842217],[73.731067,20.842244],[73.73106,20.842253],[73.731061,20.842286],[73.731058,20.84229],[73.731052,20.842294],[73.731057,20.8423],[73.731056,20.842304],[73.73105,20.842306],[73.731043,20.842304],[73.73103,20.842311],[73.731021,20.842324],[73.731027,20.842349],[73.73103,20.842351],[73.731036,20.84235],[73.731045,20.842357],[73.731037,20.84236],[73.731036,20.84239],[73.731028,20.842402],[73.731016,20.84243],[73.731021,20.842448],[73.731017,20.842453],[73.731021,20.842471],[73.731019,20.842485],[73.731011,20.842496],[73.731004,20.842499],[73.730996,20.84252],[73.730993,20.842536],[73.730988,20.842535],[73.73098,20.842554],[73.730981,20.842558],[73.730987,20.842557],[73.730988,20.842565],[73.730985,20.842569],[73.73098,20.84257],[73.73098,20.842576],[73.730969,20.842585],[73.730962,20.842603],[73.730959,20.84262],[73.73096,20.842645],[73.730969,20.842667],[73.730969,20.842675],[73.730951,20.84271],[73.730942,20.84274],[73.730934,20.842747],[73.730928,20.842773],[73.73092,20.842782],[73.730919,20.84279],[73.730911,20.8428],[73.730909,20.842822],[73.730891,20.842846],[73.73089,20.842856],[73.730897,20.842863],[73.730899,20.84288],[73.730889,20.842904],[73.73089,20.842923],[73.730881,20.842942],[73.730879,20.842964],[73.730866,20.842982],[73.730863,20.842994],[73.730859,20.842998],[73.730853,20.843026],[73.730843,20.84304],[73.730833,20.843072],[73.73082,20.843088],[73.730813,20.843103],[73.730812,20.843112],[73.730807,20.843114],[73.730792,20.843133],[73.730779,20.843138],[73.730772,20.843146],[73.730762,20.843148],[73.730767,20.843156],[73.730759,20.843162],[73.73076,20.843174],[73.730758,20.843186],[73.730755,20.843191],[73.730748,20.843196],[73.730742,20.843211],[73.730736,20.843216],[73.730735,20.843229],[73.730723,20.843231],[73.730708,20.84325],[73.730708,20.843259],[73.730704,20.843257],[73.730699,20.843263],[73.730689,20.843267],[73.730682,20.843274],[73.730674,20.843276],[73.73067,20.84328],[73.730668,20.843289],[73.730671,20.843297],[73.730681,20.843305],[73.730684,20.843324],[73.730682,20.84333],[73.730673,20.843355],[73.730667,20.843359],[73.730645,20.843367],[73.73064,20.843373],[73.73064,20.843381],[73.730644,20.843393],[73.730654,20.843403],[73.730672,20.843412],[73.730694,20.843435],[73.730689,20.843454],[73.730691,20.843476],[73.730683,20.843515],[73.730678,20.843527],[73.730678,20.843534],[73.730676,20.84354],[73.730683,20.843548],[73.730678,20.843555],[73.730674,20.843553],[73.730671,20.843557],[73.730667,20.843586],[73.730668,20.843612],[73.730666,20.843621],[73.73065,20.843642],[73.730649,20.843655],[73.730639,20.843666],[73.730635,20.843692],[73.730619,20.84372],[73.730619,20.843732],[73.730615,20.843739],[73.730611,20.843766],[73.730606,20.843774],[73.730608,20.843784],[73.730616,20.8438],[73.730611,20.843828],[73.730614,20.843844],[73.730608,20.843848],[73.730603,20.843873],[73.730598,20.843882],[73.730599,20.843895],[73.730596,20.843901],[73.730598,20.843911],[73.73059,20.843928],[73.730579,20.843943],[73.730575,20.843964],[73.730566,20.843984],[73.730561,20.844003],[73.730561,20.84401],[73.730565,20.844019],[73.730565,20.844032],[73.730569,20.844052],[73.730562,20.844076],[73.730555,20.844088],[73.730551,20.844116],[73.730548,20.844124],[73.730549,20.84414],[73.730553,20.844144],[73.730556,20.844155],[73.730554,20.844184],[73.730551,20.844195],[73.730547,20.844199],[73.730547,20.844206],[73.730531,20.844243]]}},{"type":"Feature","properties":{"elevation":356},"geometry":{"type":"LineString","coordinates":[[73.732133,20.842274],[73.732117,20.842269],[73.7321,20.842258],[73.732085,20.842242],[73.73208,20.842232],[73.732085,20.842219],[73.732111,20.842201],[73.732129,20.84218],[73.732128,20.842164],[73.732125,20.842156],[73.732127,20.842151],[73.732127,20.842146],[73.732123,20.842141],[73.732103,20.842127],[73.732102,20.842124],[73.732108,20.842115],[73.732102,20.842107],[73.732126,20.842096],[73.732134,20.842074],[73.732134,20.842067],[73.732133,20.842064],[73.732125,20.842064],[73.732115,20.842052],[73.732114,20.842037],[73.732108,20.842019],[73.732125,20.84199],[73.732132,20.841963],[73.732133,20.841949],[73.732132,20.841944],[73.732141,20.841942],[73.732148,20.841914],[73.732142,20.841896],[73.732133,20.841884],[73.732132,20.841877],[73.732141,20.841853],[73.73214,20.841846],[73.732142,20.841835],[73.732134,20.84183],[73.73214,20.841828],[73.732143,20.841818],[73.732143,20.841805],[73.73214,20.841805],[73.732138,20.8418],[73.732137,20.841787],[73.732128,20.841773],[73.732123,20.841763],[73.732125,20.841754],[73.732131,20.841749],[73.732133,20.841743],[73.732131,20.841735],[73.732126,20.841731],[73.732129,20.841727],[73.732127,20.841717],[73.73212,20.841697],[73.732122,20.841689],[73.73212,20.841674],[73.732121,20.841662],[73.732117,20.841644],[73.73212,20.841631],[73.732117,20.841624],[73.732116,20.84161],[73.732121,20.841586],[73.732119,20.841563],[73.732109,20.841555],[73.732089,20.841546],[73.732077,20.841526],[73.732085,20.841519],[73.732104,20.84151],[73.732121,20.841495],[73.732137,20.841464],[73.73214,20.841448],[73.73215,20.841445],[73.732151,20.841442],[73.732154,20.84143],[73.732158,20.841425],[73.732148,20.841408],[73.732141,20.841387],[73.732143,20.841381],[73.732174,20.841372],[73.732184,20.841357],[73.732183,20.841341],[73.732193,20.841339],[73.732208,20.841317],[73.732204,20.841307],[73.73217,20.841267],[73.732171,20.841235],[73.732177,20.841215],[73.732181,20.84121],[73.732192,20.841213],[73.732197,20.841217],[73.732207,20.841216],[73.732211,20.841212],[73.732214,20.841199],[73.732217,20.841195],[73.732207,20.841157],[73.732209,20.841147],[73.732217,20.841133],[73.732235,20.841125],[73.732255,20.841113],[73.732249,20.841103],[73.732236,20.841096],[73.732236,20.841093],[73.732241,20.841082],[73.732243,20.841068],[73.732248,20.841062],[73.732253,20.841062],[73.732255,20.841059],[73.732257,20.841028],[73.732263,20.841012],[73.732261,20.840998],[73.732258,20.840991],[73.73226,20.840989],[73.732269,20.84099],[73.732282,20.840978],[73.732282,20.840973],[73.732275,20.84096],[73.732275,20.840947],[73.732284,20.840926],[73.7323,20.840909],[73.732304,20.840881],[73.732312,20.84088],[73.732315,20.840854],[73.732308,20.840842],[73.732306,20.840834]]}},{"type":"Feature","properties":{"elevation":357},"geometry":{"type":"LineString","coordinates":[[73.731255,20.840863],[73.731268,20.840891],[73.731262,20.840907],[73.731263,20.840916],[73.731248,20.840939],[73.731238,20.840962],[73.731231,20.840969],[73.731228,20.840988],[73.73123,20.841],[73.731227,20.841022],[73.731233,20.84105],[73.731228,20.841069],[73.731238,20.84108],[73.731246,20.841077],[73.73125,20.841079],[73.731251,20.841084],[73.731259,20.841091],[73.731266,20.841104],[73.73128,20.841114],[73.731291,20.841125],[73.731297,20.841135],[73.731297,20.841141],[73.73131,20.84116],[73.731312,20.841166],[73.731315,20.841168],[73.73132,20.841166],[73.731321,20.841168],[73.731318,20.841176],[73.73132,20.841188],[73.731317,20.841191],[73.731318,20.841207],[73.73131,20.841223],[73.73131,20.841234],[73.731306,20.841251],[73.731305,20.841274],[73.731309,20.841284],[73.731303,20.841288],[73.731302,20.841302],[73.731295,20.841306],[73.731288,20.841319],[73.731286,20.841329],[73.731288,20.841339],[73.731282,20.841348],[73.73128,20.841362],[73.731279,20.841395],[73.731275,20.841405],[73.73127,20.841432],[73.731266,20.841439],[73.731265,20.841445],[73.731257,20.841455],[73.731258,20.84147],[73.731253,20.841478],[73.731253,20.841493],[73.73124,20.841512],[73.731233,20.841517],[73.731229,20.841526],[73.731228,20.841541],[73.731221,20.841547],[73.731212,20.841564],[73.731208,20.841581],[73.731198,20.841586],[73.731189,20.8416],[73.731189,20.841617],[73.731195,20.841624],[73.731203,20.841628],[73.731202,20.841634],[73.731199,20.841637],[73.731186,20.841635],[73.731174,20.841651],[73.731175,20.841668],[73.731168,20.841681],[73.731172,20.841689],[73.731171,20.841721],[73.731173,20.841726],[73.731168,20.841738],[73.731168,20.841758],[73.731165,20.841765],[73.731157,20.841772],[73.731157,20.841796],[73.731143,20.841806],[73.731148,20.841815],[73.731144,20.841824],[73.731145,20.841841],[73.731136,20.841846],[73.731132,20.841854],[73.731121,20.841882],[73.731117,20.841886],[73.731116,20.841891],[73.731119,20.841897],[73.731103,20.841907],[73.731098,20.841915],[73.731098,20.841933],[73.731093,20.841937],[73.731088,20.841935],[73.731086,20.841937],[73.731086,20.841951],[73.731081,20.841956],[73.731084,20.841959],[73.731086,20.84197],[73.731083,20.841982],[73.731064,20.841989],[73.731059,20.841995],[73.731058,20.84201],[73.731065,20.842026],[73.731062,20.84204],[73.731055,20.842052],[73.731057,20.842062],[73.731062,20.842069],[73.731061,20.842095],[73.731056,20.842105],[73.73104,20.842117],[73.73104,20.842126],[73.731053,20.842154],[73.731051,20.842161],[73.731056,20.842162],[73.731057,20.842165],[73.731058,20.842186],[73.731055,20.842192],[73.731042,20.842202],[73.731043,20.842207],[73.731046,20.842209],[73.731044,20.842211],[73.731041,20.842208],[73.731035,20.842216],[73.731035,20.842222],[73.73103,20.842233],[73.731032,20.842243],[73.731028,20.84227],[73.731031,20.842273],[73.731037,20.842273],[73.731042,20.842278],[73.731032,20.842298],[73.731017,20.842314],[73.731012,20.842326],[73.731011,20.842332],[73.731016,20.842353],[73.731016,20.84237],[73.731006,20.842402],[73.731003,20.842407],[73.731005,20.842421],[73.731,20.842432],[73.731,20.842449],[73.730996,20.842455],[73.730996,20.842463],[73.73099,20.842468],[73.730987,20.842477],[73.730989,20.842485],[73.730981,20.842489],[73.730982,20.842498],[73.730979,20.8425],[73.730982,20.842504],[73.730982,20.842509],[73.730975,20.84252],[73.730957,20.84253],[73.730946,20.842533],[73.730943,20.842541],[73.730943,20.84255],[73.730956,20.842572],[73.730962,20.842588],[73.730956,20.842619],[73.730959,20.842656],[73.730927,20.842685],[73.730925,20.842711],[73.730917,20.842722],[73.730917,20.842741],[73.730911,20.842745],[73.730909,20.84275],[73.73091,20.842761],[73.730905,20.842769],[73.730893,20.842779],[73.730892,20.842786],[73.730888,20.842797],[73.730884,20.842799],[73.730877,20.842798],[73.730873,20.842807],[73.730867,20.842812],[73.730869,20.84283],[73.730879,20.842846],[73.730885,20.842866],[73.730879,20.842874],[73.730869,20.842879],[73.730868,20.842886],[73.730864,20.842888],[73.730857,20.842901],[73.730866,20.842918],[73.730866,20.84294],[73.730859,20.842947],[73.730857,20.842957],[73.730852,20.842965],[73.73085,20.842982],[73.730845,20.842987],[73.730841,20.843006],[73.730828,20.843029],[73.730827,20.843037],[73.730821,20.843044],[73.730822,20.843057],[73.730816,20.84306],[73.730818,20.843069],[73.730807,20.843081],[73.730808,20.843088],[73.7308,20.843088],[73.730799,20.84309],[73.730799,20.843098],[73.730807,20.843103],[73.730807,20.843105],[73.730797,20.843111],[73.730788,20.843109],[73.730787,20.843118],[73.730775,20.843124],[73.730771,20.843128],[73.73077,20.843139],[73.730767,20.843143],[73.730756,20.843139],[73.730756,20.843136],[73.730763,20.843137],[73.730765,20.843135],[73.730755,20.843123],[73.730745,20.843118],[73.73074,20.843121],[73.730739,20.843128],[73.730746,20.843152],[73.73073,20.843176],[73.730732,20.84318],[73.73073,20.843183],[73.730727,20.843191],[73.730714,20.843199],[73.730708,20.843207],[73.730708,20.843216],[73.730695,20.843236],[73.730685,20.843238],[73.730675,20.843237],[73.730668,20.843244],[73.730641,20.843258],[73.730634,20.843277],[73.730634,20.843289],[73.730652,20.84331],[73.73066,20.843328],[73.730659,20.843344],[73.730654,20.843348],[73.730655,20.843357],[73.730637,20.843369],[73.730634,20.843377],[73.730635,20.843387],[73.730641,20.843398],[73.730658,20.843417],[73.73066,20.843427],[73.730668,20.843435],[73.730667,20.843442],[73.73067,20.843453],[73.730676,20.843459],[73.730677,20.843463],[73.73067,20.843487],[73.730662,20.843492],[73.730658,20.843498],[73.730661,20.843517],[73.730659,20.84352],[73.730656,20.843554],[73.730649,20.843582],[73.730648,20.843602],[73.730643,20.843606],[73.730635,20.843628],[73.730633,20.84364],[73.730619,20.843672],[73.730621,20.843679],[73.730627,20.843678],[73.730629,20.843681],[73.730626,20.843685],[73.730619,20.843681],[73.730617,20.843694],[73.730613,20.843694],[73.730613,20.843701],[73.730609,20.843703],[73.730606,20.843714],[73.730602,20.843719],[73.730601,20.843725],[73.730605,20.843727],[73.730601,20.843728],[73.730599,20.843732],[73.7306,20.843737],[73.730598,20.843746],[73.730589,20.843766],[73.730588,20.843774],[73.730591,20.843782],[73.73059,20.843796],[73.730595,20.843805],[73.730595,20.843811],[73.73059,20.843814],[73.73059,20.843825],[73.730587,20.843836],[73.730588,20.843844],[73.730582,20.843852],[73.730581,20.843858],[73.730583,20.843868],[73.730574,20.843888],[73.730575,20.843901],[73.730572,20.843908],[73.730571,20.84392],[73.73056,20.843929],[73.730556,20.843941],[73.730558,20.843955],[73.730555,20.84397],[73.730551,20.843973],[73.730548,20.843981],[73.730544,20.84401],[73.730547,20.844038],[73.730545,20.844052],[73.730538,20.844084],[73.730534,20.844089],[73.730534,20.844095],[73.730527,20.844111],[73.730528,20.844123],[73.730527,20.844134],[73.730533,20.844154],[73.730534,20.844173],[73.730529,20.844182],[73.730531,20.844186],[73.730529,20.844191],[73.730529,20.844198],[73.730516,20.84422],[73.730515,20.844233],[73.730506,20.844234],[73.730502,20.844243]]}},{"type":"Feature","properties":{"elevation":357},"geometry":{"type":"LineString","coordinates":[[73.732152,20.842195],[73.732149,20.842188],[73.732152,20.842163],[73.732149,20.842144],[73.732145,20.842137],[73.732148,20.842132],[73.732146,20.842127],[73.732151,20.842121],[73.732148,20.842116],[73.732151,20.842111],[73.732149,20.842106],[73.73215,20.842096],[73.732141,20.842082],[73.732143,20.842052],[73.732138,20.842045],[73.732118,20.842029],[73.732112,20.842016],[73.732126,20.841991],[73.732135,20.841963],[73.732138,20.841958],[73.732146,20.841957],[73.732147,20.84195],[73.732143,20.841946],[73.732144,20.841942],[73.73215,20.841917],[73.73216,20.841903],[73.732165,20.841891],[73.732168,20.841876],[73.732167,20.841874],[73.732155,20.841872],[73.732144,20.841874],[73.732141,20.841872],[73.732141,20.841864],[73.732145,20.841854],[73.732141,20.841847],[73.732145,20.841834],[73.73215,20.84183],[73.732154,20.841836],[73.732159,20.841836],[73.732161,20.841831],[73.732158,20.84182],[73.732161,20.841807],[73.732156,20.8418],[73.732151,20.8418],[73.732148,20.841797],[73.732148,20.841795],[73.732156,20.841792],[73.732153,20.841784],[73.732154,20.841776],[73.732153,20.841767],[73.732157,20.841753],[73.732145,20.841728],[73.732143,20.841714],[73.732145,20.841702],[73.732141,20.841697],[73.732136,20.841699],[73.732141,20.841681],[73.732139,20.841666],[73.732134,20.841652],[73.732134,20.841643],[73.732129,20.841633],[73.732131,20.841625],[73.732136,20.841617],[73.732134,20.841608],[73.732135,20.841595],[73.732128,20.841584],[73.732134,20.841575],[73.732135,20.841566],[73.732132,20.841554],[73.732118,20.841536],[73.732107,20.841528],[73.732102,20.841516],[73.732123,20.841496],[73.732141,20.841462],[73.732156,20.841456],[73.732158,20.841448],[73.732164,20.841443],[73.732166,20.84143],[73.732147,20.841392],[73.732168,20.841389],[73.73218,20.841391],[73.732199,20.841376],[73.732195,20.841364],[73.732195,20.841355],[73.732205,20.841339],[73.73221,20.841314],[73.732206,20.841306],[73.732172,20.841266],[73.732172,20.841245],[73.732175,20.841241],[73.732184,20.841234],[73.732209,20.841236],[73.732213,20.841227],[73.732211,20.841217],[73.732217,20.841211],[73.732224,20.841191],[73.732233,20.841184],[73.732238,20.841168],[73.732237,20.841146],[73.732229,20.841134],[73.73224,20.841125],[73.732263,20.841115],[73.732273,20.841108],[73.732273,20.841096],[73.732259,20.841058],[73.732258,20.841041],[73.732262,20.841025],[73.732266,20.84102],[73.732268,20.841003],[73.732286,20.840979],[73.732291,20.840948],[73.732304,20.840928],[73.732311,20.840925],[73.732316,20.840916],[73.732317,20.840902],[73.732314,20.840895],[73.732322,20.840889],[73.732329,20.840874],[73.732336,20.840871],[73.732335,20.840862],[73.732323,20.840841],[73.732322,20.840834]]}},{"type":"Feature","properties":{"elevation":357},"geometry":{"type":"LineString","coordinates":[[73.73215,20.8422],[73.73215,20.842199]]}},{"type":"Feature","properties":{"elevation":358},"geometry":{"type":"LineString","coordinates":[[73.731247,20.840863],[73.731239,20.840884],[73.731238,20.840892],[73.731238,20.8409],[73.731243,20.840903],[73.731244,20.840906],[73.731238,20.840909],[73.731236,20.840922],[73.731231,20.840931],[73.73123,20.840941],[73.731218,20.840963],[73.731213,20.840991],[73.731214,20.840998],[73.731209,20.841009],[73.731211,20.841015],[73.731209,20.841024],[73.731213,20.841031],[73.731219,20.841034],[73.731218,20.841055],[73.731227,20.841074],[73.731238,20.841082],[73.731248,20.841079],[73.73125,20.841086],[73.731265,20.841108],[73.731267,20.841113],[73.731264,20.841129],[73.731289,20.841171],[73.73128,20.841212],[73.731278,20.841234],[73.731273,20.841241],[73.731271,20.841275],[73.731257,20.841324],[73.731253,20.841365],[73.731242,20.841397],[73.731243,20.841411],[73.731241,20.841423],[73.731231,20.841449],[73.731228,20.841475],[73.731197,20.841518],[73.731197,20.841534],[73.731188,20.841554],[73.731186,20.841572],[73.731164,20.841598],[73.731153,20.841621],[73.73116,20.84163],[73.731156,20.841654],[73.731145,20.841672],[73.73115,20.841682],[73.731146,20.841697],[73.731152,20.841708],[73.731147,20.841733],[73.731151,20.841738],[73.731148,20.841743],[73.731145,20.841763],[73.73114,20.841767],[73.731133,20.84178],[73.731133,20.841791],[73.731141,20.84179],[73.731143,20.841792],[73.731132,20.841809],[73.731126,20.841828],[73.731115,20.841838],[73.731111,20.841848],[73.731101,20.841861],[73.731086,20.841893],[73.731082,20.841896],[73.731082,20.841902],[73.731073,20.841911],[73.73107,20.841924],[73.731064,20.841927],[73.731063,20.841943],[73.731057,20.841946],[73.731056,20.84195],[73.731051,20.841955],[73.731054,20.841958],[73.731052,20.841967],[73.731048,20.841967],[73.731044,20.841962],[73.731042,20.841967],[73.731033,20.841972],[73.731026,20.841985],[73.731027,20.841999],[73.731035,20.842019],[73.731034,20.842029],[73.731036,20.842036],[73.73104,20.842037],[73.731043,20.842033],[73.731047,20.842032],[73.731054,20.842036],[73.731056,20.842041],[73.731054,20.842044],[73.731038,20.842047],[73.731038,20.842062],[73.73103,20.842069],[73.731018,20.84207],[73.731013,20.84208],[73.731014,20.842102],[73.731017,20.842109],[73.731026,20.842119],[73.731026,20.842126],[73.731019,20.842135],[73.731019,20.842156],[73.731011,20.842164],[73.731018,20.84218],[73.731014,20.84219],[73.731016,20.842207],[73.731006,20.842221],[73.731008,20.842228],[73.731,20.842257],[73.731005,20.842274],[73.731004,20.842285],[73.731012,20.842311],[73.731008,20.842331],[73.73101,20.842347],[73.730996,20.842373],[73.730995,20.842381],[73.730989,20.842385],[73.730986,20.842391],[73.730987,20.842409],[73.73099,20.842409],[73.730993,20.842403],[73.730998,20.84241],[73.73099,20.842418],[73.730973,20.842426],[73.730977,20.842441],[73.730974,20.842446],[73.730974,20.842456],[73.730971,20.842462],[73.730973,20.842467],[73.730967,20.84247],[73.730971,20.842477],[73.730971,20.842487],[73.730965,20.842487],[73.730959,20.842492],[73.730935,20.842498],[73.730936,20.842503],[73.730946,20.842511],[73.730947,20.842515],[73.730943,20.842523],[73.73094,20.84254],[73.730941,20.842562],[73.730932,20.842573],[73.730927,20.84259],[73.730937,20.842599],[73.730939,20.842605],[73.730936,20.842606],[73.730923,20.842602],[73.730919,20.842609],[73.730922,20.842616],[73.730934,20.842621],[73.730943,20.842621],[73.730952,20.842635],[73.730955,20.842646],[73.730924,20.842661],[73.73091,20.842662],[73.730906,20.842672],[73.730908,20.842684],[73.730907,20.842699],[73.730896,20.842722],[73.730891,20.842727],[73.730889,20.842743],[73.730885,20.842758],[73.730886,20.842778],[73.730883,20.842781],[73.730874,20.842779],[73.730873,20.842785],[73.730865,20.842789],[73.730856,20.842802],[73.730863,20.842832],[73.73086,20.842839],[73.730855,20.842845],[73.730855,20.84285],[73.730848,20.842855],[73.730848,20.842861],[73.730851,20.842873],[73.730847,20.842876],[73.73085,20.842883],[73.730848,20.842905],[73.730841,20.842918],[73.73084,20.842927],[73.730843,20.842937],[73.730838,20.842945],[73.730836,20.842967],[73.730828,20.842981],[73.730823,20.843004],[73.730818,20.843007],[73.730819,20.843016],[73.730814,20.843019],[73.730805,20.843044],[73.730798,20.84305],[73.730792,20.843063],[73.73079,20.843076],[73.730783,20.843077],[73.730774,20.84309],[73.730771,20.843099],[73.730761,20.843106],[73.730753,20.843109],[73.730744,20.843109],[73.730738,20.843112],[73.730737,20.843109],[73.730727,20.843103],[73.730721,20.843105],[73.730721,20.843126],[73.730724,20.84314],[73.730721,20.843149],[73.730723,20.843159],[73.730717,20.843168],[73.730708,20.843171],[73.730707,20.843182],[73.730709,20.843185],[73.730713,20.843179],[73.730721,20.843178],[73.730723,20.843181],[73.730723,20.843189],[73.730711,20.843196],[73.730703,20.843207],[73.730676,20.843222],[73.730666,20.843242],[73.730637,20.843258],[73.730629,20.843282],[73.73063,20.843292],[73.730641,20.843312],[73.730641,20.843326],[73.730638,20.843331],[73.730636,20.843359],[73.73063,20.843368],[73.730628,20.843376],[73.730621,20.843382],[73.730615,20.843384],[73.730613,20.843393],[73.730617,20.843408],[73.730628,20.843416],[73.730647,20.843444],[73.730644,20.843454],[73.73065,20.843468],[73.730645,20.843473],[73.730653,20.843489],[73.730654,20.843498],[73.730642,20.843516],[73.730644,20.843522],[73.730639,20.84355],[73.730642,20.843561],[73.730638,20.843566],[73.730637,20.843577],[73.730629,20.843589],[73.730625,20.843613],[73.730619,20.843622],[73.730609,20.843647],[73.730608,20.843669],[73.730598,20.843679],[73.730589,20.843707],[73.730586,20.843711],[73.730587,20.843718],[73.730579,20.843723],[73.730579,20.843727],[73.730585,20.843737],[73.73058,20.843741],[73.730578,20.843754],[73.730571,20.843759],[73.730572,20.843764],[73.730568,20.843788],[73.730574,20.843802],[73.730581,20.843803],[73.730586,20.843801],[73.730593,20.843807],[73.730577,20.843807],[73.730569,20.8438],[73.730566,20.843801],[73.730566,20.843811],[73.730569,20.843825],[73.730565,20.84383],[73.730565,20.843845],[73.730557,20.843864],[73.730559,20.843874],[73.730552,20.843889],[73.730551,20.843913],[73.730542,20.843933],[73.730543,20.843942],[73.73054,20.843952],[73.730531,20.843967],[73.730532,20.843979],[73.730529,20.843984],[73.730533,20.843998],[73.730528,20.84401],[73.730528,20.844028],[73.730523,20.844064],[73.730511,20.844098],[73.730504,20.84411],[73.730505,20.844122],[73.730512,20.844132],[73.730506,20.844141],[73.730512,20.844159],[73.730511,20.844166],[73.730507,20.844169],[73.730495,20.844207],[73.730483,20.844214],[73.730484,20.844225],[73.730479,20.844239],[73.730475,20.844242]]}},{"type":"Feature","properties":{"elevation":358},"geometry":{"type":"LineString","coordinates":[[73.732182,20.842062],[73.732163,20.842051],[73.732153,20.84205],[73.732146,20.842047],[73.732118,20.842019],[73.732116,20.842014],[73.732127,20.841993],[73.732134,20.84197],[73.732151,20.84196],[73.732152,20.841949],[73.732147,20.84194],[73.732155,20.841916],[73.732166,20.841909],[73.732172,20.841901],[73.732187,20.841894],[73.732189,20.841887],[73.7322,20.841888],[73.73222,20.841876]]}},{"type":"Feature","properties":{"elevation":358},"geometry":{"type":"LineString","coordinates":[[73.732172,20.842104],[73.73217,20.842103],[73.732168,20.842097],[73.732171,20.842081],[73.732177,20.842076]]}},{"type":"Feature","properties":{"elevation":358},"geometry":{"type":"LineString","coordinates":[[73.732225,20.841855],[73.732215,20.84185],[73.732203,20.84185],[73.732185,20.841844],[73.732181,20.841845],[73.732178,20.841841],[73.732176,20.841827],[73.732172,20.841823],[73.732178,20.841807],[73.73217,20.841788],[73.732171,20.84177],[73.732175,20.841765],[73.732168,20.841749],[73.732171,20.841743],[73.732167,20.841737],[73.732169,20.841729],[73.732165,20.841711],[73.732153,20.841685],[73.732152,20.841668],[73.732158,20.841656],[73.73215,20.841648],[73.732147,20.841642],[73.732147,20.841626],[73.732149,20.841601],[73.732158,20.841583],[73.732146,20.841565],[73.732147,20.841554],[73.732145,20.841547],[73.732154,20.841538],[73.732153,20.841528],[73.732141,20.841508],[73.73214,20.841498],[73.732145,20.841491],[73.732137,20.841493],[73.732135,20.841489],[73.732138,20.84148],[73.732145,20.841475],[73.732148,20.841476],[73.732148,20.841481],[73.732151,20.841484],[73.732156,20.841485],[73.732159,20.841483],[73.73216,20.841475],[73.732155,20.841472],[73.732154,20.84147],[73.732162,20.841461],[73.732169,20.841445],[73.732169,20.841432],[73.732162,20.841422],[73.732153,20.841395],[73.732159,20.841393],[73.732185,20.841393],[73.732203,20.841376],[73.732204,20.841369],[73.732198,20.841364],[73.732198,20.841355],[73.732207,20.841344],[73.732211,20.841312],[73.732208,20.841306],[73.732189,20.841284],[73.732179,20.841265],[73.732203,20.841258],[73.732214,20.841258],[73.732216,20.841248],[73.732225,20.841229],[73.732237,20.841213],[73.732239,20.841205],[73.732237,20.84119],[73.732246,20.841176],[73.732248,20.841162],[73.732247,20.841152],[73.732243,20.841142],[73.732244,20.841132],[73.732247,20.841126],[73.732265,20.841118],[73.732276,20.84111],[73.732278,20.841106],[73.732276,20.841091],[73.732265,20.841067],[73.732262,20.841041],[73.732273,20.841032],[73.732275,20.841017],[73.73228,20.84101],[73.732279,20.840998],[73.732287,20.840987],[73.73229,20.840975],[73.732306,20.840963],[73.732311,20.84094],[73.732324,20.840928],[73.732337,20.84091],[73.732345,20.840906],[73.732344,20.840903],[73.732346,20.840905],[73.732349,20.840903],[73.732354,20.840892],[73.732352,20.840868],[73.732347,20.840858],[73.732339,20.840851],[73.732335,20.840832]]}},{"type":"Feature","properties":{"elevation":359},"geometry":{"type":"LineString","coordinates":[[73.731242,20.840863],[73.731232,20.840877],[73.731223,20.840885],[73.731225,20.840907],[73.731217,20.840923],[73.731211,20.840943],[73.731203,20.840949],[73.731201,20.840955],[73.7312,20.84097],[73.731202,20.840978],[73.731196,20.840989],[73.731194,20.841005],[73.731195,20.841022],[73.7312,20.841029],[73.731197,20.841037],[73.731202,20.841046],[73.731201,20.841049],[73.731195,20.841053],[73.731191,20.841063],[73.731197,20.841083],[73.731205,20.841092],[73.731206,20.841097],[73.731212,20.841103],[73.731213,20.841107],[73.731215,20.841109],[73.731223,20.841108],[73.731231,20.841113],[73.73123,20.841123],[73.731254,20.841149],[73.731252,20.841156],[73.731257,20.841166],[73.73126,20.841179],[73.731256,20.841213],[73.731245,20.841257],[73.731245,20.841275],[73.73124,20.841279],[73.731241,20.841291],[73.731235,20.841307],[73.731235,20.841315],[73.731227,20.841336],[73.731225,20.841351],[73.731215,20.841375],[73.731209,20.841416],[73.731202,20.841438],[73.7312,20.841452],[73.731191,20.841477],[73.731183,20.841489],[73.731183,20.841497],[73.731164,20.84155],[73.731162,20.84156],[73.731164,20.841566],[73.73115,20.841585],[73.731147,20.841594],[73.731141,20.841596],[73.731133,20.841607],[73.731127,20.84162],[73.731131,20.841638],[73.731123,20.841669],[73.731128,20.841678],[73.731122,20.841682],[73.731123,20.841722],[73.73112,20.841747],[73.731115,20.841763],[73.731115,20.841773],[73.731111,20.841779],[73.731105,20.841793],[73.731105,20.841801],[73.731102,20.841812],[73.731091,20.841825],[73.731081,20.84185],[73.731078,20.841875],[73.731067,20.841883],[73.731039,20.841893],[73.731042,20.841905],[73.731049,20.84191],[73.731049,20.841918],[73.731042,20.841929],[73.731033,20.841934],[73.731016,20.841963],[73.73101,20.841965],[73.731011,20.841974],[73.731013,20.841976],[73.731018,20.841972],[73.731021,20.841976],[73.731021,20.84198],[73.731013,20.841979],[73.731003,20.841983],[73.731001,20.841986],[73.730999,20.841997],[73.731005,20.842018],[73.731006,20.842028],[73.73099,20.842035],[73.730987,20.842042],[73.730976,20.842046],[73.730985,20.842056],[73.730989,20.842053],[73.730992,20.842056],[73.73099,20.842076],[73.730987,20.842078],[73.73098,20.842079],[73.730979,20.842084],[73.730984,20.84209],[73.730992,20.842094],[73.731008,20.842111],[73.731006,20.842125],[73.730993,20.842137],[73.730989,20.842151],[73.730982,20.842162],[73.73098,20.842169],[73.730986,20.842195],[73.730991,20.842199],[73.730986,20.842204],[73.730982,20.842218],[73.730983,20.842234],[73.73098,20.842243],[73.730981,20.842251],[73.730987,20.842256],[73.730983,20.842262],[73.730983,20.842271],[73.730979,20.84228],[73.73098,20.842311],[73.730983,20.842311],[73.730989,20.842307],[73.730998,20.842309],[73.731006,20.842317],[73.731005,20.842324],[73.730981,20.842341],[73.73097,20.842356],[73.730968,20.842369],[73.730964,20.842377],[73.730943,20.842395],[73.730944,20.842402],[73.730963,20.842417],[73.730967,20.842423],[73.730963,20.84243],[73.73095,20.842435],[73.730953,20.842453],[73.730946,20.842462],[73.730947,20.842471],[73.730917,20.84248],[73.730917,20.842487],[73.730926,20.842503],[73.73093,20.842519],[73.730937,20.842528],[73.730937,20.842545],[73.73093,20.842553],[73.730914,20.842563],[73.73091,20.842572],[73.73091,20.842576],[73.730914,20.842582],[73.730894,20.842626],[73.730897,20.842633],[73.730906,20.842635],[73.730904,20.842637],[73.730898,20.842636],[73.730892,20.842644],[73.730889,20.842653],[73.730895,20.842671],[73.730886,20.842689],[73.730887,20.842701],[73.730881,20.842706],[73.73088,20.842711],[73.730873,20.84272],[73.73086,20.842754],[73.73086,20.84276],[73.730854,20.842768],[73.730855,20.842779],[73.730842,20.84278],[73.730837,20.842784],[73.730835,20.84279],[73.730836,20.842794],[73.730842,20.842805],[73.730831,20.842828],[73.730835,20.842842],[73.73083,20.842859],[73.730833,20.842867],[73.730829,20.842873],[73.730832,20.842885],[73.730841,20.842896],[73.730844,20.842902],[73.730828,20.842925],[73.730829,20.842936],[73.730821,20.842948],[73.73082,20.842963],[73.730814,20.842971],[73.730814,20.842982],[73.730806,20.842991],[73.730803,20.843005],[73.730795,20.843026],[73.730785,20.843037],[73.730784,20.843041],[73.73078,20.843043],[73.730778,20.843051],[73.730772,20.843056],[73.730768,20.843072],[73.730763,20.843072],[73.730761,20.843073],[73.730757,20.843089],[73.73075,20.843093],[73.73074,20.843091],[73.730733,20.843095],[73.730707,20.843086],[73.730702,20.843087],[73.730699,20.84309],[73.730698,20.8431],[73.730701,20.843106],[73.730701,20.843114],[73.730705,20.843124],[73.730698,20.843145],[73.730698,20.843152],[73.730688,20.843166],[73.730683,20.843179],[73.730683,20.843182],[73.730686,20.843186],[73.730682,20.843193],[73.730686,20.8432],[73.730693,20.843203],[73.7307,20.843198],[73.730699,20.843192],[73.730704,20.843193],[73.730705,20.843197],[73.730695,20.843209],[73.730685,20.843211],[73.730673,20.843219],[73.730667,20.843236],[73.730663,20.843241],[73.730634,20.843259],[73.730626,20.843285],[73.730634,20.843307],[73.730622,20.843324],[73.730616,20.843325],[73.730615,20.843328],[73.730624,20.843348],[73.730626,20.843361],[73.730598,20.843373],[73.730592,20.843374],[73.730589,20.843378],[73.73059,20.843386],[73.730589,20.843395],[73.730593,20.843404],[73.730612,20.843414],[73.730616,20.843428],[73.730623,20.843437],[73.730635,20.843463],[73.730636,20.843474],[73.730627,20.843489],[73.730625,20.843514],[73.730626,20.84352],[73.73062,20.843546],[73.730621,20.843556],[73.730618,20.843562],[73.73062,20.843571],[73.730624,20.843575],[73.730629,20.843574],[73.73063,20.843576],[73.730626,20.843578],[73.730623,20.843582],[73.73062,20.843592],[73.730608,20.843592],[73.730604,20.843612],[73.730596,20.843624],[73.730592,20.843641],[73.730584,20.843656],[73.730587,20.843667],[73.730582,20.843674],[73.730584,20.843682],[73.730571,20.843693],[73.73057,20.843703],[73.730573,20.843708],[73.730558,20.843725],[73.730558,20.843735],[73.730555,20.843745],[73.730545,20.843757],[73.730545,20.843763],[73.730551,20.843782],[73.73056,20.843775],[73.730561,20.843769],[73.730566,20.843764],[73.730569,20.843766],[73.730565,20.843788],[73.73056,20.843797],[73.73056,20.843805],[73.730557,20.843816],[73.730554,20.843817],[73.730549,20.843815],[73.730543,20.84382],[73.730542,20.843848],[73.730536,20.843877],[73.730532,20.843885],[73.730534,20.843894],[73.730528,20.843907],[73.730532,20.843915],[73.730522,20.843924],[73.730519,20.843931],[73.730518,20.84394],[73.73052,20.843947],[73.730518,20.843953],[73.730522,20.843961],[73.730514,20.843963],[73.730516,20.843969],[73.730513,20.843975],[73.73051,20.843988],[73.730512,20.843997],[73.730505,20.84402],[73.730505,20.844029],[73.73051,20.844036],[73.73051,20.844042],[73.730507,20.844049],[73.730502,20.844053],[73.730497,20.844066],[73.730493,20.844087],[73.730497,20.844095],[73.730485,20.844107],[73.730482,20.844124],[73.730472,20.844132],[73.730472,20.844139],[73.730477,20.844144],[73.730481,20.844154],[73.730481,20.844167],[73.730474,20.844193],[73.730465,20.84421],[73.730463,20.844224],[73.730454,20.844232],[73.730453,20.844242]]}},{"type":"Feature","properties":{"elevation":359},"geometry":{"type":"LineString","coordinates":[[73.732189,20.842021],[73.732183,20.841995],[73.732158,20.841983],[73.732159,20.841977],[73.732165,20.841959],[73.732165,20.841944],[73.732161,20.841929],[73.732163,20.841924],[73.732183,20.841914],[73.732193,20.841899],[73.732218,20.841887]]}},{"type":"Feature","properties":{"elevation":359},"geometry":{"type":"LineString","coordinates":[[73.732228,20.841844],[73.73221,20.841838],[73.732192,20.841824],[73.732194,20.841818],[73.732193,20.841809],[73.732196,20.841804],[73.73219,20.841788],[73.732193,20.841787],[73.732199,20.84179],[73.732203,20.841789],[73.732196,20.841777],[73.732189,20.841758],[73.732182,20.84175],[73.732167,20.841703],[73.732171,20.841687],[73.732169,20.841679],[73.732172,20.841665],[73.732165,20.841654],[73.732161,20.841638],[73.73216,20.841622],[73.732162,20.841615],[73.732158,20.841599],[73.732166,20.841592],[73.732171,20.841574],[73.732167,20.841568],[73.732161,20.84157],[73.732158,20.841567],[73.732159,20.841563],[73.732164,20.841558],[73.732159,20.84155],[73.732156,20.841516],[73.732165,20.841506],[73.732167,20.841496],[73.73217,20.841491],[73.732169,20.841483],[73.732177,20.841476],[73.73218,20.841469],[73.732179,20.841463],[73.732181,20.841453],[73.732187,20.841447],[73.73219,20.841438],[73.732187,20.841428],[73.732193,20.841424],[73.732194,20.841418],[73.732201,20.84141],[73.732204,20.841397],[73.732203,20.841395],[73.7322,20.841396],[73.732195,20.841394],[73.732194,20.841389],[73.732204,20.841381],[73.732209,20.841366],[73.732208,20.841363],[73.732202,20.841361],[73.7322,20.841356],[73.732209,20.841346],[73.732213,20.841309],[73.732198,20.841292],[73.732194,20.841283],[73.7322,20.841276],[73.732219,20.841263],[73.732233,20.841242],[73.732235,20.841237],[73.732232,20.841231],[73.732238,20.84123],[73.732243,20.841224],[73.732244,20.841208],[73.732241,20.841189],[73.732258,20.841174],[73.732262,20.841163],[73.732266,20.841159],[73.732269,20.841143],[73.732269,20.841122],[73.732271,20.841115],[73.732275,20.841113],[73.73228,20.841104],[73.732279,20.841087],[73.732272,20.841077],[73.73227,20.841067],[73.732287,20.841048],[73.732295,20.841029],[73.732294,20.841017],[73.732299,20.841001],[73.732292,20.840979],[73.732311,20.840964],[73.732324,20.840948],[73.732333,20.840941],[73.732339,20.840926],[73.732357,20.84091],[73.73236,20.840903],[73.732357,20.840862],[73.73234,20.840832]]}},{"type":"Feature","properties":{"elevation":360},"geometry":{"type":"LineString","coordinates":[[73.731237,20.840863],[73.731196,20.840905],[73.731196,20.840932],[73.731199,20.840945],[73.731189,20.841001],[73.731189,20.841006],[73.731193,20.841016],[73.731187,20.841037],[73.731188,20.84104],[73.731196,20.841042],[73.731199,20.841046],[73.731177,20.84106],[73.731178,20.841063],[73.731187,20.841069],[73.731189,20.841079],[73.731186,20.841085],[73.731188,20.841093],[73.7312,20.841116],[73.731215,20.841128],[73.731218,20.841126],[73.731212,20.84112],[73.731211,20.841113],[73.731216,20.841113],[73.731222,20.84111],[73.731228,20.841114],[73.731219,20.841136],[73.731231,20.841162],[73.731232,20.841179],[73.731235,20.841186],[73.731236,20.841197],[73.731233,20.841213],[73.731224,20.841234],[73.731223,20.841244],[73.73122,20.841248],[73.731214,20.841272],[73.731209,20.841322],[73.731197,20.841339],[73.731193,20.84136],[73.731184,20.841382],[73.731181,20.841401],[73.731188,20.841414],[73.731181,20.841424],[73.731173,20.84143],[73.731171,20.841436],[73.731174,20.84144],[73.731168,20.841455],[73.731162,20.841463],[73.731152,20.841496],[73.731158,20.841507],[73.731147,20.841522],[73.731146,20.841531],[73.731138,20.841551],[73.731129,20.841564],[73.731125,20.841581],[73.73111,20.841598],[73.73111,20.841605],[73.731101,20.84162],[73.731104,20.841639],[73.731097,20.841664],[73.731096,20.841676],[73.731103,20.841725],[73.731098,20.841741],[73.731096,20.84176],[73.731091,20.84177],[73.731092,20.84178],[73.731083,20.841789],[73.731077,20.841813],[73.731077,20.841822],[73.73107,20.841829],[73.73107,20.841842],[73.731061,20.841853],[73.731064,20.84186],[73.731055,20.841865],[73.731055,20.841873],[73.731051,20.841881],[73.731034,20.841888],[73.731028,20.841893],[73.731027,20.841909],[73.731023,20.84192],[73.731019,20.841923],[73.731016,20.841931],[73.731007,20.841941],[73.731,20.841952],[73.730993,20.841954],[73.730989,20.841959],[73.730977,20.841966],[73.730974,20.841971],[73.730974,20.841977],[73.730978,20.841994],[73.730984,20.842002],[73.730983,20.842008],[73.73098,20.84201],[73.730981,20.84202],[73.730974,20.84202],[73.730965,20.842024],[73.730958,20.842036],[73.730958,20.842042],[73.730964,20.84205],[73.730968,20.842063],[73.730965,20.842084],[73.730967,20.84209],[73.730954,20.842102],[73.730952,20.842108],[73.730953,20.84212],[73.730956,20.842127],[73.730964,20.842131],[73.730966,20.842134],[73.730963,20.842138],[73.730971,20.842141],[73.730975,20.842157],[73.730965,20.842178],[73.730963,20.842205],[73.730957,20.842219],[73.73096,20.842225],[73.730962,20.842242],[73.730958,20.842253],[73.730961,20.842264],[73.730961,20.842278],[73.730957,20.842297],[73.730963,20.842318],[73.730953,20.84233],[73.730956,20.842343],[73.73095,20.84235],[73.730948,20.842347],[73.730939,20.842357],[73.730929,20.842375],[73.730926,20.842386],[73.730931,20.842397],[73.73093,20.842404],[73.730892,20.84246],[73.730899,20.842483],[73.730888,20.842515],[73.730892,20.842523],[73.730901,20.842528],[73.730902,20.842535],[73.7309,20.842543],[73.730895,20.84255],[73.730895,20.842557],[73.730878,20.842559],[73.730874,20.842561],[73.730874,20.842565],[73.730885,20.842582],[73.730895,20.842603],[73.730888,20.842609],[73.730885,20.842604],[73.730881,20.842605],[73.730869,20.842654],[73.730872,20.842663],[73.730865,20.84267],[73.730863,20.842678],[73.730866,20.842698],[73.730854,20.842714],[73.730847,20.842728],[73.73084,20.842759],[73.730834,20.84277],[73.73083,20.84279],[73.730826,20.842796],[73.730813,20.842802],[73.730809,20.842815],[73.730809,20.842828],[73.730806,20.842843],[73.730792,20.842861],[73.730781,20.8429],[73.730793,20.842922],[73.730798,20.842937],[73.7308,20.842948],[73.7308,20.842972],[73.730796,20.842982],[73.73079,20.842989],[73.730786,20.843002],[73.73078,20.843007],[73.730779,20.843022],[73.730774,20.843032],[73.730775,20.843048],[73.730768,20.843048],[73.730762,20.843042],[73.730752,20.84305],[73.730743,20.843064],[73.730738,20.843068],[73.730736,20.843074],[73.730729,20.843074],[73.730724,20.843078],[73.730692,20.843067],[73.730674,20.843072],[73.730667,20.843101],[73.730652,20.843126],[73.730659,20.843155],[73.730659,20.843163],[73.730655,20.843171],[73.730658,20.843175],[73.730653,20.843176],[73.730651,20.843179],[73.730655,20.84319],[73.730637,20.843224],[73.730639,20.843233],[73.730629,20.843243],[73.730632,20.843256],[73.730626,20.843265],[73.730612,20.843269],[73.730609,20.843268],[73.730607,20.843263],[73.730603,20.843263],[73.730592,20.84327],[73.73059,20.843275],[73.730587,20.843288],[73.730598,20.843314],[73.730598,20.843324],[73.730594,20.843335],[73.730576,20.843355],[73.730576,20.843369],[73.73057,20.843378],[73.730589,20.843415],[73.730594,20.843432],[73.730595,20.843447],[73.730585,20.84346],[73.730583,20.843471],[73.730593,20.84348],[73.730603,20.8435],[73.730606,20.843511],[73.730606,20.843534],[73.730609,20.84354],[73.7306,20.843547],[73.730598,20.843571],[73.730591,20.843579],[73.730586,20.843613],[73.730583,20.843623],[73.73058,20.843624],[73.730582,20.843629],[73.730576,20.843635],[73.73058,20.84365],[73.73058,20.843659],[73.730565,20.843674],[73.730559,20.843691],[73.730553,20.843697],[73.730557,20.843719],[73.730551,20.843726],[73.730545,20.843728],[73.730539,20.843726],[73.730536,20.84374],[73.730526,20.843752],[73.730527,20.84376],[73.730535,20.843774],[73.730533,20.843783],[73.730528,20.843792],[73.730529,20.84381],[73.730525,20.843821],[73.730518,20.84383],[73.73052,20.843834],[73.730525,20.843835],[73.730525,20.843839],[73.730519,20.843842],[73.730518,20.843846],[73.730519,20.843863],[73.730513,20.843885],[73.730501,20.843902],[73.730503,20.843909],[73.730496,20.843931],[73.730497,20.843943],[73.730501,20.843952],[73.730495,20.843962],[73.730491,20.843964],[73.730486,20.843989],[73.730478,20.844007],[73.730482,20.844012],[73.730482,20.844018],[73.730478,20.844029],[73.73048,20.844039],[73.730471,20.844073],[73.730472,20.844088],[73.730455,20.844114],[73.730455,20.84412],[73.730462,20.844133],[73.730463,20.844139],[73.730458,20.844157],[73.730445,20.84418],[73.730452,20.844201],[73.730437,20.844216],[73.730437,20.844242]]}},{"type":"Feature","properties":{"elevation":360},"geometry":{"type":"LineString","coordinates":[[73.732208,20.841938],[73.732208,20.84193]]}},{"type":"Feature","properties":{"elevation":360},"geometry":{"type":"LineString","coordinates":[[73.732237,20.841797],[73.732203,20.841776],[73.732194,20.84176],[73.732184,20.84175],[73.73218,20.841739],[73.73218,20.841727],[73.732197,20.841719],[73.732186,20.841684],[73.732187,20.841666],[73.732173,20.841652],[73.732178,20.841615],[73.732174,20.841606],[73.732172,20.84159],[73.732175,20.841574],[73.732171,20.841549],[73.732181,20.841528],[73.732184,20.841508],[73.732181,20.841502],[73.732187,20.841494],[73.73219,20.841474],[73.732202,20.841449],[73.732208,20.841445],[73.732204,20.84144],[73.732204,20.841435],[73.732198,20.84143],[73.732207,20.841402],[73.732213,20.841397],[73.732209,20.841383],[73.732213,20.841375],[73.732221,20.841375],[73.732225,20.841371],[73.73222,20.841364],[73.732204,20.841359],[73.732203,20.841355],[73.732209,20.841353],[73.732212,20.841349],[73.732215,20.841315],[73.73223,20.841311],[73.732234,20.841308],[73.73225,20.841272],[73.732246,20.841259],[73.732241,20.841253],[73.732244,20.841241],[73.732254,20.841225],[73.732248,20.841212],[73.732246,20.841187],[73.732253,20.841182],[73.732268,20.841181],[73.732273,20.841177],[73.732271,20.841156],[73.732275,20.841133],[73.732275,20.841119],[73.732281,20.841107],[73.73228,20.841098],[73.732288,20.841083],[73.732311,20.841063],[73.732323,20.841025],[73.732322,20.841015],[73.732307,20.840998],[73.732297,20.84098],[73.73232,20.840964],[73.732333,20.840949],[73.732336,20.840947],[73.732337,20.84095],[73.732339,20.84095],[73.732349,20.840942],[73.732351,20.840931],[73.732356,20.840926],[73.732363,20.840923],[73.732366,20.840911],[73.732374,20.840899],[73.732387,20.840889],[73.732385,20.840879],[73.732386,20.840875],[73.732387,20.840855],[73.732384,20.840832]]}},{"type":"Feature","properties":{"elevation":361},"geometry":{"type":"LineString","coordinates":[[73.731222,20.840865],[73.731215,20.840881],[73.731194,20.840902],[73.731191,20.840938],[73.731189,20.840942],[73.731186,20.840938],[73.731182,20.840939],[73.731187,20.840943],[73.731183,20.840946],[73.731183,20.84095],[73.731187,20.840951],[73.73119,20.840949],[73.731192,20.840951],[73.731191,20.840966],[73.731189,20.840968],[73.731181,20.840966],[73.731177,20.840968],[73.731167,20.840992],[73.731169,20.840993],[73.731173,20.840987],[73.731185,20.840989],[73.731188,20.840993],[73.731186,20.841005],[73.73119,20.841013],[73.73119,20.841016],[73.731186,20.841019],[73.731186,20.841027],[73.731181,20.84104],[73.731174,20.841045],[73.731166,20.841059],[73.731168,20.841066],[73.731166,20.841075],[73.73117,20.841082],[73.731171,20.841089],[73.731169,20.841096],[73.731178,20.841106],[73.731185,20.84112],[73.731201,20.841139],[73.731204,20.841152],[73.731207,20.841156],[73.731205,20.84119],[73.731208,20.841212],[73.7312,20.841221],[73.731202,20.841235],[73.731196,20.841252],[73.731198,20.841255],[73.731199,20.841259],[73.731189,20.841273],[73.731186,20.841294],[73.731178,20.841309],[73.731178,20.841318],[73.731171,20.841335],[73.731166,20.841362],[73.731153,20.841405],[73.731142,20.841429],[73.731142,20.841443],[73.731133,20.841462],[73.731132,20.841477],[73.731121,20.841499],[73.731118,20.841519],[73.731115,20.841522],[73.731118,20.841535],[73.731112,20.841539],[73.731105,20.841552],[73.731103,20.841569],[73.7311,20.841571],[73.731097,20.841578],[73.731088,20.841581],[73.731075,20.841604],[73.731075,20.841614],[73.731082,20.841632],[73.731073,20.84166],[73.731072,20.841672],[73.731081,20.841697],[73.731078,20.841707],[73.731074,20.841749],[73.731067,20.841784],[73.731059,20.841795],[73.731054,20.841819],[73.731047,20.841834],[73.731043,20.841849],[73.731032,20.841858],[73.731034,20.841864],[73.731032,20.841868],[73.73103,20.841885],[73.731026,20.841888],[73.731004,20.841893],[73.731002,20.84192],[73.730995,20.841933],[73.730984,20.841948],[73.730965,20.841953],[73.730963,20.841962],[73.730956,20.841968],[73.730958,20.841979],[73.730964,20.841988],[73.730961,20.842005],[73.730954,20.842022],[73.730954,20.842035],[73.730951,20.842047],[73.730945,20.842056],[73.730946,20.842065],[73.730942,20.842072],[73.730943,20.842081],[73.730948,20.842087],[73.730947,20.842134],[73.730966,20.842163],[73.730963,20.842167],[73.730958,20.842162],[73.730952,20.842162],[73.73095,20.842174],[73.730947,20.842177],[73.730941,20.842177],[73.730938,20.842186],[73.730932,20.842191],[73.730939,20.8422],[73.730937,20.842216],[73.730939,20.842227],[73.730949,20.842225],[73.730951,20.84223],[73.730949,20.842234],[73.730946,20.842234],[73.730947,20.84225],[73.730941,20.842255],[73.730943,20.842281],[73.730941,20.84229],[73.73093,20.842297],[73.730927,20.842301],[73.730926,20.842312],[73.730935,20.842315],[73.730936,20.842321],[73.730934,20.842323],[73.730925,20.842325],[73.730927,20.842338],[73.73092,20.842345],[73.730918,20.842351],[73.730919,20.842381],[73.730927,20.8424],[73.730918,20.842408],[73.730898,20.842439],[73.730891,20.842439],[73.730888,20.842459],[73.730895,20.84248],[73.73088,20.842515],[73.730874,20.842536],[73.730864,20.84255],[73.730872,20.842577],[73.730864,20.842594],[73.730866,20.842602],[73.730861,20.842615],[73.730861,20.842621],[73.730855,20.842632],[73.730854,20.842645],[73.730856,20.842652],[73.730845,20.842669],[73.730842,20.842687],[73.730843,20.842697],[73.730836,20.842707],[73.730834,20.84272],[73.730828,20.842735],[73.730832,20.842751],[73.730827,20.84276],[73.730829,20.842782],[73.730825,20.842789],[73.730809,20.842797],[73.730806,20.842802],[73.730805,20.842833],[73.73079,20.842859],[73.730774,20.842906],[73.73079,20.84293],[73.730793,20.842942],[73.73079,20.842948],[73.730785,20.842944],[73.730778,20.842978],[73.730773,20.842983],[73.730768,20.842996],[73.730772,20.843004],[73.730758,20.843015],[73.730755,20.843026],[73.730747,20.843037],[73.73072,20.843061],[73.730717,20.843069],[73.730714,20.843069],[73.730708,20.843066],[73.730696,20.843064],[73.730669,20.843071],[73.730663,20.843095],[73.730652,20.843112],[73.730645,20.843133],[73.73065,20.843155],[73.730644,20.843177],[73.730631,20.843191],[73.730623,20.843208],[73.730607,20.843214],[73.730603,20.84322],[73.730605,20.843235],[73.7306,20.843247],[73.730606,20.843259],[73.730595,20.843263],[73.730589,20.843262],[73.730585,20.843266],[73.730582,20.843274],[73.730574,20.84327],[73.730569,20.843278],[73.730569,20.843286],[73.730579,20.843289],[73.730576,20.843296],[73.730583,20.843306],[73.730582,20.843337],[73.730578,20.843344],[73.730561,20.843347],[73.730557,20.843362],[73.730558,20.84337],[73.730553,20.843382],[73.730559,20.843389],[73.730573,20.843396],[73.730581,20.843404],[73.730588,20.843426],[73.730588,20.84344],[73.73058,20.843453],[73.73058,20.843472],[73.730581,20.843477],[73.730591,20.843491],[73.730595,20.843501],[73.730591,20.843515],[73.730593,20.84353],[73.730585,20.843535],[73.730586,20.843544],[73.730582,20.843553],[73.73058,20.843576],[73.730581,20.84358],[73.730574,20.843593],[73.73057,20.843596],[73.730566,20.843607],[73.730566,20.843621],[73.730556,20.843639],[73.730547,20.84365],[73.730547,20.843661],[73.73055,20.843669],[73.730548,20.843677],[73.730543,20.843688],[73.730536,20.843692],[73.730525,20.843708],[73.730523,20.843717],[73.73053,20.843721],[73.73053,20.843726],[73.730528,20.843729],[73.730523,20.843724],[73.730518,20.843724],[73.730517,20.843726],[73.730514,20.843742],[73.730517,20.843751],[73.730515,20.843789],[73.730521,20.843794],[73.73052,20.843799],[73.730523,20.843806],[73.730521,20.843807],[73.730518,20.843805],[73.730512,20.843806],[73.730511,20.843826],[73.7305,20.84384],[73.730498,20.843848],[73.730492,20.843856],[73.730491,20.843863],[73.730496,20.84387],[73.730498,20.843883],[73.730492,20.843888],[73.73049,20.843898],[73.730484,20.843905],[73.730483,20.843915],[73.730477,20.843924],[73.730476,20.843954],[73.730469,20.843958],[73.730463,20.843974],[73.730464,20.843978],[73.730458,20.843982],[73.73046,20.843996],[73.730466,20.844008],[73.730465,20.844024],[73.730457,20.844045],[73.730453,20.844049],[73.730448,20.844062],[73.730447,20.844072],[73.730452,20.844079],[73.730459,20.844081],[73.730461,20.844086],[73.730458,20.844088],[73.730452,20.844085],[73.730449,20.844085],[73.730445,20.844094],[73.730451,20.8441],[73.730448,20.844113],[73.730452,20.844125],[73.730458,20.844131],[73.730458,20.844136],[73.730454,20.844144],[73.73043,20.844164],[73.730434,20.844176],[73.730427,20.844182],[73.730419,20.844192],[73.73042,20.844198],[73.730418,20.844203],[73.73042,20.844211],[73.730417,20.844216],[73.730419,20.844222],[73.73041,20.844242]]}},{"type":"Feature","properties":{"elevation":361},"geometry":{"type":"LineString","coordinates":[[73.73224,20.841793],[73.732236,20.84179],[73.732233,20.841784],[73.732228,20.841764],[73.732219,20.841739],[73.732211,20.841736],[73.732199,20.841747],[73.732191,20.841752],[73.732187,20.841748],[73.732181,20.841739],[73.732183,20.841729],[73.732208,20.841722],[73.732212,20.841707],[73.732208,20.841692],[73.732208,20.841677],[73.732191,20.841658],[73.73219,20.841642],[73.732195,20.841624],[73.732193,20.8416],[73.73219,20.841593],[73.73218,20.841581],[73.732179,20.841555],[73.732182,20.841548],[73.732188,20.841548],[73.732188,20.841544],[73.732194,20.841537],[73.732196,20.841518],[73.732195,20.841512],[73.732199,20.841502],[73.732199,20.841492],[73.732203,20.841491],[73.732201,20.841476],[73.732204,20.841473],[73.73221,20.84147],[73.732208,20.841454],[73.732221,20.841435],[73.732218,20.841426],[73.732219,20.841415],[73.732226,20.841387],[73.73223,20.841383],[73.732237,20.841379],[73.732255,20.841378],[73.732259,20.841374],[73.732264,20.841361],[73.732262,20.841342],[73.732257,20.841327],[73.73224,20.841315],[73.732237,20.841311],[73.732252,20.841274],[73.732254,20.841249],[73.732267,20.841222],[73.732268,20.841209],[73.732272,20.841201],[73.73228,20.841201],[73.732286,20.841191],[73.732286,20.841186],[73.732277,20.841174],[73.732273,20.841161],[73.732277,20.841134],[73.732277,20.841118],[73.732282,20.841099],[73.732313,20.841063],[73.732327,20.841017],[73.732326,20.840982],[73.732334,20.840972],[73.732336,20.840958],[73.732342,20.840952],[73.732351,20.840952],[73.732358,20.840949],[73.732369,20.840939],[73.732375,20.840932],[73.732374,20.84092],[73.732384,20.840915],[73.732393,20.8409],[73.732396,20.840889],[73.732392,20.840882],[73.732393,20.840876],[73.732387,20.840832]]}},{"type":"Feature","properties":{"elevation":361},"geometry":{"type":"LineString","coordinates":[[73.731193,20.840865],[73.731194,20.840868],[73.731199,20.84087],[73.731208,20.840869],[73.731212,20.840865]]}},{"type":"Feature","properties":{"elevation":362},"geometry":{"type":"LineString","coordinates":[[73.731173,20.840865],[73.731175,20.840869],[73.731173,20.840875],[73.731175,20.840885],[73.731173,20.840893],[73.731181,20.840903],[73.731176,20.840912],[73.731171,20.840917],[73.731168,20.840937],[73.731165,20.840941],[73.731165,20.840946],[73.731171,20.840956],[73.73117,20.84096],[73.731167,20.840965],[73.731161,20.840967],[73.731154,20.84098],[73.731143,20.841008],[73.731142,20.841016],[73.731143,20.841022],[73.731135,20.841034],[73.731144,20.841045],[73.731136,20.841052],[73.73114,20.841061],[73.731139,20.841081],[73.731144,20.841087],[73.731153,20.84109],[73.731153,20.841094],[73.731159,20.841101],[73.731159,20.841109],[73.731173,20.841137],[73.731178,20.841143],[73.731179,20.841153],[73.731185,20.841159],[73.731178,20.84119],[73.731179,20.841209],[73.731172,20.84122],[73.731171,20.841236],[73.731165,20.841254],[73.731166,20.841259],[73.73116,20.841281],[73.73116,20.841302],[73.731143,20.841341],[73.731143,20.841354],[73.731136,20.841376],[73.731132,20.841402],[73.731122,20.84142],[73.731101,20.84144],[73.731094,20.841451],[73.731095,20.841459],[73.731107,20.841468],[73.731108,20.841473],[73.731099,20.841497],[73.731094,20.841502],[73.731085,20.841529],[73.731081,20.841543],[73.731084,20.841551],[73.731078,20.841551],[73.731061,20.841578],[73.731054,20.841596],[73.731054,20.841605],[73.73106,20.841615],[73.731054,20.841625],[73.731054,20.841646],[73.731052,20.841655],[73.731052,20.841665],[73.731056,20.841669],[73.731056,20.841676],[73.73106,20.841681],[73.731057,20.841687],[73.731058,20.841696],[73.731055,20.841712],[73.731057,20.841723],[73.731049,20.841768],[73.731048,20.841788],[73.731041,20.841795],[73.731037,20.841804],[73.731036,20.841814],[73.731038,20.841819],[73.731033,20.84183],[73.731028,20.841834],[73.73101,20.841862],[73.731011,20.841881],[73.730988,20.841894],[73.730984,20.84191],[73.730984,20.84192],[73.730972,20.841934],[73.730969,20.841942],[73.730942,20.841941],[73.730937,20.841947],[73.730936,20.841968],[73.730937,20.841971],[73.730944,20.841972],[73.730945,20.841974],[73.730939,20.842003],[73.730946,20.842016],[73.730949,20.842031],[73.730946,20.842036],[73.730924,20.842049],[73.730925,20.842059],[73.730932,20.84207],[73.730929,20.842076],[73.730924,20.842079],[73.730928,20.842086],[73.730942,20.842098],[73.730943,20.842118],[73.730938,20.842125],[73.730929,20.842127],[73.730926,20.842142],[73.730919,20.842145],[73.730894,20.842166],[73.730892,20.84217],[73.730913,20.84219],[73.730918,20.842205],[73.730917,20.842212],[73.730921,20.842225],[73.730919,20.842232],[73.730924,20.842243],[73.730925,20.842254],[73.730918,20.842276],[73.730924,20.842299],[73.730921,20.842311],[73.730916,20.842318],[73.730892,20.842332],[73.730876,20.84235],[73.730885,20.842375],[73.730895,20.84238],[73.730904,20.842395],[73.730902,20.8424],[73.730895,20.842398],[73.730891,20.842399],[73.730891,20.842406],[73.730897,20.842409],[73.730903,20.842403],[73.730906,20.842405],[73.730902,20.842407],[73.730899,20.842416],[73.730891,20.842423],[73.730888,20.842435],[73.730885,20.842457],[73.73089,20.842477],[73.730881,20.842503],[73.730868,20.842534],[73.73086,20.842544],[73.73086,20.842554],[73.730865,20.84257],[73.73086,20.842585],[73.730857,20.842587],[73.730851,20.842586],[73.730848,20.842588],[73.730849,20.842598],[73.730842,20.842613],[73.73083,20.842673],[73.730824,20.842693],[73.730823,20.842704],[73.730819,20.842708],[73.73082,20.842716],[73.730812,20.842729],[73.730803,20.842755],[73.730802,20.842766],[73.730803,20.842773],[73.730797,20.842778],[73.730795,20.842795],[73.730782,20.842803],[73.730776,20.842811],[73.73078,20.842824],[73.730798,20.842822],[73.730802,20.842824],[73.730802,20.842832],[73.730788,20.842858],[73.730775,20.842898],[73.730768,20.842906],[73.730748,20.842916],[73.730743,20.842929],[73.730731,20.842983],[73.730732,20.842994],[73.730741,20.843013],[73.73074,20.843018],[73.730692,20.843062],[73.730671,20.843067],[73.730657,20.843062],[73.730643,20.843067],[73.730641,20.843075],[73.730644,20.843084],[73.73064,20.843091],[73.730648,20.843106],[73.730647,20.84312],[73.730642,20.84313],[73.730631,20.843136],[73.730625,20.843147],[73.730625,20.843154],[73.730627,20.843162],[73.730623,20.843169],[73.730625,20.843186],[73.730618,20.843189],[73.730619,20.843196],[73.730614,20.8432],[73.730614,20.843204],[73.730602,20.84321],[73.730597,20.843221],[73.730598,20.843232],[73.730588,20.843249],[73.730587,20.84326],[73.730581,20.843269],[73.730572,20.843258],[73.730568,20.843258],[73.730557,20.843264],[73.73055,20.843273],[73.730547,20.843284],[73.73055,20.843292],[73.730557,20.843298],[73.730566,20.843301],[73.730571,20.843299],[73.730573,20.843302],[73.730571,20.843306],[73.730566,20.843306],[73.730564,20.843308],[73.730557,20.843336],[73.730552,20.843344],[73.730555,20.84335],[73.730547,20.843349],[73.730542,20.843353],[73.730539,20.843362],[73.730541,20.843369],[73.730538,20.843377],[73.730551,20.843397],[73.730559,20.843402],[73.730562,20.8434],[73.730574,20.843401],[73.73058,20.843407],[73.730578,20.843411],[73.730572,20.843413],[73.730574,20.843424],[73.730581,20.843427],[73.730577,20.84344],[73.730578,20.843473],[73.730569,20.843485],[73.730566,20.843493],[73.73058,20.843517],[73.73058,20.843525],[73.730577,20.843538],[73.730572,20.843542],[73.730572,20.843552],[73.730557,20.84357],[73.730557,20.843581],[73.730561,20.843585],[73.730558,20.843588],[73.730557,20.8436],[73.73055,20.843609],[73.730546,20.843624],[73.73054,20.843626],[73.730534,20.843645],[73.730534,20.843652],[73.730521,20.843666],[73.730517,20.843675],[73.730521,20.843687],[73.730514,20.843691],[73.730513,20.843695],[73.730506,20.843701],[73.730499,20.843719],[73.730495,20.843761],[73.730505,20.843768],[73.730506,20.843772],[73.730502,20.843772],[73.730498,20.843768],[73.730495,20.843773],[73.730496,20.84379],[73.730494,20.843799],[73.730489,20.843809],[73.730488,20.84383],[73.730482,20.843856],[73.730476,20.843862],[73.730474,20.843874],[73.730466,20.843889],[73.730459,20.843898],[73.730454,20.843912],[73.730455,20.84393],[73.730457,20.843935],[73.730447,20.843949],[73.730443,20.843969],[73.730429,20.843983],[73.730431,20.843986],[73.730427,20.843989],[73.730429,20.843992],[73.730445,20.843996],[73.730461,20.844008],[73.730461,20.844023],[73.730458,20.844027],[73.730451,20.844021],[73.730446,20.844012],[73.730439,20.844009],[73.730438,20.844005],[73.730434,20.844005],[73.730433,20.844018],[73.730435,20.844023],[73.730431,20.844026],[73.730431,20.844031],[73.730435,20.844034],[73.730447,20.844035],[73.730444,20.844037],[73.730442,20.844045],[73.730437,20.844048],[73.730434,20.844045],[73.730436,20.844037],[73.730432,20.844037],[73.730432,20.844043],[73.730435,20.84405],[73.730428,20.844054],[73.730426,20.844058],[73.730423,20.844064],[73.730425,20.84407],[73.730423,20.844084],[73.730419,20.844088],[73.730423,20.844104],[73.730447,20.844118],[73.730454,20.844131],[73.730453,20.844138],[73.730441,20.844152],[73.730434,20.844157],[73.730426,20.844159],[73.730417,20.844157],[73.730411,20.84416],[73.730411,20.844166],[73.730405,20.84418],[73.730408,20.844186],[73.730408,20.844193],[73.7304,20.844195],[73.7304,20.844202],[73.730396,20.844205],[73.7304,20.844216],[73.730393,20.844224],[73.73039,20.844242]]}},{"type":"Feature","properties":{"elevation":362},"geometry":{"type":"LineString","coordinates":[[73.732242,20.841779],[73.732235,20.841769],[73.732239,20.841751],[73.732238,20.841743],[73.732231,20.841733],[73.732234,20.841722],[73.732222,20.841676],[73.73222,20.841673],[73.732213,20.841669],[73.732206,20.84166],[73.732213,20.841646],[73.73221,20.841633],[73.732211,20.841618],[73.732208,20.841608],[73.732209,20.8416],[73.732207,20.841596],[73.732202,20.841594],[73.732195,20.841578],[73.732205,20.841572],[73.732201,20.841564],[73.732205,20.841561],[73.732207,20.841544],[73.732212,20.841533],[73.732213,20.841508],[73.732216,20.8415],[73.732219,20.841496],[73.732225,20.841497],[73.732235,20.84149],[73.732228,20.841473],[73.732231,20.84145],[73.732227,20.841441],[73.732229,20.841425],[73.732233,20.841417],[73.732252,20.841394],[73.732269,20.841359],[73.73226,20.841324],[73.732242,20.841311],[73.732241,20.841307],[73.732257,20.841265],[73.732258,20.841248],[73.73227,20.841223],[73.73227,20.841217],[73.732275,20.841216],[73.732276,20.841212],[73.732286,20.8412],[73.732289,20.841193],[73.732289,20.841186],[73.732278,20.841172],[73.732275,20.841161],[73.73228,20.841113],[73.732284,20.841101],[73.732289,20.841095],[73.732313,20.841067],[73.73233,20.841009],[73.732337,20.841003],[73.732346,20.840987],[73.732345,20.840982],[73.732338,20.840972],[73.732338,20.840958],[73.732342,20.840953],[73.732353,20.840953],[73.732362,20.840948],[73.732369,20.840948],[73.732367,20.840943],[73.732377,20.840934],[73.732379,20.840928],[73.732376,20.84092],[73.732384,20.84092],[73.732387,20.840918],[73.732399,20.840896],[73.732399,20.840889],[73.732389,20.840832]]}},{"type":"Feature","properties":{"elevation":363},"geometry":{"type":"LineString","coordinates":[[73.731158,20.840867],[73.731155,20.840874],[73.731159,20.840882],[73.731156,20.840895],[73.731157,20.840912],[73.731155,20.840925],[73.73115,20.840932],[73.731148,20.840939],[73.731145,20.840973],[73.731143,20.84098],[73.731134,20.840984],[73.73113,20.840994],[73.731126,20.841014],[73.731119,20.841019],[73.731115,20.841039],[73.731119,20.841052],[73.731118,20.841058],[73.731123,20.841067],[73.731121,20.841075],[73.731124,20.841085],[73.731122,20.84109],[73.731125,20.8411],[73.731129,20.841106],[73.73113,20.841112],[73.731145,20.841126],[73.731153,20.841142],[73.731152,20.8412],[73.731145,20.841228],[73.731146,20.841237],[73.731141,20.841255],[73.731141,20.841263],[73.731133,20.841289],[73.731132,20.841313],[73.731126,20.841319],[73.731124,20.841325],[73.731114,20.841363],[73.731114,20.84138],[73.731105,20.841385],[73.731095,20.841416],[73.731101,20.841433],[73.731071,20.841487],[73.73106,20.84152],[73.73106,20.841531],[73.731057,20.841544],[73.731047,20.841556],[73.731034,20.841591],[73.731047,20.841629],[73.73104,20.841635],[73.73104,20.841642],[73.731032,20.84165],[73.731028,20.84166],[73.731031,20.841681],[73.731038,20.841697],[73.731036,20.84172],[73.731039,20.841726],[73.731033,20.841744],[73.731035,20.841751],[73.731029,20.841763],[73.731034,20.841774],[73.731027,20.841775],[73.731024,20.841781],[73.731018,20.841804],[73.731019,20.84182],[73.731009,20.841828],[73.731006,20.841833],[73.731009,20.841847],[73.731001,20.841859],[73.730996,20.841883],[73.730991,20.841886],[73.730968,20.84189],[73.730964,20.841892],[73.730962,20.84192],[73.730959,20.841927],[73.730949,20.841934],[73.730932,20.84194],[73.730928,20.841952],[73.730918,20.841957],[73.730918,20.841964],[73.730922,20.841975],[73.730911,20.841989],[73.730913,20.841998],[73.730931,20.842018],[73.730934,20.842025],[73.73093,20.842032],[73.730918,20.842035],[73.730911,20.84204],[73.730907,20.842053],[73.730899,20.842086],[73.730901,20.842097],[73.730908,20.842107],[73.730908,20.842118],[73.730911,20.84213],[73.730905,20.842135],[73.730898,20.842152],[73.730888,20.842166],[73.730889,20.842208],[73.730892,20.842216],[73.730901,20.842223],[73.730905,20.842232],[73.730904,20.842247],[73.730911,20.842262],[73.730915,20.842282],[73.730921,20.842299],[73.730915,20.842312],[73.730877,20.84234],[73.730873,20.842346],[73.730879,20.842374],[73.730877,20.842383],[73.730867,20.842398],[73.730872,20.842409],[73.730868,20.842417],[73.73087,20.842425],[73.730874,20.842429],[73.730875,20.842445],[73.730879,20.842452],[73.730885,20.842471],[73.730873,20.842508],[73.730868,20.842515],[73.730848,20.842519],[73.730845,20.842533],[73.730841,20.842537],[73.730841,20.842553],[73.730824,20.842571],[73.730824,20.842578],[73.73083,20.842595],[73.730828,20.842615],[73.730825,20.842624],[73.730824,20.842643],[73.730814,20.842661],[73.730811,20.842678],[73.730802,20.842686],[73.730805,20.842695],[73.730801,20.842709],[73.730806,20.842713],[73.730802,20.842718],[73.730801,20.842725],[73.73079,20.842741],[73.73078,20.842778],[73.730763,20.842789],[73.730765,20.842795],[73.730761,20.842799],[73.730762,20.842803],[73.73076,20.842806],[73.730758,20.842814],[73.730762,20.84283],[73.730774,20.842842],[73.730783,20.842857],[73.730781,20.842875],[73.730774,20.842896],[73.730769,20.842902],[73.730746,20.842916],[73.73073,20.84297],[73.730717,20.842989],[73.730719,20.843003],[73.730715,20.843019],[73.730707,20.843022],[73.730697,20.843037],[73.730686,20.84304],[73.730675,20.843048],[73.730671,20.84306],[73.73065,20.843059],[73.730633,20.843064],[73.730622,20.843072],[73.730622,20.84308],[73.730629,20.843087],[73.730642,20.843111],[73.730645,20.843119],[73.730643,20.843125],[73.730624,20.843135],[73.730614,20.843145],[73.730606,20.843156],[73.730602,20.843179],[73.730593,20.843188],[73.730587,20.843198],[73.730574,20.843206],[73.730555,20.84321],[73.730544,20.843223],[73.730542,20.843239],[73.730543,20.843252],[73.730534,20.843263],[73.730531,20.843284],[73.730546,20.843303],[73.730553,20.843335],[73.730543,20.843345],[73.730524,20.843359],[73.730525,20.843364],[73.730529,20.843371],[73.730526,20.843381],[73.73054,20.843406],[73.730546,20.843409],[73.730554,20.84341],[73.730556,20.843414],[73.730565,20.84344],[73.730574,20.843452],[73.730576,20.843471],[73.730563,20.843489],[73.730549,20.843515],[73.730552,20.843525],[73.730559,20.843534],[73.730556,20.843547],[73.730557,20.843557],[73.730552,20.843564],[73.730548,20.843584],[73.730543,20.843594],[73.730522,20.843601],[73.730525,20.843624],[73.730515,20.843643],[73.730505,20.843665],[73.730505,20.843671],[73.730498,20.843682],[73.730493,20.843685],[73.730482,20.843704],[73.730485,20.843711],[73.730477,20.843726],[73.73048,20.843739],[73.730478,20.84376],[73.73048,20.843765],[73.730474,20.843793],[73.730476,20.843798],[73.73047,20.843816],[73.73046,20.843825],[73.730458,20.843831],[73.730459,20.843834],[73.730465,20.843837],[73.730466,20.843845],[73.730462,20.843851],[73.730452,20.843854],[73.730444,20.843863],[73.730442,20.843878],[73.730446,20.843887],[73.730443,20.843892],[73.730438,20.843896],[73.730427,20.843895],[73.730422,20.843902],[73.730422,20.843906],[73.73043,20.843917],[73.730432,20.843932],[73.730429,20.843944],[73.730424,20.843946],[73.730427,20.84395],[73.730426,20.843961],[73.730419,20.843965],[73.730417,20.843978],[73.730413,20.843981],[73.730408,20.843993],[73.73041,20.844004],[73.730407,20.844011],[73.730415,20.84403],[73.73041,20.844045],[73.730393,20.844065],[73.730391,20.844073],[73.730396,20.844078],[73.730405,20.844078],[73.7304,20.844098],[73.730399,20.844108],[73.730402,20.844114],[73.730415,20.844118],[73.730419,20.844112],[73.730425,20.84412],[73.730443,20.84412],[73.730448,20.844139],[73.730436,20.844153],[73.730426,20.844155],[73.73042,20.844148],[73.730419,20.844133],[73.730416,20.844126],[73.730405,20.844128],[73.7304,20.844133],[73.730395,20.844155],[73.730389,20.84416],[73.730388,20.844172],[73.73039,20.844186],[73.730384,20.844198],[73.730383,20.844209],[73.730375,20.844215],[73.730374,20.844221],[73.730369,20.844224],[73.730371,20.844228],[73.73037,20.844242]]}},{"type":"Feature","properties":{"elevation":363},"geometry":{"type":"LineString","coordinates":[[73.732252,20.841735],[73.732245,20.841719],[73.732244,20.841703],[73.732241,20.841693],[73.732242,20.84169],[73.732252,20.841688],[73.732247,20.84168],[73.732238,20.841674],[73.732233,20.841662],[73.73223,20.84164],[73.732225,20.841628],[73.732224,20.84161],[73.732219,20.841595],[73.732221,20.841573],[73.732224,20.841562],[73.732223,20.841544],[73.732234,20.841538],[73.732259,20.84151],[73.732253,20.841497],[73.732235,20.84148],[73.732233,20.841476],[73.732237,20.841447],[73.732236,20.841429],[73.732238,20.841426],[73.732243,20.841427],[73.732244,20.841416],[73.732255,20.841396],[73.732271,20.841356],[73.732262,20.841323],[73.732257,20.841317],[73.732247,20.841309],[73.732245,20.841304],[73.732256,20.841273],[73.732261,20.841267],[73.732269,20.841263],[73.732276,20.841253],[73.73228,20.84124],[73.732271,20.841233],[73.732272,20.841226],[73.732281,20.84122],[73.732284,20.841209],[73.732291,20.841194],[73.73229,20.841183],[73.73228,20.841169],[73.732277,20.841161],[73.732277,20.841151],[73.732283,20.841132],[73.732282,20.841111],[73.732287,20.841101],[73.732301,20.841088],[73.732305,20.84108],[73.732314,20.841071],[73.732331,20.841015],[73.732345,20.840999],[73.732353,20.840984],[73.732353,20.840977],[73.732342,20.840971],[73.732339,20.840959],[73.732342,20.840956],[73.732355,20.840956],[73.732365,20.84095],[73.732372,20.840953],[73.732369,20.840943],[73.73238,20.840932],[73.732383,20.840934],[73.732385,20.840943],[73.732385,20.840944],[73.732378,20.840945],[73.732378,20.840948],[73.732381,20.840949],[73.732393,20.840943],[73.732394,20.84094],[73.732393,20.840937],[73.732407,20.840927],[73.732415,20.840917],[73.732423,20.840913],[73.732423,20.840905],[73.732403,20.840878],[73.732403,20.840874],[73.732409,20.840871],[73.732406,20.840868],[73.7324,20.84087],[73.73239,20.84083]]}},{"type":"Feature","properties":{"elevation":363},"geometry":{"type":"LineString","coordinates":[[73.731155,20.840867],[73.731155,20.840867]]}},{"type":"Feature","properties":{"elevation":364},"geometry":{"type":"LineString","coordinates":[[73.731135,20.840867],[73.731139,20.840876],[73.731138,20.840903],[73.731143,20.840908],[73.731135,20.84092],[73.731136,20.840938],[73.731125,20.840971],[73.731113,20.84097],[73.731107,20.840974],[73.731111,20.840994],[73.731113,20.841026],[73.731107,20.841034],[73.731098,20.841042],[73.731095,20.841061],[73.731095,20.841075],[73.731105,20.841096],[73.731105,20.841115],[73.731118,20.841133],[73.731121,20.841142],[73.73113,20.841153],[73.731131,20.841176],[73.731126,20.841202],[73.731123,20.841246],[73.731117,20.841259],[73.731115,20.841283],[73.731107,20.841299],[73.731099,20.841328],[73.7311,20.841341],[73.731087,20.841372],[73.731083,20.841379],[73.73108,20.841391],[73.731081,20.841399],[73.731075,20.84141],[73.731079,20.841415],[73.731076,20.841416],[73.731074,20.841413],[73.731069,20.841424],[73.731072,20.841441],[73.731066,20.841443],[73.73106,20.841454],[73.731072,20.841463],[73.731073,20.841472],[73.73107,20.841479],[73.731064,20.841479],[73.731061,20.841482],[73.731065,20.841493],[73.731062,20.841504],[73.731054,20.841512],[73.731045,20.841511],[73.731032,20.841531],[73.73103,20.841539],[73.731021,20.841555],[73.731016,20.841573],[73.73101,20.841585],[73.731009,20.841596],[73.731016,20.84163],[73.731006,20.841657],[73.731008,20.841663],[73.731016,20.841673],[73.731013,20.841683],[73.731013,20.841702],[73.731019,20.841711],[73.73102,20.841721],[73.731013,20.841731],[73.731016,20.841747],[73.731008,20.841765],[73.731011,20.841771],[73.731007,20.841778],[73.730997,20.84178],[73.730995,20.841782],[73.731006,20.841797],[73.731007,20.841804],[73.730986,20.841834],[73.730973,20.841861],[73.730974,20.841882],[73.730954,20.84189],[73.730946,20.841908],[73.730936,20.841922],[73.730931,20.841931],[73.730921,20.841932],[73.730903,20.841937],[73.730899,20.841941],[73.730884,20.841979],[73.730874,20.841988],[73.73087,20.842002],[73.730872,20.842013],[73.730882,20.842027],[73.730887,20.842037],[73.730892,20.842034],[73.730904,20.842038],[73.730899,20.842065],[73.730889,20.842096],[73.730888,20.842105],[73.730892,20.842128],[73.730889,20.842135],[73.730887,20.842154],[73.730882,20.842161],[73.730885,20.84217],[73.730887,20.842223],[73.730885,20.842231],[73.730886,20.842241],[73.730885,20.842247],[73.730893,20.842258],[73.730895,20.842264],[73.730892,20.842269],[73.730893,20.842275],[73.730892,20.842279],[73.730896,20.842288],[73.73089,20.842296],[73.730889,20.842306],[73.73089,20.84231],[73.730899,20.842319],[73.730883,20.842334],[73.730872,20.842339],[73.73087,20.842343],[73.730868,20.842353],[73.730873,20.842374],[73.730869,20.842381],[73.730853,20.842397],[73.730852,20.842414],[73.730859,20.842436],[73.730867,20.842436],[73.730869,20.842443],[73.730864,20.842447],[73.730864,20.842459],[73.730847,20.842474],[73.730841,20.842483],[73.73083,20.842513],[73.730829,20.842523],[73.730836,20.842551],[73.730827,20.842557],[73.730812,20.842593],[73.730809,20.842608],[73.730812,20.842623],[73.730811,20.842641],[73.730806,20.842645],[73.730794,20.842667],[73.730793,20.842685],[73.730787,20.842691],[73.730785,20.8427],[73.730776,20.842709],[73.730781,20.842717],[73.730777,20.842728],[73.730778,20.842734],[73.730776,20.842741],[73.73077,20.842747],[73.730767,20.842754],[73.730769,20.842763],[73.730767,20.842777],[73.730761,20.842784],[73.730749,20.842791],[73.73073,20.842829],[73.730731,20.842839],[73.730776,20.842869],[73.730775,20.842879],[73.730768,20.842897],[73.730745,20.842914],[73.730734,20.842956],[73.730728,20.842969],[73.730719,20.842982],[73.730712,20.842987],[73.730692,20.842995],[73.73068,20.843005],[73.730683,20.843026],[73.730675,20.843033],[73.73067,20.843034],[73.730667,20.843042],[73.730661,20.843048],[73.730626,20.843049],[73.730626,20.843053],[73.730631,20.843053],[73.730631,20.843055],[73.730616,20.843073],[73.730614,20.843092],[73.730616,20.843099],[73.730625,20.843101],[73.730628,20.843104],[73.730633,20.843113],[73.730634,20.843123],[73.730618,20.843133],[73.730584,20.843167],[73.730579,20.843189],[73.730574,20.843199],[73.730572,20.843202],[73.730554,20.843208],[73.730544,20.843219],[73.730517,20.843274],[73.730516,20.84328],[73.730518,20.843293],[73.730521,20.843295],[73.730533,20.843294],[73.730538,20.843298],[73.730547,20.84332],[73.73055,20.843332],[73.730541,20.843343],[73.730538,20.84334],[73.730537,20.843329],[73.730531,20.843325],[73.730527,20.843325],[73.730522,20.843331],[73.730517,20.843346],[73.730512,20.843353],[73.730519,20.843366],[73.730525,20.843371],[73.730517,20.843382],[73.730517,20.843388],[73.730525,20.843395],[73.730529,20.843408],[73.730539,20.843421],[73.73054,20.843427],[73.730546,20.843436],[73.730549,20.843439],[73.73055,20.843436],[73.730554,20.843435],[73.730558,20.843438],[73.730571,20.843461],[73.730572,20.843471],[73.730551,20.843503],[73.730537,20.843517],[73.730521,20.843528],[73.73053,20.843569],[73.730528,20.843579],[73.730519,20.843584],[73.730514,20.843592],[73.730517,20.843607],[73.730504,20.843631],[73.730505,20.843639],[73.730496,20.843645],[73.730495,20.843654],[73.730484,20.843677],[73.730486,20.843685],[73.730484,20.843693],[73.730474,20.843703],[73.730465,20.84372],[73.730468,20.843734],[73.730465,20.84376],[73.730456,20.843792],[73.730455,20.843822],[73.730448,20.843833],[73.730443,20.843859],[73.730439,20.843866],[73.730416,20.843893],[73.730417,20.84391],[73.730412,20.843931],[73.730413,20.843941],[73.730408,20.843946],[73.730407,20.843955],[73.730399,20.843965],[73.730389,20.84397],[73.730391,20.843973],[73.730404,20.843984],[73.730393,20.844004],[73.730398,20.844013],[73.730389,20.844027],[73.730386,20.844038],[73.730389,20.844055],[73.730383,20.844076],[73.73038,20.844084],[73.730365,20.844098],[73.730362,20.844107],[73.73036,20.844132],[73.730366,20.844141],[73.730374,20.844142],[73.730374,20.844149],[73.730383,20.844162],[73.730383,20.844167],[73.730371,20.84418],[73.730354,20.844218],[73.730338,20.844231],[73.730336,20.844241]]}},{"type":"Feature","properties":{"elevation":364},"geometry":{"type":"LineString","coordinates":[[73.732266,20.841666],[73.732247,20.84165],[73.732248,20.841631],[73.732242,20.841624],[73.732244,20.841605],[73.732238,20.841588],[73.732238,20.841546],[73.732245,20.841534],[73.732264,20.841516],[73.732253,20.84149],[73.732248,20.841482],[73.732249,20.841463],[73.732253,20.841455],[73.732249,20.841446],[73.732256,20.841437],[73.732262,20.841421],[73.732258,20.841398],[73.732274,20.841356],[73.732275,20.841349],[73.732288,20.841335],[73.732287,20.841328],[73.732279,20.841328],[73.732276,20.841331],[73.732276,20.841338],[73.732274,20.841339],[73.732268,20.841326],[73.732269,20.841321],[73.732284,20.841306],[73.732283,20.84128],[73.732276,20.841264],[73.732286,20.841243],[73.732291,20.841239],[73.732295,20.841231],[73.732294,20.841214],[73.732292,20.84121],[73.732295,20.841189],[73.732307,20.841182],[73.732312,20.841177],[73.732316,20.841151],[73.732314,20.841141],[73.732305,20.841134],[73.732295,20.841128],[73.732287,20.841118],[73.732284,20.84111],[73.732295,20.8411],[73.732301,20.841097],[73.732315,20.841098],[73.732328,20.841087],[73.732328,20.84108],[73.732318,20.841073],[73.732322,20.841047],[73.732328,20.841036],[73.732334,20.841017],[73.732346,20.841014],[73.732353,20.841017],[73.732355,20.841016],[73.732356,20.841011],[73.732361,20.841004],[73.732359,20.840995],[73.732365,20.840984],[73.732375,20.840969],[73.732382,20.840965],[73.732376,20.840957],[73.732376,20.840952],[73.73239,20.840954],[73.732398,20.840952],[73.732411,20.840935],[73.732428,20.840923]]}},{"type":"Feature","properties":{"elevation":364},"geometry":{"type":"LineString","coordinates":[[73.732437,20.84088],[73.732428,20.840877],[73.732423,20.840867],[73.732418,20.840864],[73.732408,20.840863],[73.732402,20.84086],[73.732398,20.840853],[73.732391,20.84083]]}},{"type":"Feature","properties":{"elevation":365},"geometry":{"type":"LineString","coordinates":[[73.731122,20.840867],[73.731124,20.840886],[73.731127,20.840893],[73.731123,20.840916],[73.731119,20.840926],[73.731119,20.840934],[73.731115,20.840948],[73.731108,20.840958],[73.731105,20.840969],[73.731091,20.840985],[73.731091,20.840993],[73.731096,20.840994],[73.731097,20.840997],[73.731094,20.841006],[73.731086,20.841008],[73.731089,20.84102],[73.731083,20.84103],[73.731085,20.841043],[73.731076,20.841053],[73.731075,20.841063],[73.731077,20.841075],[73.731084,20.841087],[73.731081,20.841094],[73.731083,20.841107],[73.731091,20.841119],[73.731096,20.841142],[73.731095,20.84115],[73.731103,20.841163],[73.731105,20.841187],[73.731103,20.841202],[73.731105,20.841223],[73.731098,20.841239],[73.731098,20.841251],[73.731101,20.841257],[73.7311,20.841264],[73.731106,20.841272],[73.731101,20.841276],[73.731085,20.841308],[73.731081,20.841322],[73.731077,20.841326],[73.731074,20.841343],[73.731061,20.841382],[73.731051,20.841399],[73.731046,20.841428],[73.731044,20.841433],[73.731039,20.841451],[73.731034,20.841461],[73.731039,20.841461],[73.731039,20.841463],[73.731034,20.84147],[73.731032,20.841481],[73.731024,20.841498],[73.731024,20.841508],[73.731018,20.841518],[73.731005,20.841544],[73.731005,20.841562],[73.731011,20.841573],[73.731005,20.841576],[73.730999,20.841572],[73.730995,20.841576],[73.730996,20.841589],[73.730989,20.841603],[73.730993,20.841615],[73.730992,20.841635],[73.730984,20.84164],[73.73098,20.841645],[73.730986,20.841652],[73.730989,20.841662],[73.730987,20.841677],[73.730995,20.841693],[73.730996,20.841727],[73.730989,20.841773],[73.730977,20.841792],[73.730979,20.841797],[73.730984,20.841802],[73.73098,20.841806],[73.730975,20.841815],[73.730977,20.841825],[73.73098,20.841829],[73.730975,20.841836],[73.730966,20.841844],[73.730962,20.841853],[73.730958,20.841855],[73.730954,20.84188],[73.730952,20.841883],[73.730925,20.841886],[73.7309,20.841893],[73.730904,20.841907],[73.730894,20.841941],[73.730881,20.841974],[73.730878,20.841981],[73.730869,20.841987],[73.730868,20.841994],[73.730866,20.842011],[73.73087,20.84203],[73.730863,20.842059],[73.730868,20.84207],[73.730885,20.842081],[73.730887,20.842086],[73.73088,20.842104],[73.73087,20.842121],[73.73087,20.842137],[73.730866,20.842143],[73.730867,20.842151],[73.730881,20.842171],[73.730876,20.842198],[73.730869,20.842207],[73.730863,20.842209],[73.730862,20.842213],[73.730873,20.842242],[73.730874,20.84226],[73.730865,20.842279],[73.730862,20.84229],[73.730871,20.842296],[73.730872,20.842299],[73.730867,20.842306],[73.730853,20.842308],[73.730846,20.842313],[73.730845,20.842321],[73.730848,20.842333],[73.730845,20.842342],[73.730845,20.842351],[73.730842,20.842354],[73.730836,20.842353],[73.730834,20.842355],[73.730829,20.842361],[73.730825,20.842371],[73.730841,20.842401],[73.730847,20.842424],[73.730845,20.842428],[73.730841,20.842428],[73.73084,20.842425],[73.730834,20.842424],[73.730829,20.842427],[73.730829,20.842432],[73.730832,20.842434],[73.730838,20.842429],[73.730849,20.842432],[73.730856,20.842444],[73.730856,20.842449],[73.730853,20.842457],[73.730843,20.842464],[73.730825,20.842487],[73.730819,20.842496],[73.730816,20.842506],[73.730823,20.842517],[73.730822,20.842524],[73.730821,20.842527],[73.73081,20.842535],[73.730806,20.842547],[73.730807,20.842552],[73.730815,20.84256],[73.730818,20.842568],[73.730814,20.842573],[73.730804,20.842577],[73.730796,20.842583],[73.730797,20.842608],[73.730792,20.84263],[73.730785,20.842643],[73.730784,20.842656],[73.730786,20.842662],[73.730779,20.842667],[73.73078,20.842686],[73.730766,20.842713],[73.730766,20.842725],[73.730763,20.842733],[73.730765,20.842743],[73.730762,20.842752],[73.730766,20.84276],[73.730766,20.842765],[73.730759,20.842782],[73.730732,20.842795],[73.730734,20.842803],[73.730729,20.842817],[73.730725,20.842842],[73.730716,20.842855],[73.730719,20.842858],[73.730726,20.842861],[73.73073,20.842868],[73.730728,20.842876],[73.730718,20.842879],[73.730718,20.842883],[73.730742,20.842913],[73.73073,20.842962],[73.730715,20.842981],[73.730692,20.842991],[73.730661,20.843007],[73.730655,20.843028],[73.730645,20.843041],[73.730641,20.843041],[73.730638,20.843038],[73.730631,20.843036],[73.730622,20.843038],[73.73061,20.843045],[73.73061,20.843047],[73.730617,20.84305],[73.730618,20.843054],[73.730614,20.843061],[73.730604,20.843064],[73.730605,20.84308],[73.730575,20.843116],[73.730584,20.843122],[73.730585,20.843126],[73.730582,20.843132],[73.730574,20.843136],[73.730577,20.843142],[73.730577,20.843151],[73.730573,20.843162],[73.730577,20.843169],[73.730573,20.843188],[73.730566,20.843199],[73.730555,20.843204],[73.730542,20.843219],[73.730524,20.843254],[73.730511,20.843265],[73.730509,20.843272],[73.730513,20.843285],[73.730514,20.8433],[73.73051,20.843324],[73.730504,20.843337],[73.730506,20.843353],[73.730515,20.843361],[73.730516,20.843368],[73.730506,20.843375],[73.730508,20.84338],[73.730507,20.843384],[73.73052,20.84341],[73.730522,20.843419],[73.730529,20.843427],[73.730525,20.843452],[73.730531,20.843458],[73.730534,20.843468],[73.73053,20.843478],[73.730531,20.843487],[73.730534,20.843489],[73.730543,20.84349],[73.730546,20.843495],[73.730541,20.843505],[73.730528,20.843517],[73.730518,20.843523],[73.730517,20.84353],[73.730522,20.843556],[73.730512,20.843586],[73.730507,20.843596],[73.730501,20.8436],[73.730499,20.843613],[73.730492,20.843618],[73.730488,20.843628],[73.730483,20.843632],[73.730487,20.843643],[73.730487,20.843649],[73.730482,20.843652],[73.730478,20.843661],[73.730473,20.843663],[73.730472,20.843671],[73.730463,20.843682],[73.730452,20.843691],[73.730452,20.8437],[73.730441,20.843718],[73.730443,20.843726],[73.730458,20.843731],[73.730461,20.843738],[73.730458,20.843742],[73.730453,20.843739],[73.730455,20.843754],[73.730448,20.843758],[73.730443,20.843782],[73.730432,20.843816],[73.730433,20.843822],[73.73044,20.843831],[73.730436,20.843848],[73.730438,20.843861],[73.730426,20.843878],[73.730414,20.843888],[73.730411,20.843893],[73.730412,20.843903],[73.730392,20.843926],[73.730392,20.843934],[73.730388,20.843938],[73.730385,20.843951],[73.73038,20.843954],[73.730384,20.843961],[73.730377,20.843968],[73.730371,20.843989],[73.730375,20.843999],[73.730367,20.844009],[73.730366,20.844014],[73.730371,20.844026],[73.730367,20.844037],[73.730368,20.844052],[73.730377,20.844066],[73.730379,20.844073],[73.730375,20.84408],[73.730364,20.844091],[73.73036,20.844099],[73.730357,20.844107],[73.730356,20.844132],[73.730352,20.84414],[73.730343,20.84415],[73.730343,20.844154],[73.730353,20.844167],[73.730354,20.844174],[73.730346,20.844191],[73.730343,20.844207],[73.730334,20.844224],[73.730333,20.844241]]}},{"type":"Feature","properties":{"elevation":365},"geometry":{"type":"LineString","coordinates":[[73.732269,20.841653],[73.732255,20.841636],[73.732255,20.841618],[73.732258,20.84161],[73.732255,20.841598],[73.732258,20.84159],[73.732255,20.841578],[73.732257,20.841575],[73.732254,20.841568],[73.732256,20.841563],[73.732254,20.841557],[73.732256,20.841555],[73.732262,20.841559],[73.732267,20.841558],[73.73229,20.841534],[73.732287,20.841529],[73.732273,20.841521],[73.732265,20.841513],[73.732258,20.841494],[73.732267,20.841474],[73.732264,20.841464],[73.73227,20.841459],[73.732282,20.841414],[73.73228,20.841399],[73.732266,20.841381],[73.732274,20.841364],[73.732288,20.841362],[73.7323,20.841352],[73.732296,20.841348],[73.732302,20.841331],[73.732296,20.841324],[73.732298,20.841319],[73.732294,20.841312],[73.732298,20.8413],[73.732297,20.841294],[73.732297,20.841272],[73.732302,20.841253],[73.732301,20.841229],[73.732311,20.841208],[73.732312,20.841201],[73.73232,20.841194],[73.732325,20.841174],[73.732324,20.841163],[73.732327,20.841138],[73.732319,20.841122],[73.732327,20.84112],[73.73233,20.841118],[73.732334,20.841107],[73.732336,20.841092],[73.732342,20.841085],[73.732343,20.841072],[73.732359,20.841047],[73.732362,20.841036],[73.732368,20.841026],[73.73237,20.841013],[73.732378,20.841],[73.732386,20.840992],[73.732413,20.840991]]}},{"type":"Feature","properties":{"elevation":365},"geometry":{"type":"LineString","coordinates":[[73.73244,20.840868],[73.732428,20.84086],[73.732424,20.840848],[73.732413,20.840851],[73.732401,20.840844],[73.732393,20.84083]]}},{"type":"Feature","properties":{"elevation":366},"geometry":{"type":"LineString","coordinates":[[73.731104,20.840866],[73.731108,20.840884],[73.731105,20.840896],[73.731108,20.840915],[73.731098,20.840941],[73.731101,20.840956],[73.731101,20.840968],[73.731084,20.840982],[73.73107,20.841009],[73.731065,20.841041],[73.731065,20.841047],[73.731071,20.841054],[73.731071,20.84106],[73.731067,20.841065],[73.731059,20.841065],[73.731055,20.841077],[73.731066,20.841093],[73.731066,20.841114],[73.731073,20.841124],[73.731074,20.84114],[73.731085,20.841154],[73.731081,20.841162],[73.73108,20.841178],[73.731083,20.841193],[73.731081,20.841202],[73.731084,20.841224],[73.73108,20.841232],[73.731072,20.841288],[73.731065,20.841307],[73.731063,20.841319],[73.731066,20.841323],[73.731058,20.841328],[73.731059,20.841338],[73.731055,20.841339],[73.731052,20.841346],[73.731037,20.841388],[73.731027,20.841405],[73.731024,20.841426],[73.73102,20.841439],[73.731023,20.841461],[73.73101,20.841478],[73.731006,20.841497],[73.731002,20.841501],[73.730992,20.841526],[73.730985,20.841549],[73.73097,20.841572],[73.730973,20.841583],[73.730968,20.841606],[73.730972,20.84162],[73.730975,20.841625],[73.730976,20.841632],[73.730971,20.841652],[73.730974,20.841664],[73.730981,20.841676],[73.730975,20.841689],[73.730983,20.841722],[73.730976,20.841737],[73.730976,20.841742],[73.730973,20.841747],[73.730972,20.841757],[73.730977,20.84178],[73.730972,20.841785],[73.73095,20.841794],[73.730952,20.841805],[73.730958,20.841816],[73.730954,20.841821],[73.730948,20.841842],[73.730934,20.841859],[73.730936,20.841866],[73.730901,20.841885],[73.730895,20.841893],[73.730895,20.841908],[73.730889,20.841919],[73.73088,20.841929],[73.730864,20.841936],[73.730863,20.841946],[73.730874,20.841961],[73.730875,20.841972],[73.730864,20.841986],[73.730858,20.842],[73.730852,20.842004],[73.730846,20.842],[73.730842,20.842002],[73.730846,20.842011],[73.73085,20.84201],[73.730856,20.842013],[73.730849,20.842017],[73.730854,20.842026],[73.730849,20.842036],[73.730852,20.842044],[73.730851,20.842048],[73.730856,20.842052],[73.730857,20.842061],[73.730848,20.842083],[73.730856,20.842105],[73.730864,20.842109],[73.730865,20.842112],[73.730863,20.842116],[73.730855,20.842117],[73.730851,20.842121],[73.730848,20.842139],[73.730846,20.842142],[73.730865,20.84217],[73.730847,20.842191],[73.730845,20.842203],[73.730852,20.842226],[73.730853,20.842241],[73.730863,20.842254],[73.730864,20.842268],[73.73086,20.84228],[73.73084,20.842311],[73.730839,20.842316],[73.730843,20.842337],[73.730827,20.842355],[73.73082,20.842369],[73.730819,20.842375],[73.730832,20.8424],[73.730829,20.842404],[73.730816,20.842403],[73.730815,20.842407],[73.730818,20.842416],[73.730817,20.842427],[73.73082,20.84244],[73.730825,20.842448],[73.730828,20.842462],[73.730801,20.842493],[73.730803,20.842505],[73.730799,20.84251],[73.7308,20.842527],[73.730792,20.84254],[73.730788,20.842554],[73.730787,20.842567],[73.730782,20.842582],[73.730778,20.842623],[73.730761,20.842664],[73.730756,20.842672],[73.730755,20.842682],[73.730759,20.842688],[73.730759,20.842694],[73.730757,20.842698],[73.730751,20.8427],[73.730746,20.842721],[73.730749,20.84273],[73.730742,20.842735],[73.730743,20.842745],[73.730737,20.842752],[73.73073,20.842771],[73.730733,20.842772],[73.730738,20.842769],[73.73074,20.842764],[73.730748,20.842757],[73.730759,20.842758],[73.730763,20.842761],[73.730764,20.842764],[73.730757,20.842779],[73.730751,20.842784],[73.730734,20.842781],[73.730728,20.842775],[73.730719,20.842778],[73.730709,20.842805],[73.730709,20.84281],[73.730723,20.842822],[73.730724,20.84283],[73.730723,20.842838],[73.730714,20.842849],[73.730709,20.84286],[73.730708,20.84288],[73.730713,20.842888],[73.730738,20.842913],[73.730739,20.842919],[73.730733,20.84293],[73.730732,20.842949],[73.730727,20.842962],[73.730714,20.842976],[73.730675,20.842997],[73.73065,20.843006],[73.730643,20.843014],[73.730635,20.843032],[73.730615,20.843031],[73.730602,20.843039],[73.730599,20.843045],[73.730594,20.843051],[73.730597,20.843055],[73.730596,20.84306],[73.7306,20.843064],[73.7306,20.84307],[73.730596,20.843074],[73.730584,20.843074],[73.73058,20.843081],[73.73057,20.843088],[73.730572,20.843101],[73.730569,20.843112],[73.730561,20.843122],[73.730554,20.843151],[73.730544,20.84316],[73.730544,20.843178],[73.730547,20.843188],[73.730553,20.843198],[73.730553,20.843201],[73.73053,20.843229],[73.730521,20.843251],[73.730509,20.843258],[73.730496,20.843271],[73.730503,20.84328],[73.7305,20.843289],[73.730505,20.843301],[73.730488,20.843336],[73.730486,20.843364],[73.730489,20.843376],[73.730508,20.843412],[73.730512,20.843434],[73.730521,20.843444],[73.730516,20.84346],[73.730515,20.843482],[73.730511,20.843485],[73.730508,20.843501],[73.730502,20.843515],[73.730512,20.843527],[73.730517,20.84355],[73.730504,20.843588],[73.7305,20.843591],[73.730489,20.843593],[73.730485,20.843597],[73.730477,20.843619],[73.730475,20.843636],[73.730469,20.843648],[73.730464,20.843652],[73.730463,20.843657],[73.730453,20.843669],[73.730452,20.843681],[73.730442,20.843688],[73.730438,20.843696],[73.730433,20.843699],[73.730426,20.843712],[73.73043,20.843723],[73.730445,20.843731],[73.730454,20.843732],[73.730445,20.843739],[73.73044,20.843738],[73.730433,20.843741],[73.730436,20.843756],[73.730431,20.84376],[73.730435,20.843776],[73.730418,20.84381],[73.730414,20.843828],[73.730401,20.843853],[73.730402,20.84386],[73.730413,20.843867],[73.730419,20.843862],[73.730426,20.843863],[73.730428,20.843867],[73.730427,20.843872],[73.730423,20.843875],[73.73041,20.843875],[73.730403,20.843877],[73.730397,20.843891],[73.730383,20.843901],[73.730366,20.84394],[73.730359,20.843945],[73.730353,20.843955],[73.730354,20.843965],[73.730357,20.84397],[73.730357,20.843989],[73.730354,20.844004],[73.730349,20.844008],[73.730349,20.844012],[73.730356,20.84403],[73.73035,20.844035],[73.730343,20.844065],[73.730345,20.844072],[73.730355,20.844093],[73.730352,20.844108],[73.730353,20.844122],[73.730351,20.844134],[73.730344,20.844143],[73.730334,20.844151],[73.730309,20.84416],[73.730299,20.844183],[73.730317,20.844212],[73.730327,20.844224],[73.730331,20.844234],[73.73033,20.844241]]}},{"type":"Feature","properties":{"elevation":366},"geometry":{"type":"LineString","coordinates":[[73.732296,20.841527],[73.732268,20.841512],[73.732263,20.841498],[73.732272,20.841474],[73.732288,20.841452],[73.732294,20.84143],[73.732294,20.841422],[73.732298,20.841417],[73.732302,20.8414],[73.732326,20.841384]]}},{"type":"Feature","properties":{"elevation":366},"geometry":{"type":"LineString","coordinates":[[73.732278,20.841612],[73.732276,20.841581],[73.732279,20.841571],[73.732288,20.841565]]}},{"type":"Feature","properties":{"elevation":366},"geometry":{"type":"LineString","coordinates":[[73.732346,20.8413],[73.732321,20.841274],[73.732312,20.84125],[73.732331,20.841204],[73.732337,20.841153],[73.732343,20.841132],[73.73234,20.841111],[73.73235,20.841103],[73.732354,20.841092],[73.732354,20.841083],[73.732364,20.841074],[73.732364,20.84107],[73.732367,20.841067],[73.732366,20.841063],[73.73238,20.841036],[73.732381,20.841024],[73.732385,20.841016],[73.732392,20.841012],[73.7324,20.841003],[73.732411,20.840999]]}},{"type":"Feature","properties":{"elevation":366},"geometry":{"type":"LineString","coordinates":[[73.732327,20.841383],[73.732329,20.841383]]}},{"type":"Feature","properties":{"elevation":367},"geometry":{"type":"LineString","coordinates":[[73.731091,20.840869],[73.731092,20.840912],[73.731079,20.840926],[73.731078,20.84095],[73.731073,20.840955],[73.73108,20.840979],[73.731063,20.841019],[73.731056,20.841023],[73.731057,20.841028],[73.731053,20.841032],[73.731054,20.841043],[73.731052,20.841049],[73.731045,20.841054],[73.73104,20.841068],[73.731035,20.841074],[73.731041,20.841085],[73.731044,20.841098],[73.731049,20.841101],[73.731054,20.841099],[73.731056,20.841101],[73.731053,20.841109],[73.731055,20.841123],[73.73105,20.841135],[73.731058,20.841156],[73.731061,20.841191],[73.73106,20.841204],[73.731065,20.841213],[73.73106,20.841224],[73.731061,20.841248],[73.731056,20.84127],[73.731057,20.841279],[73.731048,20.841304],[73.731043,20.841309],[73.731043,20.841319],[73.731037,20.841337],[73.731025,20.841356],[73.731014,20.841382],[73.731015,20.841395],[73.731008,20.841417],[73.730996,20.841438],[73.730995,20.841447],[73.730997,20.841457],[73.730993,20.841464],[73.730994,20.84148],[73.730985,20.841497],[73.730983,20.841512],[73.730976,20.84152],[73.730973,20.84153],[73.730968,20.841536],[73.730959,20.841559],[73.730952,20.841568],[73.730955,20.841595],[73.730951,20.841619],[73.730965,20.841634],[73.730968,20.841641],[73.730967,20.841644],[73.730963,20.841646],[73.73096,20.841651],[73.730954,20.841655],[73.730951,20.841663],[73.730951,20.841671],[73.730958,20.841682],[73.730958,20.8417],[73.730956,20.841704],[73.730955,20.841733],[73.730958,20.841745],[73.730957,20.841751],[73.73096,20.841755],[73.730955,20.841754],[73.73095,20.841762],[73.73095,20.841787],[73.730922,20.841813],[73.730918,20.841827],[73.73092,20.841845],[73.730918,20.841853],[73.73091,20.841863],[73.730906,20.841876],[73.730892,20.841892],[73.730889,20.841911],[73.730881,20.84192],[73.730855,20.841934],[73.730848,20.84194],[73.730845,20.84195],[73.730847,20.841974],[73.730835,20.841983],[73.730823,20.842001],[73.730825,20.842003],[73.730828,20.842],[73.730831,20.842005],[73.730829,20.842012],[73.730832,20.842025],[73.730829,20.842033],[73.730836,20.842049],[73.730829,20.842065],[73.730837,20.84207],[73.730841,20.842081],[73.730835,20.842083],[73.73083,20.842101],[73.730834,20.842109],[73.730843,20.842119],[73.730838,20.84214],[73.730847,20.842167],[73.730839,20.842186],[73.730837,20.842204],[73.73083,20.842218],[73.730833,20.842222],[73.730845,20.842218],[73.730848,20.842225],[73.730842,20.842232],[73.730841,20.842243],[73.730835,20.842248],[73.730834,20.842266],[73.730829,20.842279],[73.730835,20.842288],[73.730837,20.842297],[73.730834,20.842316],[73.730828,20.842323],[73.730809,20.842327],[73.730808,20.842333],[73.730804,20.842339],[73.730802,20.842351],[73.730799,20.842355],[73.7308,20.842359],[73.730792,20.842368],[73.73079,20.842379],[73.730784,20.842392],[73.730787,20.842409],[73.730794,20.842421],[73.730791,20.842453],[73.730798,20.842462],[73.730792,20.842466],[73.730793,20.842473],[73.730789,20.842484],[73.73079,20.842495],[73.73078,20.842525],[73.730784,20.84254],[73.730775,20.842556],[73.730773,20.84257],[73.730767,20.842573],[73.730768,20.842578],[73.730763,20.84261],[73.730752,20.84265],[73.730746,20.842655],[73.730741,20.842668],[73.730735,20.842691],[73.730732,20.842714],[73.730725,20.842723],[73.730727,20.842732],[73.730719,20.84274],[73.730718,20.842753],[73.730703,20.842773],[73.730696,20.84279],[73.730694,20.842803],[73.730695,20.842825],[73.730702,20.842826],[73.730714,20.842842],[73.730706,20.842859],[73.730703,20.842882],[73.730692,20.842889],[73.730689,20.842899],[73.73069,20.842908],[73.730684,20.842921],[73.730684,20.842934],[73.73068,20.842945],[73.730681,20.842954],[73.730678,20.84298],[73.730674,20.842983],[73.730664,20.842979],[73.730658,20.842992],[73.730638,20.843001],[73.730631,20.843012],[73.730622,20.843017],[73.730612,20.843019],[73.730601,20.843025],[73.730591,20.843025],[73.730587,20.843028],[73.730586,20.843036],[73.730582,20.843033],[73.730572,20.843036],[73.730562,20.843045],[73.730561,20.843049],[73.730564,20.843058],[73.730559,20.84308],[73.730567,20.843103],[73.730558,20.84312],[73.730553,20.843145],[73.730539,20.843162],[73.73054,20.843185],[73.730545,20.843207],[73.730535,20.84322],[73.730511,20.843225],[73.730501,20.843231],[73.730493,20.84324],[73.730495,20.843259],[73.730485,20.843275],[73.730476,20.843322],[73.730466,20.843332],[73.730465,20.843339],[73.730493,20.843422],[73.730498,20.843459],[73.730502,20.843467],[73.730494,20.843491],[73.730499,20.843495],[73.730498,20.843499],[73.730486,20.843502],[73.730483,20.843508],[73.7305,20.843525],[73.730492,20.843539],[73.730487,20.84356],[73.730484,20.843564],[73.730484,20.843572],[73.730476,20.843589],[73.730453,20.843602],[73.730448,20.843603],[73.730441,20.843602],[73.730437,20.843621],[73.730445,20.843647],[73.730439,20.84366],[73.730426,20.843674],[73.730411,20.843677],[73.730408,20.84368],[73.730412,20.843716],[73.730438,20.843732],[73.730436,20.843737],[73.730423,20.843738],[73.730422,20.843758],[73.730417,20.843764],[73.730412,20.843775],[73.730416,20.843787],[73.730412,20.843789],[73.730408,20.843797],[73.7304,20.843804],[73.730395,20.843823],[73.730389,20.843831],[73.730391,20.843839],[73.730387,20.843847],[73.730381,20.843861],[73.730369,20.843873],[73.730368,20.843882],[73.73036,20.843898],[73.730362,20.843906],[73.730357,20.843913],[73.730357,20.843919],[73.73035,20.843929],[73.730342,20.843928],[73.730327,20.843935],[73.730318,20.843944],[73.730313,20.843952],[73.730307,20.843974],[73.730309,20.843978],[73.730321,20.843984],[73.730324,20.843995],[73.73033,20.844001],[73.730329,20.844004],[73.730319,20.844001],[73.730323,20.844008],[73.730329,20.84401],[73.730325,20.84403],[73.730329,20.844045],[73.730326,20.844061],[73.730322,20.844064],[73.730326,20.844071],[73.730323,20.844073],[73.730322,20.844079],[73.730319,20.844085],[73.730323,20.844103],[73.730314,20.844106],[73.730309,20.844112],[73.730303,20.844133],[73.730306,20.844154],[73.730292,20.844197],[73.7303,20.844224],[73.730295,20.844228],[73.730294,20.844238],[73.730291,20.844241]]}},{"type":"Feature","properties":{"elevation":367},"geometry":{"type":"LineString","coordinates":[[73.732307,20.841477],[73.732302,20.841478],[73.732299,20.841476],[73.732303,20.84147],[73.7323,20.841457],[73.732304,20.841452],[73.732316,20.841416],[73.732322,20.841414]]}},{"type":"Feature","properties":{"elevation":367},"geometry":{"type":"LineString","coordinates":[[73.732348,20.841291],[73.732323,20.841269],[73.73232,20.841256],[73.732329,20.841248],[73.732329,20.841244],[73.732337,20.841224],[73.732342,20.841195],[73.732348,20.841183],[73.73235,20.841151],[73.732354,20.841146],[73.732361,20.841111],[73.732368,20.841102],[73.732369,20.841081],[73.732383,20.841065],[73.732384,20.841057],[73.732388,20.841054],[73.73239,20.841047],[73.732396,20.841042],[73.732395,20.841035],[73.732399,20.841023],[73.732406,20.841023]]}},{"type":"Feature","properties":{"elevation":368},"geometry":{"type":"LineString","coordinates":[[73.731068,20.840868],[73.731072,20.840898],[73.731067,20.840914],[73.731069,20.840923],[73.731065,20.840932],[73.731063,20.840949],[73.731058,20.840954],[73.731057,20.840969],[73.73105,20.840973],[73.731044,20.84099],[73.731044,20.840998],[73.73105,20.841011],[73.731049,20.841012],[73.731044,20.841009],[73.731039,20.841016],[73.731033,20.841057],[73.731025,20.841058],[73.731015,20.841068],[73.731021,20.841084],[73.731019,20.841097],[73.731023,20.84112],[73.731035,20.841143],[73.731035,20.841154],[73.731039,20.841162],[73.731036,20.841176],[73.731039,20.841207],[73.731038,20.841243],[73.73104,20.841252],[73.731037,20.841268],[73.731034,20.841286],[73.731029,20.841294],[73.731025,20.84131],[73.731018,20.841321],[73.731017,20.84133],[73.731014,20.841333],[73.731013,20.841343],[73.731005,20.841355],[73.730999,20.841369],[73.730998,20.84138],[73.730992,20.841387],[73.730986,20.841421],[73.730977,20.841437],[73.730971,20.841471],[73.730971,20.841484],[73.730954,20.841517],[73.730944,20.841551],[73.730936,20.84156],[73.730936,20.84157],[73.730933,20.841574],[73.730937,20.84159],[73.730931,20.841608],[73.730932,20.841624],[73.730943,20.841639],[73.730938,20.841646],[73.730943,20.841656],[73.730937,20.841658],[73.730934,20.841665],[73.730935,20.841672],[73.73094,20.841676],[73.730939,20.841704],[73.730936,20.841708],[73.730936,20.841715],[73.730942,20.841736],[73.730936,20.841745],[73.730931,20.841767],[73.730941,20.841785],[73.730941,20.841791],[73.730922,20.841807],[73.730913,20.841827],[73.730903,20.841835],[73.730899,20.841848],[73.730901,20.841877],[73.73089,20.84189],[73.730884,20.841902],[73.730869,20.841911],[73.730861,20.841914],[73.730856,20.841913],[73.730841,20.841924],[73.730834,20.841932],[73.730829,20.84195],[73.730831,20.841953],[73.730837,20.841952],[73.730839,20.841954],[73.730842,20.841972],[73.730824,20.841979],[73.730815,20.841987],[73.730818,20.841996],[73.730817,20.842017],[73.730814,20.842029],[73.73082,20.842039],[73.730816,20.842047],[73.730815,20.842058],[73.730824,20.842065],[73.730827,20.84207],[73.730819,20.842074],[73.730818,20.842081],[73.73082,20.842093],[73.730816,20.842103],[73.730813,20.842105],[73.730815,20.842111],[73.73081,20.842123],[73.730811,20.842127],[73.730824,20.842148],[73.730822,20.842152],[73.730814,20.842156],[73.730815,20.842165],[73.730812,20.842168],[73.730817,20.84218],[73.730831,20.842189],[73.730835,20.8422],[73.730833,20.842203],[73.730827,20.842205],[73.730824,20.842212],[73.730817,20.842217],[73.730816,20.842225],[73.730819,20.842229],[73.730815,20.84223],[73.730811,20.842235],[73.730815,20.842238],[73.730815,20.84224],[73.730812,20.84224],[73.73081,20.842237],[73.730807,20.842237],[73.730793,20.842257],[73.730793,20.842266],[73.730805,20.8423],[73.730793,20.842315],[73.730791,20.842324],[73.730786,20.842329],[73.73078,20.842343],[73.73078,20.842353],[73.730786,20.842371],[73.73078,20.842394],[73.730782,20.842415],[73.730774,20.842444],[73.730775,20.842451],[73.730779,20.842455],[73.730777,20.842465],[73.73078,20.842484],[73.730765,20.842517],[73.73076,20.842543],[73.73076,20.842566],[73.730753,20.842575],[73.73075,20.842595],[73.730744,20.842607],[73.730737,20.842641],[73.730727,20.842664],[73.730726,20.842672],[73.73072,20.842689],[73.730725,20.842701],[73.730719,20.842705],[73.730707,20.842708],[73.730695,20.842729],[73.730699,20.842753],[73.730691,20.842759],[73.730684,20.84277],[73.730682,20.842784],[73.730676,20.842794],[73.730677,20.842818],[73.730683,20.842832],[73.730689,20.842834],[73.730693,20.842843],[73.730687,20.842841],[73.730684,20.842842],[73.730679,20.842848],[73.730676,20.842858],[73.730674,20.842873],[73.730679,20.842886],[73.730668,20.842901],[73.73067,20.842916],[73.730668,20.842925],[73.730664,20.842932],[73.730664,20.842942],[73.730658,20.842953],[73.730653,20.842955],[73.730651,20.842964],[73.730638,20.84299],[73.730608,20.842994],[73.730603,20.843001],[73.730604,20.843007],[73.730598,20.843009],[73.730591,20.84302],[73.730577,20.843026],[73.730567,20.843027],[73.73055,20.84304],[73.730549,20.843055],[73.730545,20.843065],[73.730553,20.843074],[73.730556,20.843085],[73.73054,20.843096],[73.730538,20.843106],[73.73054,20.843114],[73.730551,20.84312],[73.730555,20.843125],[73.730551,20.843142],[73.730539,20.843155],[73.730526,20.843159],[73.730512,20.843171],[73.73051,20.843181],[73.730511,20.843192],[73.730502,20.843198],[73.7305,20.84321],[73.730507,20.84322],[73.730489,20.843239],[73.730485,20.843255],[73.730485,20.843268],[73.730477,20.843286],[73.730477,20.843298],[73.730464,20.843305],[73.730461,20.843318],[73.730454,20.843326],[73.730457,20.843344],[73.730457,20.84336],[73.730462,20.843374],[73.730469,20.843384],[73.730468,20.843388],[73.730473,20.8434],[73.730475,20.843414],[73.73048,20.843427],[73.73048,20.843447],[73.730477,20.843455],[73.730476,20.843482],[73.73048,20.84349],[73.730472,20.843497],[73.730471,20.84351],[73.730467,20.843517],[73.730472,20.843523],[73.730468,20.84353],[73.73047,20.843557],[73.730468,20.843562],[73.730462,20.843569],[73.73046,20.843582],[73.730451,20.843583],[73.730439,20.84358],[73.730429,20.843596],[73.730428,20.843603],[73.730429,20.843621],[73.730426,20.843635],[73.730416,20.843656],[73.730408,20.843665],[73.730399,20.84369],[73.730401,20.843704],[73.730396,20.843715],[73.73041,20.843732],[73.730405,20.843743],[73.730407,20.843752],[73.7304,20.843761],[73.730394,20.843779],[73.730394,20.843784],[73.730389,20.843793],[73.730389,20.843802],[73.730381,20.843814],[73.730384,20.843823],[73.730384,20.843829],[73.730374,20.843842],[73.730374,20.843848],[73.730367,20.843852],[73.730364,20.843861],[73.730355,20.843865],[73.730345,20.84388],[73.730347,20.843892],[73.730343,20.843902],[73.730333,20.843922],[73.730313,20.843946],[73.730301,20.843979],[73.730308,20.844006],[73.730307,20.844012],[73.730296,20.844035],[73.730303,20.84406],[73.730302,20.844074],[73.730298,20.844091],[73.730304,20.844106],[73.730298,20.844134],[73.730303,20.844156],[73.730292,20.844187],[73.730271,20.844204],[73.730275,20.844241]]}},{"type":"Feature","properties":{"elevation":368},"geometry":{"type":"LineString","coordinates":[[73.732317,20.841438],[73.732317,20.841433]]}},{"type":"Feature","properties":{"elevation":368},"geometry":{"type":"LineString","coordinates":[[73.732358,20.841243],[73.732348,20.841242],[73.732349,20.841229],[73.732356,20.841215],[73.732357,20.841208],[73.732361,20.841201],[73.73236,20.841194],[73.73237,20.84119]]}},{"type":"Feature","properties":{"elevation":368},"geometry":{"type":"LineString","coordinates":[[73.732372,20.841174],[73.732368,20.841175],[73.732367,20.841171],[73.732371,20.841158],[73.732376,20.841155],[73.732373,20.841142],[73.732385,20.841105],[73.732384,20.841096],[73.732389,20.841088],[73.73239,20.841071],[73.732394,20.841061],[73.732399,20.841057]]}},{"type":"Feature","properties":{"elevation":369},"geometry":{"type":"LineString","coordinates":[[73.730265,20.844241],[73.73026,20.844241]]}},{"type":"Feature","properties":{"elevation":369},"geometry":{"type":"LineString","coordinates":[[73.731058,20.840868],[73.731058,20.840882],[73.731063,20.84089],[73.731055,20.840907],[73.731046,20.84094],[73.731039,20.840951],[73.731038,20.840961],[73.731032,20.840972],[73.731031,20.840985],[73.731033,20.84099],[73.731029,20.840993],[73.731029,20.841001],[73.731017,20.841026],[73.731015,20.841031],[73.731017,20.841041],[73.73101,20.841049],[73.731008,20.841056],[73.730992,20.841066],[73.730998,20.841077],[73.731002,20.841081],[73.731002,20.841088],[73.731009,20.841092],[73.731007,20.841097],[73.731013,20.8411],[73.731018,20.84112],[73.731013,20.841132],[73.731015,20.841137],[73.731016,20.841158],[73.73102,20.841169],[73.731017,20.841195],[73.731019,20.841199],[73.731025,20.841203],[73.731021,20.841211],[73.731019,20.841221],[73.731023,20.841235],[73.73102,20.841243],[73.731023,20.841266],[73.731018,20.841281],[73.731005,20.841304],[73.730996,20.841328],[73.730994,20.841348],[73.730988,20.841353],[73.730986,20.841363],[73.730978,20.841379],[73.730975,20.841406],[73.730967,20.841418],[73.730968,20.841423],[73.730961,20.841435],[73.730947,20.841484],[73.730938,20.841499],[73.730937,20.841514],[73.730933,20.841517],[73.730927,20.841533],[73.730923,20.841555],[73.730927,20.841565],[73.730928,20.841582],[73.730926,20.841585],[73.73092,20.841583],[73.730917,20.841587],[73.730911,20.841629],[73.730914,20.841634],[73.730914,20.841644],[73.730917,20.841653],[73.730925,20.841661],[73.730918,20.84167],[73.73092,20.8417],[73.730918,20.841713],[73.730921,20.84172],[73.730917,20.841726],[73.730916,20.84175],[73.730909,20.84177],[73.730906,20.841789],[73.730908,20.841796],[73.730916,20.841803],[73.730915,20.84181],[73.73091,20.841822],[73.730896,20.841833],[73.730886,20.841834],[73.730882,20.841837],[73.73088,20.841843],[73.730888,20.841844],[73.730884,20.841849],[73.730878,20.84185],[73.730878,20.841857],[73.730874,20.841859],[73.730877,20.841863],[73.730882,20.841858],[73.730887,20.841858],[73.730891,20.841874],[73.730891,20.841883],[73.73088,20.841884],[73.730859,20.841881],[73.730842,20.841886],[73.730839,20.841908],[73.730835,20.841914],[73.73083,20.841918],[73.730812,20.841924],[73.730807,20.841928],[73.730798,20.841949],[73.730804,20.841969],[73.730802,20.841986],[73.730804,20.84199],[73.730796,20.842024],[73.730796,20.842039],[73.730799,20.84205],[73.730797,20.84206],[73.7308,20.842079],[73.730796,20.842106],[73.730794,20.842111],[73.7308,20.842129],[73.730794,20.842143],[73.730801,20.842153],[73.730801,20.842159],[73.730798,20.842164],[73.730802,20.842174],[73.730811,20.842185],[73.730823,20.842193],[73.73082,20.842196],[73.73082,20.84221],[73.730814,20.84221],[73.730812,20.842212],[73.730812,20.842226],[73.730786,20.842247],[73.730781,20.842255],[73.730784,20.842265],[73.730783,20.84227],[73.730785,20.842283],[73.730782,20.842291],[73.730774,20.842301],[73.730775,20.842317],[73.730768,20.842325],[73.73077,20.842331],[73.730767,20.842335],[73.73077,20.842339],[73.73077,20.842353],[73.730765,20.842357],[73.73076,20.842355],[73.730758,20.842359],[73.730757,20.842387],[73.730768,20.842392],[73.730773,20.842397],[73.730762,20.842406],[73.730751,20.84243],[73.730753,20.842441],[73.73076,20.842454],[73.730757,20.842459],[73.730757,20.842472],[73.730762,20.842482],[73.730756,20.842492],[73.730754,20.842511],[73.730748,20.842528],[73.730743,20.842562],[73.730744,20.842569],[73.730735,20.842585],[73.73074,20.842594],[73.730738,20.842596],[73.730735,20.842594],[73.730732,20.842597],[73.730724,20.842616],[73.730721,20.842638],[73.730708,20.842671],[73.730706,20.842688],[73.730702,20.842693],[73.730699,20.842716],[73.73069,20.842726],[73.730672,20.842761],[73.730666,20.842762],[73.730661,20.842767],[73.730656,20.842812],[73.730665,20.842837],[73.730658,20.842856],[73.730658,20.842882],[73.730663,20.842886],[73.730664,20.842897],[73.730663,20.842903],[73.730656,20.842914],[73.73065,20.842919],[73.73065,20.842929],[73.730641,20.842934],[73.730628,20.842962],[73.730625,20.842964],[73.730619,20.842965],[73.73062,20.842974],[73.730617,20.842984],[73.730587,20.843003],[73.730585,20.84301],[73.730579,20.843009],[73.730563,20.843013],[73.730561,20.843026],[73.730559,20.843027],[73.730555,20.843025],[73.730543,20.843041],[73.730535,20.843043],[73.730532,20.843055],[73.730524,20.843061],[73.730517,20.84309],[73.730531,20.843122],[73.730534,20.843125],[73.730545,20.843126],[73.730547,20.843129],[73.730547,20.843132],[73.730544,20.843136],[73.730538,20.843136],[73.730531,20.843131],[73.730527,20.843132],[73.730524,20.843128],[73.730521,20.843129],[73.73052,20.843138],[73.730514,20.843141],[73.730511,20.843151],[73.730505,20.843159],[73.730505,20.843178],[73.730493,20.843188],[73.730485,20.843188],[73.730482,20.843191],[73.730481,20.843196],[73.730486,20.843209],[73.730481,20.843223],[73.730481,20.843233],[73.730476,20.843239],[73.730476,20.843242],[73.730471,20.843245],[73.730468,20.843257],[73.730465,20.84326],[73.730467,20.843266],[73.730464,20.843267],[73.730448,20.84329],[73.730451,20.843308],[73.730441,20.843319],[73.730441,20.843335],[73.730439,20.843342],[73.730447,20.843375],[73.730457,20.843388],[73.730454,20.843395],[73.730461,20.843419],[73.730461,20.843442],[73.730471,20.843458],[73.730472,20.843478],[73.73047,20.843482],[73.730461,20.843487],[73.73046,20.843513],[73.730434,20.843554],[73.730435,20.843579],[73.73043,20.843585],[73.730425,20.843603],[73.730423,20.84363],[73.730406,20.843654],[73.730397,20.843688],[73.73039,20.843697],[73.730384,20.84371],[73.730392,20.84374],[73.730396,20.843746],[73.730393,20.843749],[73.73039,20.843743],[73.730385,20.843753],[73.730381,20.843766],[73.730383,20.843793],[73.73037,20.843803],[73.730367,20.843823],[73.730359,20.843827],[73.730356,20.843832],[73.730358,20.843841],[73.730357,20.843851],[73.730353,20.843854],[73.730344,20.843875],[73.73032,20.843886],[73.73032,20.843927],[73.730299,20.843978],[73.730299,20.843985],[73.730304,20.844008],[73.730292,20.844033],[73.730293,20.844045],[73.7303,20.84406],[73.730299,20.844073],[73.730293,20.844091],[73.730298,20.844112],[73.730295,20.844136],[73.730301,20.84416],[73.73029,20.844186],[73.730264,20.844204],[73.73027,20.844228],[73.730268,20.844241]]}},{"type":"Feature","properties":{"elevation":370},"geometry":{"type":"LineString","coordinates":[[73.731031,20.84087],[73.731037,20.840881],[73.731031,20.8409],[73.731032,20.840923],[73.73103,20.84094],[73.731026,20.840945],[73.73102,20.840973],[73.731014,20.840979],[73.731011,20.84099],[73.731014,20.840997],[73.731007,20.841],[73.731009,20.841013],[73.731003,20.841017],[73.730998,20.841036],[73.730976,20.841074],[73.730976,20.84108],[73.730981,20.84109],[73.730993,20.841099],[73.73099,20.841113],[73.730991,20.841123],[73.730998,20.841137],[73.730998,20.841156],[73.730995,20.841171],[73.730999,20.841215],[73.730998,20.841225],[73.731002,20.841231],[73.730999,20.841245],[73.731,20.841251],[73.731004,20.841257],[73.731004,20.841264],[73.730998,20.841277],[73.730994,20.84128],[73.730988,20.841307],[73.730981,20.84132],[73.730979,20.84134],[73.730967,20.841354],[73.730964,20.841376],[73.730957,20.841384],[73.730955,20.841408],[73.730957,20.841405],[73.73096,20.841405],[73.730962,20.841407],[73.730961,20.841412],[73.730958,20.841418],[73.730953,20.841419],[73.730952,20.841433],[73.730947,20.841444],[73.730943,20.841446],[73.73094,20.841452],[73.730932,20.84147],[73.730927,20.841491],[73.730918,20.841505],[73.73091,20.841537],[73.730898,20.841555],[73.7309,20.841589],[73.730891,20.841604],[73.730891,20.841613],[73.730898,20.841624],[73.730893,20.841635],[73.730893,20.841648],[73.730898,20.841661],[73.730897,20.841669],[73.730901,20.841686],[73.730899,20.841692],[73.730898,20.841741],[73.730901,20.84175],[73.730893,20.841768],[73.7309,20.841772],[73.7309,20.84178],[73.730888,20.841788],[73.730886,20.841796],[73.730877,20.84181],[73.730862,20.841854],[73.730857,20.841861],[73.730854,20.841877],[73.73083,20.841886],[73.730821,20.841902],[73.730816,20.841904],[73.730804,20.841918],[73.730796,20.841923],[73.730785,20.841941],[73.730777,20.841949],[73.730775,20.841957],[73.730778,20.841974],[73.730785,20.84198],[73.730781,20.842006],[73.730782,20.84204],[73.730775,20.842042],[73.730773,20.842049],[73.730782,20.84206],[73.730783,20.842073],[73.730779,20.842084],[73.73078,20.842101],[73.730788,20.842112],[73.730793,20.842124],[73.730792,20.842128],[73.730778,20.842139],[73.730777,20.842148],[73.730796,20.842177],[73.730794,20.842187],[73.73079,20.842196],[73.730779,20.842209],[73.730778,20.842219],[73.73078,20.842225],[73.730792,20.842227],[73.730794,20.842231],[73.730792,20.842237],[73.730779,20.842244],[73.730775,20.842257],[73.730751,20.842281],[73.730744,20.842292],[73.730752,20.842309],[73.730752,20.842317],[73.730747,20.842331],[73.730744,20.842348],[73.730737,20.842361],[73.730741,20.84237],[73.73074,20.842412],[73.730747,20.842439],[73.730741,20.842453],[73.730739,20.842469],[73.730741,20.842483],[73.73074,20.842489],[73.730745,20.842492],[73.730737,20.842498],[73.730738,20.842508],[73.73073,20.842515],[73.730727,20.842522],[73.730733,20.842544],[73.730722,20.842579],[73.730716,20.842588],[73.730706,20.842637],[73.7307,20.842647],[73.730697,20.842663],[73.730692,20.842668],[73.730691,20.842685],[73.730687,20.842689],[73.730693,20.842694],[73.730693,20.842697],[73.73069,20.842699],[73.730685,20.842699],[73.730681,20.842703],[73.730679,20.842715],[73.730683,20.842723],[73.730672,20.842727],[73.73066,20.842742],[73.730654,20.842744],[73.730649,20.84275],[73.730643,20.842762],[73.730643,20.842774],[73.730639,20.842779],[73.730638,20.842786],[73.730643,20.842793],[73.730649,20.842796],[73.730652,20.842801],[73.730642,20.842823],[73.730642,20.842832],[73.730638,20.842833],[73.730637,20.842836],[73.730644,20.842857],[73.730642,20.84287],[73.730646,20.842877],[73.73064,20.842885],[73.730636,20.842899],[73.73063,20.842912],[73.730626,20.842928],[73.730608,20.842947],[73.730606,20.842964],[73.730599,20.842973],[73.730602,20.842978],[73.7306,20.842982],[73.73058,20.842986],[73.730576,20.84299],[73.730573,20.842997],[73.730559,20.843003],[73.730551,20.843012],[73.730542,20.843017],[73.730532,20.843029],[73.730526,20.843032],[73.730529,20.843049],[73.730518,20.84306],[73.730511,20.843088],[73.730502,20.843108],[73.730501,20.843118],[73.730495,20.843125],[73.730494,20.843155],[73.730488,20.843162],[73.730483,20.843176],[73.730473,20.843182],[73.730473,20.843196],[73.730469,20.843219],[73.730466,20.843226],[73.730458,20.843233],[73.730454,20.843249],[73.730448,20.843257],[73.730449,20.843264],[73.730445,20.843267],[73.730441,20.843283],[73.730436,20.843288],[73.730438,20.843313],[73.730436,20.843314],[73.730429,20.843314],[73.730433,20.843318],[73.730427,20.843328],[73.730424,20.843342],[73.730432,20.843359],[73.730445,20.843423],[73.730442,20.843425],[73.730441,20.843432],[73.730445,20.843444],[73.730441,20.843447],[73.730435,20.843464],[73.730434,20.843476],[73.730438,20.843483],[73.730451,20.843497],[73.730456,20.843511],[73.73043,20.843553],[73.730429,20.843575],[73.730425,20.843586],[73.730427,20.843592],[73.730415,20.843622],[73.730415,20.843633],[73.730403,20.84365],[73.730399,20.843673],[73.730394,20.843685],[73.730386,20.843694],[73.730381,20.843704],[73.730371,20.8437],[73.730363,20.843702],[73.730369,20.84373],[73.730369,20.843746],[73.73037,20.843749],[73.730375,20.843751],[73.730375,20.843761],[73.730374,20.843763],[73.730365,20.843767],[73.730358,20.843776],[73.730353,20.843805],[73.730347,20.843821],[73.730341,20.843827],[73.730342,20.843833],[73.730338,20.843847],[73.730332,20.843849],[73.730333,20.843857],[73.730323,20.843865],[73.730326,20.843874],[73.730315,20.843884],[73.730311,20.843902],[73.730308,20.843906],[73.730304,20.843905],[73.730308,20.84391],[73.730308,20.843928],[73.730311,20.84394],[73.730308,20.843953],[73.730297,20.843976],[73.730296,20.843985],[73.730299,20.844006],[73.730296,20.844017],[73.73029,20.844026],[73.730287,20.844037],[73.730276,20.844044],[73.730269,20.844053],[73.73026,20.844071],[73.730261,20.844077],[73.730268,20.844077],[73.73027,20.844083],[73.73028,20.844089],[73.730269,20.844106],[73.730267,20.844119],[73.730279,20.844135],[73.73029,20.84414],[73.730297,20.844155],[73.730297,20.844164],[73.730292,20.844177],[73.730285,20.844186],[73.730252,20.844201],[73.730243,20.844222],[73.73024,20.844241]]}},{"type":"Feature","properties":{"elevation":371},"geometry":{"type":"LineString","coordinates":[[73.731011,20.84087],[73.731016,20.840881],[73.731018,20.840897],[73.731017,20.840908],[73.731013,20.840918],[73.731012,20.840952],[73.731003,20.84096],[73.731003,20.840975],[73.730994,20.84099],[73.730995,20.841004],[73.730987,20.841023],[73.730983,20.841048],[73.730975,20.841054],[73.730966,20.841055],[73.730962,20.841062],[73.730964,20.841093],[73.73097,20.841097],[73.730975,20.841109],[73.730974,20.841134],[73.730978,20.84116],[73.730977,20.841168],[73.730981,20.841208],[73.730979,20.841215],[73.730981,20.841222],[73.730987,20.841229],[73.730985,20.841239],[73.730973,20.84125],[73.73097,20.841266],[73.730966,20.841277],[73.730968,20.841283],[73.730976,20.841286],[73.730977,20.841292],[73.730973,20.8413],[73.730973,20.84131],[73.730967,20.841312],[73.730958,20.841331],[73.730956,20.841344],[73.730951,20.841354],[73.730952,20.841364],[73.730944,20.841375],[73.730945,20.841382],[73.730941,20.841386],[73.730945,20.841398],[73.730936,20.841411],[73.730934,20.841429],[73.730943,20.841433],[73.730949,20.841432],[73.730945,20.841435],[73.730944,20.841443],[73.730935,20.841435],[73.730929,20.841441],[73.730925,20.841452],[73.730917,20.841461],[73.730914,20.841475],[73.730894,20.841515],[73.730887,20.841543],[73.73088,20.841554],[73.730884,20.841575],[73.730879,20.841588],[73.730881,20.841601],[73.730874,20.841608],[73.730871,20.841615],[73.730874,20.841635],[73.730872,20.841641],[73.730878,20.841654],[73.730874,20.841668],[73.730877,20.841674],[73.730879,20.841703],[73.730885,20.841729],[73.730884,20.841746],[73.730882,20.841747],[73.730881,20.841743],[73.730876,20.841757],[73.730869,20.841793],[73.730866,20.841796],[73.730861,20.841814],[73.730852,20.841835],[73.730848,20.841875],[73.730836,20.84188],[73.730806,20.84188],[73.730791,20.841883],[73.73079,20.841886],[73.730795,20.841904],[73.730794,20.841911],[73.730778,20.841931],[73.730773,20.841934],[73.730763,20.841949],[73.730766,20.841965],[73.730765,20.842011],[73.730766,20.84202],[73.73077,20.842027],[73.73077,20.842045],[73.730772,20.842064],[73.730767,20.842069],[73.730763,20.842078],[73.730765,20.842087],[73.730764,20.84211],[73.730767,20.842116],[73.730764,20.842135],[73.73077,20.842142],[73.730768,20.842147],[73.730763,20.842151],[73.730768,20.84216],[73.730785,20.842172],[73.730787,20.842187],[73.730784,20.842195],[73.730773,20.842204],[73.730768,20.842217],[73.730774,20.842245],[73.730773,20.842253],[73.730739,20.842292],[73.730729,20.842313],[73.73073,20.842323],[73.730725,20.842337],[73.73073,20.842355],[73.730715,20.842392],[73.730723,20.8424],[73.730725,20.842419],[73.730724,20.842429],[73.730717,20.842444],[73.730725,20.842461],[73.730722,20.842476],[73.730725,20.84249],[73.730722,20.842503],[73.730721,20.842534],[73.730713,20.842553],[73.730702,20.842597],[73.730697,20.842607],[73.730694,20.842631],[73.730684,20.842652],[73.730683,20.842668],[73.730679,20.84267],[73.730672,20.84269],[73.730668,20.842693],[73.730659,20.842694],[73.730653,20.842699],[73.730653,20.842712],[73.730637,20.842735],[73.730637,20.842744],[73.730631,20.842748],[73.730624,20.842762],[73.730622,20.842776],[73.730627,20.842786],[73.730622,20.842791],[73.730622,20.842801],[73.730625,20.84281],[73.730619,20.842821],[73.730618,20.842828],[73.730624,20.842838],[73.730622,20.84286],[73.730625,20.84287],[73.730623,20.842875],[73.730627,20.842882],[73.730626,20.842896],[73.730621,20.842903],[73.730623,20.842906],[73.730621,20.842912],[73.730609,20.842917],[73.730606,20.842921],[73.730607,20.842938],[73.730598,20.842966],[73.730592,20.842968],[73.730591,20.842975],[73.730588,20.842977],[73.730578,20.842969],[73.730574,20.84297],[73.730573,20.842972],[73.730574,20.842979],[73.730572,20.842981],[73.730565,20.842981],[73.730563,20.842994],[73.730557,20.842999],[73.730552,20.843002],[73.730546,20.843001],[73.730528,20.843009],[73.73052,20.843024],[73.73051,20.843027],[73.73051,20.843035],[73.730521,20.843038],[73.730527,20.843049],[73.73052,20.843051],[73.730508,20.843045],[73.730505,20.843041],[73.730501,20.843042],[73.730498,20.843052],[73.730498,20.843063],[73.730494,20.84307],[73.730493,20.843083],[73.730489,20.843087],[73.730479,20.843112],[73.73047,20.843127],[73.730462,20.843153],[73.73045,20.84317],[73.730441,20.843174],[73.730435,20.843181],[73.730435,20.843192],[73.730438,20.843197],[73.730441,20.843221],[73.73045,20.843233],[73.730445,20.843242],[73.730446,20.843248],[73.730436,20.843259],[73.730431,20.843276],[73.730427,20.843281],[73.730419,20.843302],[73.730408,20.843317],[73.730413,20.843326],[73.730416,20.843326],[73.730419,20.843323],[73.730422,20.843326],[73.730419,20.843335],[73.730412,20.843334],[73.730411,20.843348],[73.730413,20.843355],[73.73042,20.843363],[73.730427,20.843365],[73.730429,20.843368],[73.730422,20.843382],[73.730426,20.843394],[73.730425,20.843404],[73.730436,20.843429],[73.73043,20.843464],[73.73043,20.843478],[73.730449,20.843508],[73.73045,20.843513],[73.730427,20.843554],[73.730421,20.843584],[73.730425,20.843591],[73.730422,20.843598],[73.730415,20.843604],[73.730402,20.843611],[73.730394,20.843612],[73.730387,20.843621],[73.730387,20.843635],[73.730395,20.843648],[73.730395,20.843659],[73.730387,20.84366],[73.730381,20.843655],[73.730372,20.84366],[73.730363,20.843668],[73.730361,20.843675],[73.730356,20.843679],[73.730354,20.843687],[73.73035,20.843692],[73.73035,20.843706],[73.730358,20.84373],[73.730352,20.84374],[73.730353,20.843755],[73.730344,20.843774],[73.730344,20.84378],[73.730348,20.843786],[73.730347,20.843794],[73.730337,20.8438],[73.730331,20.84382],[73.730331,20.843827],[73.730327,20.843834],[73.730302,20.843855],[73.730294,20.843869],[73.730284,20.843878],[73.730284,20.843896],[73.730279,20.843904],[73.730279,20.843918],[73.730284,20.843925],[73.730306,20.843944],[73.730306,20.843951],[73.730301,20.843967],[73.730295,20.843973],[73.730287,20.844021],[73.730263,20.844049],[73.730257,20.844065],[73.73025,20.844067],[73.730233,20.844081],[73.730229,20.844088],[73.730231,20.8441],[73.730249,20.844117],[73.730251,20.844133],[73.730245,20.844145],[73.730243,20.844157],[73.730245,20.844164],[73.730234,20.84418],[73.730241,20.844202],[73.730238,20.844206],[73.730232,20.844226],[73.730222,20.844241]]}},{"type":"Feature","properties":{"elevation":372},"geometry":{"type":"LineString","coordinates":[[73.730997,20.84087],[73.730999,20.840882],[73.731002,20.840886],[73.730998,20.840892],[73.731001,20.840904],[73.730996,20.840912],[73.730998,20.84093],[73.73099,20.840943],[73.73099,20.840966],[73.730982,20.840977],[73.730984,20.840988],[73.73098,20.841003],[73.730975,20.84101],[73.73097,20.841023],[73.730964,20.84105],[73.73096,20.841052],[73.730956,20.841048],[73.730952,20.84105],[73.730938,20.841069],[73.730948,20.841081],[73.730945,20.841086],[73.730945,20.841094],[73.730955,20.841113],[73.730957,20.841147],[73.730961,20.84116],[73.73096,20.841175],[73.730968,20.841197],[73.730965,20.841229],[73.730961,20.841235],[73.730968,20.841249],[73.730968,20.841266],[73.730965,20.841272],[73.730951,20.841284],[73.730953,20.841293],[73.730957,20.841299],[73.730954,20.841303],[73.730955,20.84131],[73.73095,20.841315],[73.73094,20.841335],[73.730936,20.841355],[73.730929,20.841363],[73.730928,20.841381],[73.730925,20.84139],[73.730921,20.841393],[73.730917,20.841422],[73.730919,20.841431],[73.730913,20.841432],[73.730914,20.841442],[73.730904,20.841454],[73.730902,20.841461],[73.730896,20.841471],[73.730895,20.841481],[73.73089,20.841487],[73.730876,20.841513],[73.730873,20.841542],[73.73087,20.841547],[73.730871,20.841553],[73.730864,20.841566],[73.730866,20.84157],[73.73088,20.841573],[73.730882,20.841576],[73.730874,20.841582],[73.730872,20.841587],[73.730868,20.841586],[73.730867,20.841579],[73.730864,20.841578],[73.730861,20.841587],[73.730861,20.841598],[73.730866,20.841596],[73.730871,20.841604],[73.730854,20.841604],[73.730853,20.841609],[73.730857,20.841618],[73.730845,20.841631],[73.730855,20.841645],[73.730854,20.841667],[73.730859,20.841673],[73.730858,20.841683],[73.730864,20.841697],[73.730862,20.841703],[73.730862,20.841716],[73.730865,20.841721],[73.730862,20.841741],[73.730867,20.841748],[73.73086,20.841765],[73.73086,20.841772],[73.730851,20.841802],[73.730851,20.841807],[73.730854,20.841814],[73.730852,20.841817],[73.730848,20.841812],[73.730845,20.841813],[73.730835,20.841833],[73.730827,20.841843],[73.730819,20.841874],[73.730788,20.841879],[73.73078,20.841882],[73.730776,20.841906],[73.730771,20.841919],[73.730774,20.841925],[73.730765,20.841932],[73.730758,20.841932],[73.730754,20.841934],[73.730754,20.841949],[73.730759,20.84196],[73.730751,20.841971],[73.730755,20.841975],[73.730753,20.841982],[73.730754,20.841996],[73.730752,20.842037],[73.730754,20.842047],[73.73076,20.842049],[73.730761,20.842052],[73.730759,20.842057],[73.730753,20.842059],[73.730755,20.842065],[73.730751,20.842076],[73.730753,20.842091],[73.730747,20.842116],[73.730752,20.842146],[73.73074,20.842167],[73.730739,20.842187],[73.730742,20.842194],[73.730739,20.842202],[73.730749,20.842218],[73.730761,20.842227],[73.73076,20.842242],[73.730763,20.842257],[73.73075,20.842277],[73.730733,20.842294],[73.730728,20.842305],[73.730715,20.84232],[73.730708,20.842333],[73.730706,20.842346],[73.730708,20.842356],[73.730704,20.842359],[73.730704,20.842365],[73.73071,20.842385],[73.730708,20.84242],[73.730715,20.842431],[73.730711,20.842439],[73.730713,20.842453],[73.730708,20.842468],[73.730707,20.842482],[73.730708,20.842486],[73.730713,20.84249],[73.730714,20.842495],[73.730709,20.8425],[73.730711,20.842505],[73.730707,20.842514],[73.730709,20.842523],[73.730696,20.842558],[73.730693,20.842572],[73.730695,20.842579],[73.730688,20.842599],[73.730687,20.84261],[73.73068,20.842632],[73.730681,20.84264],[73.73068,20.842652],[73.730677,20.842656],[73.730667,20.842658],[73.730665,20.842674],[73.73066,20.842677],[73.730648,20.842693],[73.730645,20.842715],[73.73064,20.842725],[73.730622,20.842739],[73.730615,20.84275],[73.73061,20.84275],[73.730605,20.842756],[73.730613,20.842772],[73.730601,20.842773],[73.730598,20.842775],[73.730598,20.842784],[73.730602,20.842792],[73.730601,20.842806],[73.73061,20.842816],[73.730613,20.842832],[73.730599,20.842848],[73.7306,20.842865],[73.730597,20.842875],[73.730601,20.842891],[73.730596,20.842905],[73.730598,20.842914],[73.730587,20.842925],[73.730578,20.84294],[73.73058,20.842944],[73.73059,20.842951],[73.73059,20.842955],[73.730584,20.842961],[73.730578,20.84296],[73.730573,20.842957],[73.730563,20.842959],[73.730555,20.842972],[73.730548,20.842978],[73.730542,20.842985],[73.730525,20.842996],[73.730521,20.843009],[73.730517,20.843014],[73.730518,20.84302],[73.730513,20.843023],[73.730509,20.843014],[73.730505,20.843015],[73.730498,20.843028],[73.73049,20.843035],[73.730488,20.843041],[73.730493,20.843048],[73.730493,20.843052],[73.730489,20.843055],[73.730483,20.843054],[73.73048,20.84307],[73.730477,20.843069],[73.730475,20.843072],[73.730473,20.843086],[73.730475,20.843106],[73.730466,20.843125],[73.730462,20.843145],[73.730447,20.843166],[73.730433,20.843173],[73.730428,20.843179],[73.730428,20.843206],[73.730431,20.843223],[73.730426,20.843242],[73.730428,20.84325],[73.730427,20.843259],[73.730412,20.84328],[73.730411,20.84329],[73.730416,20.843296],[73.730415,20.843302],[73.730403,20.843304],[73.730392,20.843318],[73.730392,20.843328],[73.730394,20.843335],[73.730402,20.843339],[73.730403,20.843351],[73.730407,20.843361],[73.730406,20.843372],[73.730407,20.84338],[73.730415,20.843386],[73.730413,20.843394],[73.730415,20.843412],[73.730413,20.843441],[73.73042,20.843446],[73.730425,20.843464],[73.730424,20.843469],[73.730427,20.843488],[73.73044,20.843504],[73.730443,20.843514],[73.730432,20.84353],[73.73042,20.843556],[73.730415,20.843583],[73.730384,20.843613],[73.730378,20.843624],[73.730373,20.843627],[73.730372,20.843632],[73.730365,20.843638],[73.730366,20.843648],[73.730364,20.843658],[73.730341,20.843676],[73.73034,20.843686],[73.730336,20.843695],[73.730334,20.843705],[73.730343,20.843724],[73.730344,20.843724],[73.730347,20.843718],[73.730351,20.84372],[73.73035,20.843732],[73.730343,20.843735],[73.730337,20.843743],[73.730338,20.843761],[73.730329,20.843767],[73.730326,20.843793],[73.730317,20.843816],[73.730309,20.843821],[73.730312,20.843826],[73.730307,20.843825],[73.730305,20.843827],[73.730305,20.843832],[73.730293,20.843866],[73.730281,20.843874],[73.730276,20.84388],[73.730276,20.843888],[73.730279,20.843896],[73.730268,20.8439],[73.730262,20.84391],[73.730262,20.843916],[73.730265,20.843922],[73.73026,20.84393],[73.730259,20.843949],[73.730269,20.843944],[73.730275,20.843946],[73.730279,20.843952],[73.730281,20.843966],[73.730288,20.843977],[73.730269,20.843993],[73.730255,20.843996],[73.730254,20.844001],[73.730241,20.844009],[73.730237,20.844027],[73.73024,20.844036],[73.730245,20.844038],[73.730244,20.844045],[73.730239,20.844051],[73.730236,20.844067],[73.730228,20.844082],[73.730223,20.844084],[73.73022,20.844093],[73.730231,20.844133],[73.730229,20.84415],[73.730225,20.844156],[73.730225,20.844166],[73.730231,20.844195],[73.730211,20.844213],[73.730209,20.844226],[73.730197,20.844233],[73.730193,20.84424]]}},{"type":"Feature","properties":{"elevation":373},"geometry":{"type":"LineString","coordinates":[[73.73098,20.84087],[73.73098,20.840879],[73.730984,20.840887],[73.730983,20.840902],[73.730988,20.840907],[73.730987,20.840909],[73.730981,20.840912],[73.730978,20.840927],[73.730981,20.840939],[73.730975,20.840942],[73.730973,20.840958],[73.730964,20.840968],[73.730969,20.840982],[73.730952,20.841021],[73.730957,20.841031],[73.730954,20.841034],[73.730952,20.841029],[73.730952,20.841041],[73.730932,20.841056],[73.73093,20.841072],[73.730926,20.841081],[73.730926,20.841086],[73.730941,20.841116],[73.730939,20.841126],[73.730943,20.841149],[73.73094,20.841157],[73.730946,20.841169],[73.73095,20.841185],[73.73095,20.841218],[73.730955,20.841236],[73.730966,20.841251],[73.730965,20.841267],[73.730959,20.841275],[73.730935,20.841286],[73.730938,20.841302],[73.730928,20.84132],[73.730923,20.841336],[73.730921,20.84135],[73.730913,20.841363],[73.730912,20.841374],[73.730907,20.841381],[73.730907,20.841404],[73.730901,20.841413],[73.730901,20.841422],[73.730895,20.841425],[73.730894,20.841443],[73.73086,20.841505],[73.730852,20.841547],[73.730853,20.841564],[73.73086,20.841575],[73.730859,20.841588],[73.730847,20.841601],[73.73085,20.841609],[73.730843,20.841612],[73.730834,20.841626],[73.730824,20.841636],[73.730821,20.841644],[73.730821,20.84167],[73.730839,20.841688],[73.730842,20.841699],[73.730845,20.8417],[73.730846,20.841716],[73.73085,20.841728],[73.730846,20.841755],[73.730842,20.841765],[73.730844,20.841771],[73.730841,20.841774],[73.730842,20.84178],[73.730839,20.841784],[73.730837,20.841799],[73.730828,20.841811],[73.730825,20.841827],[73.730821,20.841828],[73.730809,20.841848],[73.730803,20.841852],[73.730803,20.841862],[73.730798,20.841873],[73.730778,20.841877],[73.730759,20.841874],[73.730756,20.841875],[73.730749,20.841898],[73.730748,20.841921],[73.73074,20.841933],[73.73074,20.841941],[73.730744,20.841949],[73.730738,20.841951],[73.730735,20.841955],[73.730742,20.841985],[73.730745,20.841989],[73.73074,20.841999],[73.730743,20.842013],[73.73074,20.842023],[73.730738,20.842051],[73.730739,20.842056],[73.730744,20.84206],[73.730746,20.842065],[73.730733,20.842094],[73.730735,20.842124],[73.730729,20.842141],[73.730736,20.842157],[73.730737,20.842163],[73.73073,20.842168],[73.730724,20.842178],[73.730726,20.842184],[73.730736,20.842195],[73.730728,20.842202],[73.730722,20.842213],[73.730724,20.842215],[73.730719,20.842235],[73.730722,20.842249],[73.730738,20.842255],[73.730751,20.842269],[73.730738,20.842285],[73.730707,20.842284],[73.730703,20.842286],[73.7307,20.842291],[73.730702,20.842317],[73.730696,20.842323],[73.730694,20.842328],[73.7307,20.842344],[73.73069,20.842355],[73.730688,20.842363],[73.730687,20.842383],[73.730694,20.842396],[73.730692,20.842402],[73.730696,20.842419],[73.730694,20.842441],[73.730697,20.842447],[73.730691,20.842452],[73.730694,20.84246],[73.730689,20.84248],[73.730694,20.842492],[73.730691,20.842504],[73.730688,20.842545],[73.730679,20.84257],[73.730677,20.842593],[73.73066,20.842627],[73.730658,20.842638],[73.730654,20.842647],[73.730656,20.842657],[73.730651,20.842657],[73.730641,20.842675],[73.73064,20.842697],[73.730622,20.84271],[73.730613,20.842724],[73.730613,20.842732],[73.730603,20.842737],[73.73059,20.842754],[73.730592,20.842776],[73.730586,20.842797],[73.73059,20.84281],[73.730587,20.842817],[73.730595,20.842842],[73.730593,20.842863],[73.73059,20.842876],[73.730585,20.842883],[73.730577,20.842906],[73.730573,20.842914],[73.73057,20.842926],[73.730562,20.842936],[73.730568,20.842944],[73.730582,20.842949],[73.730584,20.842953],[73.730579,20.842958],[73.730574,20.842955],[73.730567,20.842956],[73.730562,20.842953],[73.730542,20.842958],[73.730531,20.84297],[73.73053,20.842981],[73.730527,20.842978],[73.730521,20.84298],[73.730518,20.842983],[73.730517,20.842991],[73.730513,20.842991],[73.730504,20.843001],[73.730494,20.843007],[73.730485,20.843018],[73.730485,20.843024],[73.730479,20.843026],[73.730476,20.843035],[73.730471,20.843039],[73.730466,20.843049],[73.730466,20.843061],[73.730459,20.843078],[73.730456,20.843097],[73.730459,20.84311],[73.730455,20.843115],[73.730454,20.84312],[73.730461,20.843127],[73.73046,20.843144],[73.730428,20.843174],[73.730425,20.843185],[73.730424,20.843228],[73.730421,20.843238],[73.730412,20.843257],[73.730412,20.843269],[73.730403,20.843268],[73.730404,20.843277],[73.730392,20.843293],[73.730389,20.843311],[73.73038,20.843313],[73.730379,20.843335],[73.730382,20.843342],[73.730388,20.843346],[73.730392,20.843361],[73.730391,20.843369],[73.730398,20.84339],[73.730398,20.843416],[73.730405,20.843429],[73.730403,20.843435],[73.730404,20.843444],[73.730412,20.843451],[73.730418,20.843468],[73.730423,20.843473],[73.730423,20.843481],[73.730417,20.843488],[73.730404,20.84349],[73.730398,20.843494],[73.730395,20.843533],[73.730403,20.843551],[73.730388,20.843558],[73.730375,20.843572],[73.730374,20.843582],[73.730368,20.843586],[73.730364,20.843597],[73.730362,20.843609],[73.730353,20.843613],[73.73035,20.84362],[73.730347,20.843632],[73.730335,20.843654],[73.730333,20.843668],[73.730327,20.84367],[73.730322,20.843675],[73.730322,20.843688],[73.730331,20.843693],[73.730322,20.843706],[73.730326,20.843723],[73.730325,20.843743],[73.730321,20.843751],[73.730321,20.843761],[73.730312,20.843775],[73.730306,20.843791],[73.730303,20.843808],[73.730304,20.843818],[73.730292,20.843841],[73.730289,20.843864],[73.730274,20.843876],[73.73026,20.843883],[73.730258,20.843888],[73.730252,20.843889],[73.730247,20.843899],[73.730248,20.843905],[73.730243,20.843929],[73.730245,20.843934],[73.730245,20.843945],[73.730268,20.843972],[73.73027,20.843977],[73.730263,20.843988],[73.730258,20.843989],[73.730248,20.843987],[73.730241,20.843993],[73.730228,20.844024],[73.73023,20.844031],[73.730228,20.844042],[73.730229,20.84407],[73.730219,20.844087],[73.730217,20.844094],[73.73022,20.844133],[73.730224,20.844141],[73.730221,20.844156],[73.730221,20.844171],[73.730227,20.844192],[73.730201,20.844215],[73.730198,20.844224],[73.730192,20.844229],[73.730188,20.84424]]}},{"type":"Feature","properties":{"elevation":374},"geometry":{"type":"LineString","coordinates":[[73.730962,20.840872],[73.730969,20.840889],[73.730969,20.840915],[73.73096,20.840931],[73.730959,20.840944],[73.730961,20.840951],[73.730958,20.840968],[73.730948,20.840987],[73.730948,20.840994],[73.730934,20.841],[73.730929,20.841009],[73.730929,20.841015],[73.730925,20.841029],[73.730931,20.841035],[73.73093,20.841043],[73.730922,20.841049],[73.730912,20.841047],[73.730905,20.841052],[73.730901,20.841061],[73.730908,20.841072],[73.730909,20.841078],[73.730899,20.841081],[73.730907,20.841093],[73.730919,20.841101],[73.73093,20.841133],[73.730928,20.841144],[73.730937,20.841166],[73.73093,20.841173],[73.730937,20.841192],[73.730928,20.841206],[73.730931,20.841209],[73.730934,20.841206],[73.730937,20.841207],[73.730935,20.841213],[73.730939,20.841216],[73.730936,20.841225],[73.730938,20.841232],[73.730941,20.841239],[73.730951,20.841239],[73.730957,20.841243],[73.730964,20.841253],[73.730964,20.841264],[73.730958,20.841273],[73.730942,20.84128],[73.730919,20.841282],[73.730892,20.841304],[73.730892,20.841309],[73.730906,20.841334],[73.730906,20.841339],[73.730901,20.841358],[73.730895,20.84137],[73.730895,20.84138],[73.730891,20.841389],[73.730891,20.841393],[73.730886,20.841397],[73.730888,20.841407],[73.730882,20.841423],[73.730875,20.841432],[73.730878,20.841456],[73.730876,20.841459],[73.730869,20.841462],[73.730863,20.841475],[73.730858,20.841479],[73.730852,20.841491],[73.730843,20.841501],[73.730841,20.841508],[73.730841,20.84152],[73.730838,20.841524],[73.730831,20.841542],[73.730848,20.841565],[73.730857,20.841573],[73.730859,20.841579],[73.730857,20.841588],[73.730845,20.8416],[73.730832,20.841624],[73.730821,20.841635],[73.730818,20.841645],[73.730818,20.841672],[73.730821,20.841678],[73.730832,20.841685],[73.730835,20.841703],[73.730831,20.841716],[73.730833,20.841733],[73.73083,20.841743],[73.73083,20.841757],[73.73082,20.841791],[73.730821,20.841803],[73.730797,20.841819],[73.730799,20.841824],[73.730806,20.841827],[73.730806,20.841829],[73.730798,20.841836],[73.73079,20.84185],[73.730776,20.841859],[73.730762,20.841865],[73.730754,20.841866],[73.730742,20.841895],[73.730741,20.841913],[73.730735,20.841918],[73.730728,20.841918],[73.730721,20.841934],[73.730723,20.841946],[73.730729,20.841953],[73.730733,20.841964],[73.730733,20.841973],[73.730728,20.841982],[73.730733,20.841993],[73.730729,20.842003],[73.73073,20.842016],[73.730724,20.842036],[73.730726,20.842056],[73.730724,20.842086],[73.73072,20.842091],[73.730718,20.842099],[73.730719,20.842108],[73.730717,20.842119],[73.730721,20.842141],[73.730715,20.842152],[73.730718,20.84216],[73.730713,20.842165],[73.730708,20.842177],[73.730703,20.842184],[73.7307,20.842199],[73.730686,20.842219],[73.730687,20.842222],[73.730693,20.842223],[73.730697,20.842218],[73.730701,20.842217],[73.730702,20.842221],[73.730698,20.842224],[73.730701,20.842241],[73.730683,20.842235],[73.73068,20.842238],[73.730677,20.842246],[73.73068,20.842247],[73.730679,20.842252],[73.730691,20.842276],[73.730693,20.842285],[73.730691,20.84229],[73.730683,20.842298],[73.730685,20.842314],[73.730678,20.842332],[73.730677,20.842342],[73.730685,20.842348],[73.730686,20.842352],[73.730681,20.84236],[73.730676,20.842361],[73.730675,20.842365],[73.73068,20.84238],[73.73068,20.842389],[73.730675,20.842407],[73.730679,20.842411],[73.73068,20.842417],[73.730678,20.842428],[73.73068,20.842434],[73.730676,20.842449],[73.730677,20.842461],[73.730682,20.842465],[73.730683,20.842481],[73.730676,20.842522],[73.730677,20.842531],[73.730666,20.842562],[73.730665,20.842592],[73.730661,20.842602],[73.730658,20.842605],[73.730656,20.842602],[73.730654,20.842605],[73.73065,20.842616],[73.730654,20.842622],[73.730654,20.842628],[73.730644,20.842632],[73.730635,20.842653],[73.730632,20.842655],[73.730632,20.842668],[73.730628,20.842674],[73.730621,20.842676],[73.730611,20.842691],[73.730609,20.842696],[73.730612,20.842702],[73.730605,20.842714],[73.730598,20.842719],[73.730585,20.842758],[73.730573,20.842768],[73.73057,20.842785],[73.730578,20.842802],[73.730572,20.842817],[73.730576,20.842835],[73.730572,20.842844],[73.730573,20.842852],[73.73057,20.842861],[73.730574,20.84287],[73.730571,20.842873],[73.730569,20.842887],[73.730555,20.84291],[73.730553,20.842924],[73.730542,20.842935],[73.730546,20.842944],[73.730556,20.84294],[73.730562,20.842944],[73.730564,20.842949],[73.730549,20.842955],[73.730544,20.842952],[73.730532,20.84295],[73.730524,20.842961],[73.730499,20.84298],[73.730491,20.843001],[73.730476,20.843003],[73.730466,20.84301],[73.730455,20.843027],[73.730454,20.843035],[73.730456,20.843044],[73.730446,20.843074],[73.730447,20.843083],[73.73044,20.843095],[73.730441,20.843104],[73.730436,20.843116],[73.730435,20.843135],[73.730438,20.843155],[73.730422,20.843184],[73.730421,20.843212],[73.730418,20.843216],[73.73041,20.843216],[73.730405,20.843227],[73.730405,20.84324],[73.730395,20.843252],[73.73039,20.843267],[73.730381,20.84328],[73.730379,20.843286],[73.730381,20.843291],[73.730374,20.843305],[73.730371,20.843307],[73.730363,20.843308],[73.73036,20.843311],[73.730363,20.843331],[73.730376,20.843347],[73.730376,20.843361],[73.730381,20.84337],[73.730378,20.843372],[73.730378,20.843375],[73.730384,20.843392],[73.730389,20.843426],[73.730389,20.84344],[73.730386,20.843445],[73.730387,20.843451],[73.730391,20.843453],[73.730393,20.843448],[73.730403,20.843449],[73.730409,20.843454],[73.730416,20.843472],[73.730421,20.843475],[73.730419,20.843479],[73.730393,20.843489],[73.730384,20.843499],[73.730378,20.843514],[73.730378,20.843524],[73.730373,20.843531],[73.730373,20.843544],[73.730366,20.843564],[73.730366,20.843569],[73.73036,20.843578],[73.73036,20.843591],[73.730356,20.843601],[73.730347,20.843613],[73.730345,20.843628],[73.730338,20.843637],[73.730325,20.843647],[73.73032,20.843654],[73.730316,20.843671],[73.730317,20.843688],[73.730307,20.843701],[73.730303,20.843711],[73.730306,20.843721],[73.73031,20.843725],[73.730311,20.843729],[73.730301,20.843768],[73.730297,20.843771],[73.730295,20.843778],[73.730291,20.843783],[73.730285,20.843804],[73.730279,20.843813],[73.730254,20.843848],[73.730255,20.843855],[73.730245,20.843863],[73.730245,20.843875],[73.730238,20.843879],[73.730232,20.843888],[73.730233,20.843897],[73.73023,20.843915],[73.730231,20.843927],[73.730222,20.84398],[73.730223,20.843987],[73.730231,20.843988],[73.730234,20.843992],[73.730231,20.844006],[73.730226,20.844017],[73.730221,20.84405],[73.730214,20.844053],[73.73022,20.84406],[73.730221,20.844077],[73.730213,20.844093],[73.730214,20.844112],[73.73021,20.844131],[73.730206,20.844132],[73.730201,20.844143],[73.730195,20.844165],[73.730197,20.844173],[73.730204,20.844177],[73.730216,20.84418],[73.730221,20.84419],[73.730207,20.844203],[73.730187,20.844212],[73.730184,20.84424]]}},{"type":"Feature","properties":{"elevation":375},"geometry":{"type":"LineString","coordinates":[[73.730939,20.840872],[73.73094,20.840881],[73.730951,20.840895],[73.730953,20.840914],[73.730946,20.84094],[73.730945,20.840952],[73.730926,20.840967],[73.730926,20.840973],[73.730929,20.840978],[73.730927,20.841005],[73.730921,20.841009],[73.730906,20.841046],[73.730895,20.84106],[73.730892,20.841076],[73.730904,20.841098],[73.730905,20.841107],[73.730903,20.841107],[73.730905,20.841113],[73.730903,20.841118],[73.730908,20.841124],[73.730907,20.841132],[73.730911,20.841141],[73.730912,20.841155],[73.73092,20.841195],[73.730922,20.84121],[73.73092,20.841232],[73.730922,20.841242],[73.730915,20.841264],[73.730918,20.841277],[73.730892,20.8413],[73.730878,20.841322],[73.730878,20.841327],[73.730883,20.841348],[73.730881,20.841377],[73.730887,20.841382],[73.730887,20.841384],[73.730883,20.841387],[73.730879,20.8414],[73.730875,20.841407],[73.730875,20.841422],[73.730853,20.841443],[73.730853,20.841462],[73.730838,20.841486],[73.730844,20.841489],[73.730844,20.841494],[73.730839,20.841499],[73.730834,20.841499],[73.730833,20.841502],[73.730825,20.841505],[73.730818,20.841518],[73.730813,20.841537],[73.730813,20.841548],[73.730816,20.841551],[73.730822,20.84155],[73.730824,20.841555],[73.730814,20.841568],[73.730812,20.84159],[73.730816,20.841592],[73.730823,20.841585],[73.730828,20.841582],[73.73083,20.841574],[73.730825,20.841567],[73.730825,20.841556],[73.730834,20.84155],[73.730837,20.841551],[73.730841,20.841561],[73.730856,20.841574],[73.730856,20.841586],[73.730842,20.841601],[73.730827,20.841627],[73.730818,20.841638],[73.730815,20.841651],[73.730817,20.841678],[73.730807,20.841698],[73.730814,20.841705],[73.730813,20.841715],[73.730819,20.841727],[73.730814,20.841736],[73.730811,20.841761],[73.730803,20.84178],[73.730804,20.841785],[73.730802,20.841797],[73.730787,20.841802],[73.730779,20.841815],[73.730743,20.841848],[73.730742,20.841852],[73.730747,20.841864],[73.730742,20.841869],[73.730738,20.841892],[73.730727,20.841902],[73.730712,20.841908],[73.730705,20.841927],[73.730712,20.841949],[73.73072,20.841954],[73.730715,20.84196],[73.730718,20.841966],[73.730714,20.841973],[73.730719,20.841982],[73.73072,20.841995],[73.730714,20.842009],[73.730715,20.842022],[73.730712,20.842032],[73.730715,20.842046],[73.730713,20.842061],[73.730706,20.84209],[73.730707,20.842104],[73.730701,20.842132],[73.730705,20.842147],[73.7307,20.842158],[73.730696,20.84216],[73.730701,20.842165],[73.730695,20.842168],[73.730692,20.842174],[73.730696,20.842188],[73.730694,20.842199],[73.730678,20.842219],[73.730674,20.842242],[73.730664,20.84226],[73.730672,20.842275],[73.730668,20.842281],[73.730665,20.842297],[73.730661,20.842304],[73.73066,20.842313],[73.730664,20.842326],[73.730656,20.842346],[73.730658,20.842365],[73.730664,20.842378],[73.730659,20.842402],[73.730659,20.842425],[73.730669,20.84245],[73.730664,20.842467],[73.730666,20.842474],[73.730664,20.842479],[73.730665,20.842506],[73.730662,20.842513],[73.730662,20.842523],[73.730664,20.842534],[73.730655,20.842548],[73.730649,20.842565],[73.730648,20.842576],[73.730639,20.842605],[73.730636,20.842621],[73.730628,20.842636],[73.730617,20.842667],[73.730601,20.842687],[73.730585,20.842691],[73.730581,20.842696],[73.73057,20.842719],[73.730571,20.842724],[73.730576,20.842728],[73.730567,20.842744],[73.73056,20.842748],[73.730562,20.842752],[73.730556,20.842757],[73.730554,20.842765],[73.730549,20.842769],[73.730561,20.842796],[73.730559,20.842803],[73.730561,20.842809],[73.730559,20.842818],[73.730556,20.842845],[73.730559,20.842855],[73.730558,20.842867],[73.730548,20.842892],[73.730551,20.842904],[73.730545,20.842909],[73.730533,20.842927],[73.730497,20.842968],[73.73049,20.842971],[73.730482,20.842981],[73.730475,20.842982],[73.730474,20.842991],[73.730465,20.842991],[73.730445,20.843013],[73.730446,20.843023],[73.730441,20.843025],[73.730438,20.84303],[73.73043,20.843102],[73.730422,20.843113],[73.73042,20.843123],[73.730422,20.843128],[73.730419,20.843131],[73.730427,20.843167],[73.730419,20.843185],[73.730419,20.843204],[73.730407,20.843213],[73.730399,20.843229],[73.730389,20.843237],[73.730382,20.843255],[73.730383,20.843265],[73.730376,20.843278],[73.730373,20.84328],[73.730362,20.843282],[73.730348,20.843305],[73.730349,20.843317],[73.730348,20.843328],[73.730362,20.843348],[73.730361,20.843356],[73.730363,20.843363],[73.730364,20.843366],[73.730368,20.843366],[73.730368,20.843372],[73.730373,20.843381],[73.730374,20.843387],[73.73037,20.843398],[73.730372,20.843418],[73.730371,20.843435],[73.730375,20.843442],[73.730372,20.843451],[73.730374,20.843462],[73.73039,20.843467],[73.730393,20.843465],[73.730396,20.843458],[73.730405,20.843455],[73.730408,20.843476],[73.730402,20.843476],[73.730401,20.843483],[73.730392,20.843485],[73.730363,20.843505],[73.730365,20.843513],[73.730361,20.843519],[73.730363,20.843523],[73.730362,20.843533],[73.730354,20.843546],[73.730353,20.843561],[73.730348,20.843566],[73.73033,20.843574],[73.73032,20.8436],[73.730309,20.843613],[73.730308,20.843621],[73.730314,20.843633],[73.730312,20.843638],[73.730316,20.84364],[73.730307,20.843652],[73.730305,20.843663],[73.730293,20.843672],[73.730292,20.843688],[73.730299,20.843699],[73.7303,20.843709],[73.730297,20.843726],[73.730286,20.843744],[73.730285,20.843765],[73.730279,20.843771],[73.73028,20.843778],[73.730265,20.843807],[73.730258,20.843815],[73.730242,20.843839],[73.730237,20.843841],[73.730232,20.843848],[73.730231,20.843863],[73.730225,20.843867],[73.730217,20.843883],[73.730216,20.8439],[73.730224,20.843915],[73.730221,20.843919],[73.730216,20.843922],[73.730211,20.843944],[73.730218,20.843951],[73.730211,20.843953],[73.730204,20.843961],[73.730211,20.843975],[73.730206,20.843982],[73.730203,20.843992],[73.730205,20.844],[73.730202,20.844006],[73.730208,20.84402],[73.730202,20.844026],[73.730194,20.844044],[73.730203,20.844068],[73.7302,20.844074],[73.7302,20.844083],[73.730198,20.844086],[73.730189,20.84409],[73.730159,20.844113],[73.730151,20.844129],[73.730152,20.844133],[73.730165,20.844152],[73.730173,20.844161],[73.730179,20.844164],[73.730176,20.844189],[73.730179,20.844209],[73.730171,20.84421],[73.730168,20.844214],[73.730174,20.84422],[73.730174,20.84424]]}},{"type":"Feature","properties":{"elevation":376},"geometry":{"type":"LineString","coordinates":[[73.730932,20.840872],[73.730936,20.840885],[73.730935,20.840909],[73.730938,20.840924],[73.730932,20.840946],[73.73092,20.840965],[73.730919,20.840976],[73.730922,20.840983],[73.730923,20.841003],[73.730918,20.841008],[73.73091,20.841023],[73.730905,20.84104],[73.7309,20.84105],[73.730889,20.84106],[73.730877,20.841066],[73.730876,20.841069],[73.730883,20.841074],[73.730885,20.841078],[73.730884,20.841092],[73.730894,20.841123],[73.730893,20.84114],[73.730898,20.841154],[73.730897,20.84117],[73.730905,20.841181],[73.730904,20.841192],[73.730919,20.841208],[73.730915,20.84123],[73.730907,20.841238],[73.730906,20.841255],[73.73091,20.841279],[73.730906,20.841285],[73.730892,20.841298],[73.730874,20.841327],[73.730875,20.841351],[73.730868,20.841362],[73.730864,20.841388],[73.73086,20.841395],[73.730857,20.841397],[73.730853,20.841414],[73.730853,20.841418],[73.73086,20.841429],[73.730838,20.841453],[73.730839,20.841468],[73.730843,20.841469],[73.730844,20.841472],[73.730835,20.841475],[73.730828,20.841472],[73.73082,20.841493],[73.730825,20.841497],[73.730825,20.841502],[73.730818,20.84151],[73.730803,20.841512],[73.730795,20.841533],[73.730796,20.841538],[73.730806,20.84155],[73.730815,20.841557],[73.730818,20.841555],[73.73082,20.841555],[73.730817,20.841562],[73.730806,20.841562],[73.7308,20.841564],[73.730796,20.841577],[73.730799,20.841581],[73.730804,20.841581],[73.730806,20.841591],[73.730815,20.841595],[73.730824,20.841586],[73.73083,20.841584],[73.730832,20.841573],[73.730827,20.841568],[73.730826,20.841562],[73.730828,20.841556],[73.730834,20.841551],[73.730836,20.841553],[73.730839,20.841562],[73.730854,20.841574],[73.730855,20.84158],[73.730852,20.841589],[73.730836,20.841604],[73.730824,20.841627],[73.730814,20.841639],[73.730814,20.841674],[73.730806,20.841687],[73.730798,20.841712],[73.730801,20.841738],[73.730792,20.841766],[73.73078,20.84179],[73.730777,20.841813],[73.730741,20.841847],[73.730734,20.841851],[73.730734,20.841859],[73.730717,20.841888],[73.730715,20.841894],[73.730715,20.841901],[73.730708,20.841906],[73.730697,20.841909],[73.73069,20.841923],[73.730692,20.841938],[73.7307,20.841946],[73.730701,20.841962],[73.730707,20.841978],[73.730704,20.841988],[73.730703,20.842018],[73.7307,20.842025],[73.730699,20.842042],[73.7307,20.842069],[73.730697,20.84208],[73.730699,20.842088],[73.730694,20.842097],[73.730694,20.842107],[73.730681,20.842147],[73.730682,20.842156],[73.730679,20.842162],[73.730673,20.842166],[73.730671,20.842177],[73.73067,20.842193],[73.730676,20.842203],[73.730677,20.842208],[73.730673,20.842239],[73.730667,20.84225],[73.730647,20.842263],[73.73063,20.842305],[73.73063,20.842327],[73.730636,20.842343],[73.730643,20.84235],[73.730642,20.842356],[73.730646,20.84237],[73.730644,20.842386],[73.730649,20.842394],[73.730644,20.842421],[73.730647,20.842436],[73.730653,20.842448],[73.730648,20.842468],[73.730652,20.84248],[73.730652,20.84251],[73.730649,20.842512],[73.730647,20.842528],[73.730637,20.842551],[73.730638,20.842558],[73.730633,20.842573],[73.730634,20.842579],[73.730626,20.842591],[73.73063,20.842605],[73.730628,20.842615],[73.730619,20.842619],[73.730614,20.842628],[73.730612,20.842648],[73.730607,20.842659],[73.730602,20.842665],[73.7306,20.842676],[73.730593,20.842683],[73.730586,20.842682],[73.730581,20.842685],[73.730564,20.84272],[73.730553,20.842731],[73.730549,20.84274],[73.730542,20.842749],[73.730542,20.842767],[73.73054,20.842776],[73.730544,20.842785],[73.73054,20.842797],[73.730543,20.842808],[73.730541,20.842826],[73.730548,20.842833],[73.730547,20.842839],[73.730543,20.842846],[73.730545,20.842867],[73.730539,20.842869],[73.730536,20.842887],[73.73053,20.842891],[73.730523,20.842913],[73.730503,20.842933],[73.730492,20.842951],[73.730472,20.842965],[73.730467,20.842972],[73.730457,20.842974],[73.730449,20.842983],[73.730447,20.842992],[73.730437,20.842998],[73.730426,20.843022],[73.730421,20.84307],[73.730417,20.843075],[73.730413,20.843089],[73.730414,20.843102],[73.730411,20.843111],[73.730412,20.843117],[73.730409,20.843122],[73.730411,20.843137],[73.730424,20.843167],[73.730424,20.843174],[73.730417,20.843183],[73.730405,20.843191],[73.730396,20.843209],[73.730388,20.843212],[73.730383,20.843225],[73.730375,20.843236],[73.730371,20.843246],[73.730364,20.843252],[73.730365,20.843261],[73.730353,20.843289],[73.730336,20.843315],[73.730336,20.843323],[73.730342,20.843335],[73.730344,20.843348],[73.730357,20.843374],[73.730358,20.843442],[73.730354,20.843454],[73.730353,20.843473],[73.730355,20.843495],[73.730348,20.8435],[73.730344,20.843513],[73.730344,20.843537],[73.730337,20.843546],[73.730339,20.843559],[73.73033,20.843566],[73.730312,20.843604],[73.730292,20.843619],[73.730288,20.843659],[73.730262,20.843687],[73.730262,20.843693],[73.730265,20.843698],[73.730283,20.843714],[73.730282,20.843724],[73.730287,20.843731],[73.730282,20.843746],[73.730267,20.843763],[73.730259,20.843781],[73.730258,20.843789],[73.730247,20.843799],[73.730239,20.843816],[73.730218,20.843841],[73.730217,20.843849],[73.7302,20.843881],[73.730201,20.843914],[73.730198,20.84394],[73.730202,20.843948],[73.730193,20.843951],[73.73019,20.843972],[73.730195,20.843983],[73.730194,20.84399],[73.730189,20.843994],[73.730189,20.844005],[73.730181,20.844029],[73.730179,20.844044],[73.730187,20.844069],[73.730186,20.84408],[73.730179,20.844091],[73.730156,20.844112],[73.730133,20.84416],[73.730148,20.84419],[73.730155,20.844211],[73.730156,20.844218],[73.730152,20.844222],[73.730149,20.844235],[73.730152,20.844238],[73.730158,20.84424],[73.730158,20.844242]]}},{"type":"Feature","properties":{"elevation":377},"geometry":{"type":"LineString","coordinates":[[73.730923,20.840872],[73.730923,20.840878],[73.730928,20.840885],[73.730922,20.840897],[73.730917,20.84093],[73.730917,20.840945],[73.730919,20.840957],[73.730914,20.840979],[73.730905,20.840989],[73.730906,20.841008],[73.730893,20.841022],[73.730895,20.841025],[73.730904,20.841024],[73.730903,20.841032],[73.7309,20.84104],[73.73089,20.841052],[73.730869,20.841057],[73.730867,20.841063],[73.730861,20.841066],[73.730859,20.841074],[73.730863,20.841082],[73.730868,20.841085],[73.730868,20.841089],[73.730881,20.841117],[73.730881,20.841162],[73.730885,20.841166],[73.730886,20.841181],[73.730899,20.8412],[73.730895,20.841201],[73.730894,20.841203],[73.730896,20.841242],[73.730891,20.841251],[73.730888,20.841264],[73.730899,20.841279],[73.730899,20.841285],[73.730856,20.841347],[73.730855,20.841352],[73.730857,20.841357],[73.73085,20.841368],[73.730849,20.841385],[73.730845,20.8414],[73.730841,20.841406],[73.730842,20.841415],[73.730832,20.84143],[73.73083,20.841446],[73.730825,20.841451],[73.730824,20.841457],[73.730818,20.841462],[73.730807,20.841481],[73.730808,20.84149],[73.730804,20.841494],[73.730809,20.841495],[73.730816,20.841501],[73.730822,20.841498],[73.730823,20.841501],[73.730818,20.841507],[73.730808,20.841507],[73.730802,20.8415],[73.730799,20.8415],[73.730785,20.84151],[73.730778,20.841526],[73.730778,20.841534],[73.730787,20.841553],[73.730785,20.841559],[73.730788,20.841563],[73.730785,20.841564],[73.730784,20.841581],[73.730801,20.841583],[73.730803,20.841584],[73.730804,20.841587],[73.730799,20.841591],[73.730782,20.841592],[73.73078,20.841596],[73.730786,20.841596],[73.730791,20.841593],[73.730803,20.841597],[73.730811,20.841594],[73.730815,20.841597],[73.730817,20.841607],[73.730816,20.841623],[73.730813,20.841625],[73.730798,20.841622],[73.730785,20.841607],[73.730783,20.841609],[73.730778,20.841608],[73.730775,20.841615],[73.730777,20.841622],[73.730791,20.841624],[73.730794,20.841629],[73.730788,20.841629],[73.730777,20.841641],[73.730782,20.841651],[73.730788,20.841657],[73.730809,20.841663],[73.730811,20.841672],[73.730803,20.841682],[73.730792,20.841716],[73.730783,20.841734],[73.730783,20.841754],[73.730786,20.841758],[73.730785,20.841771],[73.730775,20.841794],[73.730774,20.841813],[73.730738,20.841847],[73.730727,20.841849],[73.730713,20.841849],[73.730712,20.841852],[73.730698,20.841867],[73.730697,20.841886],[73.730689,20.841897],[73.730692,20.841901],[73.730674,20.841921],[73.730675,20.841927],[73.730681,20.841932],[73.730685,20.841939],[73.730683,20.841952],[73.730689,20.841975],[73.730689,20.841995],[73.73069,20.842001],[73.730694,20.842001],[73.730696,20.842005],[73.730691,20.842014],[73.730688,20.842024],[73.730689,20.842041],[73.730684,20.842063],[73.730686,20.84208],[73.730679,20.842095],[73.730678,20.842105],[73.730682,20.842112],[73.730673,20.842125],[73.730674,20.842141],[73.730665,20.842148],[73.730663,20.842151],[73.730667,20.842175],[73.730661,20.842193],[73.730671,20.842218],[73.730668,20.84224],[73.730664,20.842247],[73.730647,20.842256],[73.73064,20.842267],[73.730632,20.842291],[73.730624,20.842301],[73.730629,20.842344],[73.73063,20.842353],[73.730627,20.842358],[73.730631,20.842361],[73.730628,20.84237],[73.73063,20.842394],[73.730632,20.842398],[73.730636,20.842397],[73.730637,20.8424],[73.730629,20.842434],[73.730631,20.842441],[73.730637,20.842446],[73.730635,20.842455],[73.730638,20.842483],[73.730635,20.842503],[73.730636,20.842511],[73.730631,20.842515],[73.730631,20.842529],[73.730628,20.842538],[73.730631,20.842546],[73.730618,20.842559],[73.730621,20.84257],[73.730616,20.842581],[73.730617,20.842592],[73.730611,20.842599],[73.730608,20.84261],[73.7306,20.842625],[73.730603,20.842635],[73.730601,20.842643],[73.730588,20.842661],[73.730577,20.842674],[73.730577,20.842683],[73.730574,20.842693],[73.730562,20.842716],[73.73055,20.842727],[73.730534,20.842737],[73.730526,20.842752],[73.730521,20.842758],[73.730529,20.842784],[73.730526,20.842785],[73.730524,20.842789],[73.730524,20.842821],[73.730527,20.842834],[73.730522,20.842859],[73.730523,20.84288],[73.730513,20.842894],[73.730513,20.8429],[73.730501,20.842915],[73.7305,20.842923],[73.730494,20.842926],[73.73049,20.842932],[73.730479,20.842937],[73.730471,20.842953],[73.730461,20.842959],[73.730454,20.84296],[73.730445,20.842968],[73.730437,20.842972],[73.730435,20.84298],[73.730425,20.842984],[73.730424,20.842987],[73.730413,20.84303],[73.730411,20.843046],[73.730403,20.843064],[73.730401,20.843083],[73.730396,20.843094],[73.730398,20.843112],[73.730391,20.843126],[73.730391,20.843134],[73.730392,20.84314],[73.730406,20.843152],[73.730417,20.843164],[73.730421,20.843173],[73.730416,20.843178],[73.730369,20.843189],[73.730351,20.8432],[73.73036,20.843217],[73.730362,20.843232],[73.730354,20.843245],[73.730357,20.843252],[73.730354,20.843255],[73.730356,20.843261],[73.730351,20.843286],[73.730341,20.8433],[73.730334,20.843303],[73.730326,20.843302],[73.730318,20.84331],[73.73032,20.843319],[73.730325,20.843321],[73.730327,20.843325],[73.730327,20.843334],[73.730342,20.843395],[73.73034,20.843431],[73.730336,20.843445],[73.730339,20.843453],[73.730336,20.843483],[73.730332,20.843494],[73.73033,20.843509],[73.730332,20.843537],[73.730319,20.843558],[73.730323,20.843571],[73.730311,20.843601],[73.730285,20.843622],[73.730283,20.843639],[73.730278,20.843654],[73.730276,20.843667],[73.730259,20.843681],[73.730258,20.843695],[73.730266,20.843707],[73.730267,20.843713],[73.730262,20.843729],[73.730261,20.843748],[73.730253,20.843759],[73.730251,20.843775],[73.730247,20.843779],[73.730242,20.84378],[73.730229,20.843776],[73.73022,20.843778],[73.730212,20.843784],[73.730209,20.843791],[73.73021,20.843804],[73.730217,20.843815],[73.730217,20.84382],[73.730213,20.843827],[73.7302,20.843839],[73.73019,20.843856],[73.730181,20.843857],[73.730174,20.843868],[73.730174,20.843873],[73.730185,20.843885],[73.730187,20.843885],[73.730188,20.84388],[73.730191,20.843883],[73.730188,20.84389],[73.73019,20.843896],[73.730184,20.843904],[73.730184,20.843912],[73.730174,20.843918],[73.730165,20.843932],[73.730176,20.843951],[73.730177,20.843957],[73.730174,20.843961],[73.730176,20.843978],[73.730174,20.843989],[73.730182,20.844001],[73.730177,20.844009],[73.730171,20.844014],[73.730168,20.844023],[73.730169,20.844037],[73.730164,20.844048],[73.730167,20.844067],[73.730171,20.844078],[73.73017,20.844089],[73.730168,20.844097],[73.730153,20.844113],[73.730128,20.844164],[73.73013,20.844172],[73.730144,20.844189],[73.730145,20.844198],[73.730138,20.844214],[73.730127,20.844223],[73.730116,20.844242]]}},{"type":"Feature","properties":{"elevation":378},"geometry":{"type":"LineString","coordinates":[[73.730912,20.840874],[73.730912,20.840878],[73.730904,20.840889],[73.730901,20.840901],[73.730895,20.840909],[73.730892,20.840916],[73.730905,20.840932],[73.730903,20.840943],[73.730913,20.840959],[73.730914,20.840965],[73.730907,20.84097],[73.730894,20.840972],[73.730888,20.840985],[73.730887,20.840993],[73.730875,20.841011],[73.730875,20.841028],[73.730869,20.841046],[73.730857,20.841054],[73.730848,20.841072],[73.730848,20.841083],[73.730856,20.84109],[73.730858,20.841106],[73.730863,20.841116],[73.730862,20.841122],[73.730866,20.841135],[73.730867,20.841157],[73.730879,20.841183],[73.730879,20.841199],[73.730883,20.841207],[73.730881,20.841211],[73.730879,20.841233],[73.730874,20.841265],[73.730882,20.841287],[73.730888,20.841294],[73.730887,20.8413],[73.730872,20.841323],[73.730857,20.841337],[73.730849,20.841352],[73.73084,20.84136],[73.730836,20.841374],[73.730841,20.841384],[73.730828,20.841404],[73.730833,20.841424],[73.730827,20.841424],[73.73082,20.841428],[73.730815,20.841438],[73.730815,20.841449],[73.730805,20.841455],[73.730801,20.841465],[73.730792,20.841475],[73.73079,20.841484],[73.730786,20.84149],[73.730767,20.841505],[73.730765,20.84151],[73.730766,20.841517],[73.730763,20.841531],[73.730769,20.841542],[73.730771,20.841566],[73.730775,20.841572],[73.730773,20.841575],[73.730775,20.841584],[73.730768,20.841587],[73.730767,20.841593],[73.730771,20.841595],[73.730772,20.841591],[73.730775,20.841591],[73.730776,20.841602],[73.730782,20.841598],[73.730784,20.841601],[73.730782,20.841606],[73.730776,20.841604],[73.730771,20.841609],[73.730769,20.841621],[73.730759,20.841629],[73.730763,20.841635],[73.730763,20.841642],[73.730768,20.841647],[73.730769,20.841653],[73.730766,20.841665],[73.730761,20.841668],[73.73076,20.841672],[73.730766,20.841675],[73.730774,20.841691],[73.730768,20.841699],[73.730773,20.841709],[73.730769,20.841729],[73.730775,20.841742],[73.730767,20.841751],[73.730767,20.841762],[73.730764,20.841771],[73.730765,20.841773],[73.730772,20.84177],[73.730777,20.841776],[73.73077,20.841791],[73.73077,20.84181],[73.730769,20.841814],[73.730735,20.841846],[73.730711,20.841846],[73.730704,20.841851],[73.730687,20.841871],[73.73068,20.841886],[73.730668,20.841895],[73.730658,20.841914],[73.730671,20.841952],[73.730673,20.842027],[73.73067,20.842042],[73.730669,20.842084],[73.730662,20.842101],[73.730659,20.84212],[73.730655,20.842124],[73.730655,20.842137],[73.730644,20.842154],[73.730632,20.842165],[73.730628,20.842173],[73.730633,20.842188],[73.730638,20.842224],[73.730634,20.842242],[73.730641,20.842252],[73.730642,20.842259],[73.730636,20.842267],[73.730627,20.84229],[73.730621,20.842301],[73.730625,20.84233],[73.730623,20.842342],[73.730621,20.842355],[73.730613,20.842361],[73.730614,20.842417],[73.730625,20.842427],[73.730622,20.842459],[73.730627,20.842467],[73.730622,20.84247],[73.730624,20.842485],[73.730616,20.84251],[73.730596,20.842529],[73.730594,20.84255],[73.730596,20.842564],[73.730604,20.842578],[73.7306,20.842583],[73.730598,20.842593],[73.730591,20.84261],[73.730587,20.842614],[73.730579,20.842616],[73.730572,20.842624],[73.730572,20.842631],[73.730579,20.842634],[73.73058,20.842637],[73.730579,20.842648],[73.730574,20.84265],[73.730574,20.842657],[73.730569,20.842664],[73.73057,20.842675],[73.730567,20.84268],[73.730569,20.842685],[73.730568,20.842693],[73.730564,20.842698],[73.730539,20.842707],[73.730527,20.842722],[73.730525,20.842732],[73.730509,20.842738],[73.730498,20.842746],[73.730509,20.842782],[73.730509,20.842794],[73.730502,20.84281],[73.73051,20.842825],[73.73051,20.842834],[73.730512,20.842841],[73.730505,20.842856],[73.730508,20.842878],[73.730505,20.842888],[73.730487,20.8429],[73.730472,20.842928],[73.730451,20.842949],[73.730441,20.842957],[73.730424,20.842958],[73.730419,20.842962],[73.730419,20.842971],[73.730414,20.84298],[73.73041,20.842996],[73.730399,20.84302],[73.730399,20.843038],[73.73039,20.843055],[73.730391,20.843062],[73.730388,20.843069],[73.730391,20.843078],[73.73039,20.843086],[73.730384,20.843094],[73.730384,20.843103],[73.730373,20.843161],[73.730375,20.843168],[73.730383,20.843176],[73.730345,20.8432],[73.730346,20.843222],[73.730342,20.843236],[73.73034,20.843261],[73.730333,20.843269],[73.730332,20.843273],[73.730326,20.843276],[73.730306,20.843308],[73.730309,20.843316],[73.730314,20.843317],[73.730314,20.843336],[73.730316,20.843343],[73.730323,20.843344],[73.730326,20.843348],[73.730322,20.843359],[73.730328,20.843415],[73.730326,20.843428],[73.730329,20.843439],[73.730324,20.843456],[73.730323,20.843479],[73.730318,20.84349],[73.730323,20.843503],[73.730321,20.843512],[73.730324,20.84352],[73.730319,20.843527],[73.730314,20.843528],[73.730305,20.84354],[73.73031,20.843548],[73.73031,20.843553],[73.730302,20.843564],[73.730297,20.843575],[73.730291,20.843578],[73.730289,20.843583],[73.73029,20.843587],[73.730302,20.843599],[73.730302,20.843604],[73.730299,20.843609],[73.730285,20.843618],[73.730274,20.843622],[73.730268,20.843628],[73.730265,20.843633],[73.730265,20.843643],[73.730261,20.843647],[73.730261,20.843652],[73.73025,20.843667],[73.730255,20.843677],[73.730256,20.843699],[73.730248,20.843721],[73.730246,20.843741],[73.730242,20.843754],[73.730203,20.843789],[73.7302,20.843796],[73.730202,20.843811],[73.7302,20.843821],[73.730189,20.843822],[73.730182,20.843825],[73.730177,20.843833],[73.73018,20.843841],[73.730175,20.843852],[73.730165,20.843858],[73.730162,20.843864],[73.73016,20.843878],[73.730169,20.843886],[73.73017,20.843907],[73.73016,20.843931],[73.730165,20.843971],[73.730157,20.843986],[73.730159,20.843994],[73.730157,20.844028],[73.730147,20.844054],[73.730147,20.844061],[73.73015,20.844064],[73.730145,20.844066],[73.730142,20.844074],[73.730153,20.84408],[73.730156,20.844102],[73.730145,20.844128],[73.730116,20.844184],[73.730104,20.844226],[73.730102,20.844242]]}},{"type":"Feature","properties":{"elevation":378},"geometry":{"type":"LineString","coordinates":[[73.730907,20.840874],[73.730909,20.840874]]}},{"type":"Feature","properties":{"elevation":379},"geometry":{"type":"LineString","coordinates":[[73.730892,20.840874],[73.730898,20.840887],[73.730896,20.840897],[73.730888,20.840906],[73.730874,20.840934],[73.730874,20.84094],[73.730883,20.840943],[73.730885,20.840946],[73.730883,20.840965],[73.730876,20.840974],[73.730871,20.840985],[73.730875,20.841002],[73.730871,20.841011],[73.730849,20.841039],[73.730847,20.841043],[73.73085,20.841048],[73.73084,20.841056],[73.73084,20.84107],[73.730836,20.841071],[73.730834,20.841077],[73.73085,20.841097],[73.730853,20.84112],[73.730861,20.841138],[73.730862,20.841152],[73.730868,20.841173],[73.730864,20.841177],[73.730862,20.841185],[73.730864,20.841204],[73.730869,20.841207],[73.730874,20.841207],[73.730878,20.841211],[73.730874,20.841216],[73.73087,20.841214],[73.730869,20.841222],[73.730864,20.84123],[73.730866,20.841244],[73.730857,20.841268],[73.730862,20.841277],[73.730884,20.841297],[73.730885,20.841302],[73.730875,20.841314],[73.730868,20.841316],[73.730843,20.841306],[73.730838,20.841309],[73.730826,20.841349],[73.730829,20.841359],[73.730822,20.841386],[73.730817,20.841402],[73.73081,20.841412],[73.730807,20.841422],[73.730802,20.841449],[73.730796,20.841455],[73.730793,20.841464],[73.730781,20.841477],[73.730779,20.841479],[73.730776,20.841476],[73.730772,20.841487],[73.730758,20.841498],[73.730755,20.841502],[73.730749,20.841531],[73.730759,20.841559],[73.730759,20.841568],[73.730755,20.841579],[73.730755,20.84159],[73.730772,20.841599],[73.730774,20.841604],[73.730764,20.841611],[73.730764,20.841616],[73.73076,20.841618],[73.730754,20.841626],[73.730749,20.841642],[73.730753,20.841679],[73.730759,20.841687],[73.730768,20.84169],[73.730763,20.841695],[73.730751,20.84172],[73.730757,20.841731],[73.730761,20.841751],[73.730757,20.841761],[73.730749,20.841768],[73.730748,20.841784],[73.730737,20.841799],[73.730741,20.841832],[73.730731,20.841844],[73.730711,20.841845],[73.730701,20.841848],[73.730671,20.841887],[73.730652,20.8419],[73.730646,20.841912],[73.730652,20.841932],[73.730652,20.841942],[73.730659,20.841952],[73.730655,20.841973],[73.730656,20.842016],[73.730658,20.842022],[73.730665,20.842024],[73.730666,20.842027],[73.73066,20.842031],[73.730656,20.842036],[73.730657,20.84205],[73.730661,20.842057],[73.730656,20.842066],[73.730657,20.842078],[73.730654,20.842084],[73.730656,20.842096],[73.730646,20.842105],[73.730644,20.842123],[73.730639,20.842133],[73.730641,20.842144],[73.730632,20.842149],[73.730624,20.842169],[73.730625,20.842179],[73.73063,20.84219],[73.730629,20.842206],[73.730616,20.842229],[73.730616,20.842238],[73.730629,20.842248],[73.730635,20.842263],[73.730619,20.842299],[73.730616,20.842327],[73.730607,20.842336],[73.730599,20.842332],[73.730597,20.842334],[73.730598,20.84234],[73.730603,20.842341],[73.730599,20.842346],[73.730597,20.842366],[73.730602,20.84238],[73.730601,20.842407],[73.730608,20.842417],[73.730604,20.842428],[73.730609,20.842439],[73.730607,20.842471],[73.730615,20.842493],[73.730615,20.842502],[73.730613,20.842509],[73.7306,20.842518],[73.730594,20.842528],[73.730589,20.842569],[73.730592,20.842584],[73.730581,20.842597],[73.730575,20.842611],[73.730563,20.842626],[73.73056,20.842632],[73.73056,20.842647],[73.730555,20.84265],[73.73056,20.842659],[73.730564,20.842676],[73.730558,20.842681],[73.730538,20.842688],[73.730531,20.842703],[73.730515,20.842708],[73.730512,20.842717],[73.730508,20.842721],[73.730504,20.842734],[73.730491,20.842744],[73.7305,20.842767],[73.730494,20.842777],[73.73049,20.84278],[73.730494,20.842792],[73.730494,20.842801],[73.730501,20.842817],[73.730496,20.842838],[73.730491,20.842845],[73.730491,20.842856],[73.730484,20.842872],[73.730487,20.842878],[73.730485,20.842885],[73.730489,20.842891],[73.730481,20.842896],[73.730474,20.842896],[73.730474,20.842901],[73.730465,20.84291],[73.730458,20.842923],[73.730448,20.842926],[73.730438,20.842925],[73.730433,20.842927],[73.730425,20.84295],[73.730408,20.842965],[73.73041,20.842971],[73.730407,20.842972],[73.730404,20.842969],[73.730398,20.842973],[73.730398,20.842983],[73.730393,20.842987],[73.73039,20.843004],[73.730391,20.843012],[73.730388,20.843022],[73.730383,20.843025],[73.73038,20.843034],[73.730383,20.84305],[73.73038,20.843065],[73.730367,20.843072],[73.73035,20.843092],[73.730352,20.84311],[73.730369,20.843123],[73.730368,20.843131],[73.730371,20.843146],[73.730363,20.843149],[73.730359,20.843158],[73.73036,20.843179],[73.730359,20.843184],[73.73034,20.8432],[73.730338,20.843209],[73.73034,20.843221],[73.730336,20.843229],[73.730335,20.843239],[73.730327,20.843246],[73.730324,20.843255],[73.730316,20.843256],[73.730317,20.84327],[73.730307,20.843282],[73.730292,20.843307],[73.730294,20.843323],[73.730304,20.843341],[73.730308,20.843344],[73.730312,20.843357],[73.730317,20.843362],[73.730318,20.843366],[73.730317,20.84337],[73.730306,20.843388],[73.730311,20.843404],[73.73031,20.84342],[73.730312,20.84343],[73.730316,20.843435],[73.730322,20.843438],[73.730314,20.843445],[73.730314,20.843463],[73.730304,20.843488],[73.73031,20.843504],[73.73031,20.843511],[73.7303,20.843518],[73.730294,20.843536],[73.730288,20.843543],[73.730287,20.843548],[73.730291,20.843555],[73.730282,20.843557],[73.730279,20.84356],[73.730279,20.843578],[73.730273,20.843583],[73.730272,20.843589],[73.730274,20.843592],[73.730265,20.843602],[73.730271,20.843614],[73.730247,20.843637],[73.730244,20.84366],[73.730237,20.843663],[73.73022,20.843661],[73.730218,20.843664],[73.730215,20.843675],[73.730218,20.843688],[73.730221,20.843691],[73.730233,20.843694],[73.730237,20.843696],[73.730233,20.8437],[73.730231,20.843711],[73.730233,20.843722],[73.730228,20.843734],[73.730229,20.843743],[73.730219,20.84377],[73.7302,20.843789],[73.730188,20.843811],[73.730158,20.843841],[73.730155,20.843851],[73.730146,20.843865],[73.730148,20.843893],[73.730159,20.843913],[73.73016,20.84392],[73.730154,20.843933],[73.73014,20.843941],[73.730143,20.843984],[73.730139,20.84399],[73.730127,20.844003],[73.730133,20.84401],[73.730143,20.844016],[73.730138,20.844027],[73.730139,20.844037],[73.730131,20.84406],[73.73013,20.844072],[73.730135,20.844085],[73.730149,20.844102],[73.73015,20.844111],[73.730144,20.844127],[73.730133,20.844146],[73.730127,20.84416],[73.730106,20.844183],[73.7301,20.844214],[73.730101,20.844242]]}},{"type":"Feature","properties":{"elevation":380},"geometry":{"type":"LineString","coordinates":[[73.730873,20.840873],[73.730876,20.840898],[73.730882,20.840908],[73.730881,20.840912],[73.73087,20.840934],[73.730862,20.840961],[73.730863,20.840971],[73.730852,20.840998],[73.730856,20.841007],[73.730852,20.841013],[73.730847,20.84101],[73.730844,20.841012],[73.73084,20.841041],[73.730836,20.841051],[73.730824,20.841058],[73.73082,20.841068],[73.730834,20.841096],[73.73084,20.8411],[73.730844,20.841095],[73.730847,20.841095],[73.730848,20.841098],[73.730843,20.841105],[73.730837,20.841104],[73.730835,20.841109],[73.73084,20.841119],[73.730839,20.841133],[73.730846,20.841165],[73.730855,20.841177],[73.730852,20.841185],[73.730854,20.841196],[73.730851,20.841203],[73.730855,20.841215],[73.730853,20.84122],[73.730855,20.841227],[73.730845,20.841244],[73.730848,20.841253],[73.730848,20.841261],[73.730838,20.841279],[73.730833,20.841294],[73.730825,20.841303],[73.730821,20.841312],[73.73082,20.841323],[73.73081,20.841357],[73.73081,20.841366],[73.730815,20.841373],[73.730807,20.841379],[73.730803,20.841385],[73.730803,20.841405],[73.730799,20.841407],[73.730798,20.841411],[73.730792,20.841418],[73.730791,20.841426],[73.730786,20.841433],[73.730778,20.841456],[73.730763,20.841471],[73.730753,20.841497],[73.730747,20.8415],[73.730742,20.841507],[73.730739,20.841525],[73.730742,20.841544],[73.730741,20.841559],[73.730745,20.841573],[73.730754,20.841583],[73.730755,20.841595],[73.730754,20.841597],[73.730748,20.841595],[73.730741,20.841598],[73.730736,20.841607],[73.730741,20.841612],[73.730748,20.841613],[73.730749,20.841615],[73.730745,20.84162],[73.730747,20.841626],[73.730747,20.841638],[73.730743,20.841642],[73.730735,20.841642],[73.730733,20.841646],[73.730741,20.84165],[73.730738,20.841668],[73.730743,20.841672],[73.730736,20.841685],[73.730739,20.841703],[73.730743,20.841707],[73.730743,20.841721],[73.73073,20.841738],[73.730733,20.84174],[73.730739,20.841738],[73.730739,20.841733],[73.730743,20.841735],[73.730739,20.841744],[73.73074,20.841762],[73.730735,20.841766],[73.730732,20.841782],[73.730727,20.841785],[73.730721,20.841797],[73.730721,20.841819],[73.730714,20.84184],[73.730699,20.841846],[73.73068,20.841869],[73.730664,20.841872],[73.730662,20.841876],[73.730666,20.841882],[73.730666,20.841886],[73.730635,20.841898],[73.730631,20.841912],[73.730634,20.841934],[73.730642,20.841948],[73.73064,20.841979],[73.730644,20.842004],[73.730641,20.842025],[73.730645,20.842033],[73.730641,20.842042],[73.730644,20.84205],[73.730639,20.842057],[73.730636,20.842068],[73.730632,20.842093],[73.730633,20.842103],[73.730615,20.842136],[73.730621,20.842162],[73.730622,20.842179],[73.730628,20.842196],[73.730625,20.842205],[73.730612,20.842224],[73.73061,20.842236],[73.730613,20.842245],[73.730624,20.842254],[73.730627,20.842263],[73.730619,20.842279],[73.730614,20.842307],[73.730595,20.842323],[73.730591,20.842329],[73.730593,20.842337],[73.730587,20.842341],[73.730589,20.842347],[73.730595,20.842354],[73.730591,20.842363],[73.730594,20.842369],[73.730588,20.842377],[73.73059,20.842385],[73.730587,20.84239],[73.730587,20.8424],[73.73059,20.842421],[73.73059,20.842442],[73.730594,20.842461],[73.730591,20.842472],[73.730594,20.842479],[73.730597,20.842495],[73.730596,20.842501],[73.730599,20.842512],[73.730593,20.842527],[73.730585,20.842566],[73.730571,20.842584],[73.730567,20.842596],[73.730568,20.842608],[73.730565,20.842617],[73.730555,20.842632],[73.730556,20.842643],[73.730551,20.842644],[73.730547,20.84265],[73.730537,20.842657],[73.730533,20.842675],[73.730516,20.842677],[73.730507,20.842697],[73.730487,20.842713],[73.730483,20.842719],[73.73048,20.84274],[73.730472,20.842755],[73.730471,20.842774],[73.730473,20.842784],[73.73048,20.84279],[73.730484,20.842803],[73.730479,20.842808],[73.730476,20.842827],[73.730473,20.842835],[73.730473,20.842843],[73.730468,20.842854],[73.730467,20.842869],[73.730459,20.842882],[73.730456,20.842893],[73.730445,20.842909],[73.73043,20.842925],[73.730419,20.842951],[73.730413,20.842956],[73.730401,20.842959],[73.730377,20.84298],[73.730379,20.84299],[73.730376,20.843001],[73.730379,20.843008],[73.730373,20.843018],[73.730377,20.843023],[73.730376,20.843029],[73.730368,20.843043],[73.730368,20.843053],[73.730364,20.843068],[73.73035,20.843085],[73.730347,20.843095],[73.730345,20.843127],[73.730349,20.843143],[73.730347,20.843165],[73.73033,20.843187],[73.730332,20.843196],[73.730328,20.843202],[73.730328,20.843213],[73.730321,20.843226],[73.730313,20.843233],[73.730308,20.843259],[73.730288,20.84328],[73.730278,20.843295],[73.730276,20.843301],[73.730281,20.843312],[73.730279,20.843313],[73.730276,20.843317],[73.730281,20.843318],[73.730292,20.84333],[73.730294,20.843334],[73.730293,20.843337],[73.730287,20.843338],[73.730285,20.843345],[73.730291,20.843363],[73.730297,20.843395],[73.730296,20.843417],[73.730292,20.843423],[73.730297,20.843431],[73.730295,20.843454],[73.730299,20.843462],[73.730297,20.843468],[73.730299,20.843477],[73.730286,20.843487],[73.730285,20.843501],[73.730287,20.843509],[73.730281,20.843515],[73.730277,20.843535],[73.730274,20.843541],[73.730276,20.843552],[73.730266,20.843563],[73.730251,20.8436],[73.730244,20.843606],[73.730246,20.843614],[73.730241,20.843616],[73.730237,20.843609],[73.730232,20.84361],[73.730223,20.843617],[73.730209,20.843638],[73.730214,20.843661],[73.730213,20.843675],[73.730214,20.843695],[73.730212,20.843709],[73.730214,20.843721],[73.730211,20.843735],[73.730212,20.843739],[73.730217,20.843738],[73.73022,20.843741],[73.730214,20.843745],[73.730215,20.843767],[73.730213,20.843774],[73.730196,20.843788],[73.730173,20.843795],[73.730166,20.8438],[73.730162,20.843804],[73.730159,20.843815],[73.730162,20.843828],[73.730152,20.843837],[73.730137,20.843862],[73.730138,20.84387],[73.730142,20.843877],[73.730142,20.843893],[73.730153,20.843911],[73.730155,20.843919],[73.730154,20.843922],[73.73014,20.843933],[73.730133,20.843941],[73.730138,20.843971],[73.730137,20.843986],[73.730112,20.844005],[73.730108,20.844012],[73.730121,20.844026],[73.730123,20.844031],[73.730118,20.84405],[73.73012,20.844057],[73.730117,20.84407],[73.730113,20.844076],[73.730112,20.844083],[73.730129,20.844088],[73.730147,20.84411],[73.730147,20.844115],[73.730126,20.84416],[73.730099,20.844183],[73.730095,20.844218],[73.730099,20.844234],[73.730099,20.844242]]}},{"type":"Feature","properties":{"elevation":381},"geometry":{"type":"LineString","coordinates":[[73.730864,20.840873],[73.730874,20.840917],[73.730868,20.840929],[73.73086,20.840951],[73.730853,20.84095],[73.730853,20.840958],[73.730846,20.840967],[73.730846,20.84098],[73.730841,20.840979],[73.730837,20.840973],[73.730832,20.840976],[73.730831,20.840984],[73.730836,20.840995],[73.730834,20.841002],[73.730832,20.841004],[73.730818,20.841005],[73.730813,20.841009],[73.73081,20.841021],[73.730817,20.841037],[73.730818,20.841051],[73.73081,20.841059],[73.730806,20.84107],[73.730809,20.84108],[73.730816,20.841087],[73.730811,20.841095],[73.730819,20.841117],[73.730818,20.841127],[73.730827,20.841138],[73.73083,20.841155],[73.730836,20.841161],[73.73084,20.841161],[73.730839,20.841164],[73.730834,20.841163],[73.730833,20.841164],[73.730836,20.841194],[73.73084,20.841197],[73.730847,20.841191],[73.73085,20.841194],[73.730848,20.8412],[73.730842,20.841201],[73.730838,20.841205],[73.730839,20.841212],[73.730841,20.841215],[73.730846,20.841213],[73.730849,20.841215],[73.730844,20.841225],[73.730839,20.841229],[73.730834,20.841242],[73.73083,20.841255],[73.73083,20.841265],[73.730826,20.841271],[73.730828,20.841278],[73.73082,20.841285],[73.730808,20.841302],[73.730812,20.841311],[73.730811,20.841317],[73.730805,20.84132],[73.730793,20.84132],[73.730782,20.841344],[73.730786,20.841353],[73.730795,20.841365],[73.730791,20.841383],[73.730793,20.841395],[73.730785,20.841402],[73.730783,20.841408],[73.730783,20.841413],[73.730776,20.841421],[73.730773,20.841433],[73.73076,20.841435],[73.730753,20.841439],[73.730747,20.841472],[73.73073,20.841498],[73.730731,20.841507],[73.730725,20.841526],[73.73073,20.841564],[73.730729,20.841574],[73.730722,20.841587],[73.730721,20.841599],[73.730715,20.841602],[73.730717,20.841608],[73.730715,20.841616],[73.730721,20.841629],[73.730717,20.841647],[73.730719,20.841655],[73.730717,20.841661],[73.730723,20.84167],[73.730722,20.841675],[73.730718,20.841682],[73.730721,20.841692],[73.730723,20.841719],[73.73071,20.841751],[73.730714,20.841764],[73.730713,20.841775],[73.730709,20.841782],[73.730697,20.84179],[73.730693,20.841804],[73.730687,20.841816],[73.730688,20.841825],[73.730697,20.841841],[73.73069,20.841849],[73.730671,20.84186],[73.73066,20.841863],[73.730648,20.841863],[73.730643,20.841874],[73.730636,20.84188],[73.730634,20.84189],[73.730627,20.841902],[73.730626,20.841909],[73.730622,20.84191],[73.730618,20.841906],[73.730614,20.841915],[73.730615,20.841922],[73.730618,20.841924],[73.730624,20.841937],[73.730623,20.841948],[73.730629,20.841961],[73.730628,20.841975],[73.730631,20.841989],[73.730626,20.84202],[73.730628,20.84203],[73.730625,20.842047],[73.730629,20.842058],[73.730628,20.84206],[73.730625,20.842057],[73.730623,20.842059],[73.730616,20.842079],[73.730616,20.842089],[73.730621,20.842097],[73.730616,20.842099],[73.73061,20.842114],[73.730612,20.842127],[73.730603,20.842153],[73.730608,20.842168],[73.730592,20.842178],[73.730597,20.842192],[73.730598,20.842201],[73.730597,20.842206],[73.730591,20.842214],[73.730596,20.842224],[73.730592,20.84223],[73.730599,20.842238],[73.730589,20.842251],[73.730591,20.842274],[73.730588,20.842282],[73.730597,20.842292],[73.730608,20.842298],[73.730593,20.842317],[73.73059,20.842325],[73.730584,20.84233],[73.730581,20.842336],[73.730585,20.842348],[73.730589,20.842353],[73.730587,20.842362],[73.730593,20.842369],[73.730586,20.842377],[73.730587,20.842386],[73.730576,20.842395],[73.730574,20.842416],[73.730579,20.842429],[73.730572,20.842433],[73.730567,20.842441],[73.730581,20.842473],[73.730582,20.842481],[73.730579,20.842485],[73.730578,20.842495],[73.73058,20.842498],[73.730586,20.842498],[73.730592,20.84252],[73.730586,20.84255],[73.730569,20.842577],[73.730552,20.842586],[73.73055,20.842597],[73.730554,20.84262],[73.730542,20.842627],[73.73054,20.842647],[73.730534,20.842653],[73.730519,20.84266],[73.730504,20.842693],[73.73048,20.842716],[73.730474,20.842738],[73.73047,20.84274],[73.730453,20.842739],[73.730446,20.842741],[73.730444,20.842745],[73.730444,20.842756],[73.730452,20.842767],[73.730446,20.842775],[73.730455,20.842788],[73.730454,20.842805],[73.730461,20.842812],[73.730463,20.842817],[73.730457,20.84283],[73.73045,20.842837],[73.730451,20.842843],[73.730445,20.842856],[73.730444,20.842868],[73.730438,20.842878],[73.730438,20.842886],[73.730432,20.842893],[73.730431,20.842899],[73.730424,20.842906],[73.730429,20.842911],[73.730428,20.842921],[73.730423,20.842928],[73.730404,20.842932],[73.730386,20.84294],[73.730379,20.842947],[73.730374,20.842958],[73.730369,20.842964],[73.730371,20.842973],[73.73037,20.842977],[73.730352,20.842995],[73.730353,20.843028],[73.730362,20.843032],[73.730365,20.843037],[73.730359,20.843049],[73.730358,20.843071],[73.73035,20.843078],[73.730345,20.843093],[73.730344,20.843118],[73.73034,20.84314],[73.730333,20.843148],[73.730337,20.843154],[73.730334,20.843156],[73.730329,20.843155],[73.730326,20.843159],[73.730322,20.843178],[73.730319,20.843182],[73.73032,20.843197],[73.73031,20.843218],[73.730309,20.843227],[73.730305,20.843245],[73.730302,20.843247],[73.730294,20.843247],[73.730287,20.843253],[73.730275,20.843272],[73.730265,20.843282],[73.730254,20.8433],[73.730254,20.843306],[73.730267,20.843323],[73.730267,20.843336],[73.730276,20.843356],[73.730276,20.843364],[73.730281,20.843375],[73.730281,20.843382],[73.730276,20.84339],[73.73028,20.843397],[73.730281,20.843405],[73.730285,20.843409],[73.730285,20.843426],[73.730281,20.843435],[73.730283,20.843437],[73.730287,20.843436],[73.730287,20.843439],[73.730283,20.843441],[73.730278,20.843448],[73.730278,20.843453],[73.730272,20.843464],[73.730271,20.843484],[73.730267,20.843493],[73.730268,20.843499],[73.730265,20.843514],[73.730263,20.84352],[73.730255,20.843529],[73.730257,20.843536],[73.730253,20.843546],[73.730254,20.84355],[73.730246,20.843566],[73.730245,20.843594],[73.730242,20.843598],[73.730224,20.843605],[73.730218,20.843619],[73.730206,20.843638],[73.730211,20.843661],[73.730211,20.843693],[73.730208,20.843704],[73.730199,20.843715],[73.730199,20.843719],[73.730194,20.843731],[73.730195,20.843737],[73.730186,20.843743],[73.730186,20.84375],[73.730178,20.843765],[73.730179,20.843773],[73.73017,20.843783],[73.730159,20.843784],[73.730149,20.843793],[73.730144,20.843795],[73.730137,20.843814],[73.730128,20.84383],[73.730128,20.84384],[73.73013,20.843854],[73.730139,20.843876],[73.730138,20.843893],[73.730141,20.8439],[73.730148,20.843906],[73.730151,20.843917],[73.730145,20.843919],[73.730119,20.843952],[73.730116,20.843976],[73.73012,20.843983],[73.73012,20.84399],[73.730097,20.844014],[73.730092,20.84403],[73.730081,20.844034],[73.730076,20.844044],[73.730079,20.844062],[73.730086,20.844072],[73.730097,20.844082],[73.73011,20.84409],[73.730112,20.844098],[73.730131,20.844104],[73.730141,20.844111],[73.730144,20.844117],[73.73014,20.84413],[73.730126,20.844153],[73.730125,20.844159],[73.730092,20.844186],[73.730093,20.844201],[73.73009,20.844217],[73.730096,20.844226],[73.730098,20.844235],[73.730094,20.844242]]}},{"type":"Feature","properties":{"elevation":382},"geometry":{"type":"LineString","coordinates":[[73.730852,20.840875],[73.730846,20.84089],[73.730849,20.840897],[73.730847,20.840904],[73.730844,20.840906],[73.730844,20.840925],[73.730832,20.840945],[73.730833,20.840956],[73.730828,20.840957],[73.730825,20.840962],[73.730824,20.840974],[73.730819,20.840988],[73.730806,20.841008],[73.730807,20.841013],[73.730804,20.841015],[73.730805,20.841026],[73.730802,20.841044],[73.730789,20.84106],[73.730787,20.841067],[73.730791,20.84108],[73.730791,20.841088],[73.730798,20.841095],[73.730796,20.8411],[73.730807,20.841128],[73.730802,20.841152],[73.730813,20.841149],[73.730819,20.841155],[73.730819,20.841161],[73.73081,20.841164],[73.73081,20.841166],[73.730816,20.841181],[73.730816,20.841194],[73.73082,20.841209],[73.730827,20.841213],[73.730822,20.841213],[73.730821,20.841215],[73.730818,20.841227],[73.730818,20.84124],[73.730813,20.841254],[73.730815,20.841259],[73.73081,20.841264],[73.730804,20.841283],[73.7308,20.841286],[73.730803,20.841294],[73.730802,20.841298],[73.730791,20.841307],[73.730786,20.841327],[73.73077,20.841352],[73.730778,20.841373],[73.730775,20.841388],[73.730769,20.841401],[73.73077,20.84141],[73.730765,20.841421],[73.730751,20.841432],[73.730742,20.841461],[73.730729,20.841472],[73.730719,20.841488],[73.730716,20.841504],[73.730723,20.841506],[73.730725,20.841513],[73.730714,20.841513],[73.730707,20.841526],[73.730718,20.841563],[73.730715,20.841569],[73.730703,20.841579],[73.7307,20.841589],[73.730699,20.841617],[73.730705,20.841626],[73.730713,20.841626],[73.730716,20.84163],[73.730705,20.841641],[73.730708,20.841646],[73.730705,20.841654],[73.73071,20.841661],[73.730708,20.841668],[73.73071,20.841671],[73.730708,20.841675],[73.730703,20.841678],[73.730702,20.841682],[73.730707,20.841707],[73.730714,20.841718],[73.730716,20.841728],[73.730711,20.84174],[73.730695,20.841761],[73.730702,20.841767],[73.730702,20.841771],[73.730695,20.841777],[73.730693,20.841785],[73.730685,20.841798],[73.730673,20.841804],[73.730673,20.84181],[73.730677,20.84182],[73.730661,20.841818],[73.730655,20.841819],[73.730641,20.841839],[73.730643,20.841842],[73.730637,20.841843],[73.730631,20.841849],[73.730627,20.841864],[73.730619,20.841868],[73.730616,20.841874],[73.730602,20.841885],[73.7306,20.841889],[73.730601,20.8419],[73.730598,20.841906],[73.730601,20.841928],[73.730605,20.841935],[73.73061,20.841936],[73.730613,20.841943],[73.73061,20.841956],[73.730613,20.841995],[73.730617,20.842007],[73.730608,20.842034],[73.730609,20.842044],[73.730606,20.842057],[73.730607,20.842067],[73.7306,20.842084],[73.730601,20.842107],[73.730593,20.842113],[73.730592,20.842116],[73.730599,20.842129],[73.730597,20.842131],[73.730584,20.842138],[73.730581,20.842142],[73.730581,20.842146],[73.730586,20.84215],[73.730579,20.842154],[73.730577,20.842169],[73.730572,20.842182],[73.730572,20.842205],[73.730576,20.84221],[73.730578,20.842218],[73.730578,20.842233],[73.730575,20.842237],[73.730576,20.842247],[73.730578,20.842249],[73.730582,20.842248],[73.730584,20.842253],[73.730583,20.84226],[73.730578,20.842263],[73.730577,20.842268],[73.730579,20.842271],[73.730586,20.842271],[73.730587,20.842274],[73.730584,20.842277],[73.730577,20.842273],[73.730568,20.842275],[73.730554,20.842305],[73.730563,20.842312],[73.730578,20.842306],[73.730586,20.842306],[73.73059,20.842312],[73.730587,20.842325],[73.730577,20.842327],[73.73058,20.842331],[73.730575,20.842336],[73.730574,20.842344],[73.730568,20.842351],[73.730572,20.842359],[73.730581,20.842362],[73.730586,20.842367],[73.730582,20.84238],[73.730586,20.842384],[73.73058,20.842387],[73.730573,20.842379],[73.730565,20.842375],[73.73056,20.842374],[73.730558,20.842377],[73.730561,20.842389],[73.73056,20.842405],[73.730558,20.842411],[73.730563,20.842417],[73.730563,20.842442],[73.730568,20.842479],[73.730574,20.842485],[73.730564,20.842504],[73.730564,20.842512],[73.730566,20.842518],[73.730582,20.842529],[73.730582,20.842538],[73.730581,20.84254],[73.730571,20.842535],[73.73057,20.842529],[73.730567,20.842528],[73.730569,20.842536],[73.730565,20.842545],[73.730569,20.842551],[73.730557,20.842558],[73.730555,20.842563],[73.73055,20.842566],[73.730544,20.842596],[73.730536,20.842601],[73.730529,20.842617],[73.730532,20.842626],[73.730524,20.842627],[73.730522,20.84263],[73.730523,20.842634],[73.730531,20.84264],[73.730533,20.842645],[73.730531,20.842649],[73.730516,20.842658],[73.730505,20.842678],[73.730496,20.842677],[73.730487,20.84268],[73.730479,20.842689],[73.730479,20.842702],[73.730474,20.8427],[73.730469,20.842693],[73.730444,20.842717],[73.730436,20.842734],[73.730429,20.842738],[73.730424,20.842738],[73.730419,20.842745],[73.73042,20.842749],[73.730425,20.842753],[73.730445,20.842786],[73.730447,20.842793],[73.730443,20.842817],[73.73043,20.842836],[73.730428,20.842865],[73.730423,20.842869],[73.730418,20.842882],[73.73042,20.842893],[73.730416,20.842893],[73.730413,20.842886],[73.730404,20.842902],[73.730396,20.842907],[73.730392,20.842919],[73.730386,20.84292],[73.730382,20.842926],[73.730373,20.842926],[73.730366,20.842938],[73.730357,20.842964],[73.73036,20.842979],[73.73035,20.842987],[73.730348,20.842992],[73.730348,20.843023],[73.730339,20.843052],[73.730343,20.843059],[73.730341,20.843065],[73.730345,20.843082],[73.730341,20.843121],[73.730337,20.843128],[73.730329,20.843132],[73.730324,20.843139],[73.730326,20.843145],[73.730317,20.843171],[73.730311,20.843176],[73.730311,20.843185],[73.730295,20.843195],[73.730293,20.843214],[73.73028,20.843237],[73.730273,20.843237],[73.730275,20.843249],[73.730268,20.843255],[73.730271,20.84326],[73.73027,20.843263],[73.730257,20.843267],[73.730255,20.843273],[73.730261,20.843276],[73.730261,20.843282],[73.730254,20.843295],[73.730249,20.843299],[73.730241,20.843311],[73.730245,20.843323],[73.730244,20.843332],[73.730252,20.843353],[73.730259,20.843393],[73.730263,20.843398],[73.730261,20.843408],[73.730269,20.843415],[73.730277,20.843419],[73.730278,20.843423],[73.730273,20.84343],[73.730264,20.843425],[73.730257,20.843458],[73.730258,20.843476],[73.730251,20.84349],[73.730249,20.843501],[73.730242,20.843506],[73.730237,20.843513],[73.730238,20.843518],[73.730244,20.843522],[73.730245,20.843529],[73.73024,20.84354],[73.730233,20.843548],[73.730228,20.84355],[73.730234,20.843557],[73.730233,20.84356],[73.730226,20.843581],[73.730216,20.843587],[73.730219,20.843602],[73.730217,20.843615],[73.730205,20.843637],[73.730206,20.843667],[73.730199,20.843672],[73.73019,20.843672],[73.730185,20.843667],[73.730182,20.843669],[73.730183,20.843676],[73.730191,20.843678],[73.730194,20.843684],[73.730191,20.843688],[73.730183,20.843689],[73.730179,20.843698],[73.730175,20.843726],[73.730184,20.843735],[73.730179,20.843739],[73.730171,20.843738],[73.730169,20.843748],[73.730163,20.843747],[73.730162,20.843749],[73.730163,20.843754],[73.730168,20.843757],[73.730174,20.843752],[73.730178,20.843752],[73.730178,20.843759],[73.730166,20.843769],[73.730153,20.84377],[73.730143,20.843775],[73.730126,20.843791],[73.730125,20.843797],[73.73013,20.843806],[73.73013,20.843814],[73.730129,20.843818],[73.730121,20.843824],[73.730124,20.843828],[73.730121,20.843845],[73.730132,20.843863],[73.730135,20.843872],[73.730135,20.843899],[73.730137,20.843902],[73.730143,20.843906],[73.730144,20.843909],[73.730136,20.843916],[73.730132,20.843932],[73.730107,20.843939],[73.730094,20.843952],[73.730094,20.843963],[73.730104,20.844003],[73.730073,20.844032],[73.730068,20.844035],[73.730073,20.844049],[73.730073,20.84406],[73.730081,20.844076],[73.730089,20.844083],[73.73011,20.844091],[73.730107,20.844095],[73.73011,20.844101],[73.730119,20.844109],[73.730126,20.844111],[73.730135,20.844117],[73.730139,20.84412],[73.730139,20.844125],[73.730123,20.844158],[73.730087,20.844187],[73.730089,20.844205],[73.730083,20.844215],[73.730087,20.844223],[73.730084,20.844233],[73.730081,20.844235],[73.730078,20.844242]]}},{"type":"Feature","properties":{"elevation":383},"geometry":{"type":"LineString","coordinates":[[73.730817,20.840875],[73.730824,20.840886],[73.730823,20.840899],[73.730826,20.840905],[73.730818,20.840924],[73.730821,20.840948],[73.730817,20.840961],[73.730817,20.84097],[73.730811,20.840978],[73.730812,20.840984],[73.730806,20.840992],[73.730801,20.840993],[73.730803,20.841004],[73.730799,20.841013],[73.730799,20.841023],[73.73078,20.841031],[73.730777,20.841036],[73.73078,20.841051],[73.730775,20.841058],[73.730772,20.841071],[73.730774,20.841077],[73.730769,20.841081],[73.730772,20.841103],[73.730799,20.841134],[73.730789,20.84116],[73.730803,20.841172],[73.730809,20.84118],[73.730814,20.841211],[73.730812,20.841224],[73.730797,20.841237],[73.730798,20.841243],[73.730795,20.841263],[73.730798,20.841269],[73.730785,20.841288],[73.730782,20.841298],[73.730785,20.841316],[73.730784,20.841326],[73.730771,20.841346],[73.730757,20.841356],[73.730747,20.841382],[73.730749,20.841391],[73.730757,20.841397],[73.730752,20.841409],[73.730746,20.84141],[73.730744,20.841414],[73.730747,20.841429],[73.730745,20.84144],[73.730732,20.841446],[73.730723,20.841455],[73.730719,20.841467],[73.730712,20.841482],[73.730711,20.841491],[73.730706,20.841497],[73.730704,20.841506],[73.730696,20.841518],[73.730694,20.841531],[73.730697,20.841537],[73.730702,20.841541],[73.730702,20.841551],[73.730712,20.841555],[73.730713,20.841561],[73.730708,20.841569],[73.730696,20.841575],[73.730694,20.841588],[73.730688,20.841591],[73.730682,20.841602],[73.730687,20.841624],[73.730686,20.841632],[73.730689,20.841636],[73.730687,20.84165],[73.730696,20.84165],[73.7307,20.841655],[73.730694,20.841661],[73.730687,20.841656],[73.730685,20.841657],[73.730685,20.841663],[73.730688,20.84167],[73.730684,20.841681],[73.730684,20.841688],[73.730685,20.841697],[73.7307,20.841705],[73.730703,20.841709],[73.730702,20.841713],[73.730701,20.841716],[73.730698,20.841716],[73.730698,20.841719],[73.730685,20.841721],[73.730679,20.841729],[73.730682,20.841742],[73.730674,20.841769],[73.730669,20.841777],[73.73067,20.841786],[73.730661,20.841789],[73.730654,20.841795],[73.730641,20.841799],[73.730611,20.841824],[73.730601,20.841837],[73.730599,20.841844],[73.730602,20.841859],[73.73059,20.841873],[73.730587,20.841885],[73.730564,20.841888],[73.73056,20.841898],[73.730562,20.841906],[73.730577,20.841937],[73.730592,20.841949],[73.730596,20.841971],[73.730603,20.841981],[73.730601,20.841985],[73.730596,20.841986],[73.730592,20.841998],[73.730587,20.842007],[73.730585,20.842017],[73.730592,20.842033],[73.730591,20.842057],[73.730603,20.842066],[73.730596,20.842075],[73.730592,20.842072],[73.730585,20.842075],[73.730586,20.842101],[73.730578,20.84211],[73.730579,20.842116],[73.730576,20.842124],[73.730578,20.842133],[73.73057,20.842161],[73.730571,20.842172],[73.730565,20.842183],[73.730562,20.842198],[73.730566,20.842211],[73.730566,20.842241],[73.730552,20.842255],[73.730554,20.842266],[73.730544,20.842273],[73.730539,20.842287],[73.730544,20.84231],[73.73054,20.842328],[73.730544,20.842333],[73.730551,20.842336],[73.730553,20.842342],[73.730546,20.842369],[73.730551,20.842385],[73.730556,20.842392],[73.730555,20.842394],[73.73055,20.842392],[73.730548,20.842394],[73.730547,20.842403],[73.730543,20.84241],[73.730546,20.842418],[73.730543,20.842426],[73.730542,20.842432],[73.730547,20.842438],[73.730559,20.842444],[73.730561,20.842456],[73.73056,20.842461],[73.730551,20.842462],[73.730548,20.842469],[73.73055,20.842475],[73.730557,20.842487],[73.730551,20.842504],[73.730543,20.842515],[73.730549,20.84254],[73.73054,20.842558],[73.730521,20.842576],[73.730517,20.842614],[73.730512,20.842617],[73.730514,20.842621],[73.730497,20.842638],[73.730485,20.842661],[73.730476,20.842666],[73.730476,20.842677],[73.730467,20.842673],[73.730449,20.842692],[73.730441,20.842698],[73.730439,20.842705],[73.73044,20.842715],[73.730437,20.842721],[73.730432,20.842715],[73.730431,20.84271],[73.730422,20.8427],[73.730414,20.842708],[73.730411,20.842705],[73.730407,20.842705],[73.730386,20.842718],[73.730394,20.842735],[73.730405,20.842746],[73.730409,20.842747],[73.730411,20.842744],[73.730414,20.842744],[73.730411,20.842754],[73.730418,20.842766],[73.730418,20.842783],[73.73042,20.842788],[73.730416,20.842827],[73.730422,20.842831],[73.730422,20.842834],[73.730419,20.842837],[73.730413,20.842838],[73.73041,20.842845],[73.730396,20.842858],[73.730394,20.842867],[73.730397,20.842873],[73.730392,20.842886],[73.73038,20.842897],[73.730359,20.84291],[73.730354,20.842933],[73.730349,20.842938],[73.730348,20.842941],[73.730354,20.842949],[73.730353,20.842952],[73.730356,20.842959],[73.730349,20.842962],[73.730347,20.842956],[73.730345,20.842956],[73.730343,20.842965],[73.730338,20.842969],[73.730337,20.842984],[73.730344,20.842995],[73.730345,20.843001],[73.730342,20.843008],[73.730334,20.843008],[73.730331,20.84301],[73.730333,20.843017],[73.730341,20.843022],[73.730342,20.843027],[73.730339,20.84304],[73.73033,20.843054],[73.730329,20.843062],[73.730331,20.843071],[73.730342,20.843089],[73.730338,20.84311],[73.730333,20.843116],[73.73033,20.843115],[73.730325,20.84311],[73.73032,20.843112],[73.730318,20.84312],[73.730321,20.843127],[73.730313,20.843139],[73.730313,20.843157],[73.730306,20.843178],[73.730298,20.843183],[73.730272,20.843187],[73.730269,20.843195],[73.730274,20.843204],[73.730274,20.84321],[73.73027,20.843216],[73.730263,20.843218],[73.730252,20.843237],[73.730239,20.843253],[73.730234,20.843262],[73.730235,20.84327],[73.73023,20.843274],[73.730231,20.843291],[73.730227,20.843301],[73.730231,20.843312],[73.730226,20.843326],[73.73024,20.843363],[73.730241,20.843374],[73.730239,20.843378],[73.730241,20.843394],[73.730249,20.843419],[73.730256,20.84342],[73.730259,20.843414],[73.730263,20.843417],[73.730256,20.843423],[73.730258,20.84343],[73.730256,20.843439],[73.730249,20.843438],[73.730248,20.843441],[73.730244,20.843443],[73.730239,20.843461],[73.730239,20.84347],[73.730235,20.843479],[73.730233,20.843509],[73.730225,20.843519],[73.730221,20.843541],[73.730207,20.843577],[73.730214,20.843603],[73.730211,20.84362],[73.730208,20.843623],[73.730201,20.843641],[73.730187,20.843654],[73.730186,20.843661],[73.730176,20.843675],[73.730172,20.84369],[73.730154,20.843697],[73.730151,20.8437],[73.730151,20.843704],[73.730174,20.843733],[73.730166,20.843743],[73.730157,20.843744],[73.730155,20.843739],[73.73015,20.843741],[73.730146,20.843748],[73.730136,20.843755],[73.730129,20.843767],[73.730125,20.843777],[73.730119,20.843782],[73.730118,20.843787],[73.730112,20.84379],[73.730128,20.843811],[73.730126,20.843815],[73.730118,20.84382],[73.73012,20.84383],[73.730116,20.843841],[73.730119,20.843852],[73.730118,20.843856],[73.730126,20.843859],[73.730133,20.84387],[73.730128,20.843912],[73.730117,20.843921],[73.730103,20.843918],[73.730092,20.843919],[73.730091,20.843928],[73.730094,20.843939],[73.730085,20.84396],[73.730088,20.843971],[73.730086,20.843978],[73.730092,20.843988],[73.730093,20.844004],[73.73009,20.84401],[73.73008,20.844016],[73.73007,20.844013],[73.730071,20.844022],[73.730063,20.844031],[73.730065,20.844041],[73.730069,20.844043],[73.730071,20.844049],[73.730066,20.844056],[73.730069,20.844059],[73.730067,20.844074],[73.730059,20.844097],[73.73006,20.844109],[73.730059,20.844111],[73.730056,20.844111],[73.730053,20.844127],[73.730059,20.844131],[73.730061,20.844129],[73.730059,20.844124],[73.730065,20.844119],[73.730068,20.844117],[73.730076,20.844118],[73.730082,20.84412],[73.730096,20.844133],[73.730123,20.844137],[73.730126,20.844139],[73.730126,20.844144],[73.730119,20.844158],[73.730093,20.844177],[73.730087,20.844178],[73.730067,20.844172],[73.730054,20.844173],[73.730045,20.844176],[73.730045,20.844187],[73.73005,20.844205],[73.730044,20.844226],[73.730039,20.844233],[73.730044,20.844241]]}},{"type":"Feature","properties":{"elevation":383},"geometry":{"type":"LineString","coordinates":[[73.730052,20.844242],[73.730063,20.844236],[73.730062,20.84422],[73.730065,20.844218],[73.730072,20.844225],[73.73007,20.844242]]}},{"type":"Feature","properties":{"elevation":384},"geometry":{"type":"LineString","coordinates":[[73.730802,20.840875],[73.730807,20.840901],[73.730805,20.840906],[73.730803,20.840922],[73.730808,20.840931],[73.730801,20.840945],[73.730801,20.840962],[73.730788,20.840988],[73.730786,20.840998],[73.730773,20.841011],[73.730774,20.841029],[73.730764,20.841048],[73.730766,20.841056],[73.730763,20.841057],[73.73076,20.841063],[73.73075,20.841056],[73.73074,20.841064],[73.730743,20.841075],[73.730747,20.841082],[73.73076,20.841086],[73.730766,20.841091],[73.730771,20.841114],[73.730768,20.841124],[73.730777,20.841129],[73.730783,20.841143],[73.730783,20.841164],[73.730779,20.841175],[73.730788,20.841195],[73.73079,20.841204],[73.730789,20.841212],[73.730792,20.841219],[73.73079,20.841222],[73.730787,20.841222],[73.730789,20.84123],[73.73078,20.841245],[73.730777,20.841264],[73.730769,20.841274],[73.730763,20.841289],[73.730764,20.841293],[73.730771,20.841299],[73.730774,20.841305],[73.730767,20.841307],[73.730768,20.841315],[73.730762,20.841317],[73.730759,20.841321],[73.730764,20.841325],[73.730776,20.841316],[73.730778,20.841321],[73.73077,20.841341],[73.730755,20.841353],[73.730744,20.841383],[73.730738,20.841412],[73.730742,20.841436],[73.73072,20.841445],[73.730711,20.841452],[73.730696,20.841479],[73.730693,20.84149],[73.730693,20.8415],[73.73068,20.841518],[73.73068,20.841526],[73.730687,20.841534],[73.730687,20.841551],[73.730682,20.841561],[73.730679,20.841579],[73.73067,20.841583],[73.730667,20.841597],[73.73067,20.841608],[73.730667,20.841613],[73.730668,20.841619],[73.730673,20.841624],[73.730675,20.841628],[73.730668,20.841644],[73.730672,20.841652],[73.730668,20.841658],[73.730678,20.841676],[73.73068,20.841698],[73.730672,20.84172],[73.730676,20.841753],[73.73065,20.841787],[73.73064,20.841792],[73.730635,20.841798],[73.730627,20.841803],[73.73059,20.84184],[73.730578,20.841844],[73.730561,20.841845],[73.730554,20.841861],[73.730555,20.841902],[73.730575,20.841942],[73.730578,20.841959],[73.730581,20.841964],[73.730578,20.841969],[73.730579,20.841973],[73.730587,20.841983],[73.730583,20.841997],[73.730582,20.842019],[73.730582,20.842029],[73.730588,20.842044],[73.730587,20.842051],[73.730577,20.842054],[73.730574,20.842058],[73.730576,20.842072],[73.730572,20.842089],[73.730574,20.842104],[73.730569,20.842109],[73.730563,20.842111],[73.730558,20.842125],[73.730561,20.842143],[73.730556,20.842152],[73.73056,20.842159],[73.73056,20.842166],[73.730558,20.842174],[73.730549,20.842182],[73.730546,20.842202],[73.730549,20.842216],[73.730544,20.84222],[73.730543,20.842229],[73.730545,20.842232],[73.730554,20.842229],[73.730556,20.842231],[73.730551,20.842237],[73.730548,20.842249],[73.73054,20.842254],[73.730526,20.842274],[73.730519,20.842281],[73.730524,20.842285],[73.730525,20.842293],[73.730535,20.842305],[73.730527,20.842325],[73.730545,20.842347],[73.730542,20.842356],[73.730543,20.84238],[73.730538,20.842395],[73.730537,20.842412],[73.730529,20.842429],[73.730545,20.842448],[73.730543,20.842453],[73.730544,20.84246],[73.730537,20.842474],[73.73054,20.842485],[73.730533,20.8425],[73.730535,20.842508],[73.730531,20.842518],[73.730533,20.842525],[73.730542,20.842535],[73.730543,20.842541],[73.73054,20.842546],[73.730534,20.842545],[73.730531,20.842547],[73.730528,20.842553],[73.730529,20.842562],[73.730519,20.842568],[73.730516,20.842577],[73.730515,20.842596],[73.730505,20.842601],[73.730503,20.842613],[73.730498,20.842619],[73.730491,20.842619],[73.730489,20.842629],[73.730481,20.842634],[73.73048,20.842647],[73.730483,20.842658],[73.730479,20.842658],[73.730477,20.842653],[73.730468,20.842655],[73.730463,20.842658],[73.730461,20.842663],[73.730444,20.84267],[73.730425,20.842687],[73.730411,20.842686],[73.730403,20.842698],[73.730388,20.842703],[73.730383,20.842712],[73.730382,20.842724],[73.730394,20.842757],[73.730395,20.842759],[73.730399,20.842756],[73.730403,20.842759],[73.730398,20.842764],[73.730404,20.84278],[73.7304,20.842798],[73.730404,20.842803],[73.730401,20.842806],[73.730394,20.84283],[73.730398,20.842836],[73.730401,20.842833],[73.730404,20.842834],[73.730406,20.84284],[73.730396,20.842851],[73.730383,20.842873],[73.730375,20.842877],[73.730376,20.84289],[73.730365,20.842898],[73.730353,20.842903],[73.730347,20.842903],[73.730343,20.842915],[73.730338,20.842918],[73.730337,20.842929],[73.73033,20.842938],[73.730331,20.842944],[73.730326,20.842949],[73.730331,20.84296],[73.730331,20.84297],[73.730328,20.842974],[73.730327,20.842981],[73.730319,20.842988],[73.730315,20.842997],[73.730317,20.843004],[73.730321,20.84301],[73.730315,20.843013],[73.730318,20.843018],[73.730311,20.843036],[73.730311,20.843042],[73.730316,20.843049],[73.730321,20.843075],[73.730327,20.843086],[73.730325,20.843094],[73.730308,20.843106],[73.730306,20.84311],[73.730304,20.843117],[73.730306,20.843136],[73.730301,20.843144],[73.730292,20.843149],[73.730288,20.843173],[73.730285,20.843176],[73.730272,20.843178],[73.730266,20.843184],[73.730262,20.84319],[73.730255,20.843227],[73.730239,20.843245],[73.730235,20.843247],[73.730227,20.843248],[73.730231,20.843253],[73.730216,20.843277],[73.730223,20.843288],[73.730225,20.843311],[73.730221,20.843314],[73.73021,20.843309],[73.730206,20.843318],[73.73021,20.843328],[73.730213,20.843349],[73.73022,20.843358],[73.730223,20.843372],[73.730222,20.843379],[73.730232,20.843417],[73.730226,20.843432],[73.730227,20.84344],[73.730222,20.84345],[73.730219,20.843465],[73.73022,20.843474],[73.730216,20.84349],[73.730222,20.843515],[73.730214,20.843544],[73.730207,20.84356],[73.730203,20.843581],[73.730198,20.843588],[73.730186,20.843592],[73.73018,20.843598],[73.730172,20.843614],[73.73017,20.843627],[73.730164,20.843629],[73.73016,20.843621],[73.730157,20.843619],[73.730144,20.843624],[73.73015,20.843652],[73.730155,20.843656],[73.730168,20.843656],[73.73017,20.843668],[73.730167,20.843673],[73.730172,20.84368],[73.730169,20.843689],[73.730158,20.843688],[73.730148,20.843695],[73.730147,20.843708],[73.730159,20.843718],[73.730164,20.843727],[73.730171,20.843732],[73.730165,20.843741],[73.730162,20.843741],[73.730158,20.843735],[73.73014,20.843725],[73.730139,20.843732],[73.730131,20.843734],[73.73013,20.843741],[73.730125,20.843746],[73.730124,20.843753],[73.730119,20.843758],[73.730111,20.843761],[73.730101,20.843774],[73.730101,20.843782],[73.730096,20.843786],[73.730092,20.843798],[73.730093,20.843806],[73.730103,20.843807],[73.730108,20.843804],[73.730115,20.843804],[73.730115,20.843809],[73.730122,20.843808],[73.730125,20.84381],[73.730124,20.843814],[73.730115,20.843818],[73.730117,20.843829],[73.730112,20.843835],[73.730108,20.843837],[73.730101,20.843834],[73.730086,20.84384],[73.730081,20.843836],[73.730082,20.843831],[73.73008,20.843829],[73.730074,20.843832],[73.730061,20.843831],[73.730058,20.843838],[73.730058,20.843847],[73.730065,20.843863],[73.73007,20.843858],[73.730082,20.843853],[73.73009,20.843846],[73.730099,20.843852],[73.730109,20.843856],[73.730118,20.843865],[73.730116,20.843876],[73.730108,20.843889],[73.7301,20.84389],[73.730101,20.843883],[73.730099,20.843881],[73.730091,20.843888],[73.730091,20.843893],[73.730101,20.843897],[73.7301,20.843908],[73.730095,20.843908],[73.730085,20.843901],[73.730075,20.8439],[73.730071,20.843902],[73.730063,20.843908],[73.730058,20.843908],[73.730055,20.84391],[73.730059,20.843921],[73.730081,20.84393],[73.730086,20.843945],[73.730083,20.843954],[73.730078,20.843953],[73.730073,20.843958],[73.730061,20.843959],[73.730051,20.843962],[73.73005,20.843965],[73.730049,20.843971],[73.730059,20.844],[73.730054,20.844016],[73.730059,20.844032],[73.730055,20.84404],[73.730055,20.844048],[73.73004,20.844061],[73.730035,20.844069],[73.730036,20.844085],[73.730048,20.844106],[73.730048,20.844121],[73.730048,20.844127],[73.730045,20.84413],[73.730034,20.844126],[73.730031,20.844142],[73.730033,20.844146],[73.730042,20.844147],[73.730052,20.844155],[73.730058,20.844147],[73.730054,20.844134],[73.730079,20.844135],[73.730082,20.844137],[73.730079,20.84414],[73.730081,20.844143],[73.730094,20.84415],[73.730102,20.844163],[73.730095,20.844166],[73.730061,20.844167],[73.730046,20.844171],[73.730037,20.84417],[73.730031,20.844165],[73.730028,20.844165],[73.730025,20.844174],[73.73003,20.844181],[73.730038,20.844181],[73.730042,20.844196],[73.730046,20.844203],[73.730036,20.844233],[73.730036,20.844241]]}},{"type":"Feature","properties":{"elevation":385},"geometry":{"type":"LineString","coordinates":[[73.730795,20.840877],[73.730791,20.840909],[73.730788,20.84092],[73.730791,20.840925],[73.730789,20.840934],[73.730783,20.840947],[73.730776,20.840953],[73.730779,20.840962],[73.730781,20.840981],[73.730777,20.840989],[73.730767,20.840995],[73.730764,20.841011],[73.730765,20.84102],[73.73077,20.841028],[73.730769,20.841034],[73.730765,20.841043],[73.730759,20.841048],[73.730741,20.841048],[73.730733,20.841055],[73.730725,20.841055],[73.730726,20.841062],[73.730718,20.841064],[73.730717,20.84107],[73.730718,20.841079],[73.730732,20.841082],[73.730732,20.841084],[73.730728,20.841086],[73.730731,20.84109],[73.73074,20.841094],[73.730752,20.84109],[73.730763,20.841092],[73.730764,20.841108],[73.730768,20.841114],[73.730762,20.841117],[73.73076,20.84113],[73.730768,20.84114],[73.73077,20.841141],[73.730775,20.841138],[73.730779,20.84114],[73.73078,20.841143],[73.730776,20.841149],[73.730779,20.841159],[73.730766,20.841196],[73.730755,20.84121],[73.73076,20.841224],[73.730759,20.841239],[73.730765,20.841247],[73.730762,20.841255],[73.730764,20.841267],[73.730762,20.841275],[73.730741,20.841301],[73.730734,20.841315],[73.730736,20.841339],[73.73075,20.841353],[73.730747,20.841366],[73.730735,20.841394],[73.730732,20.841397],[73.730725,20.841397],[73.730724,20.841402],[73.730715,20.841408],[73.730711,20.841416],[73.730711,20.841419],[73.730717,20.841421],[73.73072,20.841425],[73.730721,20.841438],[73.730717,20.841439],[73.730715,20.841435],[73.730708,20.841433],[73.730699,20.841435],[73.730689,20.841445],[73.730683,20.84146],[73.730692,20.841475],[73.730688,20.841482],[73.730677,20.841484],[73.730674,20.841488],[73.730687,20.841496],[73.73068,20.841505],[73.730667,20.841512],[73.730664,20.841519],[73.730666,20.841526],[73.730672,20.841532],[73.730677,20.841543],[73.730673,20.841548],[73.730671,20.841559],[73.730665,20.841571],[73.730661,20.841596],[73.730652,20.841605],[73.73065,20.841613],[73.730658,20.841638],[73.730659,20.841652],[73.730659,20.841667],[73.730657,20.841665],[73.730656,20.841674],[73.730658,20.841683],[73.730654,20.841691],[73.730658,20.841698],[73.730656,20.841702],[73.730659,20.841708],[73.730668,20.841722],[73.730673,20.841746],[73.730672,20.841754],[73.730652,20.841771],[73.730641,20.841785],[73.730634,20.841788],[73.730631,20.841795],[73.730616,20.841801],[73.730609,20.841811],[73.730607,20.841817],[73.730595,20.841827],[73.730585,20.841833],[73.730564,20.841834],[73.730561,20.841836],[73.730552,20.84186],[73.730552,20.841886],[73.730553,20.841905],[73.730557,20.841917],[73.730569,20.841941],[73.730567,20.841964],[73.730571,20.841972],[73.730572,20.84198],[73.730567,20.841995],[73.730573,20.842002],[73.730577,20.842014],[73.730577,20.842026],[73.73057,20.842035],[73.730571,20.842046],[73.730568,20.842055],[73.730573,20.842072],[73.730569,20.842088],[73.730568,20.842103],[73.730552,20.842107],[73.730541,20.842116],[73.730543,20.842125],[73.730537,20.842142],[73.73054,20.842152],[73.73054,20.842172],[73.730543,20.842185],[73.730541,20.842194],[73.730531,20.842209],[73.730527,20.842224],[73.730525,20.842244],[73.730529,20.842251],[73.730531,20.84226],[73.730519,20.842277],[73.730514,20.842279],[73.73052,20.842289],[73.730506,20.842292],[73.730501,20.842308],[73.730508,20.842322],[73.730509,20.842364],[73.730517,20.842371],[73.730514,20.842388],[73.730518,20.842394],[73.730522,20.842393],[73.730524,20.842395],[73.730516,20.842407],[73.730515,20.842425],[73.730521,20.842427],[73.730527,20.842438],[73.730534,20.842439],[73.730533,20.842442],[73.730523,20.842448],[73.730523,20.842462],[73.73052,20.842466],[73.730527,20.842468],[73.730528,20.842472],[73.73052,20.842476],[73.730522,20.842486],[73.73051,20.842499],[73.730517,20.842512],[73.730524,20.842517],[73.730517,20.842538],[73.730524,20.842547],[73.730524,20.842551],[73.730521,20.842555],[73.730514,20.842546],[73.730506,20.842549],[73.730505,20.842557],[73.73051,20.842572],[73.730507,20.842582],[73.730503,20.842583],[73.730493,20.84258],[73.73049,20.842582],[73.730488,20.84259],[73.730481,20.842597],[73.730478,20.842612],[73.730475,20.842615],[73.730476,20.842625],[73.73047,20.842628],[73.73046,20.842646],[73.730452,20.842646],[73.730439,20.842658],[73.730428,20.842659],[73.730411,20.842669],[73.730405,20.84268],[73.730402,20.842695],[73.730398,20.842698],[73.730389,20.842699],[73.730381,20.842709],[73.73038,20.842725],[73.730388,20.842745],[73.73039,20.84276],[73.730386,20.84277],[73.730386,20.842781],[73.73038,20.842805],[73.730379,20.842835],[73.730376,20.84284],[73.730372,20.842842],[73.730363,20.842859],[73.730364,20.842867],[73.730362,20.842871],[73.730353,20.842881],[73.73034,20.842888],[73.730331,20.842897],[73.73033,20.842912],[73.730322,20.842927],[73.730314,20.842937],[73.730313,20.84295],[73.730298,20.843001],[73.730304,20.843022],[73.7303,20.843033],[73.730302,20.843044],[73.730291,20.843059],[73.730292,20.843065],[73.730298,20.843075],[73.730297,20.843088],[73.730293,20.843097],[73.730294,20.843102],[73.730286,20.843117],[73.730286,20.843124],[73.730274,20.843133],[73.730272,20.843138],[73.730278,20.843147],[73.730279,20.843154],[73.730271,20.843163],[73.730266,20.843178],[73.730261,20.843182],[73.730247,20.843188],[73.730243,20.843197],[73.730233,20.843207],[73.730231,20.843215],[73.730221,20.843229],[73.730209,20.843239],[73.730207,20.843248],[73.730198,20.843258],[73.730188,20.843284],[73.73019,20.843291],[73.730188,20.843302],[73.730196,20.843307],[73.730193,20.84332],[73.730202,20.843337],[73.730205,20.843348],[73.730199,20.84337],[73.730207,20.843377],[73.73021,20.843388],[73.730213,20.84339],[73.730211,20.843394],[73.73021,20.84344],[73.730198,20.843482],[73.730199,20.843498],[73.730195,20.843507],[73.730196,20.843513],[73.730191,20.843519],[73.730189,20.843525],[73.730191,20.843534],[73.730188,20.843535],[73.730189,20.843541],[73.730186,20.843548],[73.730189,20.843554],[73.730183,20.843553],[73.730182,20.843556],[73.730185,20.843559],[73.730194,20.843559],[73.730199,20.843561],[73.730201,20.843565],[73.7302,20.843573],[73.730199,20.843578],[73.730193,20.84358],[73.730177,20.84358],[73.730175,20.843587],[73.730167,20.843603],[73.730157,20.84361],[73.730132,20.843621],[73.730131,20.843627],[73.73014,20.843649],[73.730134,20.843672],[73.730142,20.843693],[73.730142,20.843706],[73.730129,20.843717],[73.730117,20.843733],[73.730101,20.843743],[73.730103,20.84375],[73.730098,20.843751],[73.730092,20.843748],[73.730085,20.843753],[73.730084,20.843758],[73.730088,20.843768],[73.730087,20.843775],[73.730076,20.843798],[73.730078,20.843813],[73.730076,20.843815],[73.730068,20.843814],[73.730049,20.843847],[73.730042,20.843852],[73.730042,20.843855],[73.730047,20.84386],[73.73005,20.843868],[73.730046,20.843886],[73.730038,20.843902],[73.730044,20.843912],[73.730046,20.843923],[73.730054,20.843946],[73.730034,20.843965],[73.730029,20.843975],[73.730042,20.843984],[73.730044,20.84399],[73.730043,20.844004],[73.730038,20.844009],[73.730032,20.84401],[73.730031,20.844015],[73.730034,20.844022],[73.730046,20.844031],[73.730048,20.844039],[73.730043,20.844047],[73.730026,20.844051],[73.730024,20.844058],[73.730027,20.844064],[73.730026,20.844071],[73.730028,20.844084],[73.730023,20.844092],[73.730033,20.844106],[73.73004,20.8441],[73.730044,20.844103],[73.730045,20.844108],[73.730043,20.844112],[73.730018,20.844132],[73.730016,20.844138],[73.730017,20.844146],[73.730021,20.844155],[73.730034,20.844149],[73.73004,20.84415],[73.73004,20.844155],[73.730034,20.84416],[73.730023,20.84416],[73.730019,20.844171],[73.730021,20.844176],[73.730026,20.844178],[73.730032,20.844186],[73.73004,20.8442],[73.73004,20.844209],[73.730037,20.84422],[73.730032,20.844225],[73.730007,20.844206],[73.729987,20.844196],[73.729982,20.844195],[73.729973,20.844198],[73.729965,20.844213],[73.729964,20.844219],[73.729967,20.844224],[73.729984,20.844234],[73.729985,20.844238],[73.729982,20.844241]]}},{"type":"Feature","properties":{"elevation":385},"geometry":{"type":"LineString","coordinates":[[73.729991,20.844241],[73.729996,20.844236],[73.729996,20.844231],[73.730007,20.844231],[73.730029,20.844234],[73.730034,20.844241]]}},{"type":"Feature","properties":{"elevation":386},"geometry":{"type":"LineString","coordinates":[[73.730784,20.840877],[73.730772,20.840899],[73.730775,20.840905],[73.730773,20.840912],[73.730774,20.840926],[73.730772,20.840934],[73.730767,20.840939],[73.730758,20.84094],[73.73076,20.840945],[73.730758,20.840952],[73.730759,20.840976],[73.730755,20.84099],[73.730758,20.841005],[73.730757,20.841023],[73.730748,20.841019],[73.730739,20.841022],[73.730709,20.841054],[73.730701,20.84106],[73.730702,20.84107],[73.730698,20.841077],[73.730698,20.841081],[73.7307,20.841079],[73.730704,20.841078],[73.730706,20.841079],[73.730707,20.841085],[73.730718,20.841088],[73.73072,20.841097],[73.730729,20.841098],[73.730738,20.841103],[73.730743,20.841101],[73.730746,20.841096],[73.73075,20.841094],[73.730756,20.841094],[73.730761,20.841098],[73.730757,20.841106],[73.730742,20.841114],[73.730739,20.841131],[73.730746,20.841136],[73.73076,20.841139],[73.730769,20.841146],[73.730768,20.841154],[73.730773,20.841165],[73.730763,20.841188],[73.73075,20.841207],[73.730751,20.841215],[73.730756,20.841222],[73.730752,20.841237],[73.730748,20.841245],[73.730737,20.841258],[73.730744,20.841282],[73.730732,20.841311],[73.730731,20.84133],[73.730733,20.841345],[73.730719,20.841361],[73.730718,20.841371],[73.730722,20.84138],[73.730719,20.841386],[73.730719,20.841391],[73.730699,20.841404],[73.730698,20.841414],[73.730686,20.841421],[73.730683,20.841437],[73.730677,20.841439],[73.730672,20.84145],[73.730665,20.841454],[73.730663,20.841469],[73.730667,20.841473],[73.73067,20.841469],[73.730676,20.84147],[73.730676,20.84148],[73.730672,20.841483],[73.73067,20.841479],[73.730662,20.841477],[73.730656,20.84148],[73.730655,20.841488],[73.730659,20.841501],[73.730649,20.841509],[73.730648,20.841515],[73.730658,20.841537],[73.730654,20.841552],[73.730659,20.841565],[73.730655,20.841571],[73.730644,20.841579],[73.730642,20.841583],[73.730647,20.8416],[73.730645,20.84163],[73.730655,20.84165],[73.730646,20.841659],[73.730641,20.841667],[73.730641,20.841674],[73.730638,20.841682],[73.730641,20.841685],[73.730638,20.841693],[73.730638,20.841707],[73.730639,20.84171],[73.730645,20.841713],[73.730647,20.841704],[73.730652,20.841705],[73.730654,20.841712],[73.730664,20.841726],[73.730663,20.841729],[73.730656,20.841731],[73.730656,20.841735],[73.730659,20.841738],[73.730666,20.841737],[73.730668,20.841753],[73.730636,20.841774],[73.730629,20.841783],[73.730596,20.841791],[73.730581,20.841801],[73.730561,20.841809],[73.730557,20.841813],[73.730555,20.84182],[73.730557,20.841837],[73.730549,20.841871],[73.730552,20.841915],[73.730542,20.841931],[73.730536,20.841958],[73.730545,20.841962],[73.730547,20.841966],[73.730551,20.841994],[73.730547,20.842001],[73.730543,20.842016],[73.730547,20.842022],[73.730557,20.842028],[73.730553,20.842044],[73.730559,20.842046],[73.73056,20.842057],[73.730568,20.842063],[73.730567,20.842067],[73.730561,20.842068],[73.73056,20.84207],[73.730561,20.842073],[73.730568,20.842074],[73.730566,20.842088],[73.730568,20.842098],[73.730564,20.842102],[73.730548,20.842106],[73.730537,20.842112],[73.730529,20.842111],[73.73053,20.842121],[73.730518,20.84214],[73.730515,20.842152],[73.73052,20.84217],[73.730529,20.842177],[73.730532,20.842192],[73.730523,20.842201],[73.730521,20.842192],[73.730518,20.842193],[73.730516,20.842199],[73.730518,20.842204],[73.730502,20.842215],[73.7305,20.84222],[73.730502,20.842236],[73.730505,20.842241],[73.730512,20.842243],[73.730515,20.842256],[73.730523,20.84226],[73.730524,20.842263],[73.730518,20.842269],[73.730517,20.842275],[73.73051,20.842277],[73.730504,20.842271],[73.730503,20.842259],[73.730497,20.842258],[73.730489,20.842272],[73.730495,20.842279],[73.730484,20.842278],[73.730481,20.842287],[73.730484,20.842302],[73.730495,20.842309],[73.730505,20.842325],[73.730503,20.842332],[73.730491,20.842348],[73.730494,20.842367],[73.730489,20.842381],[73.730491,20.842386],[73.7305,20.842393],[73.730497,20.842411],[73.730502,20.842431],[73.7305,20.84244],[73.730504,20.842458],[73.730501,20.842479],[73.730494,20.842497],[73.730485,20.842512],[73.730478,20.842518],[73.730469,20.842531],[73.730478,20.842544],[73.730478,20.842556],[73.73048,20.842561],[73.730471,20.842581],[73.730462,20.842584],[73.730459,20.842588],[73.730464,20.842597],[73.730455,20.842617],[73.730453,20.842632],[73.73044,20.842638],[73.730433,20.842635],[73.730425,20.842655],[73.730407,20.84267],[73.730401,20.842684],[73.730401,20.842694],[73.730388,20.842697],[73.73038,20.842708],[73.730378,20.842727],[73.730385,20.842747],[73.730386,20.84276],[73.73038,20.84277],[73.730371,20.842773],[73.730367,20.842778],[73.730364,20.842799],[73.730366,20.84281],[73.730363,20.842816],[73.730366,20.842823],[73.730357,20.842827],[73.730354,20.84284],[73.730338,20.842863],[73.730337,20.842872],[73.730329,20.842879],[73.730311,20.842902],[73.73031,20.842923],[73.730304,20.842929],[73.7303,20.842948],[73.730293,20.842958],[73.730293,20.842966],[73.73029,20.842976],[73.730294,20.842979],[73.730291,20.842983],[73.730285,20.842987],[73.730283,20.842991],[73.730287,20.843003],[73.730287,20.843018],[73.730279,20.843048],[73.730285,20.843064],[73.730293,20.843075],[73.730292,20.843084],[73.730288,20.843094],[73.73028,20.843096],[73.730275,20.843115],[73.730262,20.84314],[73.730264,20.843147],[73.730273,20.843146],[73.730276,20.843152],[73.730266,20.843156],[73.730262,20.843167],[73.730263,20.843173],[73.730254,20.843178],[73.730211,20.843183],[73.730187,20.843191],[73.730175,20.843201],[73.730165,20.843214],[73.730164,20.843241],[73.730157,20.843293],[73.730173,20.843312],[73.730175,20.843323],[73.730188,20.843338],[73.730184,20.843339],[73.730183,20.843341],[73.730189,20.84336],[73.730187,20.843372],[73.730193,20.843387],[73.730197,20.843405],[73.730194,20.84341],[73.730195,20.843417],[73.730189,20.843423],[73.730193,20.843432],[73.730194,20.84344],[73.730182,20.843482],[73.730184,20.843493],[73.730179,20.843512],[73.730184,20.84352],[73.730181,20.843522],[73.730175,20.843519],[73.73017,20.843529],[73.730172,20.843537],[73.730166,20.843545],[73.730168,20.843558],[73.730165,20.843563],[73.730161,20.843584],[73.730153,20.843588],[73.730152,20.843603],[73.730133,20.843614],[73.730118,20.843629],[73.730115,20.843642],[73.730116,20.843649],[73.730111,20.843654],[73.730117,20.843675],[73.730116,20.843683],[73.730111,20.843689],[73.730111,20.8437],[73.730102,20.843718],[73.7301,20.843729],[73.730094,20.843732],[73.730086,20.843748],[73.730069,20.843762],[73.730067,20.843775],[73.730061,20.843785],[73.730061,20.8438],[73.730057,20.843821],[73.730054,20.843825],[73.730034,20.843822],[73.730026,20.843835],[73.730024,20.843843],[73.73002,20.843845],[73.730026,20.843854],[73.730028,20.843864],[73.730024,20.843893],[73.73003,20.8439],[73.730033,20.843909],[73.730042,20.843917],[73.730036,20.843928],[73.730039,20.843934],[73.730037,20.843941],[73.730041,20.843947],[73.730028,20.843954],[73.730017,20.84397],[73.730019,20.844002],[73.730015,20.844009],[73.730018,20.844016],[73.730015,20.844033],[73.73002,20.844046],[73.730019,20.844052],[73.730014,20.844058],[73.730015,20.844064],[73.730008,20.844076],[73.730008,20.84408],[73.730013,20.844088],[73.730011,20.844094],[73.730006,20.844097],[73.730003,20.844106],[73.730008,20.844116],[73.730022,20.844119],[73.730021,20.844126],[73.730007,20.844129],[73.729993,20.844125],[73.729989,20.844134],[73.729998,20.844167],[73.73001,20.844176],[73.730016,20.844177],[73.730027,20.844187],[73.730025,20.844189],[73.730013,20.844192],[73.730007,20.844198],[73.729999,20.844198],[73.729986,20.844184],[73.729984,20.844175],[73.72997,20.844172],[73.729964,20.844172],[73.729961,20.844177],[73.729953,20.844181],[73.729948,20.844192],[73.729935,20.8442],[73.729937,20.844208],[73.729935,20.844215],[73.729939,20.844224],[73.729934,20.844229],[73.72994,20.844232],[73.729939,20.844241]]}},{"type":"Feature","properties":{"elevation":386},"geometry":{"type":"LineString","coordinates":[[73.729993,20.844241],[73.729998,20.844233],[73.730006,20.844232],[73.730013,20.844235],[73.73002,20.844241]]}},{"type":"Feature","properties":{"elevation":387},"geometry":{"type":"LineString","coordinates":[[73.730751,20.840877],[73.730747,20.840906],[73.730741,20.84092],[73.73074,20.840943],[73.730732,20.840955],[73.730728,20.840966],[73.730727,20.840983],[73.730733,20.840992],[73.730733,20.841004],[73.730726,20.841015],[73.730709,20.841031],[73.73071,20.841035],[73.730716,20.841039],[73.730709,20.841051],[73.730698,20.841055],[73.730688,20.841056],[73.730681,20.841066],[73.730683,20.841088],[73.730693,20.84109],[73.730701,20.841083],[73.730708,20.84109],[73.730716,20.84109],[73.730708,20.841097],[73.730706,20.841094],[73.730703,20.841095],[73.730703,20.841098],[73.730706,20.841099],[73.730703,20.841105],[73.730704,20.841113],[73.730715,20.841124],[73.730719,20.841122],[73.730722,20.841123],[73.730726,20.841143],[73.730736,20.841154],[73.730741,20.841167],[73.730741,20.841185],[73.730748,20.84122],[73.730743,20.84124],[73.730736,20.841248],[73.730732,20.841269],[73.730727,20.841273],[73.730729,20.841288],[73.730733,20.841295],[73.730728,20.841318],[73.730729,20.841337],[73.730726,20.84134],[73.730711,20.841346],[73.730709,20.841354],[73.730704,20.841357],[73.730698,20.841378],[73.730703,20.841389],[73.730701,20.841389],[73.730698,20.841386],[73.730692,20.841396],[73.73068,20.841403],[73.73068,20.841415],[73.730672,20.841415],[73.730664,20.841432],[73.73066,20.841449],[73.730655,20.841458],[73.73065,20.84146],[73.730642,20.841497],[73.730632,20.841513],[73.730632,20.841521],[73.73064,20.841526],[73.730643,20.841532],[73.730642,20.841537],[73.730637,20.841541],[73.730639,20.841546],[73.730636,20.841555],[73.730634,20.841583],[73.730636,20.841586],[73.730643,20.841591],[73.730642,20.841601],[73.730645,20.841611],[73.730642,20.841622],[73.730634,20.841632],[73.73064,20.841632],[73.730645,20.841636],[73.730651,20.84165],[73.730647,20.841654],[73.73064,20.841654],[73.730636,20.841657],[73.730623,20.841654],[73.730619,20.841675],[73.730625,20.841684],[73.730623,20.841691],[73.730625,20.8417],[73.73062,20.841714],[73.730615,20.841722],[73.730613,20.841731],[73.730607,20.841737],[73.730612,20.841748],[73.730609,20.841774],[73.730603,20.84178],[73.730594,20.841784],[73.730582,20.841782],[73.730579,20.841786],[73.730572,20.841788],[73.730566,20.841794],[73.730555,20.841801],[73.730553,20.841815],[73.730554,20.841839],[73.730547,20.841871],[73.730548,20.841906],[73.730529,20.841921],[73.730534,20.841936],[73.730528,20.841959],[73.730534,20.841974],[73.730546,20.841994],[73.730539,20.842009],[73.730538,20.842017],[73.730542,20.842028],[73.730536,20.842044],[73.730537,20.842055],[73.73054,20.842059],[73.730538,20.842064],[73.730545,20.842068],[73.73054,20.84207],[73.730541,20.842075],[73.730532,20.842079],[73.730531,20.842083],[73.730533,20.842085],[73.73054,20.842088],[73.730542,20.842086],[73.730542,20.842081],[73.73055,20.842071],[73.730554,20.84207],[73.730565,20.842079],[73.730563,20.842088],[73.730565,20.842098],[73.730562,20.842101],[73.730546,20.842104],[73.73054,20.8421],[73.730538,20.842103],[73.730533,20.842102],[73.730509,20.842106],[73.7305,20.842119],[73.7305,20.842128],[73.730505,20.842135],[73.730505,20.842146],[73.730513,20.842172],[73.730503,20.842188],[73.730498,20.842202],[73.730497,20.842241],[73.730483,20.842255],[73.730484,20.842261],[73.730489,20.842266],[73.730486,20.842273],[73.730472,20.842277],[73.730468,20.842294],[73.730468,20.842299],[73.730474,20.842305],[73.730493,20.842317],[73.730499,20.842328],[73.730478,20.842353],[73.730485,20.842374],[73.730483,20.842405],[73.730485,20.842423],[73.730482,20.842431],[73.73049,20.842456],[73.730485,20.842477],[73.730488,20.842496],[73.730481,20.842506],[73.730456,20.842525],[73.730448,20.842565],[73.730443,20.842577],[73.730428,20.842597],[73.730427,20.842604],[73.730431,20.84262],[73.730426,20.842633],[73.730425,20.842648],[73.730421,20.842655],[73.730404,20.84267],[73.730399,20.842685],[73.7304,20.842692],[73.730398,20.842694],[73.730389,20.842694],[73.730384,20.842697],[73.730378,20.842707],[73.730376,20.842715],[73.730365,20.842718],[73.730358,20.842724],[73.730341,20.842726],[73.730338,20.84273],[73.730336,20.842744],[73.730342,20.842755],[73.730341,20.842757],[73.730343,20.842758],[73.730345,20.842754],[73.730351,20.842754],[73.730355,20.842762],[73.730365,20.842768],[73.730355,20.842771],[73.730348,20.842771],[73.730353,20.842783],[73.730348,20.84279],[73.730342,20.842823],[73.730331,20.842843],[73.730329,20.842851],[73.73032,20.84286],[73.730317,20.842873],[73.73031,20.84288],[73.730308,20.842889],[73.730299,20.842893],[73.730294,20.842899],[73.730296,20.842909],[73.730292,20.84291],[73.730291,20.842917],[73.730284,20.842926],[73.730284,20.842931],[73.730277,20.84295],[73.730272,20.842955],[73.730271,20.842964],[73.730275,20.842983],[73.730274,20.842987],[73.730268,20.842992],[73.730266,20.842997],[73.730268,20.84302],[73.730274,20.843034],[73.73027,20.843053],[73.730272,20.843071],[73.730266,20.843087],[73.730259,20.843094],[73.730241,20.843121],[73.730243,20.843127],[73.730255,20.843138],[73.730248,20.843161],[73.73025,20.843169],[73.730245,20.843173],[73.730231,20.843169],[73.730225,20.84317],[73.730187,20.843187],[73.730174,20.843198],[73.730154,20.843221],[73.730159,20.843249],[73.730153,20.843262],[73.730153,20.843294],[73.730163,20.84332],[73.730169,20.843356],[73.730171,20.843362],[73.730171,20.843369],[73.730177,20.843376],[73.730181,20.843385],[73.730178,20.843394],[73.730172,20.8434],[73.730157,20.843403],[73.73015,20.843423],[73.730162,20.843455],[73.730169,20.843466],[73.730166,20.843477],[73.730171,20.843487],[73.730163,20.843497],[73.730163,20.843505],[73.730167,20.843512],[73.730159,20.843521],[73.730159,20.843527],[73.730154,20.843529],[73.73016,20.843549],[73.730151,20.843562],[73.730147,20.843578],[73.730133,20.843584],[73.730132,20.843606],[73.730127,20.843615],[73.730112,20.843623],[73.730107,20.843629],[73.730104,20.843656],[73.730108,20.843666],[73.730104,20.843671],[73.730109,20.84368],[73.730092,20.843691],[73.730074,20.84371],[73.730088,20.843735],[73.730085,20.843744],[73.730078,20.843752],[73.730069,20.843751],[73.730065,20.843756],[73.730047,20.84376],[73.730046,20.843764],[73.730052,20.843779],[73.730053,20.84379],[73.730036,20.843795],[73.730034,20.843806],[73.73002,20.843816],[73.73001,20.843829],[73.730013,20.843849],[73.730009,20.843863],[73.730008,20.843877],[73.730026,20.843904],[73.730027,20.84391],[73.730026,20.843927],[73.730016,20.843925],[73.730014,20.843932],[73.730015,20.843938],[73.730021,20.843946],[73.730009,20.84396],[73.730019,20.843956],[73.730014,20.843968],[73.73001,20.84397],[73.730014,20.84398],[73.730014,20.844004],[73.730008,20.844012],[73.730011,20.844021],[73.730005,20.844027],[73.730008,20.844036],[73.730004,20.844046],[73.730004,20.844059],[73.729996,20.844079],[73.729997,20.844084],[73.730007,20.844088],[73.730008,20.844091],[73.730002,20.844094],[73.729998,20.844102],[73.729999,20.84411],[73.729993,20.84411],[73.72999,20.844099],[73.729978,20.844102],[73.729975,20.844113],[73.729981,20.844121],[73.729981,20.844125],[73.729975,20.844132],[73.729968,20.844133],[73.729954,20.844153],[73.729928,20.844178],[73.729927,20.844189],[73.729916,20.844218],[73.729919,20.844241]]}},{"type":"Feature","properties":{"elevation":387},"geometry":{"type":"LineString","coordinates":[[73.729993,20.844241],[73.729999,20.844234],[73.730005,20.844233],[73.73001,20.844235],[73.730012,20.844241]]}},{"type":"Feature","properties":{"elevation":388},"geometry":{"type":"LineString","coordinates":[[73.730746,20.840877],[73.730743,20.840906],[73.730737,20.840921],[73.730736,20.840941],[73.730727,20.840956],[73.730723,20.840979],[73.73071,20.840997],[73.730711,20.841009],[73.730701,20.841017],[73.730694,20.841009],[73.730691,20.841034],[73.730682,20.841039],[73.730678,20.841046],[73.730681,20.841056],[73.730678,20.84106],[73.730675,20.841061],[73.730668,20.841055],[73.730666,20.841057],[73.730669,20.841059],[73.730669,20.841062],[73.73066,20.841073],[73.730661,20.841079],[73.73067,20.841081],[73.730673,20.841088],[73.730686,20.841095],[73.730687,20.841101],[73.730694,20.841107],[73.730694,20.841118],[73.730703,20.84112],[73.730705,20.841131],[73.730717,20.84114],[73.730717,20.841158],[73.730725,20.84117],[73.730726,20.841188],[73.730743,20.841212],[73.730743,20.841221],[73.730737,20.841226],[73.730729,20.841227],[73.730726,20.841229],[73.730726,20.841239],[73.730731,20.84125],[73.73073,20.841259],[73.73072,20.84127],[73.730708,20.841277],[73.730712,20.841296],[73.730706,20.841301],[73.730702,20.841309],[73.730701,20.841315],[73.730706,20.841322],[73.730721,20.841321],[73.730724,20.841328],[73.730718,20.841332],[73.7307,20.841333],[73.730695,20.841336],[73.730694,20.841352],[73.730699,20.841354],[73.730699,20.841356],[73.730685,20.841374],[73.730678,20.841393],[73.730671,20.841392],[73.730666,20.841399],[73.730661,20.841413],[73.730655,20.841419],[73.730654,20.841426],[73.730646,20.841434],[73.73064,20.841447],[73.730637,20.841455],[73.73064,20.841467],[73.730633,20.841476],[73.73063,20.841484],[73.730631,20.841488],[73.730625,20.841499],[73.73062,20.841519],[73.730623,20.841538],[73.730619,20.841549],[73.730619,20.841561],[73.730609,20.841579],[73.730609,20.841584],[73.730615,20.841589],[73.730628,20.841585],[73.730634,20.841591],[73.730641,20.841591],[73.730638,20.841599],[73.730641,20.841612],[73.73063,20.841633],[73.730633,20.841636],[73.730641,20.841637],[73.730645,20.84164],[73.730648,20.841649],[73.730636,20.841655],[73.73063,20.841654],[73.730623,20.841643],[73.730623,20.841634],[73.730617,20.841618],[73.730609,20.841615],[73.730603,20.841616],[73.730606,20.841639],[73.730613,20.841646],[73.730606,20.84165],[73.730603,20.841659],[73.730606,20.841665],[73.730604,20.841669],[73.730609,20.841696],[73.730605,20.841702],[73.730612,20.841706],[73.730616,20.841711],[73.730602,20.841727],[73.730601,20.841739],[73.730604,20.841756],[73.730602,20.84176],[73.730595,20.841765],[73.730567,20.841774],[73.730563,20.841778],[73.730565,20.841785],[73.730563,20.841789],[73.730552,20.841788],[73.730549,20.84179],[73.730552,20.84184],[73.730544,20.84187],[73.730534,20.841883],[73.730521,20.841882],[73.730518,20.841887],[73.730513,20.841888],[73.730507,20.841894],[73.730514,20.841904],[73.730512,20.841906],[73.730508,20.841907],[73.730509,20.841913],[73.730514,20.841919],[73.730524,20.841925],[73.73053,20.841932],[73.73053,20.841938],[73.730523,20.841948],[73.730524,20.841961],[73.730541,20.841994],[73.730534,20.842011],[73.730513,20.842016],[73.730509,20.84202],[73.730506,20.842042],[73.730516,20.842051],[73.730517,20.842056],[73.730512,20.842062],[73.730502,20.842061],[73.730502,20.842067],[73.730507,20.842069],[73.730508,20.842072],[73.730502,20.842072],[73.7305,20.842074],[73.730502,20.842078],[73.730497,20.84209],[73.730497,20.842111],[73.730492,20.842139],[73.730492,20.842144],[73.730504,20.842158],[73.730505,20.842162],[73.730499,20.842172],[73.730485,20.842184],[73.730475,20.84222],[73.730476,20.842233],[73.730475,20.842239],[73.730479,20.842248],[73.730471,20.842267],[73.730461,20.842274],[73.730459,20.842279],[73.730458,20.842291],[73.730465,20.84231],[73.730463,20.842331],[73.73047,20.842337],[73.730464,20.842342],[73.730464,20.842351],[73.73046,20.842361],[73.730463,20.842377],[73.730468,20.842387],[73.730464,20.842426],[73.730469,20.842438],[73.730471,20.842467],[73.73048,20.842485],[73.730483,20.842497],[73.730473,20.842506],[73.730464,20.842511],[73.730451,20.842526],[73.730447,20.842527],[73.730448,20.84253],[73.73045,20.842527],[73.730452,20.842529],[73.730444,20.842535],[73.730444,20.842554],[73.730438,20.842575],[73.73043,20.842585],[73.730419,20.842604],[73.730409,20.84261],[73.730405,20.84262],[73.730403,20.842618],[73.7304,20.842618],[73.730399,20.842637],[73.730391,20.842637],[73.73039,20.842651],[73.730393,20.842655],[73.730398,20.842653],[73.730401,20.842655],[73.730395,20.842659],[73.730393,20.842663],[73.730398,20.84267],[73.730398,20.842681],[73.730395,20.842684],[73.730398,20.842692],[73.730384,20.842689],[73.730383,20.842684],[73.730385,20.842672],[73.730383,20.842669],[73.730374,20.842668],[73.730374,20.842657],[73.730379,20.842646],[73.730377,20.84264],[73.730372,20.842637],[73.730362,20.842645],[73.730355,20.842645],[73.730352,20.842647],[73.730351,20.842653],[73.730356,20.842658],[73.730354,20.842662],[73.730348,20.842665],[73.730348,20.84267],[73.730352,20.842675],[73.730349,20.842677],[73.730344,20.842675],[73.73034,20.842685],[73.730334,20.842687],[73.73033,20.842692],[73.73033,20.842698],[73.730334,20.842704],[73.730356,20.842704],[73.73036,20.842706],[73.730363,20.842711],[73.730356,20.842718],[73.730351,20.842718],[73.730346,20.842721],[73.730339,20.84272],[73.730336,20.842723],[73.730334,20.842752],[73.730327,20.842772],[73.730332,20.842791],[73.730328,20.842818],[73.730317,20.842839],[73.730306,20.842856],[73.730301,20.842868],[73.730293,20.842872],[73.730289,20.842884],[73.730282,20.842889],[73.730276,20.842907],[73.730256,20.842922],[73.73025,20.84293],[73.730249,20.842935],[73.730264,20.842953],[73.730267,20.842962],[73.730265,20.842971],[73.730249,20.842998],[73.730253,20.843014],[73.730251,20.843024],[73.730255,20.843043],[73.730253,20.843051],[73.730237,20.843074],[73.73024,20.843081],[73.730248,20.843088],[73.730249,20.843093],[73.730246,20.843098],[73.73024,20.843102],[73.730228,20.843114],[73.730224,20.843128],[73.730222,20.84315],[73.730217,20.843163],[73.73021,20.843173],[73.730202,20.843176],[73.730176,20.843194],[73.730151,20.843219],[73.730147,20.843227],[73.730155,20.843248],[73.730142,20.843261],[73.730135,20.843264],[73.730128,20.84327],[73.730132,20.843283],[73.730131,20.843287],[73.730128,20.843287],[73.730128,20.843292],[73.730136,20.843298],[73.730136,20.843305],[73.730144,20.843321],[73.730144,20.843335],[73.730151,20.843341],[73.730154,20.843349],[73.73015,20.843355],[73.730153,20.843377],[73.730148,20.843377],[73.730143,20.84339],[73.730147,20.843423],[73.730152,20.843444],[73.730155,20.843464],[73.730153,20.843473],[73.730149,20.843477],[73.730146,20.843491],[73.730149,20.843503],[73.730144,20.843517],[73.730147,20.843527],[73.730142,20.843531],[73.730135,20.843549],[73.730134,20.843557],[73.730128,20.84357],[73.730122,20.843594],[73.73012,20.843609],[73.730114,20.843618],[73.7301,20.843631],[73.730092,20.843634],[73.730089,20.84364],[73.73009,20.843647],[73.730084,20.843659],[73.730079,20.843678],[73.730085,20.84369],[73.73008,20.843699],[73.730069,20.84371],[73.730071,20.843722],[73.730082,20.843732],[73.730083,20.84374],[73.730078,20.843748],[73.730067,20.843748],[73.730061,20.843754],[73.730053,20.843752],[73.730045,20.843753],[73.730029,20.843762],[73.730024,20.843768],[73.730019,20.843787],[73.730007,20.843799],[73.730005,20.843808],[73.729999,20.843822],[73.729987,20.843836],[73.729985,20.843846],[73.729989,20.843863],[73.730017,20.843902],[73.730016,20.843909],[73.730006,20.843918],[73.730001,20.84393],[73.730004,20.843954],[73.730002,20.843965],[73.730007,20.843977],[73.730006,20.844],[73.729997,20.844023],[73.72999,20.844027],[73.729971,20.844031],[73.729954,20.844052],[73.729954,20.844058],[73.72996,20.844067],[73.729959,20.844086],[73.729951,20.844112],[73.72994,20.844121],[73.729941,20.844134],[73.729933,20.844143],[73.729931,20.844147],[73.729932,20.844153],[73.729926,20.844158],[73.729922,20.844166],[73.729924,20.844177],[73.72992,20.84419],[73.729915,20.844195],[73.729905,20.844197],[73.7299,20.844201],[73.729891,20.844213],[73.729887,20.844212],[73.729884,20.844205],[73.729868,20.844214],[73.729858,20.84424]]}},{"type":"Feature","properties":{"elevation":388},"geometry":{"type":"LineString","coordinates":[[73.729994,20.844241],[73.73,20.844235],[73.730004,20.844234],[73.730008,20.844236],[73.730008,20.844241]]}},{"type":"Feature","properties":{"elevation":389},"geometry":{"type":"LineString","coordinates":[[73.730739,20.840877],[73.730738,20.84088],[73.730732,20.840882],[73.730725,20.84089],[73.730726,20.840894],[73.730733,20.840906],[73.730735,20.840916],[73.730733,20.84094],[73.730724,20.840957],[73.73072,20.840976],[73.730714,20.840983],[73.730709,20.840983],[73.730709,20.84099],[73.730707,20.840992],[73.730664,20.841012],[73.730667,20.841021],[73.730674,20.841019],[73.730687,20.841024],[73.730689,20.841032],[73.730685,20.841035],[73.730675,20.841032],[73.730667,20.841033],[73.730661,20.84104],[73.73066,20.841047],[73.73065,20.841067],[73.730644,20.84107],[73.730642,20.841075],[73.730641,20.841087],[73.730654,20.8411],[73.73066,20.841105],[73.730668,20.841104],[73.730671,20.841099],[73.730676,20.841095],[73.730682,20.841097],[73.730684,20.84111],[73.730692,20.841121],[73.73068,20.841125],[73.730681,20.841135],[73.730693,20.841141],[73.730696,20.841152],[73.730704,20.841158],[73.730708,20.841163],[73.730707,20.841173],[73.730711,20.841186],[73.730725,20.841201],[73.730732,20.841205],[73.730735,20.84121],[73.73072,20.84123],[73.730721,20.841245],[73.730716,20.841247],[73.730709,20.841243],[73.730709,20.841238],[73.730707,20.841237],[73.7307,20.841262],[73.730695,20.841267],[73.730698,20.841275],[73.730694,20.841299],[73.730686,20.841311],[73.73069,20.84133],[73.730688,20.841336],[73.730679,20.841345],[73.73068,20.841353],[73.730676,20.841371],[73.730666,20.841378],[73.730656,20.841389],[73.730654,20.841396],[73.730648,20.8414],[73.730639,20.841417],[73.730638,20.841423],[73.73063,20.841433],[73.730623,20.841455],[73.730624,20.841463],[73.730619,20.841469],[73.730618,20.841477],[73.730614,20.841482],[73.730611,20.841509],[73.730614,20.841519],[73.730608,20.841528],[73.7306,20.841567],[73.730605,20.841578],[73.730588,20.841582],[73.730593,20.841598],[73.730599,20.841607],[73.730604,20.841607],[73.730619,20.841595],[73.730629,20.841591],[73.730634,20.841598],[73.730636,20.841609],[73.73063,20.841613],[73.730624,20.841614],[73.730602,20.841609],[73.730596,20.841614],[73.730597,20.841625],[73.7306,20.841633],[73.73059,20.841641],[73.730586,20.84166],[73.730593,20.841676],[73.730592,20.84169],[73.730589,20.841695],[73.730598,20.841699],[73.730601,20.841704],[73.7306,20.841711],[73.730602,20.841717],[73.730595,20.841755],[73.730593,20.841759],[73.730586,20.841763],[73.730567,20.841771],[73.730547,20.841787],[73.730545,20.841791],[73.730549,20.84181],[73.73055,20.841839],[73.730546,20.841852],[73.730544,20.841856],[73.730539,20.841858],[73.730521,20.84186],[73.730506,20.841865],[73.7305,20.841886],[73.730494,20.841888],[73.730491,20.841902],[73.730484,20.841908],[73.73049,20.841915],[73.73049,20.841929],[73.730497,20.841934],[73.730494,20.841937],[73.730487,20.841936],[73.730485,20.841939],[73.730487,20.841947],[73.73049,20.841945],[73.730492,20.84195],[73.730487,20.841965],[73.730487,20.841973],[73.730493,20.84198],[73.730499,20.841994],[73.730497,20.842013],[73.730493,20.842017],[73.730494,20.842023],[73.730488,20.842026],[73.730492,20.842032],[73.730488,20.842044],[73.730505,20.842048],[73.730506,20.84205],[73.730504,20.842055],[73.730498,20.842053],[73.730495,20.842054],[73.730492,20.842061],[73.730488,20.842051],[73.730486,20.842049],[73.730484,20.842052],[73.730484,20.842061],[73.730489,20.842067],[73.730482,20.842074],[73.730479,20.842092],[73.730474,20.842102],[73.730477,20.842117],[73.730472,20.842129],[73.73048,20.842136],[73.730481,20.84214],[73.730467,20.84216],[73.730467,20.842167],[73.73047,20.842172],[73.730472,20.842188],[73.730471,20.842194],[73.730469,20.842196],[73.730463,20.842196],[73.730461,20.842199],[73.730465,20.842211],[73.730464,20.842219],[73.730467,20.842237],[73.73046,20.842255],[73.73046,20.842264],[73.730454,20.842269],[73.730449,20.842278],[73.730452,20.842319],[73.730441,20.842326],[73.730439,20.842329],[73.730441,20.842333],[73.730449,20.842336],[73.730446,20.842346],[73.730457,20.842347],[73.73046,20.84235],[73.730456,20.842357],[73.730449,20.84236],[73.730448,20.842365],[73.730453,20.842388],[73.730453,20.8424],[73.73045,20.842408],[73.730448,20.842427],[73.730449,20.842429],[73.730453,20.842428],[73.730456,20.842429],[73.730452,20.842432],[73.730453,20.842442],[73.730451,20.842455],[73.730443,20.842478],[73.730439,20.842498],[73.730438,20.842511],[73.730434,20.84252],[73.730438,20.842531],[73.730434,20.842571],[73.730416,20.842598],[73.730408,20.842602],[73.730402,20.8426],[73.730391,20.842614],[73.730373,20.842624],[73.730342,20.84263],[73.730335,20.842656],[73.730327,20.842673],[73.730322,20.84269],[73.730323,20.8427],[73.730331,20.842715],[73.730332,20.842749],[73.73033,20.842755],[73.730325,20.842757],[73.730318,20.842753],[73.730319,20.842748],[73.730316,20.842748],[73.730315,20.842753],[73.730304,20.842764],[73.730304,20.842767],[73.730312,20.842774],[73.730311,20.842828],[73.730299,20.842842],[73.730297,20.842848],[73.730287,20.842847],[73.730284,20.842849],[73.730278,20.842857],[73.730278,20.842865],[73.730275,20.842868],[73.730249,20.842877],[73.730248,20.842891],[73.73025,20.842894],[73.730255,20.842896],[73.730255,20.8429],[73.730248,20.842907],[73.730243,20.84293],[73.730232,20.842944],[73.73024,20.842974],[73.730239,20.842983],[73.730232,20.842993],[73.730237,20.843001],[73.730235,20.84304],[73.730242,20.843045],[73.730244,20.84305],[73.730241,20.84306],[73.730234,20.843066],[73.730226,20.843079],[73.730227,20.843087],[73.730232,20.843094],[73.730232,20.843101],[73.730221,20.843106],[73.730217,20.843113],[73.730221,20.84312],[73.730215,20.843129],[73.730218,20.843138],[73.730217,20.84315],[73.730206,20.843169],[73.730202,20.843171],[73.730195,20.843179],[73.730175,20.843192],[73.730147,20.84322],[73.730142,20.843231],[73.730145,20.84324],[73.730138,20.843239],[73.73013,20.843251],[73.730115,20.843261],[73.730101,20.843279],[73.730101,20.843285],[73.730109,20.843296],[73.73012,20.843305],[73.730121,20.843312],[73.730119,20.843316],[73.730124,20.843329],[73.730124,20.843334],[73.730135,20.84335],[73.730135,20.843366],[73.73014,20.84339],[73.730146,20.843441],[73.730137,20.843479],[73.730126,20.843501],[73.730129,20.843511],[73.730125,20.843518],[73.730122,20.843533],[73.730115,20.843545],[73.730114,20.843561],[73.730105,20.843576],[73.730106,20.843582],[73.730112,20.843597],[73.73011,20.843612],[73.730105,20.843617],[73.730089,20.843623],[73.730081,20.843629],[73.730078,20.843639],[73.73008,20.843651],[73.730067,20.843669],[73.730068,20.843678],[73.730062,20.843686],[73.730075,20.843688],[73.730078,20.843692],[73.730078,20.843696],[73.730075,20.843701],[73.730068,20.843703],[73.730057,20.843712],[73.73004,20.843712],[73.730034,20.84371],[73.73003,20.843712],[73.730023,20.843712],[73.730016,20.843722],[73.730019,20.843733],[73.730014,20.843736],[73.730011,20.843743],[73.730011,20.84375],[73.730007,20.843761],[73.730001,20.843764],[73.730001,20.843769],[73.72999,20.843787],[73.729977,20.843792],[73.729979,20.843802],[73.729973,20.843808],[73.729967,20.843809],[73.729966,20.843822],[73.729958,20.843831],[73.729961,20.843836],[73.729966,20.843836],[73.729963,20.843839],[73.729969,20.843861],[73.72997,20.843876],[73.729979,20.843888],[73.729972,20.843896],[73.729971,20.843904],[73.729968,20.843907],[73.72997,20.843912],[73.729968,20.843921],[73.72997,20.843931],[73.729964,20.843934],[73.729964,20.843937],[73.729968,20.843943],[73.729992,20.843962],[73.729997,20.843969],[73.729992,20.844001],[73.729987,20.844006],[73.729964,20.84399],[73.729962,20.843991],[73.729954,20.844016],[73.729961,20.844028],[73.729961,20.844034],[73.729943,20.844056],[73.729926,20.844067],[73.72992,20.844073],[73.72992,20.844079],[73.729929,20.8441],[73.729926,20.84411],[73.72993,20.844115],[73.729896,20.84414],[73.729901,20.844161],[73.729898,20.844166],[73.729894,20.844168],[73.72989,20.844186],[73.729866,20.844205],[73.729854,20.844219],[73.729853,20.844224],[73.729857,20.844231],[73.729853,20.844237],[73.729821,20.844226],[73.729817,20.844231],[73.729814,20.84424]]}},{"type":"Feature","properties":{"elevation":389},"geometry":{"type":"LineString","coordinates":[[73.729995,20.844241],[73.730006,20.844235],[73.730007,20.844238],[73.730003,20.844241]]}},{"type":"Feature","properties":{"elevation":390},"geometry":{"type":"LineString","coordinates":[[73.730708,20.840879],[73.730705,20.840896],[73.73071,20.840905],[73.730728,20.840923],[73.73073,20.840931],[73.730728,20.840941],[73.730718,20.840958],[73.730713,20.840959],[73.730712,20.840962],[73.730702,20.840961],[73.730696,20.840965],[73.730695,20.840972],[73.730691,20.840978],[73.730692,20.84098],[73.730697,20.840979],[73.730695,20.840989],[73.73069,20.840994],[73.730675,20.841003],[73.730637,20.841013],[73.730638,20.841021],[73.730635,20.841028],[73.730641,20.841043],[73.730642,20.841051],[73.730648,20.841059],[73.730644,20.841062],[73.730638,20.841059],[73.730629,20.841065],[73.730629,20.841085],[73.730624,20.84109],[73.730631,20.841099],[73.730641,20.841098],[73.730653,20.841107],[73.730659,20.841117],[73.730661,20.841128],[73.730666,20.841136],[73.730673,20.841138],[73.730675,20.841149],[73.730682,20.841161],[73.730684,20.841161],[73.730687,20.841153],[73.730693,20.841157],[73.730698,20.84117],[73.730695,20.841184],[73.730698,20.841192],[73.730697,20.841201],[73.730707,20.841215],[73.730699,20.841221],[73.730699,20.841225],[73.730694,20.841231],[73.730697,20.841238],[73.730691,20.841251],[73.730689,20.841269],[73.730692,20.841281],[73.730684,20.841288],[73.730677,20.841298],[73.730685,20.841323],[73.730679,20.84133],[73.73067,20.841333],[73.730674,20.841343],[73.730674,20.841349],[73.730667,20.841354],[73.730661,20.841355],[73.730654,20.841366],[73.730657,20.841371],[73.730662,20.841371],[73.730663,20.841375],[73.730647,20.841384],[73.730636,20.841396],[73.730632,20.841409],[73.730626,20.841413],[73.730626,20.841421],[73.730618,20.841444],[73.730613,20.841451],[73.730612,20.841459],[73.730597,20.841478],[73.7306,20.841495],[73.730597,20.841513],[73.730608,20.841514],[73.73061,20.841516],[73.730596,20.841525],[73.730594,20.841531],[73.730586,20.841543],[73.730581,20.841567],[73.730581,20.841584],[73.730575,20.841593],[73.730577,20.841607],[73.730573,20.841618],[73.730572,20.841631],[73.730573,20.841635],[73.730583,20.841643],[73.730583,20.841651],[73.730579,20.841655],[73.730572,20.841649],[73.73057,20.841654],[73.730571,20.841672],[73.730575,20.841682],[73.730572,20.841695],[73.730576,20.841702],[73.730576,20.841709],[73.730577,20.841711],[73.730585,20.841711],[73.730586,20.841706],[73.730593,20.841701],[73.730598,20.841702],[73.730599,20.841705],[73.730594,20.841714],[73.730596,20.841728],[73.730592,20.841735],[73.730578,20.841736],[73.730572,20.841739],[73.730564,20.841756],[73.730564,20.841767],[73.730543,20.841785],[73.730542,20.841793],[73.730547,20.841817],[73.730544,20.841843],[73.730533,20.841843],[73.730528,20.841838],[73.730527,20.841834],[73.730513,20.841835],[73.730507,20.841843],[73.730507,20.841856],[73.73049,20.841864],[73.730485,20.841873],[73.73048,20.841874],[73.730479,20.84188],[73.730473,20.841884],[73.730466,20.841895],[73.730467,20.841903],[73.730474,20.841921],[73.730468,20.84193],[73.730468,20.84194],[73.730463,20.841946],[73.730466,20.841969],[73.730455,20.841981],[73.730453,20.841985],[73.73046,20.842009],[73.730471,20.842021],[73.730473,20.842033],[73.730458,20.8421],[73.730461,20.842109],[73.730454,20.842126],[73.730455,20.842136],[73.730449,20.842145],[73.730458,20.842155],[73.730459,20.842161],[73.730453,20.842177],[73.730444,20.842187],[73.730446,20.842195],[73.730451,20.842201],[73.730449,20.842208],[73.73045,20.842224],[73.730444,20.842227],[73.73044,20.842234],[73.730447,20.842267],[73.730435,20.842286],[73.730415,20.842331],[73.730416,20.842346],[73.730414,20.842359],[73.730438,20.842377],[73.730438,20.842383],[73.730434,20.842388],[73.730431,20.842446],[73.730432,20.842452],[73.730441,20.842459],[73.730441,20.842472],[73.730431,20.842509],[73.730425,20.842522],[73.730426,20.842527],[73.730418,20.842539],[73.730413,20.842542],[73.73041,20.84257],[73.730398,20.842577],[73.730382,20.842584],[73.730375,20.842592],[73.730369,20.842594],[73.73036,20.842603],[73.730349,20.842604],[73.730331,20.842616],[73.730322,20.842615],[73.730318,20.842619],[73.730313,20.842638],[73.730315,20.842652],[73.730312,20.842665],[73.73031,20.842668],[73.730308,20.842675],[73.730292,20.842702],[73.730298,20.842715],[73.730308,20.842715],[73.730309,20.842717],[73.730305,20.842724],[73.730297,20.842729],[73.73029,20.842741],[73.730289,20.842753],[73.730285,20.84276],[73.730284,20.842769],[73.730278,20.842777],[73.730278,20.842783],[73.730281,20.842782],[73.730286,20.842787],[73.730287,20.842796],[73.730277,20.8428],[73.730276,20.842805],[73.730274,20.842828],[73.730278,20.842836],[73.730278,20.84284],[73.730267,20.842851],[73.730253,20.842857],[73.730248,20.842863],[73.730244,20.842878],[73.73024,20.842886],[73.730238,20.842927],[73.730231,20.842935],[73.730208,20.84295],[73.7302,20.842959],[73.730191,20.842992],[73.730189,20.843016],[73.730196,20.84302],[73.730202,20.843016],[73.730214,20.843014],[73.73022,20.843022],[73.730219,20.843033],[73.73021,20.843035],[73.7302,20.843033],[73.730196,20.843034],[73.730196,20.843036],[73.7302,20.84305],[73.7302,20.843058],[73.730207,20.843068],[73.730202,20.843089],[73.730195,20.843098],[73.730202,20.843105],[73.730203,20.843113],[73.730211,20.843118],[73.730209,20.843133],[73.730213,20.843141],[73.730213,20.843148],[73.730204,20.843158],[73.730194,20.843174],[73.730146,20.843214],[73.730117,20.843213],[73.730118,20.843226],[73.730111,20.843239],[73.730112,20.843246],[73.730111,20.843257],[73.730095,20.843284],[73.730098,20.843303],[73.730094,20.843308],[73.730095,20.843321],[73.730105,20.843348],[73.730107,20.843359],[73.730116,20.843364],[73.730115,20.843374],[73.730136,20.843391],[73.73014,20.843414],[73.73014,20.843422],[73.730138,20.843426],[73.730121,20.843436],[73.730115,20.843445],[73.730111,20.843477],[73.730104,20.843492],[73.730106,20.843504],[73.7301,20.843512],[73.730097,20.843531],[73.730099,20.843534],[73.730105,20.843533],[73.730109,20.843544],[73.730101,20.843551],[73.730094,20.843544],[73.730094,20.843535],[73.730084,20.843542],[73.730082,20.843551],[73.730079,20.843555],[73.730078,20.84357],[73.730072,20.843576],[73.730062,20.843598],[73.730053,20.843605],[73.730046,20.843616],[73.730039,20.843631],[73.730035,20.843648],[73.730031,20.843652],[73.730025,20.843671],[73.730017,20.843682],[73.730011,20.843685],[73.730011,20.84369],[73.730008,20.843687],[73.729989,20.84369],[73.729987,20.843692],[73.729991,20.84371],[73.729998,20.843719],[73.729997,20.843725],[73.729984,20.843744],[73.729983,20.843758],[73.729972,20.843778],[73.729954,20.843791],[73.729948,20.843812],[73.72995,20.843829],[73.729961,20.84385],[73.729955,20.843864],[73.729957,20.843882],[73.729945,20.843892],[73.72995,20.843909],[73.729949,20.843918],[73.729952,20.843927],[73.729951,20.843933],[73.729952,20.843941],[73.729945,20.843946],[73.729944,20.843952],[73.729954,20.843959],[73.729951,20.843964],[73.729946,20.843964],[73.729945,20.843966],[73.729946,20.843974],[73.729945,20.843985],[73.729935,20.844003],[73.729936,20.844022],[73.729929,20.844026],[73.729924,20.844055],[73.729913,20.844073],[73.729912,20.844086],[73.729904,20.844113],[73.7299,20.844115],[73.729897,20.844124],[73.729893,20.844128],[73.729886,20.844127],[73.729876,20.844136],[73.729856,20.844144],[73.729831,20.844161],[73.729823,20.84419],[73.729805,20.844222],[73.729802,20.84424]]}},{"type":"Feature","properties":{"elevation":390},"geometry":{"type":"LineString","coordinates":[[73.729997,20.844241],[73.729998,20.844241]]}},{"type":"Feature","properties":{"elevation":391},"geometry":{"type":"LineString","coordinates":[[73.730682,20.840879],[73.730682,20.840888],[73.730692,20.840901],[73.730691,20.840905],[73.730686,20.840905],[73.730686,20.840916],[73.730695,20.840927],[73.730691,20.840934],[73.730684,20.840939],[73.730683,20.840945],[73.730684,20.840949],[73.730688,20.84095],[73.730691,20.840943],[73.730694,20.840946],[73.730694,20.840949],[73.730687,20.840957],[73.730669,20.840969],[73.730663,20.840988],[73.730656,20.840992],[73.730655,20.841],[73.730642,20.841],[73.730625,20.84101],[73.730624,20.841053],[73.730617,20.841072],[73.730612,20.841077],[73.730614,20.841087],[73.730623,20.841098],[73.730629,20.841101],[73.730626,20.841107],[73.730657,20.841138],[73.730655,20.841144],[73.730662,20.841161],[73.730668,20.841164],[73.730671,20.841174],[73.730675,20.841177],[73.730683,20.841191],[73.730688,20.841212],[73.730684,20.841221],[73.73069,20.841232],[73.730691,20.84124],[73.730686,20.841266],[73.730684,20.841269],[73.730672,20.841275],[73.730663,20.841284],[73.730657,20.841308],[73.730653,20.841342],[73.730638,20.84136],[73.730634,20.841372],[73.730629,20.841375],[73.73062,20.841388],[73.730618,20.841396],[73.730607,20.841409],[73.730604,20.841421],[73.730606,20.841426],[73.730599,20.841432],[73.730595,20.841447],[73.730586,20.841467],[73.730593,20.841473],[73.730587,20.841481],[73.730587,20.841498],[73.730579,20.841507],[73.730579,20.841514],[73.730581,20.841517],[73.730592,20.841517],[73.730593,20.841527],[73.730591,20.84153],[73.730578,20.841533],[73.730581,20.841541],[73.730579,20.841555],[73.730576,20.841563],[73.730569,20.841561],[73.730568,20.841567],[73.730563,20.841575],[73.73056,20.84159],[73.730564,20.841598],[73.730564,20.841605],[73.730563,20.841609],[73.730558,20.841613],[73.730559,20.841625],[73.730561,20.841628],[73.730565,20.841626],[73.730568,20.841628],[73.73057,20.841636],[73.730581,20.841643],[73.73058,20.841651],[73.730573,20.841646],[73.730564,20.841643],[73.73056,20.841644],[73.730555,20.84165],[73.730558,20.841664],[73.73055,20.841674],[73.730545,20.841689],[73.730544,20.841702],[73.730545,20.841712],[73.730554,20.84173],[73.73055,20.841749],[73.730544,20.841757],[73.730542,20.84177],[73.730536,20.84178],[73.730514,20.841795],[73.730506,20.841814],[73.7305,20.84182],[73.730493,20.841834],[73.730486,20.841838],[73.730481,20.841844],[73.73048,20.841852],[73.730457,20.841864],[73.730454,20.841876],[73.730451,20.841879],[73.730448,20.841886],[73.730451,20.841906],[73.730447,20.841923],[73.730451,20.841933],[73.730448,20.841938],[73.730453,20.841949],[73.730445,20.84196],[73.730442,20.841976],[73.730455,20.842009],[73.730447,20.842024],[73.730442,20.842052],[73.730439,20.842074],[73.730441,20.842088],[73.730439,20.842098],[73.73044,20.842109],[73.730437,20.842137],[73.730422,20.84216],[73.730438,20.842185],[73.730437,20.842195],[73.730429,20.842202],[73.730428,20.842216],[73.730422,20.842229],[73.730425,20.84224],[73.730419,20.842255],[73.730419,20.842272],[73.730417,20.842276],[73.730419,20.842285],[73.730426,20.842288],[73.730427,20.842293],[73.730421,20.842311],[73.730413,20.842323],[73.730413,20.842346],[73.730405,20.842366],[73.730404,20.842376],[73.73041,20.842413],[73.730404,20.842421],[73.73041,20.842428],[73.730411,20.842436],[73.73041,20.84244],[73.730402,20.842442],[73.730405,20.842448],[73.730416,20.842452],[73.730418,20.842457],[73.730419,20.842464],[73.730415,20.842466],[73.730413,20.842469],[73.730417,20.842485],[73.730418,20.84251],[73.730391,20.842526],[73.730374,20.842546],[73.730355,20.842559],[73.730349,20.842574],[73.730356,20.842571],[73.73036,20.842575],[73.730359,20.842578],[73.730354,20.842576],[73.73035,20.842579],[73.730346,20.842578],[73.730337,20.842584],[73.730329,20.842582],[73.730322,20.842588],[73.73032,20.842594],[73.730308,20.842591],[73.730291,20.842609],[73.730289,20.842615],[73.730294,20.842627],[73.730286,20.842643],[73.730282,20.842671],[73.730271,20.84268],[73.730268,20.842687],[73.73027,20.842691],[73.730278,20.842701],[73.730279,20.842711],[73.730282,20.842711],[73.730283,20.842714],[73.73028,20.842716],[73.730277,20.842713],[73.73027,20.842722],[73.730264,20.842724],[73.730269,20.842736],[73.73027,20.842748],[73.730261,20.842751],[73.73026,20.842757],[73.730261,20.842761],[73.730267,20.842765],[73.730269,20.842778],[73.730267,20.842782],[73.730258,20.842784],[73.730258,20.842792],[73.730255,20.842797],[73.730256,20.842804],[73.730262,20.842809],[73.730268,20.84282],[73.730265,20.842821],[73.730257,20.842818],[73.73025,20.842825],[73.730246,20.842823],[73.730242,20.842825],[73.730241,20.84284],[73.730243,20.842841],[73.730247,20.84284],[73.730249,20.842845],[73.730241,20.842854],[73.730233,20.842855],[73.730225,20.842846],[73.730222,20.842845],[73.730213,20.842852],[73.730205,20.842855],[73.730193,20.842869],[73.730197,20.842873],[73.730202,20.842871],[73.730206,20.842874],[73.730211,20.842872],[73.730212,20.842877],[73.730208,20.84288],[73.730208,20.842883],[73.730218,20.842878],[73.730233,20.842879],[73.730236,20.842882],[73.730233,20.842894],[73.73023,20.842898],[73.730209,20.842891],[73.730199,20.842894],[73.730196,20.842897],[73.730202,20.842903],[73.730194,20.842911],[73.730193,20.842923],[73.730205,20.842936],[73.730207,20.842941],[73.730193,20.842965],[73.730183,20.84301],[73.730173,20.843034],[73.730191,20.843063],[73.730191,20.843079],[73.730183,20.843102],[73.730173,20.843109],[73.730162,20.843132],[73.730154,20.843135],[73.730157,20.843139],[73.730156,20.843158],[73.730139,20.843156],[73.730133,20.843166],[73.730135,20.843172],[73.730143,20.843177],[73.730149,20.843179],[73.730154,20.843184],[73.730155,20.843188],[73.730136,20.843191],[73.730128,20.843198],[73.730111,20.843202],[73.7301,20.843208],[73.730088,20.843231],[73.730083,20.843233],[73.730077,20.843232],[73.730074,20.843242],[73.730068,20.843251],[73.730067,20.843262],[73.730063,20.843263],[73.73006,20.843269],[73.730054,20.84327],[73.730046,20.843281],[73.73004,20.84328],[73.730036,20.843282],[73.730034,20.843294],[73.730029,20.8433],[73.730031,20.843305],[73.730036,20.843308],[73.730046,20.843308],[73.730047,20.843315],[73.730056,20.843323],[73.730055,20.843341],[73.730068,20.843346],[73.730067,20.843354],[73.730072,20.843359],[73.730074,20.843372],[73.730081,20.843378],[73.730085,20.843387],[73.730088,20.843396],[73.730082,20.843408],[73.730086,20.843417],[73.730081,20.843432],[73.730083,20.843453],[73.730078,20.843456],[73.730072,20.843497],[73.730062,20.843535],[73.730056,20.843547],[73.730056,20.843557],[73.730049,20.84357],[73.730035,20.843582],[73.730023,20.843583],[73.730005,20.843616],[73.730006,20.843622],[73.730027,20.843642],[73.73002,20.843648],[73.730014,20.843666],[73.730008,20.84367],[73.730016,20.843672],[73.730014,20.843678],[73.729999,20.843676],[73.729993,20.843679],[73.729971,20.84368],[73.729934,20.843694],[73.729939,20.843709],[73.729948,20.843718],[73.729955,20.84372],[73.729965,20.843716],[73.729972,20.84372],[73.729966,20.843735],[73.729951,20.84374],[73.729946,20.843737],[73.729945,20.843744],[73.72995,20.843746],[73.729945,20.843751],[73.729948,20.84376],[73.729951,20.843762],[73.729957,20.843758],[73.729962,20.84376],[73.729966,20.843758],[73.729969,20.843764],[73.729966,20.84377],[73.729954,20.843773],[73.72995,20.843777],[73.729942,20.843814],[73.729943,20.843826],[73.729958,20.843849],[73.729952,20.84387],[73.729954,20.843881],[73.729945,20.843878],[73.729939,20.843884],[73.729938,20.843892],[73.729945,20.843907],[73.729945,20.843911],[73.729934,20.843925],[73.729925,20.843944],[73.729934,20.843968],[73.729933,20.843975],[73.729928,20.84398],[73.729925,20.843987],[73.729928,20.844011],[73.729911,20.844033],[73.729908,20.844047],[73.729908,20.844068],[73.729901,20.844074],[73.729885,20.844077],[73.729881,20.84408],[73.729876,20.844103],[73.729876,20.844112],[73.729869,20.844127],[73.729848,20.844134],[73.729828,20.844157],[73.729816,20.844185],[73.729812,20.844189],[73.729812,20.844194],[73.729809,20.844202],[73.729799,20.844214],[73.729798,20.84424]]}},{"type":"Feature","properties":{"elevation":392},"geometry":{"type":"LineString","coordinates":[[73.73065,20.840881],[73.730664,20.840891],[73.730664,20.840908],[73.730674,20.84093],[73.730665,20.840939],[73.730655,20.840946],[73.730648,20.840955],[73.730647,20.840961],[73.730654,20.840968],[73.730653,20.840976],[73.730645,20.840979],[73.730638,20.840995],[73.730618,20.841012],[73.730615,20.841037],[73.730616,20.841056],[73.730594,20.841078],[73.730591,20.841086],[73.730599,20.841098],[73.730611,20.841092],[73.730625,20.841102],[73.730617,20.841106],[73.730613,20.841111],[73.730623,20.841124],[73.730631,20.841127],[73.730629,20.841133],[73.730633,20.841141],[73.730638,20.841142],[73.730637,20.841151],[73.730644,20.841159],[73.730644,20.841169],[73.730649,20.84118],[73.730654,20.841185],[73.730661,20.841186],[73.730663,20.841193],[73.730661,20.841194],[73.730661,20.841199],[73.730662,20.841195],[73.730668,20.841197],[73.730662,20.841202],[73.730657,20.841213],[73.730651,20.841239],[73.730656,20.841247],[73.730666,20.841245],[73.730669,20.841252],[73.730673,20.841257],[73.730654,20.841256],[73.730655,20.84126],[73.730665,20.84127],[73.730662,20.841277],[73.730648,20.841287],[73.730644,20.841294],[73.730644,20.841305],[73.730642,20.841313],[73.730648,20.841314],[73.730648,20.841322],[73.730646,20.841324],[73.730638,20.841324],[73.730634,20.841329],[73.730626,20.841343],[73.730625,20.841353],[73.730618,20.841361],[73.730618,20.841367],[73.730612,20.841374],[73.730608,20.841391],[73.730599,20.841399],[73.730587,20.841406],[73.73058,20.841419],[73.730573,20.841439],[73.730578,20.841455],[73.730576,20.84146],[73.730568,20.841462],[73.730567,20.841465],[73.730567,20.841477],[73.73057,20.841484],[73.730567,20.841498],[73.730571,20.841514],[73.730558,20.841528],[73.730551,20.841541],[73.730549,20.841551],[73.730554,20.84156],[73.730548,20.841565],[73.730546,20.841571],[73.730549,20.841575],[73.730541,20.841585],[73.730543,20.841599],[73.73054,20.84161],[73.730541,20.841619],[73.730538,20.841631],[73.730542,20.841643],[73.730536,20.84165],[73.73054,20.841665],[73.730534,20.841668],[73.730533,20.841671],[73.730534,20.841674],[73.730538,20.841673],[73.73054,20.841675],[73.730541,20.841704],[73.730534,20.841732],[73.730526,20.841745],[73.730521,20.841748],[73.730519,20.841755],[73.730516,20.841753],[73.730515,20.841749],[73.730506,20.841754],[73.730509,20.841776],[73.730499,20.841783],[73.730493,20.841797],[73.730491,20.841806],[73.730485,20.841812],[73.730484,20.84182],[73.730472,20.841823],[73.730466,20.841827],[73.730459,20.841845],[73.730445,20.841862],[73.730439,20.841862],[73.730436,20.841871],[73.730436,20.841877],[73.730442,20.841883],[73.730444,20.841907],[73.730441,20.84192],[73.730428,20.841934],[73.730427,20.841939],[73.730428,20.841947],[73.730437,20.841958],[73.730437,20.841977],[73.730444,20.842],[73.730442,20.842002],[73.730432,20.842001],[73.730428,20.842004],[73.730427,20.842015],[73.730436,20.84202],[73.730425,20.842037],[73.730426,20.842054],[73.730431,20.842056],[73.730433,20.842064],[73.73043,20.84208],[73.730424,20.842086],[73.730428,20.842097],[73.730419,20.842121],[73.730422,20.842148],[73.730413,20.842165],[73.730412,20.842191],[73.730414,20.842195],[73.730409,20.842204],[73.73041,20.842219],[73.730402,20.842236],[73.730406,20.842254],[73.7304,20.842256],[73.730399,20.842264],[73.730391,20.842269],[73.730391,20.842281],[73.730395,20.842288],[73.730394,20.842295],[73.730384,20.842301],[73.730392,20.842313],[73.730409,20.842326],[73.73041,20.842345],[73.730401,20.842364],[73.730399,20.842377],[73.7304,20.842396],[73.730398,20.842398],[73.730392,20.842398],[73.730389,20.842401],[73.730391,20.842407],[73.730396,20.842407],[73.730396,20.842417],[73.73039,20.842435],[73.730391,20.842444],[73.730385,20.842446],[73.730376,20.842454],[73.730371,20.842469],[73.730372,20.842471],[73.730378,20.842471],[73.730386,20.842479],[73.730392,20.842514],[73.730361,20.84253],[73.73036,20.842533],[73.730362,20.842542],[73.730355,20.842544],[73.730353,20.842548],[73.730348,20.842547],[73.73033,20.842551],[73.730324,20.842558],[73.730322,20.842563],[73.730318,20.842563],[73.730313,20.842567],[73.73032,20.842566],[73.730322,20.842569],[73.73032,20.842572],[73.730314,20.842573],[73.73031,20.84258],[73.730296,20.842576],[73.730289,20.84258],[73.730284,20.842586],[73.730282,20.842602],[73.730274,20.842604],[73.730278,20.84261],[73.730273,20.84263],[73.730275,20.842635],[73.730268,20.842643],[73.730268,20.842647],[73.730271,20.842655],[73.730278,20.842661],[73.730278,20.842665],[73.730266,20.842679],[73.730259,20.842699],[73.730249,20.842707],[73.73025,20.842717],[73.730247,20.842722],[73.730249,20.842736],[73.730239,20.842741],[73.730238,20.842744],[73.730241,20.842769],[73.730237,20.842786],[73.73023,20.842796],[73.730197,20.842821],[73.730198,20.842828],[73.730194,20.842828],[73.730189,20.842837],[73.730176,20.842848],[73.730165,20.842867],[73.730171,20.842874],[73.730171,20.842882],[73.730176,20.842895],[73.730169,20.842902],[73.730171,20.842912],[73.730164,20.842924],[73.730165,20.842942],[73.730171,20.842964],[73.730175,20.842966],[73.730181,20.842964],[73.730184,20.842967],[73.730182,20.842978],[73.730179,20.842981],[73.730182,20.842989],[73.730165,20.843033],[73.730158,20.843038],[73.730146,20.843053],[73.73015,20.843072],[73.730139,20.843085],[73.730139,20.843101],[73.730124,20.843113],[73.730125,20.843124],[73.730122,20.843134],[73.730121,20.843146],[73.730108,20.843155],[73.730098,20.843156],[73.73009,20.843163],[73.730087,20.843185],[73.730082,20.843191],[73.730052,20.843213],[73.73005,20.843218],[73.730052,20.843231],[73.730036,20.843233],[73.730032,20.843239],[73.730018,20.843252],[73.730008,20.843267],[73.730012,20.843274],[73.730005,20.843277],[73.730001,20.843286],[73.729998,20.843298],[73.730003,20.843305],[73.73001,20.843309],[73.730008,20.843314],[73.73001,20.843322],[73.730007,20.843328],[73.730012,20.843333],[73.730017,20.843332],[73.730019,20.843335],[73.730015,20.843359],[73.730029,20.843368],[73.730038,20.843377],[73.730044,20.84339],[73.730042,20.84341],[73.730051,20.843418],[73.730045,20.843425],[73.730044,20.843435],[73.730051,20.843452],[73.730051,20.843463],[73.730046,20.843481],[73.730051,20.84349],[73.730043,20.843494],[73.730043,20.843497],[73.73005,20.843507],[73.73005,20.843511],[73.730045,20.843522],[73.730038,20.843527],[73.730038,20.843535],[73.730022,20.843551],[73.73002,20.843579],[73.729999,20.843622],[73.730001,20.843632],[73.730013,20.843639],[73.730023,20.84364],[73.730026,20.843642],[73.730018,20.843647],[73.730016,20.843659],[73.730011,20.843667],[73.730006,20.843664],[73.730007,20.843659],[73.729998,20.843662],[73.729989,20.843659],[73.729989,20.843664],[73.729974,20.843674],[73.729936,20.843683],[73.729924,20.843694],[73.729922,20.843702],[73.729924,20.843732],[73.729922,20.843756],[73.729928,20.843763],[73.729933,20.843779],[73.72993,20.843784],[73.729919,20.843789],[73.729914,20.843798],[73.729912,20.843806],[73.729913,20.843812],[73.72991,20.843814],[73.729908,20.843828],[73.729909,20.843834],[73.729921,20.843847],[73.729916,20.843858],[73.729915,20.843874],[73.729925,20.843883],[73.729929,20.84389],[73.729927,20.843895],[73.729921,20.843898],[73.72992,20.843911],[73.729926,20.843925],[73.729923,20.843933],[73.729914,20.843946],[73.729913,20.843958],[73.729919,20.843966],[73.729928,20.843968],[73.72993,20.843972],[73.72992,20.843975],[73.729911,20.843972],[73.729909,20.843987],[73.729914,20.843992],[73.729914,20.843996],[73.729906,20.844],[73.729902,20.844007],[73.729899,20.844018],[73.7299,20.844027],[73.729894,20.844031],[73.729892,20.844037],[73.729892,20.844044],[73.729897,20.844047],[73.729892,20.844048],[73.729891,20.844053],[73.729893,20.844056],[73.729897,20.844057],[73.729897,20.84406],[73.729873,20.844079],[73.729868,20.844096],[73.729866,20.844112],[73.729862,20.84412],[73.729848,20.844131],[73.72984,20.84414],[73.729827,20.844156],[73.729815,20.84418],[73.729809,20.844185],[73.729806,20.844199],[73.729793,20.844214],[73.729794,20.84424]]}},{"type":"Feature","properties":{"elevation":393},"geometry":{"type":"LineString","coordinates":[[73.730634,20.84088],[73.730628,20.840907],[73.730635,20.840929],[73.730639,20.840952],[73.730631,20.840972],[73.730632,20.840996],[73.730616,20.841008],[73.730595,20.841011],[73.730586,20.841015],[73.730581,20.84102],[73.730572,20.841036],[73.730555,20.841056],[73.730554,20.841061],[73.730561,20.841077],[73.730581,20.841105],[73.730596,20.841113],[73.73061,20.841132],[73.730611,20.841136],[73.730608,20.841141],[73.730618,20.841159],[73.730621,20.841162],[73.730624,20.841157],[73.730629,20.841158],[73.730633,20.841168],[73.730631,20.841173],[73.730625,20.84117],[73.730622,20.841179],[73.730627,20.841185],[73.730629,20.841207],[73.730621,20.841235],[73.73063,20.84124],[73.730627,20.841243],[73.73063,20.84126],[73.73063,20.841274],[73.730624,20.841287],[73.730626,20.841297],[73.730624,20.841303],[73.730628,20.841312],[73.730623,20.841321],[73.730604,20.84133],[73.730606,20.841337],[73.7306,20.841348],[73.730596,20.841371],[73.730585,20.84138],[73.730579,20.841391],[73.730581,20.841405],[73.730572,20.841433],[73.730566,20.841442],[73.730566,20.841451],[73.730558,20.841457],[73.730551,20.841471],[73.730552,20.841477],[73.730562,20.841489],[73.730563,20.841494],[73.730551,20.841497],[73.730551,20.841504],[73.730544,20.841511],[73.730543,20.841516],[73.730544,20.841522],[73.730549,20.841522],[73.730551,20.841525],[73.730548,20.841528],[73.730543,20.841526],[73.730542,20.841531],[73.730535,20.841532],[73.730529,20.841553],[73.730521,20.84157],[73.730519,20.841579],[73.73052,20.841586],[73.730516,20.841592],[73.730522,20.841609],[73.730519,20.841619],[73.730518,20.841629],[73.73052,20.841635],[73.730514,20.841666],[73.730518,20.841676],[73.730511,20.841688],[73.730514,20.841703],[73.7305,20.841714],[73.730494,20.841721],[73.730487,20.841737],[73.730487,20.841743],[73.730482,20.841746],[73.730482,20.841756],[73.730475,20.841762],[73.730477,20.841775],[73.73048,20.841778],[73.730475,20.841782],[73.73047,20.841795],[73.73047,20.841803],[73.730453,20.841805],[73.730449,20.84181],[73.730452,20.841817],[73.730445,20.841814],[73.730435,20.841818],[73.730426,20.84184],[73.73042,20.841844],[73.730415,20.841863],[73.730418,20.841884],[73.730411,20.841903],[73.730421,20.841915],[73.730423,20.841927],[73.73042,20.841934],[73.730413,20.841937],[73.73041,20.841944],[73.73041,20.841949],[73.730418,20.841962],[73.730414,20.841962],[73.730413,20.841963],[73.730416,20.841966],[73.730418,20.841974],[73.730404,20.841988],[73.730411,20.842004],[73.730406,20.842021],[73.730411,20.842029],[73.730405,20.842036],[73.730403,20.842047],[73.730407,20.84206],[73.730412,20.842063],[73.730412,20.842067],[73.730407,20.842075],[73.7304,20.842078],[73.730395,20.842104],[73.730402,20.842122],[73.730403,20.842132],[73.730399,20.842139],[73.730408,20.842143],[73.730411,20.842153],[73.730408,20.842158],[73.730398,20.842163],[73.730395,20.842174],[73.730393,20.842182],[73.730396,20.842198],[73.730392,20.842204],[73.730395,20.842206],[73.730391,20.842207],[73.730389,20.842212],[73.73038,20.842212],[73.730374,20.842215],[73.730381,20.842232],[73.730384,20.842246],[73.730372,20.842275],[73.730364,20.842288],[73.730363,20.842294],[73.730364,20.842298],[73.730372,20.842306],[73.730386,20.842314],[73.730394,20.842326],[73.730394,20.842334],[73.730378,20.842339],[73.730372,20.84235],[73.730379,20.842368],[73.730373,20.842379],[73.730371,20.842392],[73.730363,20.842415],[73.730364,20.842441],[73.730362,20.842449],[73.730358,20.842454],[73.730346,20.842461],[73.730337,20.842476],[73.730303,20.842495],[73.7303,20.8425],[73.730292,20.842503],[73.730289,20.842515],[73.730288,20.842534],[73.730292,20.842556],[73.730287,20.842558],[73.730285,20.842563],[73.730257,20.842576],[73.730252,20.842606],[73.730257,20.842612],[73.730255,20.842629],[73.730252,20.842638],[73.730248,20.842665],[73.730243,20.842673],[73.730242,20.84268],[73.730237,20.842687],[73.730238,20.842705],[73.730229,20.842727],[73.730233,20.842757],[73.730221,20.842766],[73.730217,20.842772],[73.730218,20.842783],[73.730215,20.84279],[73.730216,20.842798],[73.730206,20.842806],[73.730193,20.842808],[73.73018,20.842813],[73.730169,20.842826],[73.730169,20.842828],[73.730164,20.842829],[73.730163,20.842834],[73.730172,20.842845],[73.730168,20.842854],[73.730151,20.842865],[73.730137,20.842866],[73.73013,20.842871],[73.730119,20.842884],[73.730118,20.842889],[73.730119,20.842895],[73.730138,20.842921],[73.730145,20.842948],[73.730135,20.842954],[73.73012,20.842958],[73.73011,20.842957],[73.730094,20.84296],[73.730089,20.842967],[73.73009,20.842977],[73.730096,20.842986],[73.730119,20.843008],[73.730122,20.843015],[73.730135,20.843021],[73.730148,20.843033],[73.730146,20.843039],[73.730117,20.843064],[73.730113,20.843064],[73.730112,20.843078],[73.730099,20.843093],[73.730099,20.843101],[73.730102,20.843105],[73.7301,20.843112],[73.730106,20.843122],[73.730113,20.843127],[73.73012,20.843128],[73.730118,20.843132],[73.730117,20.843141],[73.730113,20.843143],[73.730104,20.843138],[73.7301,20.843148],[73.730077,20.843153],[73.730076,20.843165],[73.730071,20.843177],[73.730068,20.84319],[73.730059,20.843197],[73.730042,20.843213],[73.73002,20.84322],[73.729996,20.84324],[73.729995,20.84325],[73.729988,20.843246],[73.729981,20.843252],[73.729976,20.843284],[73.729972,20.843294],[73.729967,20.843299],[73.729969,20.843315],[73.729978,20.843325],[73.729983,20.843339],[73.729991,20.843344],[73.73,20.843359],[73.730015,20.843372],[73.730016,20.843376],[73.730014,20.843395],[73.730028,20.843411],[73.730031,20.843419],[73.730031,20.843423],[73.730023,20.843423],[73.730025,20.843429],[73.730033,20.843434],[73.730026,20.843447],[73.730022,20.843468],[73.730023,20.843488],[73.730013,20.843516],[73.730002,20.843533],[73.730004,20.843538],[73.730014,20.843554],[73.730015,20.84356],[73.730007,20.843566],[73.729994,20.843565],[73.729987,20.84358],[73.729994,20.843597],[73.729977,20.843592],[73.729977,20.8436],[73.72997,20.843617],[73.729972,20.843625],[73.729965,20.843629],[73.729958,20.843639],[73.729959,20.843643],[73.729955,20.843648],[73.729953,20.843662],[73.729945,20.843674],[73.729934,20.84368],[73.729925,20.843689],[73.729921,20.843698],[73.729922,20.843731],[73.72992,20.843744],[73.729914,20.84376],[73.729908,20.843762],[73.729904,20.843769],[73.729901,20.843781],[73.729902,20.843802],[73.7299,20.843804],[73.729893,20.843804],[73.729888,20.843807],[73.729885,20.84382],[73.72988,20.843825],[73.729885,20.843828],[73.729891,20.843817],[73.729899,20.84382],[73.729901,20.843831],[73.729889,20.843837],[73.729897,20.843848],[73.729896,20.843861],[73.729889,20.843863],[73.729887,20.843876],[73.729868,20.843893],[73.729865,20.8439],[73.729875,20.843925],[73.729896,20.843944],[73.729895,20.843964],[73.729892,20.843969],[73.729896,20.843981],[73.729893,20.843986],[73.729893,20.844],[73.729885,20.844014],[73.729885,20.84403],[73.729881,20.844036],[73.729876,20.844039],[73.729874,20.844044],[73.729876,20.844055],[73.729876,20.844068],[73.729863,20.844082],[73.72986,20.844098],[73.729848,20.844111],[73.729845,20.84413],[73.729804,20.844189],[73.729803,20.844197],[73.729791,20.844211],[73.729786,20.844211],[73.729791,20.844231],[73.729791,20.84424]]}},{"type":"Feature","properties":{"elevation":394},"geometry":{"type":"LineString","coordinates":[[73.73063,20.84088],[73.730621,20.840912],[73.730619,20.840929],[73.730611,20.84095],[73.730613,20.840956],[73.730621,20.840965],[73.730616,20.841],[73.730611,20.841004],[73.730588,20.841007],[73.730581,20.841011],[73.730569,20.841026],[73.730556,20.84105],[73.73055,20.841053],[73.730548,20.841066],[73.730558,20.841083],[73.730573,20.841103],[73.730578,20.841115],[73.730578,20.84112],[73.73057,20.841128],[73.730569,20.841135],[73.730579,20.84115],[73.73058,20.84117],[73.730585,20.841179],[73.73059,20.841181],[73.730597,20.841187],[73.730605,20.841201],[73.730607,20.841209],[73.730616,20.841224],[73.730611,20.84125],[73.730604,20.841257],[73.7306,20.841269],[73.730597,20.841288],[73.730598,20.841298],[73.730595,20.841305],[73.730596,20.841323],[73.730592,20.841329],[73.730582,20.841333],[73.730576,20.84134],[73.730573,20.841369],[73.730566,20.841375],[73.730556,20.841373],[73.730541,20.841382],[73.730531,20.841394],[73.730528,20.841404],[73.730529,20.841409],[73.730535,20.841415],[73.73054,20.841416],[73.73055,20.841414],[73.730553,20.841416],[73.730555,20.841423],[73.730547,20.84143],[73.730547,20.841439],[73.73055,20.84145],[73.730538,20.84146],[73.730534,20.841469],[73.730535,20.841474],[73.73054,20.841475],[73.730542,20.841481],[73.730538,20.841484],[73.730532,20.841481],[73.730532,20.841493],[73.730523,20.841514],[73.730523,20.841527],[73.730518,20.841533],[73.730515,20.841541],[73.730507,20.841551],[73.730507,20.841555],[73.730512,20.841563],[73.730514,20.841575],[73.730507,20.841594],[73.73049,20.841606],[73.730504,20.841641],[73.730504,20.841649],[73.730502,20.841653],[73.730504,20.84166],[73.730499,20.841664],[73.730483,20.841702],[73.730486,20.841715],[73.730483,20.841721],[73.730482,20.84174],[73.73047,20.841743],[73.730463,20.841748],[73.730449,20.841801],[73.730422,20.841821],[73.730416,20.841835],[73.730407,20.841835],[73.730407,20.84184],[73.730403,20.841846],[73.730402,20.841855],[73.73041,20.841867],[73.730413,20.84188],[73.73041,20.841892],[73.730398,20.841905],[73.730401,20.841938],[73.730398,20.841949],[73.730399,20.841954],[73.730394,20.841954],[73.730395,20.841968],[73.730391,20.841976],[73.730395,20.841992],[73.730396,20.842015],[73.73039,20.842027],[73.730398,20.842035],[73.7304,20.842043],[73.730396,20.842049],[73.730391,20.842052],[73.730382,20.842069],[73.730391,20.842082],[73.730392,20.842086],[73.730388,20.842112],[73.730382,20.842117],[73.730384,20.842132],[73.730381,20.842137],[73.730383,20.842155],[73.730389,20.842167],[73.730382,20.842185],[73.730363,20.842206],[73.730359,20.842212],[73.73036,20.842217],[73.730375,20.84224],[73.730372,20.842244],[73.730373,20.842253],[73.730369,20.842272],[73.730365,20.842276],[73.730357,20.842301],[73.730352,20.842309],[73.730355,20.842329],[73.730365,20.842335],[73.730366,20.842338],[73.730361,20.842348],[73.730356,20.842347],[73.730354,20.84235],[73.730354,20.842367],[73.730356,20.842375],[73.730347,20.842395],[73.730348,20.842405],[73.73034,20.842418],[73.73034,20.842426],[73.730345,20.842431],[73.730341,20.842438],[73.730342,20.842456],[73.730328,20.842471],[73.730326,20.842476],[73.730305,20.84249],[73.730276,20.842493],[73.730263,20.842493],[73.730256,20.842495],[73.730245,20.842494],[73.73024,20.842498],[73.73024,20.842507],[73.730237,20.842515],[73.730239,20.842525],[73.730235,20.842551],[73.730238,20.84256],[73.730244,20.842558],[73.73024,20.842567],[73.730241,20.842574],[73.730234,20.842603],[73.730235,20.842615],[73.730239,20.842626],[73.730235,20.842639],[73.730235,20.84265],[73.730231,20.842664],[73.730236,20.842669],[73.730238,20.842681],[73.730236,20.842683],[73.730229,20.842682],[73.730226,20.842691],[73.730234,20.842697],[73.730233,20.842705],[73.730227,20.842714],[73.730221,20.842713],[73.730217,20.842708],[73.730209,20.84272],[73.730215,20.842724],[73.730222,20.842726],[73.730223,20.84273],[73.730213,20.842737],[73.730205,20.84274],[73.730203,20.842746],[73.730196,20.84275],[73.730194,20.842766],[73.730186,20.842778],[73.730166,20.842802],[73.730139,20.842823],[73.730136,20.842852],[73.730134,20.842858],[73.730125,20.842866],[73.73012,20.842878],[73.730106,20.842893],[73.730105,20.842903],[73.730093,20.84292],[73.730085,20.842928],[73.730079,20.842939],[73.730073,20.842942],[73.73008,20.842965],[73.730092,20.842988],[73.730098,20.843007],[73.730099,20.843032],[73.730101,20.843043],[73.730089,20.84305],[73.730084,20.843061],[73.730082,20.843078],[73.730074,20.843089],[73.730074,20.843093],[73.730078,20.843101],[73.730079,20.843109],[73.730073,20.843115],[73.730065,20.843117],[73.730062,20.843121],[73.730063,20.843126],[73.730048,20.843139],[73.730049,20.843159],[73.730042,20.843165],[73.730034,20.843181],[73.730028,20.84318],[73.730027,20.843186],[73.730018,20.8432],[73.73001,20.8432],[73.730004,20.843209],[73.729985,20.843223],[73.72998,20.843231],[73.72998,20.843241],[73.729975,20.84324],[73.729973,20.843234],[73.729964,20.84324],[73.729964,20.843252],[73.729961,20.843255],[73.729963,20.84326],[73.729957,20.843268],[73.729955,20.843279],[73.729949,20.843286],[73.72994,20.843309],[73.729937,20.843312],[73.729939,20.843323],[73.729956,20.843331],[73.729957,20.843341],[73.729963,20.843345],[73.729975,20.843361],[73.72998,20.843365],[73.729995,20.843367],[73.729998,20.84337],[73.729991,20.84341],[73.729993,20.84342],[73.729999,20.843427],[73.729999,20.843433],[73.730004,20.843441],[73.730002,20.843449],[73.730004,20.843458],[73.729999,20.843464],[73.730001,20.843467],[73.729998,20.843484],[73.730002,20.843496],[73.729999,20.843506],[73.73,20.84352],[73.729994,20.843532],[73.729952,20.843555],[73.729958,20.843584],[73.729955,20.843591],[73.729958,20.843593],[73.729961,20.843587],[73.729964,20.843586],[73.729967,20.843588],[73.729967,20.843593],[73.729954,20.843605],[73.729942,20.843612],[73.729936,20.843634],[73.72993,20.843641],[73.729928,20.843648],[73.729932,20.843676],[73.729918,20.843699],[73.72992,20.843732],[73.729917,20.843745],[73.729913,20.843752],[73.729902,20.843759],[73.729895,20.843774],[73.729873,20.843806],[73.729861,20.843831],[73.729861,20.843839],[73.729868,20.843844],[73.72987,20.843854],[73.729877,20.843865],[73.729875,20.843874],[73.729863,20.843876],[73.72986,20.843893],[73.729863,20.843912],[73.729873,20.843946],[73.729864,20.843974],[73.729874,20.843989],[73.729862,20.844015],[73.729866,20.844026],[73.729856,20.84404],[73.729858,20.844061],[73.729854,20.844068],[73.729854,20.844075],[73.72984,20.844079],[73.729838,20.844101],[73.72984,20.844107],[73.729839,20.844116],[73.729842,20.844127],[73.729841,20.844133],[73.729811,20.844172],[73.729794,20.844203],[73.729787,20.844203],[73.729781,20.844208],[73.729778,20.84422],[73.729785,20.844225],[73.729786,20.84424]]}},{"type":"Feature","properties":{"elevation":395},"geometry":{"type":"LineString","coordinates":[[73.730601,20.840882],[73.730599,20.84089],[73.730601,20.840894],[73.730604,20.840894],[73.730615,20.840891],[73.730619,20.840898],[73.730594,20.840923],[73.730584,20.840955],[73.730586,20.840965],[73.73058,20.840993],[73.73058,20.841005],[73.730566,20.841024],[73.730555,20.841043],[73.730544,20.84105],[73.730544,20.841061],[73.730531,20.841065],[73.730529,20.841091],[73.730531,20.8411],[73.730539,20.841108],[73.730534,20.841114],[73.730538,20.841127],[73.73053,20.84113],[73.730539,20.841148],[73.730544,20.841154],[73.730555,20.841156],[73.73056,20.841161],[73.730573,20.841171],[73.730581,20.841189],[73.730578,20.841212],[73.730569,20.841234],[73.73057,20.841238],[73.730585,20.84125],[73.730584,20.841253],[73.730578,20.841258],[73.730577,20.841266],[73.730582,20.841283],[73.730576,20.841286],[73.730573,20.841293],[73.730577,20.841298],[73.730574,20.841298],[73.730567,20.841307],[73.730564,20.841317],[73.730567,20.841324],[73.730563,20.841334],[73.730554,20.841344],[73.730554,20.841356],[73.730545,20.84136],[73.730532,20.841385],[73.730513,20.8414],[73.730513,20.841416],[73.730522,20.841428],[73.730525,20.841439],[73.730518,20.841456],[73.730522,20.84147],[73.730516,20.841477],[73.730516,20.841483],[73.730507,20.841498],[73.730508,20.841512],[73.7305,20.841527],[73.730503,20.841534],[73.730496,20.84154],[73.730492,20.84156],[73.730485,20.841565],[73.730487,20.841572],[73.730492,20.841576],[73.730493,20.841583],[73.730484,20.841591],[73.730474,20.84161],[73.730451,20.841634],[73.730457,20.841651],[73.730476,20.841671],[73.730477,20.841681],[73.730474,20.841698],[73.730476,20.841707],[73.730469,20.841722],[73.730461,20.841734],[73.730461,20.84174],[73.730457,20.841746],[73.730454,20.841749],[73.730441,20.841752],[73.730438,20.841762],[73.730428,20.841763],[73.730417,20.841753],[73.730411,20.84177],[73.730413,20.841775],[73.73041,20.841783],[73.73041,20.841804],[73.730399,20.841818],[73.730396,20.841825],[73.730389,20.841828],[73.730387,20.841831],[73.730389,20.841844],[73.7304,20.841862],[73.730398,20.841867],[73.730388,20.841872],[73.730385,20.84188],[73.730394,20.841903],[73.730391,20.841916],[73.730386,20.841923],[73.730388,20.841925],[73.730393,20.841927],[73.730395,20.84194],[73.730383,20.841958],[73.73038,20.841974],[73.730385,20.841986],[73.730376,20.841998],[73.730374,20.842016],[73.730375,20.842025],[73.730369,20.842031],[73.73037,20.842048],[73.730367,20.842063],[73.730373,20.842078],[73.730365,20.842092],[73.730369,20.842107],[73.730365,20.842115],[73.730364,20.842124],[73.73036,20.842136],[73.730375,20.842155],[73.730378,20.842162],[73.730367,20.842172],[73.730351,20.842227],[73.730355,20.842243],[73.730352,20.842249],[73.730357,20.842258],[73.730357,20.842288],[73.730351,20.842297],[73.73033,20.842317],[73.730331,20.84232],[73.730337,20.842322],[73.730341,20.842326],[73.730339,20.84233],[73.73033,20.842333],[73.730329,20.84235],[73.730329,20.84236],[73.730332,20.842366],[73.730328,20.842378],[73.730326,20.842395],[73.730331,20.842419],[73.730329,20.842441],[73.73033,20.842461],[73.730312,20.842482],[73.730302,20.842489],[73.730277,20.84249],[73.730244,20.842486],[73.730233,20.84249],[73.730227,20.842494],[73.730225,20.842534],[73.730227,20.842564],[73.730221,20.842576],[73.73022,20.842587],[73.730223,20.84261],[73.730227,20.842615],[73.730219,20.84264],[73.730222,20.842645],[73.730221,20.84265],[73.730212,20.842672],[73.73021,20.842686],[73.730212,20.842696],[73.730205,20.842701],[73.730202,20.842713],[73.730191,20.842731],[73.730189,20.842763],[73.730165,20.842798],[73.730153,20.842806],[73.730132,20.842824],[73.73012,20.842857],[73.730117,20.842871],[73.730109,20.842886],[73.730099,20.842893],[73.730102,20.842902],[73.73008,20.842924],[73.730076,20.842929],[73.730077,20.842935],[73.73007,20.842941],[73.73007,20.842947],[73.730077,20.842961],[73.730079,20.842972],[73.730088,20.842989],[73.730086,20.843001],[73.730078,20.843017],[73.730089,20.843028],[73.730072,20.843034],[73.73007,20.843043],[73.730079,20.843044],[73.73008,20.843048],[73.730077,20.843049],[73.730072,20.843048],[73.730066,20.843052],[73.730063,20.843064],[73.730057,20.843071],[73.730056,20.843078],[73.730053,20.843083],[73.730054,20.843088],[73.730051,20.843095],[73.730054,20.843102],[73.730049,20.843104],[73.730047,20.843112],[73.730034,20.843121],[73.730036,20.843134],[73.730032,20.843138],[73.730025,20.84314],[73.730018,20.843152],[73.730018,20.84316],[73.729999,20.843178],[73.729995,20.843188],[73.729988,20.843194],[73.729979,20.843204],[73.729945,20.843224],[73.729938,20.843223],[73.729934,20.84323],[73.729935,20.843238],[73.729934,20.843253],[73.729939,20.843261],[73.72994,20.843266],[73.729935,20.843281],[73.729911,20.843324],[73.729943,20.843352],[73.729951,20.843363],[73.729964,20.843366],[73.729968,20.843369],[73.729962,20.843387],[73.729966,20.843397],[73.729984,20.843413],[73.729982,20.843445],[73.72999,20.843461],[73.729987,20.843472],[73.72998,20.843475],[73.72998,20.84348],[73.729977,20.843487],[73.72998,20.843496],[73.729978,20.84351],[73.729984,20.843521],[73.729985,20.843528],[73.729972,20.843539],[73.729927,20.843565],[73.729919,20.843579],[73.729914,20.843601],[73.729911,20.843604],[73.729916,20.843624],[73.729914,20.843635],[73.729919,20.843637],[73.729924,20.843643],[73.729928,20.843678],[73.729915,20.843701],[73.729916,20.843733],[73.729904,20.843748],[73.729897,20.843752],[73.729895,20.843761],[73.729886,20.843774],[73.729876,20.843778],[73.729875,20.843785],[73.729867,20.843798],[73.729867,20.843807],[73.729862,20.843813],[73.729853,20.843838],[73.729854,20.843845],[73.729864,20.843849],[73.729863,20.843852],[73.729857,20.843855],[73.729856,20.84386],[73.729858,20.843917],[73.729866,20.843933],[73.729865,20.843957],[73.729863,20.843966],[73.729852,20.843979],[73.729851,20.843993],[73.729853,20.844],[73.729849,20.844003],[73.729846,20.844012],[73.729834,20.844018],[73.729832,20.844021],[73.72984,20.844035],[73.729839,20.844046],[73.729842,20.844063],[73.729832,20.844074],[73.729829,20.844086],[73.729831,20.844125],[73.729834,20.844137],[73.729794,20.844196],[73.729785,20.844201],[73.729777,20.844212],[73.729775,20.844224],[73.729779,20.844231],[73.729778,20.844239]]}},{"type":"Feature","properties":{"elevation":396},"geometry":{"type":"LineString","coordinates":[[73.730575,20.840882],[73.730574,20.840885],[73.730573,20.84091],[73.73057,20.840924],[73.730577,20.840957],[73.730574,20.84096],[73.730567,20.840964],[73.730563,20.840979],[73.730575,20.841001],[73.730576,20.841006],[73.730539,20.841052],[73.730526,20.841058],[73.730514,20.841068],[73.7305,20.841094],[73.730496,20.841104],[73.730497,20.841123],[73.730527,20.84114],[73.730535,20.841153],[73.73054,20.84117],[73.730547,20.84117],[73.730548,20.841172],[73.730544,20.841175],[73.730545,20.841185],[73.730551,20.841199],[73.730559,20.841211],[73.730564,20.841224],[73.730563,20.841231],[73.730551,20.84125],[73.730545,20.841277],[73.730559,20.841305],[73.730556,20.841327],[73.730553,20.841334],[73.730542,20.841347],[73.730533,20.841375],[73.730512,20.841396],[73.730509,20.841414],[73.730492,20.841442],[73.730495,20.841459],[73.730482,20.841483],[73.730492,20.84149],[73.730494,20.841496],[73.730494,20.841506],[73.730502,20.841514],[73.730498,20.841514],[73.730494,20.841509],[73.730481,20.841513],[73.730478,20.841517],[73.730484,20.841519],[73.730485,20.841522],[73.730481,20.841537],[73.730475,20.841546],[73.730478,20.841555],[73.730477,20.841566],[73.730472,20.841574],[73.730476,20.841595],[73.73047,20.841606],[73.730439,20.841637],[73.730436,20.841666],[73.730437,20.841676],[73.730439,20.84168],[73.730449,20.841683],[73.73045,20.841685],[73.730448,20.841688],[73.730443,20.84169],[73.730445,20.841703],[73.730438,20.841713],[73.730439,20.841728],[73.730432,20.841727],[73.730417,20.841739],[73.730406,20.841765],[73.730405,20.841788],[73.730401,20.8418],[73.730389,20.841817],[73.730371,20.841829],[73.730369,20.841833],[73.730373,20.841844],[73.730372,20.841855],[73.730383,20.84189],[73.730389,20.841902],[73.730374,20.841916],[73.730365,20.841928],[73.730366,20.841942],[73.730364,20.841948],[73.730371,20.84195],[73.730378,20.841957],[73.730379,20.841966],[73.730361,20.841976],[73.730356,20.841988],[73.730359,20.842026],[73.730364,20.842041],[73.730363,20.842068],[73.730358,20.842091],[73.730346,20.842102],[73.730348,20.842122],[73.730343,20.842134],[73.730351,20.842145],[73.730349,20.842153],[73.730349,20.842166],[73.730343,20.84217],[73.730352,20.842212],[73.730339,20.842232],[73.730338,20.842249],[73.730339,20.842261],[73.730348,20.842276],[73.730351,20.842291],[73.730328,20.842314],[73.730323,20.84233],[73.730325,20.842343],[73.730319,20.842363],[73.73031,20.84237],[73.730303,20.842383],[73.730291,20.842396],[73.730302,20.842417],[73.730306,20.842438],[73.730305,20.842441],[73.730296,20.842447],[73.730299,20.842464],[73.730294,20.842477],[73.730286,20.842482],[73.730276,20.842484],[73.730281,20.842487],[73.730248,20.842482],[73.730227,20.842488],[73.73022,20.842493],[73.730218,20.842537],[73.730206,20.842565],[73.730207,20.842586],[73.73021,20.842599],[73.730208,20.842613],[73.730209,20.842634],[73.730198,20.842645],[73.730201,20.842653],[73.73019,20.84266],[73.730191,20.842669],[73.730194,20.84267],[73.730193,20.842672],[73.730196,20.842683],[73.730195,20.842687],[73.730201,20.842691],[73.7302,20.842687],[73.730203,20.842687],[73.730203,20.842696],[73.730199,20.842704],[73.730188,20.842709],[73.730177,20.842718],[73.730177,20.842736],[73.730171,20.842749],[73.730173,20.842761],[73.730178,20.842769],[73.730175,20.842777],[73.730167,20.842788],[73.730148,20.842798],[73.730129,20.842823],[73.730116,20.842854],[73.73011,20.842878],[73.730097,20.842892],[73.730091,20.842908],[73.730078,20.842921],[73.730069,20.842939],[73.730067,20.842949],[73.730072,20.842958],[73.730077,20.842978],[73.730071,20.84299],[73.730069,20.843013],[73.730056,20.843036],[73.730049,20.843036],[73.730047,20.843039],[73.730047,20.843044],[73.730041,20.843053],[73.730042,20.84306],[73.730038,20.843063],[73.730032,20.843078],[73.730029,20.843083],[73.730021,20.843087],[73.730021,20.843095],[73.730018,20.8431],[73.730023,20.843103],[73.73002,20.843105],[73.730018,20.843112],[73.730009,20.843118],[73.730005,20.843126],[73.730006,20.843133],[73.730003,20.843148],[73.73001,20.84315],[73.730011,20.843154],[73.730004,20.843161],[73.729989,20.843162],[73.729983,20.843171],[73.729981,20.84318],[73.729976,20.843186],[73.729952,20.843198],[73.729939,20.84321],[73.72992,20.843211],[73.729919,20.843219],[73.729925,20.843229],[73.72992,20.843236],[73.729921,20.843244],[73.729915,20.843254],[73.729919,20.843268],[73.729916,20.843284],[73.729911,20.843297],[73.729901,20.843305],[73.729901,20.843312],[73.729893,20.84332],[73.729891,20.843332],[73.729894,20.843336],[73.729903,20.84334],[73.729911,20.843349],[73.729923,20.843357],[73.729939,20.843375],[73.729956,20.843389],[73.72996,20.843401],[73.729956,20.84341],[73.729955,20.843423],[73.729968,20.843447],[73.729963,20.843455],[73.729962,20.843471],[73.729959,20.843475],[73.729959,20.843498],[73.729954,20.843512],[73.729946,20.843526],[73.72995,20.843545],[73.72994,20.843554],[73.729925,20.843562],[73.729919,20.843568],[73.72991,20.843582],[73.729908,20.843594],[73.729905,20.843597],[73.729903,20.843606],[73.729903,20.843613],[73.729911,20.843623],[73.729911,20.843637],[73.729919,20.843644],[73.729922,20.84365],[73.729925,20.84368],[73.729914,20.843693],[73.729887,20.843697],[73.729875,20.843702],[73.729864,20.84373],[73.729865,20.843745],[73.729861,20.843751],[73.729864,20.843756],[73.729871,20.84376],[73.729874,20.843768],[73.72986,20.843787],[73.729863,20.843798],[73.729863,20.843808],[73.729859,20.843813],[73.729856,20.843825],[73.729849,20.843839],[73.729857,20.843902],[73.729854,20.843922],[73.729852,20.843927],[73.729845,20.843935],[73.729844,20.843942],[73.729839,20.843946],[73.729842,20.843952],[73.729841,20.843961],[73.729845,20.84397],[73.729842,20.843973],[73.729816,20.843981],[73.729811,20.844011],[73.729801,20.844024],[73.729799,20.844031],[73.729802,20.844045],[73.729813,20.844055],[73.729803,20.844067],[73.729803,20.844074],[73.729792,20.844093],[73.72979,20.844106],[73.729779,20.84412],[73.729776,20.844137],[73.729769,20.84414],[73.729764,20.844148],[73.729766,20.844153],[73.729778,20.844154],[73.729782,20.844158],[73.72979,20.844183],[73.729778,20.844199],[73.729773,20.844212],[73.729769,20.844239]]}},{"type":"Feature","properties":{"elevation":397},"geometry":{"type":"LineString","coordinates":[[73.730556,20.840882],[73.730554,20.840893],[73.730558,20.840915],[73.730554,20.840933],[73.730556,20.840944],[73.730554,20.840953],[73.730559,20.840958],[73.730558,20.840963],[73.730553,20.840963],[73.730553,20.840973],[73.730566,20.841004],[73.730559,20.841009],[73.730537,20.841011],[73.730528,20.841019],[73.730525,20.841024],[73.730525,20.841034],[73.730538,20.841041],[73.730539,20.841044],[73.730534,20.84105],[73.730508,20.841064],[73.730504,20.841075],[73.730498,20.841085],[73.730494,20.841105],[73.730494,20.841124],[73.730506,20.841135],[73.730513,20.841148],[73.730522,20.841152],[73.730521,20.841162],[73.730528,20.841168],[73.73053,20.841173],[73.730528,20.841187],[73.73053,20.841198],[73.730555,20.841235],[73.730548,20.841248],[73.730539,20.841284],[73.730531,20.841298],[73.730533,20.841311],[73.730526,20.841335],[73.730528,20.84134],[73.730534,20.841342],[73.730532,20.841359],[73.730521,20.841385],[73.73051,20.841396],[73.730506,20.841414],[73.730487,20.841443],[73.730485,20.841448],[73.730489,20.841455],[73.730489,20.841459],[73.73048,20.841468],[73.73047,20.841494],[73.73047,20.841518],[73.730478,20.841535],[73.730475,20.841538],[73.730469,20.841537],[73.730466,20.841539],[73.730457,20.841561],[73.730458,20.84157],[73.730465,20.841578],[73.730468,20.841601],[73.730465,20.841606],[73.730443,20.841626],[73.730437,20.841635],[73.730429,20.841684],[73.73043,20.841693],[73.730434,20.841699],[73.730428,20.841719],[73.730408,20.841739],[73.730409,20.841749],[73.730399,20.841785],[73.730389,20.841788],[73.730385,20.841795],[73.73038,20.841798],[73.73037,20.841798],[73.730362,20.841816],[73.730361,20.841833],[73.730354,20.841844],[73.730361,20.841855],[73.730355,20.841866],[73.730358,20.841886],[73.730353,20.841894],[73.730348,20.841899],[73.730353,20.841914],[73.730352,20.841918],[73.730358,20.841929],[73.730356,20.841936],[73.730347,20.841939],[73.730346,20.841942],[73.730355,20.841952],[73.730356,20.841958],[73.730351,20.841966],[73.730339,20.841975],[73.730329,20.841988],[73.730327,20.841995],[73.730327,20.842007],[73.73034,20.842024],[73.73034,20.842032],[73.730337,20.842043],[73.730346,20.842061],[73.730344,20.842064],[73.730327,20.842071],[73.730323,20.842077],[73.730324,20.842099],[73.73032,20.842127],[73.730322,20.84215],[73.73034,20.842175],[73.730344,20.842198],[73.730349,20.84221],[73.730345,20.842219],[73.730329,20.842231],[73.730327,20.842236],[73.730328,20.842254],[73.730332,20.842264],[73.730339,20.842276],[73.730342,20.842291],[73.730325,20.842313],[73.730316,20.842337],[73.730316,20.842344],[73.730307,20.842357],[73.7303,20.842377],[73.730284,20.842388],[73.730265,20.842415],[73.730264,20.842421],[73.730257,20.842431],[73.730253,20.842445],[73.730256,20.842449],[73.730255,20.842457],[73.730248,20.842475],[73.730239,20.842481],[73.730215,20.84249],[73.730203,20.842509],[73.730192,20.842559],[73.730196,20.842575],[73.730195,20.842583],[73.730196,20.842593],[73.7302,20.842602],[73.730193,20.842609],[73.730196,20.84263],[73.730186,20.842651],[73.730184,20.842672],[73.730175,20.842684],[73.730169,20.842705],[73.730171,20.842714],[73.730165,20.842714],[73.730161,20.842719],[73.730158,20.84273],[73.730158,20.842746],[73.730148,20.842753],[73.730143,20.842766],[73.730127,20.842776],[73.730115,20.84278],[73.73011,20.842787],[73.73011,20.842799],[73.730119,20.842811],[73.730119,20.84282],[73.730104,20.842827],[73.730097,20.842834],[73.730097,20.842845],[73.730107,20.842856],[73.730102,20.842882],[73.730089,20.842899],[73.730076,20.8429],[73.730071,20.842903],[73.730069,20.842909],[73.73007,20.842912],[73.730075,20.842914],[73.730076,20.842916],[73.730064,20.842949],[73.730069,20.842975],[73.730052,20.842993],[73.730043,20.842997],[73.730034,20.843017],[73.730023,20.843028],[73.730023,20.84305],[73.730016,20.843057],[73.730015,20.843064],[73.730009,20.843072],[73.730012,20.843086],[73.730005,20.843082],[73.729997,20.843091],[73.729999,20.843119],[73.729995,20.843126],[73.729977,20.843145],[73.729946,20.843185],[73.729934,20.843186],[73.729925,20.843194],[73.729917,20.843193],[73.729902,20.843202],[73.729902,20.843218],[73.729896,20.843232],[73.729897,20.843242],[73.729891,20.843239],[73.729889,20.843241],[73.72989,20.843246],[73.729898,20.843259],[73.729898,20.843272],[73.729894,20.843286],[73.729894,20.843294],[73.729887,20.843301],[73.729887,20.843306],[73.729882,20.843307],[73.72988,20.843312],[73.729881,20.84332],[73.729876,20.843335],[73.729882,20.843346],[73.729914,20.843376],[73.72993,20.843412],[73.729932,20.843426],[73.729937,20.843439],[73.729937,20.843466],[73.729943,20.843489],[73.729943,20.843495],[73.729933,20.843511],[73.729932,20.843518],[73.729925,20.843519],[73.729922,20.843527],[73.729933,20.843533],[73.729937,20.843548],[73.729914,20.843567],[73.729908,20.843576],[73.729896,20.843583],[73.729894,20.843587],[73.7299,20.843596],[73.7299,20.843613],[73.729905,20.84362],[73.729907,20.843635],[73.729911,20.843645],[73.729918,20.843657],[73.729919,20.843673],[73.729918,20.843676],[73.729912,20.843674],[73.729901,20.843669],[73.729886,20.843655],[73.729869,20.843649],[73.729865,20.84365],[73.729864,20.843657],[73.729858,20.84366],[73.729861,20.843674],[73.729871,20.843693],[73.729854,20.843717],[73.729853,20.843729],[73.729846,20.843739],[73.729842,20.843757],[73.729843,20.84377],[73.729858,20.843804],[73.729855,20.843824],[73.729844,20.843838],[73.729854,20.843901],[73.729851,20.843909],[73.729836,20.843921],[73.729823,20.843937],[73.729818,20.843956],[73.729811,20.84397],[73.729806,20.844013],[73.729783,20.844044],[73.729783,20.84405],[73.729788,20.844057],[73.729788,20.844065],[73.729784,20.844068],[73.729775,20.844085],[73.729774,20.844094],[73.729766,20.844099],[73.729767,20.844107],[73.729761,20.844113],[73.729754,20.844128],[73.729753,20.844131],[73.729756,20.844137],[73.729752,20.844142],[73.72975,20.84416],[73.729741,20.84416],[73.729735,20.844164],[73.729726,20.844166],[73.729726,20.84418],[73.729735,20.844184],[73.729741,20.844176],[73.729744,20.844175],[73.729749,20.844189],[73.729737,20.844188],[73.729731,20.844196],[73.7297,20.844206],[73.729682,20.844226],[73.729685,20.844233],[73.729682,20.844239]]}},{"type":"Feature","properties":{"elevation":398},"geometry":{"type":"LineString","coordinates":[[73.72921,20.844235],[73.729202,20.844222],[73.729203,20.844211],[73.729197,20.84421]]}},{"type":"Feature","properties":{"elevation":398},"geometry":{"type":"LineString","coordinates":[[73.729207,20.844144],[73.729217,20.844135],[73.729221,20.84412],[73.729229,20.844115],[73.729236,20.844098],[73.729236,20.844089],[73.729223,20.844078],[73.729219,20.844077]]}},{"type":"Feature","properties":{"elevation":398},"geometry":{"type":"LineString","coordinates":[[73.729234,20.843997],[73.729255,20.843984],[73.729264,20.843972],[73.729267,20.843964],[73.72927,20.843928],[73.729269,20.843926],[73.729264,20.843928],[73.729258,20.843927],[73.729254,20.843922],[73.729258,20.843915],[73.729267,20.843915],[73.729266,20.843903],[73.729257,20.843899],[73.729251,20.843899]]}},{"type":"Feature","properties":{"elevation":398},"geometry":{"type":"LineString","coordinates":[[73.729256,20.843871],[73.729256,20.843872]]}},{"type":"Feature","properties":{"elevation":398},"geometry":{"type":"LineString","coordinates":[[73.729266,20.843819],[73.729273,20.84382],[73.729274,20.843815],[73.729273,20.84381],[73.729266,20.843811]]}},{"type":"Feature","properties":{"elevation":398},"geometry":{"type":"LineString","coordinates":[[73.729288,20.843684],[73.72929,20.843682]]}},{"type":"Feature","properties":{"elevation":398},"geometry":{"type":"LineString","coordinates":[[73.72929,20.843674],[73.729296,20.843667],[73.729297,20.843654],[73.729303,20.843646],[73.729303,20.843616],[73.7293,20.843613]]}},{"type":"Feature","properties":{"elevation":398},"geometry":{"type":"LineString","coordinates":[[73.72929,20.843682],[73.72929,20.843678]]}},{"type":"Feature","properties":{"elevation":398},"geometry":{"type":"LineString","coordinates":[[73.730539,20.840884],[73.730538,20.840899],[73.730544,20.840914],[73.730536,20.840971],[73.730526,20.840984],[73.730525,20.840989],[73.730519,20.840993],[73.730524,20.84101],[73.730524,20.841015],[73.730513,20.841041],[73.730509,20.841056],[73.730496,20.841065],[73.730483,20.841067],[73.730478,20.841075],[73.730481,20.84108],[73.73049,20.841082],[73.730492,20.841084],[73.730491,20.841125],[73.730489,20.841144],[73.730494,20.841165],[73.730498,20.841172],[73.730506,20.841172],[73.73051,20.841182],[73.73051,20.841191],[73.730521,20.841215],[73.730523,20.84123],[73.730535,20.841242],[73.730542,20.841245],[73.730544,20.841249],[73.730537,20.841279],[73.730528,20.841295],[73.730518,20.841305],[73.730512,20.841323],[73.730516,20.841332],[73.730513,20.841344],[73.730507,20.841352],[73.730506,20.841359],[73.730517,20.841371],[73.730518,20.841379],[73.730508,20.841394],[73.730504,20.841411],[73.730493,20.841426],[73.730481,20.841449],[73.730481,20.841452],[73.730485,20.841457],[73.730477,20.841462],[73.730476,20.841474],[73.730467,20.841494],[73.730466,20.84152],[73.730447,20.841539],[73.730449,20.841545],[73.730455,20.841546],[73.730449,20.84155],[73.730451,20.841555],[73.73045,20.841565],[73.730438,20.84157],[73.730435,20.841574],[73.730437,20.841595],[73.730435,20.841601],[73.730439,20.84162],[73.730426,20.841682],[73.730426,20.84171],[73.730419,20.841723],[73.730405,20.841736],[73.730397,20.841762],[73.730352,20.841782],[73.73034,20.84182],[73.730342,20.841824],[73.730349,20.841824],[73.730356,20.841829],[73.730352,20.841833],[73.730347,20.841831],[73.730342,20.841833],[73.730347,20.841838],[73.730347,20.841845],[73.730338,20.841861],[73.730337,20.841868],[73.730341,20.841874],[73.730351,20.841876],[73.730351,20.84188],[73.730339,20.841886],[73.730337,20.841892],[73.730338,20.841898],[73.730332,20.84191],[73.730338,20.841938],[73.730347,20.841951],[73.730343,20.841955],[73.73034,20.841968],[73.730325,20.841988],[73.730317,20.842016],[73.730318,20.842021],[73.730325,20.842031],[73.730324,20.842048],[73.730322,20.842049],[73.730314,20.842048],[73.730311,20.842063],[73.730314,20.842072],[73.730318,20.842073],[73.730316,20.842081],[73.73032,20.842098],[73.730317,20.842125],[73.730319,20.842141],[73.730316,20.842156],[73.73031,20.842166],[73.730317,20.842176],[73.730315,20.84219],[73.730317,20.842201],[73.730312,20.842219],[73.730314,20.84223],[73.730304,20.842245],[73.730298,20.842265],[73.730304,20.842281],[73.730318,20.84229],[73.730323,20.842303],[73.730315,20.842306],[73.730319,20.842315],[73.730317,20.842319],[73.730303,20.842324],[73.730301,20.842336],[73.730294,20.842342],[73.730291,20.842355],[73.730282,20.842358],[73.730277,20.842373],[73.730278,20.842386],[73.730274,20.842398],[73.730256,20.842424],[73.73024,20.842476],[73.730236,20.84248],[73.730205,20.842492],[73.730186,20.84252],[73.73018,20.842547],[73.73018,20.842569],[73.730183,20.842578],[73.730182,20.842592],[73.730178,20.8426],[73.730177,20.842628],[73.730184,20.842645],[73.73018,20.842668],[73.730177,20.842669],[73.730169,20.842666],[73.730161,20.842675],[73.730161,20.842688],[73.730152,20.842696],[73.730147,20.842712],[73.730145,20.842728],[73.730138,20.84273],[73.730118,20.842758],[73.730124,20.842771],[73.730116,20.842773],[73.730114,20.84277],[73.730116,20.842766],[73.730104,20.842763],[73.730092,20.842772],[73.73009,20.842777],[73.730093,20.842797],[73.730083,20.842805],[73.730077,20.842823],[73.730072,20.842823],[73.730062,20.84283],[73.730061,20.842849],[73.730065,20.842854],[73.730068,20.842871],[73.730073,20.842876],[73.730085,20.842881],[73.730091,20.84289],[73.730088,20.842895],[73.730077,20.842895],[73.730068,20.842901],[73.730065,20.842914],[73.730071,20.842922],[73.730059,20.842958],[73.730035,20.842991],[73.730026,20.843016],[73.730017,20.843032],[73.73,20.843048],[73.729988,20.843066],[73.72998,20.843088],[73.729974,20.843111],[73.72996,20.843127],[73.72996,20.843142],[73.729949,20.843144],[73.729943,20.84315],[73.729938,20.843161],[73.729932,20.843164],[73.729931,20.843173],[73.729929,20.843176],[73.729917,20.843182],[73.729906,20.84318],[73.729901,20.843181],[73.729886,20.843197],[73.729883,20.843211],[73.729884,20.843228],[73.72988,20.84324],[73.729883,20.843252],[73.729883,20.843265],[73.729873,20.843293],[73.729868,20.843296],[73.729862,20.843306],[73.729858,20.843346],[73.729859,20.843349],[73.729868,20.843354],[73.729872,20.843363],[73.729888,20.843376],[73.7299,20.843395],[73.729908,20.843421],[73.729914,20.84343],[73.729913,20.843434],[73.729918,20.843445],[73.729916,20.843455],[73.729919,20.84346],[73.729916,20.843465],[73.729915,20.843476],[73.729918,20.843487],[73.729915,20.843498],[73.729905,20.84351],[73.729904,20.843521],[73.729896,20.843526],[73.729894,20.843538],[73.729883,20.843561],[73.729883,20.843573],[73.729887,20.843581],[73.729889,20.843591],[73.729896,20.843599],[73.729904,20.843645],[73.7299,20.843651],[73.72989,20.843652],[73.729876,20.843649],[73.729863,20.843638],[73.729857,20.843637],[73.729851,20.843639],[73.729847,20.843651],[73.729846,20.843671],[73.729851,20.843683],[73.729862,20.843697],[73.729847,20.843713],[73.729838,20.843713],[73.729842,20.843717],[73.729842,20.843721],[73.729837,20.843733],[73.729831,20.843737],[73.729824,20.843763],[73.729825,20.843769],[73.729829,20.843775],[73.729823,20.843778],[73.729824,20.84379],[73.729832,20.843796],[73.729846,20.843815],[73.729844,20.843824],[73.729838,20.843829],[73.729839,20.843837],[73.729835,20.843853],[73.729839,20.843873],[73.72985,20.843897],[73.729843,20.843907],[73.729831,20.843917],[73.729819,20.843933],[73.729809,20.843956],[73.729801,20.844017],[73.729781,20.844037],[73.729767,20.844047],[73.729738,20.844074],[73.729739,20.844101],[73.729741,20.844112],[73.729724,20.844141],[73.72972,20.844156],[73.729703,20.844164],[73.729695,20.84418],[73.72968,20.84419],[73.729669,20.844218],[73.729661,20.84422],[73.729661,20.844223],[73.729666,20.844226],[73.72966,20.844239]]}},{"type":"Feature","properties":{"elevation":399},"geometry":{"type":"LineString","coordinates":[[73.729235,20.844235],[73.729234,20.844229],[73.729238,20.844226],[73.729237,20.844214],[73.72924,20.844209],[73.729238,20.844201],[73.72924,20.844197],[73.729234,20.844181],[73.729237,20.844175],[73.729236,20.84417],[73.729237,20.844165],[73.729231,20.844155],[73.729235,20.844151],[73.729246,20.844148],[73.729249,20.844146],[73.729258,20.844114],[73.729255,20.844106],[73.729261,20.844097],[73.729261,20.844089],[73.729266,20.844076],[73.729265,20.844064],[73.729268,20.844057],[73.729275,20.844054],[73.729277,20.84404],[73.729271,20.844022],[73.72925,20.844015],[73.729249,20.844001],[73.729259,20.843989],[73.729281,20.843995],[73.729289,20.843993],[73.729291,20.843985],[73.72929,20.843972],[73.729286,20.843969],[73.729283,20.843959],[73.729292,20.843947],[73.729292,20.843942],[73.72929,20.843939],[73.729279,20.843933],[73.729278,20.843903],[73.72927,20.843894],[73.729253,20.843889]]}},{"type":"Feature","properties":{"elevation":399},"geometry":{"type":"LineString","coordinates":[[73.729256,20.843873],[73.729258,20.843871],[73.729256,20.843869]]}},{"type":"Feature","properties":{"elevation":399},"geometry":{"type":"LineString","coordinates":[[73.729263,20.843831],[73.729274,20.843829],[73.729282,20.843818],[73.729282,20.843806],[73.729268,20.843796]]}},{"type":"Feature","properties":{"elevation":399},"geometry":{"type":"LineString","coordinates":[[73.729271,20.843788],[73.729294,20.843776],[73.729301,20.843761],[73.729306,20.843732],[73.729305,20.843724],[73.729301,20.843715],[73.729309,20.843704],[73.729312,20.843691],[73.729311,20.843682],[73.72932,20.843659],[73.729316,20.843641],[73.729319,20.843626],[73.729323,20.843622],[73.729323,20.84361],[73.729318,20.843601],[73.729305,20.843593]]}},{"type":"Feature","properties":{"elevation":399},"geometry":{"type":"LineString","coordinates":[[73.72931,20.843559],[73.729317,20.843556],[73.729314,20.843552],[73.729313,20.843543]]}},{"type":"Feature","properties":{"elevation":399},"geometry":{"type":"LineString","coordinates":[[73.729317,20.843518],[73.729319,20.843514]]}},{"type":"Feature","properties":{"elevation":399},"geometry":{"type":"LineString","coordinates":[[73.730527,20.840884],[73.730524,20.84089],[73.730523,20.840921],[73.730527,20.84094],[73.730521,20.840948],[73.730521,20.840956],[73.730516,20.840967],[73.730516,20.840978],[73.730505,20.840998],[73.7305,20.841011],[73.730498,20.84102],[73.730501,20.841032],[73.7305,20.841043],[73.730495,20.841053],[73.730484,20.841049],[73.730474,20.841054],[73.730467,20.841063],[73.730469,20.841088],[73.730476,20.841088],[73.730486,20.841093],[73.73049,20.841106],[73.730488,20.841123],[73.730481,20.84113],[73.73047,20.841145],[73.730468,20.841155],[73.730473,20.841165],[73.730484,20.841176],[73.730488,20.841191],[73.730495,20.841195],[73.730503,20.841207],[73.730506,20.841217],[73.730502,20.841233],[73.730506,20.841237],[73.730513,20.841237],[73.730517,20.841247],[73.730514,20.841256],[73.730516,20.841269],[73.730507,20.84128],[73.730504,20.841299],[73.730494,20.841309],[73.730499,20.84132],[73.730493,20.84134],[73.730495,20.841354],[73.730484,20.841373],[73.730492,20.841389],[73.730458,20.84141],[73.730453,20.841435],[73.730454,20.841439],[73.730462,20.841445],[73.730464,20.84145],[73.730453,20.841459],[73.730447,20.841461],[73.730445,20.841469],[73.730451,20.841474],[73.730466,20.841479],[73.730464,20.841506],[73.730463,20.841509],[73.730456,20.841512],[73.730448,20.841512],[73.730443,20.841515],[73.730438,20.841531],[73.730427,20.841548],[73.730423,20.841557],[73.73042,20.841582],[73.730422,20.841591],[73.73042,20.841602],[73.730423,20.841611],[73.730432,20.841629],[73.730433,20.841642],[73.730422,20.841681],[73.730422,20.841709],[73.730411,20.841722],[73.730399,20.841729],[73.730389,20.841731],[73.730376,20.841728],[73.730369,20.84173],[73.730366,20.841736],[73.730352,20.841747],[73.730346,20.841756],[73.730346,20.841776],[73.730337,20.841783],[73.730335,20.841789],[73.73033,20.841791],[73.730329,20.841816],[73.730325,20.84182],[73.730329,20.84183],[73.730323,20.841837],[73.730323,20.841846],[73.730316,20.841872],[73.730316,20.841876],[73.730321,20.841882],[73.73032,20.841887],[73.730328,20.841895],[73.730324,20.841899],[73.730316,20.841895],[73.730313,20.8419],[73.730315,20.841906],[73.730323,20.841907],[73.730324,20.841913],[73.730319,20.841917],[73.730313,20.841911],[73.730311,20.841915],[73.730316,20.841922],[73.730318,20.841919],[73.730322,20.84192],[73.730325,20.841926],[73.730316,20.841933],[73.730311,20.841945],[73.730311,20.841964],[73.730308,20.841969],[73.730313,20.841975],[73.73032,20.841979],[73.730321,20.841983],[73.730318,20.842002],[73.73031,20.842016],[73.730308,20.842028],[73.730305,20.84206],[73.73031,20.842081],[73.730308,20.842083],[73.730303,20.842083],[73.730301,20.842085],[73.730298,20.842092],[73.730302,20.842094],[73.730298,20.842099],[73.730299,20.842103],[73.730303,20.842104],[73.730307,20.842101],[73.730307,20.842095],[73.73031,20.842094],[73.730311,20.842095],[73.730317,20.842138],[73.730313,20.842145],[73.730306,20.842145],[73.730311,20.842151],[73.7303,20.842166],[73.730302,20.842182],[73.730297,20.842197],[73.730296,20.842223],[73.730292,20.842234],[73.730298,20.842247],[73.730294,20.842273],[73.730306,20.842308],[73.730286,20.842311],[73.730282,20.842314],[73.73028,20.842325],[73.730284,20.842328],[73.730289,20.842329],[73.73029,20.842331],[73.730278,20.842342],[73.73027,20.842362],[73.730272,20.842398],[73.730256,20.842421],[73.730242,20.842448],[73.730238,20.84246],[73.730237,20.842475],[73.730232,20.842479],[73.730199,20.842492],[73.730172,20.842534],[73.730168,20.842556],[73.73017,20.842564],[73.730164,20.842583],[73.730171,20.842593],[73.730166,20.842596],[73.730162,20.842607],[73.730157,20.842627],[73.730158,20.842641],[73.730152,20.842642],[73.730151,20.842652],[73.730148,20.842658],[73.73015,20.842662],[73.730158,20.842664],[73.730157,20.842676],[73.730152,20.842679],[73.730141,20.842677],[73.730139,20.842684],[73.730141,20.84269],[73.730135,20.842696],[73.730135,20.842701],[73.730125,20.842718],[73.730121,20.842742],[73.730112,20.842742],[73.730109,20.842752],[73.730096,20.842749],[73.730081,20.842754],[73.730078,20.842769],[73.730078,20.842778],[73.730073,20.842792],[73.730058,20.842801],[73.730057,20.84285],[73.73006,20.842864],[73.730056,20.842873],[73.730058,20.842884],[73.730057,20.842891],[73.730046,20.842908],[73.730045,20.842916],[73.730049,20.842925],[73.730059,20.842934],[73.730059,20.842944],[73.730045,20.842952],[73.730027,20.842954],[73.730011,20.842968],[73.730005,20.842968],[73.730001,20.842973],[73.729996,20.843005],[73.729987,20.843029],[73.729982,20.843047],[73.729979,20.843051],[73.729978,20.84306],[73.72997,20.843066],[73.729963,20.843075],[73.729962,20.843082],[73.729954,20.843091],[73.729949,20.843115],[73.729941,20.843135],[73.729937,20.843138],[73.729922,20.843141],[73.729916,20.843148],[73.729926,20.843168],[73.729926,20.843174],[73.729914,20.84318],[73.729904,20.843175],[73.729902,20.843169],[73.729898,20.843167],[73.729896,20.843173],[73.72989,20.843175],[73.729889,20.84318],[73.729872,20.843183],[73.729868,20.843186],[73.729868,20.843192],[73.729879,20.843222],[73.729876,20.843244],[73.729873,20.843247],[73.729872,20.843264],[73.729871,20.843266],[73.729863,20.843268],[73.729846,20.843295],[73.729831,20.843311],[73.729829,20.843326],[73.729838,20.843354],[73.729846,20.84336],[73.729851,20.843368],[73.729881,20.843399],[73.729885,20.84341],[73.729887,20.843425],[73.729893,20.843436],[73.729894,20.843453],[73.729898,20.843469],[73.729876,20.843515],[73.729878,20.843522],[73.729877,20.843528],[73.729886,20.843545],[73.729884,20.843547],[73.729877,20.843549],[73.729875,20.84356],[73.72987,20.84357],[73.729862,20.843568],[73.729859,20.843573],[73.729853,20.843576],[73.729853,20.843603],[73.729844,20.843618],[73.729845,20.843621],[73.729852,20.843626],[73.729873,20.84361],[73.72988,20.843609],[73.729889,20.843611],[73.729892,20.843612],[73.729894,20.84362],[73.729894,20.843632],[73.72988,20.843646],[73.729876,20.843643],[73.729875,20.843636],[73.729863,20.843632],[73.729853,20.843631],[73.72984,20.843644],[73.729832,20.843644],[73.729823,20.843661],[73.729824,20.843673],[73.729826,20.843681],[73.729822,20.843687],[73.729821,20.843697],[73.729817,20.843704],[73.729819,20.843715],[73.729817,20.843734],[73.729807,20.84375],[73.729807,20.843765],[73.729803,20.843774],[73.729803,20.843788],[73.729808,20.843814],[73.729824,20.843833],[73.729825,20.843839],[73.729823,20.843842],[73.729801,20.843853],[73.729798,20.843857],[73.729805,20.843873],[73.729817,20.843888],[73.729826,20.843896],[73.72983,20.843902],[73.72983,20.843906],[73.729817,20.843919],[73.729804,20.843918],[73.729799,20.843911],[73.729804,20.843897],[73.729797,20.843892],[73.729793,20.843893],[73.72979,20.843903],[73.729793,20.84391],[73.729785,20.843916],[73.729782,20.843926],[73.729784,20.843949],[73.729793,20.843962],[73.729794,20.843966],[73.729789,20.843969],[73.729776,20.843969],[73.729774,20.843982],[73.729776,20.843993],[73.729792,20.844006],[73.729796,20.844017],[73.729784,20.84403],[73.729767,20.844041],[73.729746,20.844063],[73.729723,20.844081],[73.729702,20.844126],[73.729697,20.844132],[73.729689,20.844135],[73.729685,20.844145],[73.729678,20.844155],[73.729673,20.844158],[73.729665,20.844167],[73.729647,20.844206],[73.729626,20.844231],[73.729623,20.844238]]}},{"type":"Feature","properties":{"elevation":400},"geometry":{"type":"LineString","coordinates":[[73.729261,20.843847],[73.729263,20.84385],[73.729275,20.843855],[73.729279,20.843862],[73.729279,20.843873],[73.729273,20.843883],[73.729262,20.84388],[73.729259,20.843869],[73.729256,20.843865]]}},{"type":"Feature","properties":{"elevation":400},"geometry":{"type":"LineString","coordinates":[[73.729297,20.844236],[73.729297,20.84423],[73.729288,20.844212],[73.729292,20.844209],[73.729287,20.844199],[73.729288,20.844186],[73.72928,20.84417],[73.729284,20.844166],[73.729286,20.844158],[73.729283,20.844146],[73.72929,20.844142],[73.729294,20.844132],[73.729294,20.844123],[73.729298,20.84412],[73.729305,20.844103],[73.729305,20.844089],[73.729309,20.844079],[73.729308,20.84406],[73.729316,20.844033],[73.729312,20.844027],[73.729318,20.844012],[73.729317,20.843992],[73.729327,20.843981],[73.72932,20.843966],[73.72932,20.843944],[73.729311,20.843932],[73.729307,20.843905],[73.729309,20.843902],[73.729316,20.843899],[73.729317,20.843895],[73.729323,20.843859],[73.729318,20.843843],[73.729319,20.843839],[73.729324,20.843836],[73.729327,20.843831],[73.729331,20.843805],[73.729327,20.843792],[73.729307,20.843774],[73.729308,20.843771],[73.729333,20.843757],[73.729335,20.843746],[73.729333,20.84374],[73.729336,20.843733],[73.729334,20.843726],[73.729334,20.843718],[73.729339,20.843687],[73.729344,20.843678],[73.729345,20.843665],[73.729343,20.843641],[73.729349,20.843617],[73.729346,20.843597],[73.729346,20.843573],[73.729344,20.843564],[73.729344,20.843547],[73.729347,20.843536],[73.729345,20.843526],[73.72935,20.843522],[73.729355,20.843507],[73.729353,20.843495],[73.729349,20.843488],[73.729351,20.843477],[73.729344,20.843463],[73.729342,20.843452],[73.729331,20.843442]]}},{"type":"Feature","properties":{"elevation":400},"geometry":{"type":"LineString","coordinates":[[73.730509,20.840884],[73.730512,20.840897],[73.730509,20.8409],[73.730511,20.840912],[73.730516,20.84092],[73.730509,20.840918],[73.730511,20.84094],[73.730505,20.84095],[73.730504,20.840957],[73.730508,20.840964],[73.730503,20.840977],[73.730506,20.840988],[73.730495,20.841017],[73.730493,20.84104],[73.730489,20.841043],[73.730471,20.841045],[73.73047,20.84105],[73.730462,20.841057],[73.73046,20.841063],[73.730462,20.841077],[73.730456,20.841104],[73.730458,20.841111],[73.730465,20.841121],[73.73046,20.841128],[73.730449,20.841134],[73.730446,20.841141],[73.730447,20.841153],[73.730452,20.841161],[73.730457,20.841165],[73.730461,20.841176],[73.730482,20.8412],[73.730482,20.841204],[73.730488,20.841222],[73.730494,20.841229],[73.730497,20.841247],[73.730493,20.841278],[73.730488,20.841293],[73.730489,20.841306],[73.730483,20.841319],[73.730475,20.841332],[73.73047,20.841358],[73.73047,20.841373],[73.730453,20.841385],[73.730446,20.841393],[73.730442,20.841404],[73.73044,20.841434],[73.730431,20.841439],[73.730426,20.84145],[73.730432,20.841471],[73.730438,20.841477],[73.730437,20.841489],[73.730459,20.841491],[73.730462,20.841498],[73.730461,20.841501],[73.730448,20.841507],[73.730428,20.84151],[73.730421,20.841533],[73.730411,20.841542],[73.730412,20.841552],[73.730416,20.841547],[73.73042,20.841548],[73.730416,20.841554],[73.730417,20.841559],[73.730408,20.841557],[73.730404,20.841562],[73.730406,20.841571],[73.730411,20.841576],[73.730413,20.8416],[73.73043,20.841635],[73.73043,20.841641],[73.730425,20.841648],[73.730409,20.841661],[73.730395,20.841662],[73.730399,20.841652],[73.730396,20.841649],[73.730392,20.84165],[73.730389,20.841659],[73.73039,20.841666],[73.730383,20.841676],[73.730374,20.841678],[73.730371,20.841683],[73.730376,20.841691],[73.73037,20.841698],[73.73037,20.841705],[73.730366,20.841707],[73.730369,20.841712],[73.730366,20.841721],[73.730341,20.841757],[73.730325,20.841765],[73.730321,20.841772],[73.730313,20.841775],[73.730302,20.841788],[73.730314,20.841804],[73.730315,20.841827],[73.730312,20.84184],[73.7303,20.841859],[73.730303,20.841869],[73.730301,20.841875],[73.730302,20.841881],[73.7303,20.841893],[73.730296,20.841896],[73.730293,20.841911],[73.73029,20.841944],[73.730298,20.841958],[73.730291,20.841966],[73.730292,20.841977],[73.730287,20.84199],[73.73029,20.841999],[73.7303,20.842012],[73.730299,20.842015],[73.730289,20.842023],[73.730289,20.842045],[73.73029,20.842048],[73.730298,20.842052],[73.730302,20.84207],[73.730284,20.842107],[73.730282,20.842127],[73.730284,20.842136],[73.730294,20.842135],[73.730298,20.842138],[73.730301,20.842155],[73.730293,20.842168],[73.730282,20.842177],[73.730279,20.842183],[73.730279,20.842199],[73.730288,20.842204],[73.730291,20.842209],[73.730276,20.842221],[73.730275,20.842225],[73.730281,20.842245],[73.730283,20.842247],[73.730286,20.842245],[73.730288,20.84224],[73.730291,20.842244],[73.730293,20.84225],[73.73029,20.842269],[73.730277,20.842273],[73.730275,20.842276],[73.730272,20.842305],[73.730266,20.842315],[73.730266,20.842329],[73.730263,20.84234],[73.730259,20.842344],[73.730259,20.84235],[73.730265,20.842354],[73.730271,20.842399],[73.730256,20.842417],[73.730238,20.842449],[73.730234,20.842458],[73.730234,20.84247],[73.730232,20.842475],[73.730192,20.842493],[73.730172,20.842524],[73.730154,20.842545],[73.730151,20.842555],[73.730147,20.8426],[73.73014,20.842622],[73.730146,20.84263],[73.730132,20.842655],[73.730129,20.842674],[73.730112,20.842705],[73.730111,20.842715],[73.730101,20.842725],[73.730091,20.842731],[73.730076,20.842735],[73.730059,20.842746],[73.730055,20.842781],[73.730047,20.842797],[73.730035,20.842812],[73.730034,20.842818],[73.730026,20.842827],[73.730023,20.842839],[73.730006,20.842879],[73.729998,20.842912],[73.72999,20.842929],[73.729991,20.84294],[73.729997,20.84295],[73.729992,20.842958],[73.72999,20.84297],[73.729985,20.842972],[73.72998,20.84298],[73.729978,20.842988],[73.72998,20.843007],[73.72997,20.843018],[73.729974,20.843026],[73.729963,20.843041],[73.729974,20.843054],[73.729975,20.843058],[73.729972,20.84306],[73.729968,20.843055],[73.729958,20.843055],[73.729948,20.843064],[73.729945,20.843071],[73.729942,20.843073],[73.729945,20.843083],[73.729932,20.843094],[73.729923,20.843121],[73.729913,20.843123],[73.729907,20.843126],[73.729897,20.843151],[73.729888,20.843157],[73.72989,20.843159],[73.729889,20.843163],[73.729874,20.843166],[73.72987,20.84317],[73.729872,20.843173],[73.729879,20.843171],[73.729881,20.843179],[73.729871,20.843181],[73.72986,20.843178],[73.729855,20.843181],[73.729854,20.843192],[73.729851,20.843201],[73.729853,20.843208],[73.729853,20.843222],[73.729848,20.843238],[73.729853,20.84325],[73.729852,20.843256],[73.729829,20.843292],[73.729824,20.843292],[73.729806,20.843307],[73.729807,20.843313],[73.72981,20.843318],[73.729813,20.843338],[73.729819,20.843359],[73.729827,20.843372],[73.729843,20.843388],[73.729851,20.843405],[73.729856,20.843412],[73.729861,20.843414],[73.729866,20.843425],[73.729879,20.843468],[73.729876,20.843489],[73.729873,20.843488],[73.729872,20.843482],[73.72987,20.843482],[73.729868,20.843484],[73.72987,20.843489],[73.729856,20.843499],[73.729862,20.843512],[73.729854,20.843525],[73.729852,20.843546],[73.729843,20.843562],[73.729842,20.84358],[73.729836,20.843594],[73.729832,20.843597],[73.72983,20.84361],[73.729819,20.843624],[73.729815,20.843643],[73.729804,20.843655],[73.729796,20.843708],[73.7298,20.84373],[73.729791,20.843741],[73.729781,20.84375],[73.729778,20.843756],[73.729783,20.843771],[73.729783,20.843792],[73.729781,20.843799],[73.729776,20.843803],[73.729776,20.843809],[73.729774,20.843814],[73.729783,20.843853],[73.729781,20.843858],[73.729772,20.843867],[73.72977,20.843871],[73.729778,20.843897],[73.729771,20.843906],[73.729763,20.843908],[73.72976,20.843914],[73.729756,20.843956],[73.729758,20.843963],[73.729746,20.843976],[73.72974,20.843988],[73.729737,20.844013],[73.729732,20.844017],[73.72973,20.844026],[73.729725,20.844029],[73.729718,20.844039],[73.729718,20.844064],[73.729699,20.844077],[73.729682,20.844103],[73.729673,20.844103],[73.729672,20.844116],[73.729655,20.844127],[73.729641,20.844143],[73.729624,20.844173],[73.729601,20.844197],[73.729599,20.844208],[73.729588,20.844215],[73.729581,20.844227],[73.729573,20.844231],[73.729572,20.844238]]}},{"type":"Feature","properties":{"elevation":401},"geometry":{"type":"LineString","coordinates":[[73.729365,20.844236],[73.729364,20.844229],[73.729373,20.844222],[73.729375,20.844217],[73.729374,20.844214],[73.72937,20.84422],[73.729367,20.84422],[73.729363,20.844213],[73.729367,20.844212],[73.729357,20.844203],[73.729363,20.844195],[73.72936,20.84419],[73.729364,20.844188],[73.729365,20.844179],[73.72936,20.844181],[73.729355,20.844178],[73.729353,20.844179],[73.729353,20.844186],[73.729342,20.844187],[73.729336,20.844182],[73.729331,20.844171],[73.729333,20.844161],[73.729338,20.844153],[73.729344,20.844153],[73.729349,20.84416],[73.729354,20.844163],[73.729356,20.844162],[73.729353,20.844155],[73.729359,20.844159],[73.729365,20.844158],[73.729361,20.844152],[73.729355,20.844152],[73.729353,20.844149],[73.729348,20.844122],[73.729353,20.844104],[73.729352,20.844087],[73.729355,20.844083],[73.729354,20.844073],[73.729357,20.84407],[73.729354,20.844062],[73.729357,20.844051],[73.729362,20.844047],[73.729361,20.844044],[73.729358,20.844046],[73.729356,20.844044],[73.729359,20.844038],[73.729359,20.844012],[73.729364,20.843993],[73.729362,20.843984],[73.729355,20.843983],[73.729354,20.843975],[73.729347,20.843966],[73.729349,20.843965],[73.729353,20.843966],[73.729356,20.843963],[73.729348,20.843946],[73.72935,20.843928],[73.729355,20.843927],[73.729365,20.843912],[73.729356,20.843896],[73.729361,20.843884],[73.729358,20.843857],[73.729363,20.843847],[73.729361,20.843838],[73.729365,20.843833],[73.729362,20.84383],[73.729368,20.843824],[73.729375,20.843794],[73.729377,20.843794],[73.729375,20.843783],[73.729384,20.843768],[73.729373,20.843755],[73.729371,20.843748],[73.729375,20.843728],[73.729371,20.84372],[73.729373,20.843714],[73.729372,20.843703],[73.729378,20.843697],[73.72938,20.843691],[73.729378,20.843679],[73.729376,20.843677],[73.729373,20.843679],[73.729373,20.843677],[73.729376,20.843674],[73.729373,20.843639],[73.72938,20.843605],[73.729376,20.843576],[73.729378,20.843545],[73.729381,20.843537],[73.729375,20.843531],[73.729382,20.84352],[73.729382,20.843517],[73.729387,20.843516],[73.729392,20.843495],[73.72939,20.843491],[73.729384,20.843489],[73.729382,20.843473],[73.729364,20.843448],[73.729355,20.843441],[73.72936,20.843433],[73.729348,20.843392],[73.729344,20.843367]]}},{"type":"Feature","properties":{"elevation":401},"geometry":{"type":"LineString","coordinates":[[73.730504,20.840884],[73.730506,20.840888],[73.730501,20.840893],[73.730498,20.840908],[73.730503,20.840926],[73.730499,20.840938],[73.730488,20.840952],[73.73048,20.840994],[73.730476,20.841003],[73.730479,20.841008],[73.730481,20.841008],[73.73049,20.840995],[73.730491,20.84099],[73.730488,20.840983],[73.730496,20.840983],[73.730501,20.840989],[73.730496,20.84101],[73.73049,20.841021],[73.730487,20.841034],[73.730467,20.841042],[73.730457,20.841057],[73.730455,20.841064],[73.730457,20.841073],[73.730452,20.841097],[73.730452,20.84112],[73.730449,20.841122],[73.73044,20.841118],[73.730437,20.841123],[73.730434,20.84113],[73.730438,20.841142],[73.730434,20.841149],[73.730435,20.841157],[73.730445,20.841168],[73.730446,20.841178],[73.73045,20.841179],[73.730454,20.841176],[73.730457,20.841178],[73.730455,20.841186],[73.730462,20.841192],[73.730474,20.841237],[73.730472,20.841245],[73.730462,20.841259],[73.730465,20.84128],[73.730467,20.841283],[73.730479,20.841281],[73.730478,20.841288],[73.730485,20.841306],[73.730469,20.841335],[73.730467,20.841357],[73.730467,20.841372],[73.730431,20.841396],[73.73043,20.841406],[73.730433,20.841428],[73.730432,20.84143],[73.730426,20.84143],[73.73042,20.841437],[73.730416,20.841452],[73.730424,20.841474],[73.730423,20.841487],[73.730414,20.841501],[73.730409,20.84152],[73.73041,20.841528],[73.7304,20.841533],[73.730397,20.841537],[73.730392,20.841562],[73.730388,20.841566],[73.730392,20.841574],[73.730396,20.8416],[73.730408,20.841611],[73.730414,20.841624],[73.730411,20.841627],[73.730395,20.841629],[73.730385,20.841637],[73.730379,20.841649],[73.730369,20.841661],[73.730363,20.841681],[73.730357,20.841691],[73.730356,20.8417],[73.730352,20.841703],[73.730352,20.841707],[73.730357,20.841717],[73.730355,20.841724],[73.730343,20.841736],[73.730331,20.841733],[73.730322,20.841741],[73.730322,20.841745],[73.730324,20.841746],[73.730328,20.841741],[73.730336,20.841741],[73.730341,20.841739],[73.73034,20.841749],[73.730338,20.841753],[73.730331,20.841755],[73.730323,20.841755],[73.730317,20.841752],[73.730313,20.841754],[73.730306,20.841774],[73.730288,20.841802],[73.730295,20.841824],[73.730289,20.84184],[73.730291,20.841846],[73.730286,20.841852],[73.730287,20.84186],[73.730283,20.841864],[73.730283,20.841873],[73.730287,20.841884],[73.730282,20.84189],[73.730283,20.841903],[73.730274,20.841918],[73.730275,20.841923],[73.730281,20.841923],[73.730284,20.841931],[73.730281,20.841938],[73.730281,20.841951],[73.730274,20.841952],[73.730272,20.841959],[73.730274,20.841971],[73.730271,20.841975],[73.730273,20.841993],[73.73027,20.842009],[73.730271,20.842017],[73.730276,20.842021],[73.730273,20.842032],[73.730275,20.842044],[73.73028,20.842049],[73.730278,20.842055],[73.730287,20.842059],[73.730292,20.842066],[73.730294,20.842073],[73.730289,20.842087],[73.730278,20.842091],[73.730272,20.842097],[73.730274,20.842105],[73.730268,20.842109],[73.73027,20.842114],[73.730267,20.84212],[73.730267,20.842132],[73.73027,20.842143],[73.730267,20.842151],[73.73027,20.842155],[73.730271,20.842166],[73.730276,20.842168],[73.730277,20.842172],[73.730268,20.84219],[73.730273,20.842197],[73.730267,20.842207],[73.730266,20.842216],[73.73027,20.842238],[73.730266,20.842258],[73.73027,20.842262],[73.730277,20.842262],[73.730273,20.842266],[73.730269,20.842266],[73.730263,20.842271],[73.730262,20.842284],[73.730255,20.842305],[73.730257,20.842314],[73.730252,20.842319],[73.730252,20.842329],[73.730242,20.842357],[73.730247,20.842365],[73.730254,20.842364],[73.730261,20.842368],[73.730269,20.842391],[73.730269,20.842399],[73.730255,20.842415],[73.730232,20.842451],[73.73023,20.842458],[73.73023,20.84247],[73.730227,20.842475],[73.730197,20.842488],[73.730163,20.842492],[73.730144,20.842497],[73.730133,20.842502],[73.730126,20.842512],[73.730125,20.842519],[73.730135,20.842536],[73.730135,20.842545],[73.730139,20.842557],[73.730137,20.842575],[73.730128,20.842603],[73.730127,20.84262],[73.730121,20.842646],[73.730109,20.842679],[73.730098,20.842689],[73.730091,20.842705],[73.730067,20.842723],[73.730063,20.842731],[73.730056,20.842731],[73.730044,20.842738],[73.730039,20.84276],[73.73003,20.842784],[73.730031,20.842789],[73.730026,20.842791],[73.730022,20.842797],[73.730016,20.842818],[73.730008,20.842823],[73.729999,20.842846],[73.729999,20.842853],[73.729991,20.842861],[73.729989,20.842874],[73.729985,20.842883],[73.729984,20.842893],[73.729981,20.842896],[73.729978,20.842907],[73.729981,20.84291],[73.729969,20.842925],[73.729973,20.842939],[73.729968,20.842948],[73.729968,20.842961],[73.729965,20.842967],[73.729966,20.842974],[73.729959,20.842989],[73.729959,20.843012],[73.729946,20.843018],[73.729947,20.843027],[73.729943,20.843034],[73.729938,20.843039],[73.729935,20.843053],[73.729926,20.843064],[73.729933,20.843076],[73.729927,20.843085],[73.729924,20.843085],[73.72992,20.843076],[73.729905,20.843086],[73.729901,20.843101],[73.729888,20.84312],[73.729888,20.843127],[73.729846,20.84314],[73.729845,20.843153],[73.729836,20.843176],[73.72984,20.8432],[73.729837,20.843222],[73.72983,20.843226],[73.729827,20.843235],[73.72983,20.843251],[73.729813,20.843276],[73.729789,20.843298],[73.729792,20.843311],[73.729789,20.843323],[73.729797,20.843343],[73.729796,20.843355],[73.7298,20.84336],[73.729805,20.84338],[73.72982,20.843396],[73.729831,20.843418],[73.72984,20.843438],[73.729844,20.843457],[73.729842,20.843474],[73.729836,20.843481],[73.729832,20.843491],[73.729828,20.843493],[73.729821,20.843512],[73.729827,20.843523],[73.729823,20.843527],[73.729819,20.843537],[73.72982,20.843553],[73.729822,20.84356],[73.72983,20.843564],[73.729832,20.843568],[73.729818,20.84358],[73.729811,20.8436],[73.729799,20.84362],[73.729791,20.843627],[73.729789,20.843645],[73.729782,20.843653],[73.729782,20.843666],[73.729776,20.843679],[73.729773,20.843699],[73.729766,20.843719],[73.729756,20.84373],[73.729755,20.843737],[73.729748,20.843747],[73.72975,20.84381],[73.729735,20.843829],[73.729736,20.843833],[73.729742,20.843834],[73.729745,20.843841],[73.729743,20.843847],[73.729743,20.843856],[73.729739,20.843858],[73.729735,20.843856],[73.729729,20.843844],[73.729722,20.843867],[73.729714,20.843878],[73.729712,20.843885],[73.729716,20.84389],[73.729714,20.843898],[73.729709,20.843897],[73.729707,20.843892],[73.729708,20.843888],[73.729704,20.843886],[73.729693,20.843901],[73.729692,20.84391],[73.729696,20.843919],[73.729687,20.843934],[73.729687,20.843943],[73.72967,20.843972],[73.729669,20.843987],[73.729658,20.843999],[73.729657,20.844005],[73.729649,20.844018],[73.729648,20.844029],[73.729641,20.844038],[73.72964,20.844054],[73.729636,20.844055],[73.729634,20.844065],[73.729625,20.844077],[73.729626,20.84408],[73.72962,20.844084],[73.729617,20.844091],[73.729617,20.844105],[73.729611,20.844113],[73.729602,20.844117],[73.729597,20.844125],[73.729595,20.844134],[73.729587,20.844142],[73.72958,20.844145],[73.729571,20.844144],[73.729569,20.844147],[73.729564,20.844149],[73.729559,20.844157],[73.729552,20.844161],[73.72955,20.844165],[73.729548,20.844164],[73.729548,20.844161],[73.729544,20.844161],[73.729536,20.844167],[73.72953,20.844166],[73.729529,20.84417],[73.729534,20.84417],[73.729534,20.844173],[73.729529,20.844176],[73.729525,20.844181],[73.729515,20.84418],[73.729508,20.844186],[73.729502,20.844188],[73.7295,20.844192],[73.729504,20.844196],[73.729503,20.8442],[73.729505,20.844203],[73.729509,20.844201],[73.729512,20.844204],[73.729511,20.844214],[73.729506,20.844214],[73.729498,20.844209],[73.7295,20.844198],[73.729492,20.844189],[73.729492,20.844196],[73.729481,20.8442],[73.729481,20.844205],[73.729476,20.844199],[73.729469,20.844198],[73.729467,20.844203],[73.729461,20.844208],[73.729453,20.844206],[73.729453,20.84421],[73.729448,20.844215],[73.729445,20.844222],[73.729441,20.844223],[73.729439,20.844227],[73.729431,20.844226],[73.729422,20.844229],[73.729419,20.844233],[73.729418,20.844237]]}},{"type":"Feature","properties":{"elevation":402},"geometry":{"type":"LineString","coordinates":[[73.730478,20.840886],[73.730478,20.840905],[73.73047,20.840924],[73.730468,20.840938],[73.730471,20.840951],[73.730471,20.840965],[73.730473,20.840974],[73.730472,20.840977],[73.730477,20.840977],[73.730478,20.84098],[73.730477,20.840993],[73.730471,20.840999],[73.730462,20.840998],[73.73046,20.841006],[73.730463,20.841007],[73.730469,20.841005],[73.730471,20.841008],[73.730464,20.841009],[73.730448,20.841032],[73.730449,20.841037],[73.730456,20.841043],[73.730456,20.84105],[73.730451,20.841056],[73.730449,20.841067],[73.730437,20.841075],[73.730432,20.841081],[73.730435,20.841094],[73.730429,20.841103],[73.730429,20.841112],[73.730426,20.841123],[73.730428,20.841142],[73.730422,20.841143],[73.730418,20.841136],[73.730412,20.841145],[73.730422,20.84116],[73.730429,20.841167],[73.73043,20.841177],[73.730442,20.841188],[73.730449,20.841199],[73.730449,20.841208],[73.730454,20.841215],[73.730458,20.841226],[73.730463,20.841226],[73.730466,20.841228],[73.730468,20.841243],[73.73046,20.841253],[73.730459,20.841258],[73.730459,20.841291],[73.730465,20.841301],[73.730478,20.841307],[73.730479,20.841312],[73.730469,20.841327],[73.730453,20.841328],[73.730452,20.841338],[73.730447,20.841342],[73.730461,20.841355],[73.730466,20.841366],[73.730465,20.84137],[73.730448,20.841379],[73.730427,20.841378],[73.730423,20.841384],[73.730417,20.841405],[73.730418,20.841413],[73.730411,20.84142],[73.730405,20.841436],[73.730405,20.841452],[73.73041,20.841471],[73.730408,20.841481],[73.730405,20.841487],[73.730394,20.841488],[73.730389,20.841495],[73.730392,20.841515],[73.73039,20.841524],[73.730389,20.841529],[73.730382,20.841535],[73.730379,20.84155],[73.730382,20.841561],[73.730379,20.841578],[73.730381,20.841598],[73.730371,20.841622],[73.730379,20.841637],[73.730376,20.841647],[73.73037,20.841653],[73.730364,20.841663],[73.73036,20.841674],[73.73036,20.841681],[73.730354,20.841685],[73.730351,20.841698],[73.730345,20.841705],[73.73032,20.841716],[73.730319,20.841719],[73.730323,20.841724],[73.73032,20.841724],[73.730318,20.841721],[73.730315,20.841723],[73.73031,20.841737],[73.730311,20.841739],[73.730315,20.841741],[73.730302,20.841744],[73.730293,20.841756],[73.730294,20.841759],[73.730301,20.841759],[73.730304,20.841764],[73.730301,20.841768],[73.730301,20.841776],[73.730279,20.841811],[73.730279,20.841821],[73.730276,20.841834],[73.730277,20.841841],[73.73028,20.841844],[73.730272,20.841849],[73.73027,20.841854],[73.73027,20.841861],[73.730276,20.841873],[73.730272,20.841873],[73.730273,20.841879],[73.730267,20.841882],[73.730266,20.841887],[73.730273,20.841898],[73.730269,20.841902],[73.730265,20.8419],[73.730264,20.841909],[73.73026,20.841916],[73.730261,20.841925],[73.730258,20.84193],[73.730255,20.841962],[73.730261,20.841975],[73.730257,20.841982],[73.730257,20.842013],[73.730259,20.842017],[73.730267,20.842022],[73.730268,20.842028],[73.730266,20.842032],[73.730259,20.842031],[73.730258,20.842034],[73.730264,20.842042],[73.730267,20.842053],[73.730275,20.842065],[73.730287,20.84207],[73.730288,20.842076],[73.730284,20.842084],[73.730278,20.842087],[73.730265,20.842097],[73.730256,20.842099],[73.730249,20.842117],[73.730252,20.842146],[73.730254,20.842149],[73.730258,20.842146],[73.730259,20.842147],[73.730254,20.842155],[73.730255,20.84216],[73.730252,20.842163],[73.730251,20.842172],[73.730253,20.842193],[73.730251,20.842203],[73.730255,20.842217],[73.730253,20.842226],[73.730258,20.842246],[73.73025,20.842257],[73.73025,20.842272],[73.730246,20.842286],[73.730245,20.842306],[73.730243,20.842313],[73.730235,20.842323],[73.730232,20.842347],[73.730226,20.842358],[73.730229,20.842364],[73.730238,20.842362],[73.730245,20.842371],[73.730253,20.842371],[73.730257,20.842373],[73.730264,20.842388],[73.730263,20.842395],[73.730266,20.842399],[73.730249,20.842417],[73.730241,20.842414],[73.730226,20.842399],[73.73021,20.842407],[73.730211,20.842418],[73.730233,20.842435],[73.730229,20.842442],[73.730224,20.842469],[73.73022,20.842475],[73.730197,20.842485],[73.730167,20.842485],[73.730143,20.842493],[73.730131,20.842499],[73.73012,20.842514],[73.730116,20.842523],[73.73012,20.842529],[73.730118,20.842531],[73.730113,20.842531],[73.730111,20.842541],[73.730116,20.842552],[73.730118,20.842553],[73.73012,20.842548],[73.730122,20.84255],[73.730123,20.842573],[73.730111,20.842625],[73.730103,20.842649],[73.730083,20.84268],[73.73007,20.842696],[73.730064,20.8427],[73.73006,20.842707],[73.73005,20.842705],[73.730042,20.842708],[73.730031,20.842716],[73.73002,20.84273],[73.730023,20.842742],[73.730014,20.842777],[73.730014,20.842786],[73.730006,20.842796],[73.729998,20.842795],[73.729991,20.842806],[73.72999,20.842812],[73.729994,20.842818],[73.729987,20.842827],[73.729976,20.842854],[73.729974,20.842865],[73.729967,20.842872],[73.729964,20.842896],[73.729961,20.842902],[73.729964,20.842924],[73.729953,20.842936],[73.729948,20.842952],[73.72995,20.842967],[73.729948,20.842975],[73.729942,20.842978],[73.729932,20.843007],[73.729927,20.843004],[73.729919,20.843009],[73.729922,20.843031],[73.729914,20.843041],[73.729896,20.843076],[73.729896,20.843086],[73.729881,20.843095],[73.729875,20.843108],[73.729875,20.843118],[73.729869,20.843121],[73.729863,20.843126],[73.72985,20.84313],[73.729823,20.843148],[73.729824,20.843164],[73.729821,20.843175],[73.729826,20.843184],[73.72982,20.843188],[73.729823,20.843217],[73.72982,20.843235],[73.729814,20.843242],[73.729808,20.843243],[73.729809,20.84325],[73.729788,20.843273],[73.729781,20.843286],[73.729771,20.843298],[73.729771,20.843307],[73.729768,20.843313],[73.729775,20.843366],[73.729786,20.843394],[73.729798,20.84341],[73.729808,20.84342],[73.729808,20.843429],[73.729814,20.843445],[73.72981,20.843478],[73.729802,20.843493],[73.729802,20.843503],[73.729798,20.843508],[73.729795,20.843529],[73.729792,20.843559],[73.729795,20.843565],[73.729796,20.843579],[73.729768,20.843612],[73.729762,20.843634],[73.729757,20.843639],[73.729757,20.843656],[73.729751,20.843663],[73.729739,20.843696],[73.729735,20.843703],[73.729732,20.843703],[73.729726,20.843723],[73.729721,20.843727],[73.729717,20.843734],[73.729717,20.84374],[73.729713,20.843742],[73.729707,20.843758],[73.729699,20.843768],[73.729695,20.843783],[73.72969,20.843783],[73.729684,20.843801],[73.729676,20.843807],[73.729673,20.843813],[73.729667,20.843815],[73.729669,20.843817],[73.729671,20.843815],[73.729672,20.843821],[73.729669,20.843823],[73.729663,20.843823],[73.729657,20.843829],[73.729658,20.843836],[73.72965,20.843839],[73.729652,20.843846],[73.729642,20.843861],[73.729641,20.843869],[73.729627,20.843873],[73.729621,20.843886],[73.729617,20.843887],[73.729615,20.843892],[73.72961,20.843892],[73.729608,20.843898],[73.729604,20.8439],[73.729601,20.843911],[73.729597,20.843915],[73.729584,20.843915],[73.729582,20.843918],[73.729585,20.843922],[73.729561,20.843939],[73.729559,20.843947],[73.729556,20.843946],[73.729557,20.843937],[73.72955,20.843935],[73.729553,20.843928],[73.729552,20.843923],[73.729545,20.843923],[73.729541,20.843921],[73.729538,20.843915],[73.729539,20.843911],[73.729533,20.843905],[73.729533,20.8439],[73.729521,20.843897],[73.729517,20.843889],[73.729507,20.843878],[73.729506,20.843869],[73.729499,20.843856],[73.729496,20.843855],[73.72949,20.843856],[73.729492,20.843851],[73.729495,20.843847],[73.729495,20.843838],[73.729484,20.84383],[73.729486,20.843825],[73.729484,20.843821],[73.729477,20.843816],[73.729477,20.843807],[73.729468,20.843806],[73.729465,20.843808],[73.729463,20.843793],[73.729447,20.84377],[73.729443,20.843758],[73.72944,20.843755],[73.729441,20.843747],[73.729436,20.843744],[73.729433,20.843737],[73.729429,20.843735],[73.729431,20.843719],[73.729424,20.843699],[73.729427,20.843687],[73.729425,20.843679],[73.729418,20.843674],[73.72942,20.843664],[73.729418,20.843652],[73.729422,20.843644],[73.729419,20.843624],[73.729426,20.843607],[73.729425,20.8436],[73.72942,20.843594],[73.729423,20.843587],[73.729423,20.843573],[73.729427,20.843563],[73.729423,20.843557],[73.729424,20.843547],[73.729421,20.84354],[73.729424,20.843535],[73.729422,20.84352],[73.729425,20.843501],[73.72942,20.843496],[73.729422,20.843488],[73.729419,20.843484],[73.729416,20.843484],[73.729408,20.84349],[73.729402,20.843489],[73.729396,20.843467],[73.729398,20.843453],[73.72939,20.843437],[73.729383,20.843431],[73.72938,20.843424],[73.729387,20.843399],[73.729389,20.843385],[73.729385,20.843382],[73.729374,20.843378],[73.729368,20.843369],[73.72936,20.843332],[73.729365,20.843314],[73.729367,20.843282],[73.729364,20.84327],[73.729372,20.843251],[73.729371,20.843234],[73.729375,20.843205],[73.729373,20.843205]]}},{"type":"Feature","properties":{"elevation":403},"geometry":{"type":"LineString","coordinates":[[73.730472,20.840886],[73.730466,20.840887],[73.730464,20.840891],[73.730461,20.840913],[73.730464,20.840931],[73.730459,20.840933],[73.730452,20.840947],[73.730455,20.840959],[73.730454,20.840962],[73.730457,20.840966],[73.730455,20.840971],[73.730461,20.840974],[73.730461,20.840977],[73.73045,20.840982],[73.73045,20.840992],[73.730442,20.840999],[73.730437,20.841027],[73.730442,20.841041],[73.730444,20.841045],[73.730451,20.841046],[73.730451,20.841049],[73.730442,20.841056],[73.730416,20.841062],[73.730411,20.841066],[73.730411,20.841073],[73.730421,20.841078],[73.730425,20.841088],[73.730424,20.841096],[73.730417,20.841112],[73.730418,20.841124],[73.730416,20.841124],[73.730413,20.841121],[73.730411,20.841123],[73.730406,20.841147],[73.730408,20.841156],[73.730413,20.84116],[73.730416,20.841168],[73.730417,20.841179],[73.730424,20.841184],[73.730432,20.841198],[73.730435,20.84121],[73.730438,20.841213],[73.730436,20.841218],[73.730443,20.841241],[73.730454,20.841253],[73.730456,20.841259],[73.730457,20.841277],[73.730453,20.841293],[73.730441,20.841301],[73.730437,20.841313],[73.730439,20.841317],[73.730438,20.84132],[73.730439,20.841326],[73.730437,20.841332],[73.730432,20.841336],[73.73043,20.84134],[73.730435,20.84135],[73.73046,20.841367],[73.730447,20.841372],[73.730434,20.841374],[73.730428,20.84137],[73.730431,20.841364],[73.73043,20.841356],[73.730414,20.841366],[73.730414,20.841369],[73.730419,20.841373],[73.73041,20.841387],[73.730403,20.841411],[73.730395,20.841427],[73.73039,20.841452],[73.730392,20.841456],[73.730401,20.841464],[73.730392,20.841475],[73.730383,20.841496],[73.730383,20.841502],[73.73038,20.841505],[73.730372,20.841506],[73.730363,20.84152],[73.730363,20.841525],[73.730369,20.841532],[73.730367,20.84154],[73.73037,20.841552],[73.730368,20.841563],[73.730375,20.841571],[73.730365,20.841588],[73.730359,20.841617],[73.730354,20.841628],[73.73035,20.841646],[73.730351,20.841654],[73.730359,20.841661],[73.730358,20.841679],[73.730352,20.841679],[73.730346,20.841697],[73.73034,20.841702],[73.730316,20.84171],[73.730306,20.841712],[73.730295,20.841726],[73.73029,20.841738],[73.730277,20.841748],[73.730276,20.841751],[73.730277,20.841762],[73.730291,20.841781],[73.730291,20.841788],[73.73028,20.841802],[73.73026,20.841811],[73.730248,20.841832],[73.73025,20.841839],[73.730257,20.841845],[73.730255,20.841859],[73.73025,20.841867],[73.730249,20.841873],[73.730253,20.841876],[73.730259,20.841873],[73.730266,20.841874],[73.730258,20.841882],[73.730252,20.841882],[73.730249,20.841884],[73.730245,20.841896],[73.730252,20.841902],[73.730252,20.841906],[73.730243,20.841915],[73.730241,20.841919],[73.730249,20.841935],[73.730242,20.841953],[73.730243,20.841982],[73.730246,20.84199],[73.730245,20.841998],[73.730249,20.842001],[73.730242,20.842011],[73.730248,20.842024],[73.730249,20.842033],[73.730253,20.842038],[73.73025,20.84204],[73.730243,20.842039],[73.730241,20.842042],[73.730242,20.842058],[73.730247,20.842066],[73.730245,20.84207],[73.73024,20.842072],[73.730238,20.842079],[73.730238,20.842116],[73.730231,20.842124],[73.730228,20.842131],[73.730228,20.842139],[73.730234,20.842155],[73.730237,20.842176],[73.730242,20.842192],[73.730239,20.842198],[73.73024,20.842202],[73.730236,20.842205],[73.730233,20.842216],[73.730238,20.842227],[73.730238,20.842242],[73.730235,20.842249],[73.730236,20.842259],[73.730232,20.842259],[73.730231,20.842261],[73.730236,20.842284],[73.730235,20.842299],[73.73023,20.842304],[73.730219,20.842328],[73.730215,20.842332],[73.730212,20.842348],[73.7302,20.842353],[73.730201,20.842364],[73.73021,20.842376],[73.730211,20.842381],[73.730207,20.8424],[73.730192,20.842421],[73.730194,20.842429],[73.730216,20.842463],[73.730216,20.842469],[73.730213,20.842475],[73.730204,20.84248],[73.730196,20.842482],[73.730178,20.842481],[73.73017,20.842478],[73.730148,20.842461],[73.730136,20.842458],[73.730127,20.842459],[73.730121,20.84246],[73.730116,20.842468],[73.73011,20.842467],[73.730105,20.842474],[73.730109,20.842483],[73.730125,20.842494],[73.730126,20.842498],[73.730108,20.842529],[73.730109,20.842566],[73.730101,20.842587],[73.730104,20.8426],[73.730099,20.842601],[73.730097,20.842616],[73.730093,20.842621],[73.730085,20.842641],[73.730075,20.842651],[73.730072,20.842662],[73.730029,20.84269],[73.730017,20.842692],[73.730004,20.842698],[73.730003,20.84271],[73.730012,20.842707],[73.73002,20.842699],[73.730025,20.8427],[73.730026,20.842706],[73.730019,20.842714],[73.730015,20.842727],[73.730005,20.842732],[73.729997,20.842754],[73.729998,20.842765],[73.729993,20.84278],[73.729991,20.842797],[73.729982,20.842809],[73.729964,20.842814],[73.72995,20.842839],[73.729944,20.842858],[73.729949,20.842878],[73.729946,20.842895],[73.729937,20.842914],[73.729945,20.842923],[73.729946,20.842928],[73.729938,20.842931],[73.729933,20.84294],[73.729934,20.842948],[73.729931,20.842949],[73.729929,20.842957],[73.729929,20.842971],[73.729915,20.842991],[73.729913,20.843009],[73.729898,20.843026],[73.729889,20.843047],[73.729887,20.84306],[73.729882,20.843063],[73.729873,20.843087],[73.729865,20.843089],[73.729854,20.843088],[73.729849,20.843092],[73.729846,20.843102],[73.729844,20.84313],[73.729805,20.84315],[73.729787,20.843165],[73.729793,20.843192],[73.729793,20.843207],[73.729783,20.84324],[73.729781,20.843242],[73.729781,20.843247],[73.729768,20.843256],[73.72976,20.84327],[73.729748,20.843281],[73.729748,20.843291],[73.729741,20.843306],[73.729738,20.843327],[73.729743,20.843335],[73.729742,20.843348],[73.729747,20.843352],[73.729751,20.843363],[73.729751,20.843385],[73.729758,20.843389],[73.729762,20.843399],[73.729761,20.843405],[73.729767,20.843411],[73.729771,20.843429],[73.72977,20.843436],[73.729773,20.843444],[73.729771,20.843456],[73.729773,20.843465],[73.729771,20.843474],[73.729772,20.843493],[73.729766,20.843505],[73.729756,20.843547],[73.729748,20.843557],[73.729729,20.8436],[73.729724,20.843605],[73.729722,20.843616],[73.729717,20.843623],[73.729712,20.843626],[73.72971,20.843637],[73.729705,20.843641],[73.729703,20.843646],[73.729705,20.843653],[73.729695,20.843668],[73.729684,20.843696],[73.729682,20.843699],[73.729676,20.843701],[73.729675,20.843707],[73.729663,20.84371],[73.729656,20.843716],[73.729649,20.843724],[73.729641,20.84372],[73.729636,20.84373],[73.72963,20.843735],[73.729622,20.84373],[73.729612,20.843733],[73.729609,20.843728],[73.729607,20.843727],[73.729604,20.843734],[73.729594,20.843738],[73.729591,20.843745],[73.72957,20.843748],[73.729563,20.843753],[73.729556,20.843755],[73.72955,20.843752],[73.729547,20.843754],[73.729542,20.843751],[73.729535,20.843757],[73.729525,20.843758],[73.729521,20.843756],[73.729517,20.843747],[73.729505,20.843741],[73.729497,20.843732],[73.729492,20.84373],[73.729492,20.843723],[73.729489,20.843718],[73.729487,20.843723],[73.729483,20.843723],[73.72948,20.843708],[73.729484,20.843703],[73.729468,20.84369],[73.729463,20.843678],[73.729457,20.843673],[73.729454,20.843662],[73.729455,20.84365],[73.729453,20.843644],[73.729456,20.843633],[73.729451,20.843623],[73.729456,20.843599],[73.729453,20.843589],[73.72946,20.843581],[73.729465,20.843579],[73.729462,20.843575],[73.729455,20.843572],[73.729453,20.843556],[73.729456,20.84355],[73.729468,20.843551],[73.729467,20.843542],[73.729471,20.843535],[73.729469,20.84352],[73.729471,20.843516],[73.729463,20.843504],[73.72946,20.84348],[73.72945,20.843475],[73.729447,20.843465],[73.729442,20.843456],[73.729418,20.843439],[73.729392,20.843406],[73.729395,20.843378],[73.729383,20.843349],[73.729382,20.843328],[73.729378,20.843321],[73.729388,20.843312],[73.729386,20.8433],[73.72939,20.843275],[73.729384,20.843264],[73.729391,20.843243],[73.729393,20.843226],[73.729389,20.84321],[73.729391,20.843203],[73.729388,20.843194],[73.729376,20.843182]]}},{"type":"Feature","properties":{"elevation":403},"geometry":{"type":"LineString","coordinates":[[73.72938,20.843158],[73.729383,20.843156],[73.729382,20.843153]]}},{"type":"Feature","properties":{"elevation":404},"geometry":{"type":"LineString","coordinates":[[73.730453,20.840886],[73.730456,20.840888],[73.730454,20.840897],[73.73045,20.840905],[73.730444,20.84091],[73.730449,20.840926],[73.730444,20.840948],[73.73044,20.840955],[73.730438,20.840969],[73.730433,20.84098],[73.730433,20.841002],[73.730423,20.841008],[73.730424,20.841016],[73.730436,20.841039],[73.730437,20.841049],[73.73043,20.841052],[73.730418,20.841052],[73.730414,20.84105],[73.730411,20.841042],[73.730405,20.841042],[73.730404,20.841044],[73.730407,20.841051],[73.730402,20.841053],[73.7304,20.841056],[73.730402,20.84106],[73.730405,20.841058],[73.730408,20.841061],[73.730403,20.841063],[73.730405,20.841068],[73.730402,20.841074],[73.730403,20.84108],[73.730402,20.841084],[73.73041,20.84109],[73.730404,20.841093],[73.730405,20.841101],[73.730402,20.841106],[73.730403,20.841114],[73.730398,20.841144],[73.730407,20.841173],[73.730406,20.841181],[73.730413,20.841186],[73.730417,20.841194],[73.730424,20.841213],[73.730424,20.841217],[73.730421,20.841215],[73.730424,20.841221],[73.730424,20.841227],[73.730435,20.841245],[73.730431,20.841253],[73.73043,20.841273],[73.730428,20.841277],[73.730436,20.841301],[73.730425,20.841321],[73.730422,20.84133],[73.730422,20.841337],[73.730415,20.841343],[73.730404,20.841347],[73.730402,20.841353],[73.730399,20.841369],[73.730413,20.841375],[73.730414,20.841378],[73.730406,20.841385],[73.730393,20.841383],[73.73039,20.841389],[73.730393,20.841414],[73.730386,20.841429],[73.730383,20.841448],[73.730379,20.841456],[73.730387,20.841467],[73.730387,20.841475],[73.730382,20.84149],[73.730373,20.841498],[73.730364,20.841513],[73.730352,20.841528],[73.730357,20.841547],[73.730357,20.841559],[73.730354,20.841566],[73.73035,20.84159],[73.730347,20.841595],[73.73035,20.841608],[73.730343,20.841618],[73.730341,20.841628],[73.730344,20.841632],[73.73034,20.841636],[73.730336,20.841664],[73.730328,20.841672],[73.730311,20.841679],[73.73031,20.841684],[73.730303,20.84169],[73.7303,20.841696],[73.730298,20.84171],[73.730289,20.841713],[73.730285,20.841717],[73.730285,20.841721],[73.730278,20.841726],[73.730273,20.841736],[73.730271,20.841754],[73.730268,20.841757],[73.73026,20.841778],[73.730262,20.841785],[73.730259,20.841795],[73.730261,20.841804],[73.730243,20.841833],[73.730245,20.841846],[73.730251,20.841852],[73.730251,20.841858],[73.730246,20.841864],[73.730239,20.841859],[73.73024,20.841874],[73.730235,20.841875],[73.730234,20.841879],[73.730235,20.841881],[73.73024,20.84188],[73.730243,20.841884],[73.730231,20.841896],[73.730233,20.841902],[73.73023,20.841902],[73.730228,20.841904],[73.730231,20.841907],[73.730229,20.841933],[73.730231,20.841939],[73.730228,20.84195],[73.730229,20.84198],[73.730227,20.84204],[73.73023,20.842055],[73.730226,20.842063],[73.730231,20.84207],[73.730227,20.842074],[73.730228,20.84208],[73.730225,20.842084],[73.730227,20.842092],[73.730222,20.842096],[73.730221,20.842105],[73.730227,20.84211],[73.730223,20.842117],[73.730224,20.842138],[73.73023,20.842154],[73.730231,20.842162],[73.730225,20.842192],[73.730228,20.842207],[73.730225,20.842216],[73.730219,20.842221],[73.730226,20.842232],[73.730227,20.842242],[73.730224,20.842251],[73.730223,20.842266],[73.730218,20.842281],[73.730221,20.842289],[73.730216,20.84231],[73.730204,20.842312],[73.730205,20.842326],[73.730194,20.84235],[73.730193,20.842365],[73.730177,20.842379],[73.730172,20.842403],[73.730173,20.842408],[73.730184,20.842417],[73.730187,20.842423],[73.730204,20.842462],[73.730204,20.842472],[73.730202,20.842475],[73.730195,20.842478],[73.730187,20.842477],[73.730159,20.84246],[73.730132,20.84244],[73.730122,20.842438],[73.730108,20.842448],[73.730103,20.842455],[73.730098,20.842457],[73.730094,20.842455],[73.730084,20.842463],[73.730084,20.842492],[73.730087,20.842502],[73.730091,20.842507],[73.730097,20.842506],[73.7301,20.842509],[73.730105,20.842524],[73.730103,20.842547],[73.7301,20.84255],[73.730095,20.84255],[73.73009,20.842561],[73.730089,20.842577],[73.730094,20.842584],[73.730093,20.842589],[73.730085,20.842593],[73.730085,20.842597],[73.73008,20.842602],[73.730076,20.842614],[73.730067,20.842625],[73.73006,20.842638],[73.730042,20.842658],[73.730011,20.842674],[73.730006,20.842674],[73.729999,20.842678],[73.729994,20.842677],[73.729989,20.842681],[73.729981,20.842711],[73.729981,20.842751],[73.729977,20.842759],[73.729978,20.842769],[73.729952,20.842805],[73.72995,20.842833],[73.729941,20.84286],[73.729935,20.842868],[73.729936,20.842875],[73.729932,20.842878],[73.729932,20.842887],[73.72993,20.842892],[73.729936,20.842899],[73.729936,20.842902],[73.729934,20.842907],[73.729917,20.842912],[73.729913,20.842915],[73.729915,20.842931],[73.72992,20.84294],[73.729915,20.842943],[73.729918,20.84295],[73.729913,20.842955],[73.729911,20.842966],[73.729904,20.842973],[73.729904,20.842982],[73.729896,20.84299],[73.729895,20.843002],[73.72989,20.84302],[73.729884,20.843023],[73.729882,20.843029],[73.729876,20.843034],[73.729873,20.843046],[73.729865,20.843055],[73.729856,20.843073],[73.729849,20.843079],[73.729843,20.843092],[73.729835,20.843122],[73.729823,20.843128],[73.729809,20.843142],[73.729798,20.843148],[73.729789,20.843147],[73.729787,20.843156],[73.729781,20.843163],[73.729754,20.843176],[73.729751,20.843187],[73.729757,20.8432],[73.729754,20.843207],[73.72975,20.84321],[73.729745,20.843219],[73.729747,20.843226],[73.729743,20.843227],[73.729744,20.843232],[73.72974,20.843238],[73.729731,20.843237],[73.729727,20.843239],[73.729723,20.843254],[73.729714,20.843266],[73.729718,20.843272],[73.729715,20.843296],[73.72972,20.843308],[73.729718,20.843318],[73.729714,20.843325],[73.729719,20.84333],[73.729721,20.843341],[73.729719,20.843348],[73.729722,20.843353],[73.729717,20.843359],[73.729725,20.843382],[73.729731,20.843391],[73.729735,20.843411],[73.72974,20.843423],[73.729743,20.84344],[73.729739,20.843459],[73.729742,20.843465],[73.729742,20.843475],[73.729736,20.843495],[73.729731,20.8435],[73.729729,20.843515],[73.729712,20.843544],[73.729704,20.843563],[73.729699,20.843565],[73.729695,20.843573],[73.729689,20.843576],[73.729683,20.843585],[73.729676,20.843589],[73.729675,20.843593],[73.729671,20.843596],[73.72966,20.843631],[73.729654,20.843635],[73.729644,20.84363],[73.729641,20.843626],[73.729635,20.84363],[73.729629,20.84363],[73.729616,20.843663],[73.729608,20.843672],[73.729603,20.843682],[73.729589,20.843694],[73.729577,20.843698],[73.729561,20.843702],[73.729553,20.8437],[73.729539,20.843701],[73.729532,20.843699],[73.729517,20.843697],[73.729512,20.843683],[73.729505,20.843675],[73.729498,20.843673],[73.729496,20.843627],[73.729498,20.84361],[73.729495,20.843602],[73.729496,20.843583],[73.729506,20.843562],[73.729506,20.843549],[73.729511,20.843538],[73.729518,20.84353],[73.729517,20.843521],[73.729511,20.843512],[73.72951,20.843503],[73.729502,20.843491],[73.729492,20.843464],[73.729487,20.843459],[73.729485,20.843462],[73.729482,20.843461],[73.729485,20.843447],[73.72948,20.843433],[73.729475,20.843431],[73.729476,20.843433],[73.729473,20.843436],[73.729465,20.84343],[73.729463,20.843424],[73.729455,20.84342],[73.729449,20.843414],[73.729436,20.843418],[73.729425,20.843408],[73.729422,20.843402],[73.729414,20.843393],[73.729401,20.843382],[73.729395,20.843358],[73.7294,20.843347],[73.729405,20.843323],[73.729402,20.843317],[73.729402,20.843312],[73.729408,20.843301],[73.729403,20.843291],[73.729408,20.84327],[73.729407,20.843239],[73.72941,20.843227],[73.729404,20.843209],[73.729392,20.843189],[73.729394,20.843185],[73.729406,20.843187],[73.729407,20.843171],[73.729403,20.843161],[73.729402,20.843141],[73.729392,20.843122],[73.729387,20.843119]]}},{"type":"Feature","properties":{"elevation":405},"geometry":{"type":"LineString","coordinates":[[73.730438,20.840885],[73.730442,20.840896],[73.730433,20.840921],[73.730437,20.840929],[73.730436,20.840943],[73.730428,20.840954],[73.730428,20.840966],[73.730416,20.840985],[73.730413,20.840999],[73.730407,20.841007],[73.730404,20.841015],[73.730403,20.841024],[73.730406,20.841031],[73.730404,20.841033],[73.730397,20.841031],[73.73039,20.841044],[73.730387,20.841058],[73.73039,20.841072],[73.730396,20.841075],[73.7304,20.84108],[73.730393,20.841084],[73.730396,20.841088],[73.730393,20.841098],[73.730394,20.841108],[73.730381,20.841133],[73.730382,20.841142],[73.730386,20.841145],[73.73039,20.841153],[73.730388,20.841158],[73.730396,20.841167],[73.730396,20.841187],[73.730399,20.841193],[73.730406,20.841195],[73.730402,20.8412],[73.730408,20.841209],[73.730407,20.841224],[73.730413,20.84123],[73.730416,20.841237],[73.730416,20.841256],[73.730402,20.841278],[73.7304,20.841284],[73.730413,20.841297],[73.730419,20.841312],[73.730409,20.841323],[73.730401,20.841322],[73.730396,20.841323],[73.730396,20.841346],[73.730379,20.841372],[73.730378,20.841387],[73.730383,20.841416],[73.730376,20.841447],[73.730367,20.841467],[73.730368,20.8415],[73.730362,20.841513],[73.730345,20.841533],[73.730344,20.841545],[73.730337,20.841567],[73.730338,20.84158],[73.730332,20.841588],[73.730334,20.8416],[73.730328,20.841624],[73.73032,20.84163],[73.730321,20.841645],[73.730309,20.841657],[73.730306,20.841665],[73.730297,20.841673],[73.730289,20.841688],[73.730276,20.841702],[73.730272,20.841719],[73.730254,20.841742],[73.730262,20.84175],[73.730251,20.841758],[73.730247,20.841767],[73.730247,20.841791],[73.730252,20.841795],[73.730252,20.841808],[73.730241,20.841821],[73.730236,20.841837],[73.730228,20.841847],[73.730224,20.84185],[73.73022,20.841877],[73.730211,20.841908],[73.730212,20.841917],[73.730221,20.841924],[73.73022,20.84193],[73.730225,20.841932],[73.730226,20.841936],[73.730222,20.841937],[73.730223,20.841941],[73.730221,20.841943],[73.730216,20.841941],[73.730215,20.841946],[73.730218,20.841981],[73.730212,20.842005],[73.730215,20.84202],[73.730212,20.842037],[73.730213,20.842066],[73.730209,20.842072],[73.730208,20.842085],[73.730205,20.842094],[73.730206,20.842105],[73.730214,20.842124],[73.730205,20.84213],[73.730209,20.842138],[73.730204,20.842149],[73.730205,20.842163],[73.730213,20.842167],[73.730209,20.842181],[73.73021,20.84219],[73.730204,20.842209],[73.73021,20.842223],[73.730208,20.842255],[73.730212,20.842267],[73.730212,20.842279],[73.73021,20.842283],[73.730193,20.842304],[73.730199,20.842325],[73.730189,20.842348],[73.730187,20.842358],[73.730175,20.842373],[73.730171,20.842376],[73.730161,20.842379],[73.730157,20.842385],[73.730155,20.842394],[73.730146,20.842406],[73.730144,20.842416],[73.73014,20.84242],[73.730143,20.842423],[73.730154,20.842424],[73.730159,20.842435],[73.730168,20.842435],[73.730185,20.842444],[73.73019,20.842452],[73.730191,20.842461],[73.730177,20.84246],[73.730145,20.842446],[73.730126,20.842428],[73.730126,20.842425],[73.730133,20.842422],[73.730127,20.842421],[73.730094,20.842435],[73.730076,20.842448],[73.730068,20.842459],[73.730068,20.842507],[73.730075,20.842539],[73.730071,20.842568],[73.730062,20.842589],[73.730044,20.842621],[73.73003,20.842637],[73.730025,20.84264],[73.730015,20.842654],[73.730001,20.842656],[73.729985,20.842662],[73.729971,20.842663],[73.72997,20.84267],[73.729966,20.842676],[73.729967,20.842691],[73.729961,20.842703],[73.729964,20.842732],[73.729967,20.84274],[73.729961,20.84275],[73.729963,20.842762],[73.729955,20.842778],[73.729954,20.84279],[73.729944,20.842805],[73.729933,20.84281],[73.72993,20.842818],[73.72993,20.842829],[73.729939,20.842841],[73.729938,20.842853],[73.72992,20.842866],[73.729901,20.842889],[73.7299,20.842896],[73.729906,20.842913],[73.729899,20.842936],[73.729893,20.842953],[73.729887,20.84296],[73.729883,20.842975],[73.729871,20.842996],[73.729868,20.843013],[73.72985,20.843043],[73.729845,20.84306],[73.729837,20.843066],[73.729838,20.843079],[73.729834,20.843082],[73.729817,20.843082],[73.729806,20.843094],[73.7298,20.843095],[73.729784,20.84311],[73.729779,20.84311],[73.729768,20.843118],[73.729766,20.843125],[73.729752,20.843132],[73.729745,20.84315],[73.729744,20.843168],[73.729724,20.843187],[73.729716,20.843212],[73.729705,20.843223],[73.729694,20.843224],[73.729688,20.843233],[73.729688,20.843238],[73.729693,20.843242],[73.729692,20.843258],[73.729678,20.843284],[73.72969,20.843326],[73.729689,20.843339],[73.729697,20.843356],[73.72969,20.843376],[73.729697,20.843398],[73.729704,20.843408],[73.729704,20.843422],[73.72971,20.843428],[73.729708,20.843454],[73.72971,20.843463],[73.729701,20.843473],[73.729695,20.843476],[73.729693,20.843482],[73.729683,20.843486],[73.72968,20.843493],[73.729672,20.843493],[73.729663,20.8435],[73.729652,20.8435],[73.729647,20.843502],[73.729644,20.843497],[73.729635,20.843498],[73.729617,20.843478],[73.729611,20.843475],[73.729609,20.84348],[73.729603,20.843482],[73.729599,20.843486],[73.729598,20.843495],[73.729595,20.843498],[73.729591,20.843508],[73.729588,20.843508],[73.729589,20.843514],[73.729583,20.843515],[73.729582,20.843524],[73.729577,20.843526],[73.729577,20.843516],[73.729573,20.843514],[73.729571,20.843504],[73.729563,20.843501],[73.72956,20.843496],[73.729551,20.84349],[73.72954,20.843474],[73.729535,20.843459],[73.729528,20.843453],[73.729521,20.843451],[73.729522,20.843441],[73.729516,20.843433],[73.729509,20.843415],[73.729504,20.843409],[73.729486,20.843396],[73.729471,20.84339],[73.729464,20.84339],[73.729458,20.843386],[73.729448,20.843384],[73.729441,20.84339],[73.729437,20.84338],[73.729425,20.84337],[73.72943,20.843358],[73.729429,20.843347],[73.729431,20.843334],[73.729426,20.843322],[73.72943,20.843313],[73.729427,20.843303],[73.729426,20.843279],[73.729423,20.843276],[73.729425,20.843264],[73.72942,20.843234],[73.729426,20.843226],[73.729424,20.843215],[73.729424,20.843193],[73.729421,20.843189],[73.729422,20.843165],[73.72942,20.843155],[73.729422,20.843142],[73.729415,20.843121],[73.729401,20.843095],[73.729398,20.843075],[73.729395,20.843074]]}},{"type":"Feature","properties":{"elevation":405},"geometry":{"type":"LineString","coordinates":[[73.729605,20.843625],[73.729601,20.843635],[73.72959,20.843651],[73.729579,20.843659],[73.729572,20.843667],[73.729566,20.843668],[73.729544,20.84365],[73.729536,20.84365],[73.729527,20.843636],[73.729529,20.843627],[73.729521,20.843608],[73.729537,20.843592],[73.729537,20.843587],[73.729534,20.843577],[73.729548,20.843561],[73.729566,20.843549],[73.729567,20.843542],[73.729574,20.843534],[73.729577,20.843537],[73.72958,20.843553],[73.72959,20.843555],[73.729602,20.843573],[73.729597,20.84358],[73.729602,20.843586],[73.729605,20.843625]]}},{"type":"Feature","properties":{"elevation":406},"geometry":{"type":"LineString","coordinates":[[73.730423,20.840888],[73.730424,20.840909],[73.730427,20.840916],[73.730424,20.840923],[73.730415,20.84093],[73.730417,20.84094],[73.730413,20.84095],[73.730416,20.840956],[73.730409,20.840959],[73.730408,20.840965],[73.730405,20.840966],[73.7304,20.840974],[73.730395,20.840999],[73.730402,20.841004],[73.730402,20.841009],[73.730388,20.84102],[73.730381,20.841043],[73.730372,20.841048],[73.730371,20.841051],[73.730374,20.841072],[73.730382,20.841079],[73.730384,20.841087],[73.730384,20.84109],[73.730378,20.841092],[73.730377,20.841096],[73.730378,20.841099],[73.730381,20.841099],[73.730382,20.841104],[73.730381,20.841106],[73.730376,20.841105],[73.730378,20.841115],[73.730371,20.841118],[73.730369,20.841123],[73.730364,20.841124],[73.730365,20.84113],[73.730361,20.841135],[73.730363,20.841141],[73.730368,20.841146],[73.730371,20.841159],[73.730378,20.841164],[73.730385,20.841166],[73.730383,20.841175],[73.730393,20.841188],[73.730393,20.84119],[73.730388,20.841193],[73.730387,20.84121],[73.730389,20.841216],[73.730393,20.841221],[73.730398,20.841236],[73.730401,20.841238],[73.7304,20.841244],[73.730405,20.84126],[73.730401,20.841273],[73.730393,20.841285],[73.730389,20.841307],[73.730382,20.841323],[73.730383,20.841328],[73.730389,20.841336],[73.730389,20.841342],[73.730385,20.841349],[73.730374,20.841354],[73.730368,20.841368],[73.730369,20.84138],[73.730367,20.841391],[73.730374,20.841395],[73.730376,20.841401],[73.730371,20.841406],[73.730369,20.841417],[73.730371,20.841427],[73.730365,20.841434],[73.730361,20.841443],[73.730364,20.841454],[73.730358,20.841458],[73.730354,20.841467],[73.730364,20.841498],[73.730364,20.841506],[73.730354,20.841518],[73.730338,20.841532],[73.73033,20.841543],[73.73033,20.841552],[73.730324,20.841563],[73.730324,20.84158],[73.730317,20.841592],[73.730316,20.841613],[73.73031,20.84162],[73.730311,20.841631],[73.730305,20.841637],[73.730301,20.841647],[73.730297,20.841651],[73.730295,20.841662],[73.73029,20.841664],[73.730285,20.841673],[73.730279,20.841676],[73.730277,20.841684],[73.730272,20.841687],[73.730266,20.841695],[73.730259,20.841711],[73.730249,20.841721],[73.730245,20.841731],[73.73024,20.841734],[73.730239,20.841744],[73.730235,20.841749],[73.730239,20.841757],[73.730235,20.841767],[73.730234,20.841787],[73.73022,20.841804],[73.730222,20.841819],[73.73023,20.841829],[73.730227,20.841844],[73.730219,20.841848],[73.730209,20.841848],[73.730206,20.841875],[73.7302,20.841887],[73.730199,20.841915],[73.730203,20.841955],[73.730201,20.841961],[73.730203,20.84197],[73.7302,20.842009],[73.730196,20.842028],[73.730198,20.842041],[73.730198,20.842082],[73.730189,20.842125],[73.730199,20.842151],[73.730196,20.842176],[73.7302,20.842185],[73.730201,20.842209],[73.730205,20.842222],[73.730202,20.842234],[73.730196,20.842237],[73.730197,20.842244],[73.730193,20.842255],[73.730192,20.842272],[73.730194,20.842291],[73.730186,20.842305],[73.730175,20.842311],[73.730181,20.842333],[73.730178,20.842338],[73.730178,20.842344],[73.730176,20.842347],[73.730163,20.842354],[73.730164,20.842359],[73.730155,20.842372],[73.73015,20.842372],[73.730148,20.84238],[73.730134,20.842389],[73.730119,20.842406],[73.730074,20.842432],[73.730054,20.842453],[73.730052,20.842458],[73.730054,20.842467],[73.730051,20.842467],[73.73005,20.842469],[73.730048,20.842495],[73.730051,20.842531],[73.730051,20.842552],[73.730046,20.842559],[73.730041,20.842581],[73.730018,20.842611],[73.729999,20.84263],[73.729985,20.842637],[73.729976,20.842636],[73.729962,20.842641],[73.729958,20.84264],[73.729953,20.842646],[73.729956,20.842658],[73.729952,20.842664],[73.729946,20.842667],[73.729946,20.842674],[73.729942,20.842678],[73.729941,20.842702],[73.729936,20.842715],[73.729945,20.842732],[73.729946,20.842739],[73.729945,20.842745],[73.729938,20.842753],[73.729934,20.842778],[73.729929,20.84278],[73.729933,20.842785],[73.729934,20.842796],[73.729926,20.842805],[73.729919,20.842827],[73.729911,20.842832],[73.729906,20.842849],[73.729902,20.842854],[73.729901,20.842863],[73.729907,20.842864],[73.72991,20.842869],[73.729898,20.842889],[73.729899,20.842911],[73.729894,20.842917],[73.729882,20.842926],[73.729883,20.842932],[73.729878,20.84294],[73.729876,20.84295],[73.729866,20.84296],[73.729862,20.842974],[73.729852,20.842985],[73.729852,20.84299],[73.729858,20.842995],[73.729854,20.843014],[73.729842,20.843019],[73.729838,20.843028],[73.729831,20.84303],[73.729829,20.843034],[73.729828,20.843042],[73.729817,20.843048],[73.729815,20.843053],[73.729807,20.843059],[73.729801,20.843061],[73.729791,20.843068],[73.72979,20.843081],[73.729768,20.843082],[73.729765,20.843086],[73.729759,20.843088],[73.729755,20.843096],[73.729749,20.8431],[73.729737,20.843101],[73.729733,20.843106],[73.729719,20.843116],[73.729715,20.843128],[73.729703,20.843138],[73.729702,20.843145],[73.729691,20.843152],[73.729688,20.843165],[73.729683,20.843167],[73.729672,20.84318],[73.729671,20.843185],[73.729663,20.843196],[73.729662,20.84321],[73.729647,20.843239],[73.729644,20.843267],[73.729653,20.84327],[73.729659,20.84328],[73.729648,20.843288],[73.729642,20.843295],[73.729644,20.843313],[73.729638,20.843312],[73.729634,20.843316],[73.729641,20.843323],[73.729638,20.843326],[73.729635,20.843339],[73.729634,20.843354],[73.729631,20.843358],[73.729625,20.843382],[73.729618,20.843378],[73.72962,20.843381],[73.729619,20.843386],[73.729621,20.843387],[73.729624,20.843384],[73.729626,20.843385],[73.729629,20.843388],[73.729627,20.84339],[73.729619,20.843389],[73.729611,20.843394],[73.729601,20.843391],[73.729596,20.843393],[73.729577,20.843378],[73.729573,20.843384],[73.729566,20.843386],[73.729564,20.843389],[73.729555,20.843387],[73.729556,20.843394],[73.729553,20.843397],[73.72955,20.843393],[73.729549,20.843386],[73.72953,20.843379],[73.729522,20.84337],[73.729514,20.843368],[73.729504,20.843357],[73.729501,20.84335],[73.729494,20.84335],[73.729497,20.843358],[73.729492,20.843362],[73.729489,20.843359],[73.729488,20.84335],[73.729481,20.843345],[73.729475,20.843348],[73.729469,20.84334],[73.729463,20.843331],[73.729465,20.843326],[73.72946,20.84332],[73.729458,20.843301],[73.729445,20.843281],[73.729447,20.843269],[73.729444,20.843264],[73.72944,20.843233],[73.729435,20.843224],[73.729443,20.843197],[73.729438,20.843176],[73.729441,20.843171],[73.72944,20.843144],[73.729437,20.84313],[73.729435,20.843109],[73.729426,20.843099],[73.729421,20.843084],[73.729416,20.843081],[73.729416,20.843074],[73.729406,20.843068],[73.729399,20.843055]]}},{"type":"Feature","properties":{"elevation":407},"geometry":{"type":"LineString","coordinates":[[73.730413,20.840887],[73.730409,20.840898],[73.730411,20.840907],[73.730406,20.840934],[73.730396,20.840954],[73.730395,20.840963],[73.730389,20.840969],[73.730378,20.841001],[73.730378,20.841005],[73.730385,20.841011],[73.730385,20.841018],[73.730382,20.841025],[73.730377,20.841024],[73.730377,20.841028],[73.730373,20.841031],[73.73037,20.841037],[73.730366,20.841053],[73.730367,20.841071],[73.730362,20.841073],[73.730361,20.841081],[73.730358,20.841086],[73.730348,20.841093],[73.73035,20.841107],[73.730343,20.841133],[73.730344,20.841138],[73.730349,20.841144],[73.73035,20.841155],[73.730366,20.841161],[73.730376,20.841179],[73.730373,20.841188],[73.730381,20.841193],[73.730382,20.841197],[73.730382,20.841216],[73.73038,20.841225],[73.730382,20.84124],[73.730384,20.841243],[73.730391,20.841243],[73.730394,20.841248],[73.730396,20.841273],[73.730384,20.8413],[73.730382,20.841317],[73.73036,20.841325],[73.730355,20.841332],[73.730353,20.841347],[73.730355,20.841359],[73.73036,20.841365],[73.730364,20.841381],[73.730358,20.841408],[73.73036,20.841414],[73.730357,20.841416],[73.730352,20.841432],[73.730352,20.841436],[73.730356,20.841441],[73.730355,20.841443],[73.730349,20.841443],[73.730348,20.841451],[73.730351,20.841459],[73.730344,20.841467],[73.73035,20.841471],[73.730343,20.841477],[73.730341,20.841487],[73.730331,20.841493],[73.730327,20.841503],[73.730319,20.841511],[73.730312,20.841538],[73.730313,20.841545],[73.730307,20.841572],[73.730309,20.841582],[73.730298,20.841599],[73.730286,20.841601],[73.730286,20.841607],[73.730266,20.841612],[73.73026,20.841617],[73.73025,20.841651],[73.73026,20.841676],[73.73026,20.841682],[73.73025,20.841696],[73.730238,20.841695],[73.730237,20.841701],[73.73024,20.841708],[73.730227,20.841723],[73.730225,20.841739],[73.730216,20.84176],[73.730216,20.841764],[73.730222,20.841776],[73.730216,20.841794],[73.730217,20.841826],[73.730215,20.841832],[73.730222,20.841837],[73.730224,20.841843],[73.730217,20.841845],[73.730212,20.84184],[73.730208,20.841839],[73.730201,20.84185],[73.730188,20.84186],[73.730193,20.841873],[73.730191,20.841894],[73.730193,20.841911],[73.730185,20.841963],[73.730187,20.842025],[73.73018,20.842038],[73.730182,20.842045],[73.730183,20.84207],[73.73019,20.842074],[73.730192,20.842081],[73.730189,20.842086],[73.730178,20.842087],[73.730176,20.842104],[73.73017,20.84212],[73.730173,20.842128],[73.730178,20.842132],[73.730176,20.842138],[73.73018,20.84215],[73.730178,20.84216],[73.730182,20.842174],[73.730179,20.842197],[73.730186,20.842214],[73.730179,20.842226],[73.730183,20.842237],[73.730174,20.84228],[73.730175,20.842287],[73.730151,20.842318],[73.730136,20.842348],[73.73013,20.84237],[73.73012,20.842378],[73.730114,20.842389],[73.730075,20.842415],[73.730066,20.842424],[73.73006,20.842426],[73.730047,20.842443],[73.730042,20.842443],[73.730038,20.842447],[73.730026,20.842512],[73.730016,20.842535],[73.730015,20.842544],[73.730015,20.842551],[73.730018,20.842554],[73.730018,20.842566],[73.730005,20.842581],[73.729999,20.842595],[73.729988,20.842606],[73.729979,20.842606],[73.729965,20.842615],[73.72995,20.842619],[73.729944,20.842626],[73.729939,20.842626],[73.729932,20.842633],[73.72993,20.842645],[73.729924,20.842648],[73.729921,20.842656],[73.729922,20.842664],[73.729915,20.842714],[73.729917,20.842747],[73.729912,20.842757],[73.729911,20.842768],[73.7299,20.842784],[73.729884,20.8428],[73.729884,20.842802],[73.729889,20.842798],[73.729894,20.842799],[73.7299,20.842801],[73.729902,20.842806],[73.729883,20.842852],[73.729883,20.842874],[73.729891,20.842893],[73.729877,20.842898],[73.729873,20.842903],[73.72987,20.842917],[73.729857,20.842946],[73.729857,20.842961],[73.729848,20.842963],[73.729839,20.842962],[73.729831,20.842977],[73.729808,20.842999],[73.729815,20.843019],[73.729813,20.843028],[73.729804,20.843035],[73.729785,20.843043],[73.729777,20.84305],[73.729771,20.843049],[73.729764,20.843056],[73.729753,20.843057],[73.729729,20.843065],[73.72972,20.843065],[73.72971,20.843073],[73.729705,20.843073],[73.729701,20.84308],[73.729694,20.843083],[73.729689,20.843082],[73.729682,20.84309],[73.729676,20.843099],[73.729674,20.843106],[73.729665,20.843117],[73.729652,20.843114],[73.72965,20.843119],[73.729645,20.843121],[73.729631,20.84314],[73.729618,20.843147],[73.729613,20.843159],[73.7296,20.843164],[73.729596,20.84317],[73.729593,20.843175],[73.729595,20.843192],[73.729586,20.843198],[73.729585,20.843216],[73.729577,20.843222],[73.729574,20.843227],[73.729577,20.843233],[73.72957,20.843232],[73.729565,20.843233],[73.729563,20.843244],[73.729556,20.843253],[73.729549,20.84325],[73.72956,20.843259],[73.729552,20.843267],[73.729545,20.843265],[73.729541,20.84326],[73.729537,20.84326],[73.729535,20.843264],[73.729529,20.843262],[73.729525,20.843267],[73.729518,20.84327],[73.729516,20.843275],[73.729507,20.843272],[73.729493,20.843277],[73.729476,20.843278],[73.729474,20.843247],[73.729469,20.843235],[73.72947,20.843227],[73.729467,20.843214],[73.729468,20.843196],[73.729462,20.843194],[73.729467,20.843174],[73.729464,20.843159],[73.729457,20.843147],[73.729456,20.843123],[73.729443,20.843106],[73.729439,20.843079],[73.729434,20.843073],[73.729428,20.843056],[73.72943,20.843035],[73.729425,20.843028],[73.729405,20.843018]]}},{"type":"Feature","properties":{"elevation":407},"geometry":{"type":"LineString","coordinates":[[73.729407,20.843002],[73.729415,20.842993],[73.729424,20.842972],[73.729422,20.842948],[73.729419,20.842944]]}},{"type":"Feature","properties":{"elevation":407},"geometry":{"type":"LineString","coordinates":[[73.729424,20.842904],[73.729425,20.842903]]}},{"type":"Feature","properties":{"elevation":407},"geometry":{"type":"LineString","coordinates":[[73.729426,20.842902],[73.72943,20.842894],[73.729429,20.842883]]}},{"type":"Feature","properties":{"elevation":408},"geometry":{"type":"LineString","coordinates":[[73.730399,20.840887],[73.7304,20.840894],[73.730396,20.840905],[73.730399,20.84091],[73.730401,20.840908],[73.730403,20.840909],[73.730401,20.840912],[73.730401,20.840922],[73.730394,20.840925],[73.730391,20.840937],[73.730386,20.840943],[73.730389,20.840952],[73.730386,20.840958],[73.730379,20.840961],[73.730379,20.840971],[73.730365,20.840981],[73.730368,20.84099],[73.730363,20.841],[73.730361,20.841013],[73.730358,20.841017],[73.730357,20.841022],[73.730354,20.841024],[73.73035,20.841035],[73.730344,20.84104],[73.730344,20.841047],[73.730348,20.841055],[73.730347,20.84106],[73.730342,20.841064],[73.73033,20.84107],[73.730325,20.841077],[73.730323,20.841088],[73.730316,20.8411],[73.730326,20.841125],[73.730324,20.841137],[73.730329,20.841153],[73.730335,20.841161],[73.730349,20.84117],[73.73035,20.841177],[73.730365,20.841209],[73.730365,20.841221],[73.73037,20.841228],[73.730368,20.841247],[73.730373,20.841254],[73.730374,20.841269],[73.730383,20.841282],[73.730384,20.841286],[73.730375,20.841312],[73.730371,20.841312],[73.73036,20.841318],[73.730353,20.841333],[73.730351,20.841344],[73.730351,20.841368],[73.730353,20.841377],[73.730346,20.84138],[73.730336,20.841394],[73.730337,20.841407],[73.730338,20.841409],[73.730344,20.841408],[73.730343,20.84141],[73.730338,20.841411],[73.730341,20.841429],[73.730336,20.841436],[73.730337,20.841447],[73.730331,20.841462],[73.730332,20.841471],[73.730329,20.841475],[73.730322,20.841478],[73.730312,20.841506],[73.730311,20.841525],[73.730302,20.841547],[73.730304,20.841557],[73.730295,20.841558],[73.730293,20.841563],[73.730295,20.841573],[73.730283,20.841583],[73.73027,20.841604],[73.730258,20.841614],[73.730242,20.841658],[73.730215,20.841703],[73.730217,20.841712],[73.730212,20.841721],[73.730211,20.841737],[73.730215,20.841751],[73.730204,20.841772],[73.730203,20.841778],[73.730203,20.841786],[73.730208,20.841801],[73.730196,20.841806],[73.730193,20.841816],[73.730196,20.841823],[73.730187,20.841838],[73.730182,20.841856],[73.730182,20.841879],[73.730176,20.841904],[73.730178,20.84192],[73.730174,20.841934],[73.730174,20.841945],[73.730171,20.841961],[73.730175,20.841995],[73.730172,20.842011],[73.730157,20.842039],[73.730168,20.842068],[73.730164,20.842089],[73.730164,20.842124],[73.730161,20.84213],[73.730166,20.842136],[73.730163,20.842145],[73.730164,20.842152],[73.730162,20.842158],[73.730161,20.842181],[73.730163,20.842207],[73.730168,20.842228],[73.730166,20.842243],[73.730162,20.842247],[73.73016,20.842259],[73.730155,20.842267],[73.730156,20.842302],[73.730135,20.842329],[73.730126,20.842357],[73.730113,20.842363],[73.730108,20.842376],[73.730097,20.842381],[73.730094,20.842385],[73.730089,20.842385],[73.730083,20.842392],[73.730052,20.842411],[73.730024,20.84244],[73.730018,20.842452],[73.730015,20.842463],[73.730017,20.842473],[73.730014,20.842478],[73.730017,20.842482],[73.730009,20.842491],[73.730007,20.8425],[73.730002,20.842508],[73.729997,20.842513],[73.729997,20.842524],[73.729992,20.842534],[73.729993,20.842539],[73.729985,20.842551],[73.729983,20.842558],[73.729973,20.842563],[73.729975,20.842573],[73.729967,20.842571],[73.729961,20.842572],[73.729954,20.84258],[73.729943,20.842586],[73.729931,20.8426],[73.729924,20.842603],[73.729911,20.842617],[73.7299,20.84265],[73.729898,20.842665],[73.729901,20.842679],[73.729895,20.842699],[73.729897,20.842714],[73.729894,20.842725],[73.729892,20.84275],[73.729889,20.842754],[73.72989,20.842773],[73.729878,20.842783],[73.729858,20.842809],[73.72987,20.842837],[73.729868,20.842853],[73.72987,20.842858],[73.729864,20.842863],[73.729861,20.842885],[73.729853,20.842901],[73.729858,20.842907],[73.729861,20.842919],[73.729858,20.842922],[73.729853,20.842921],[73.729845,20.842923],[73.729845,20.842934],[73.729829,20.842956],[73.729823,20.84298],[73.729792,20.843006],[73.729762,20.84302],[73.729723,20.843026],[73.729701,20.843034],[73.729683,20.843029],[73.729678,20.843029],[73.729646,20.84305],[73.729637,20.84306],[73.729609,20.843074],[73.729601,20.843085],[73.7296,20.843102],[73.72959,20.843111],[73.729587,20.843122],[73.729588,20.843133],[73.729581,20.843147],[73.729576,20.843151],[73.729578,20.843158],[73.729584,20.843164],[73.729585,20.843167],[73.729569,20.843178],[73.72956,20.843187],[73.729549,20.843189],[73.729545,20.843196],[73.72953,20.843205],[73.729526,20.843201],[73.729523,20.84319],[73.729517,20.843184],[73.729512,20.843169],[73.729503,20.843176],[73.729498,20.843171],[73.729492,20.843178],[73.729487,20.843178],[73.729487,20.843172],[73.729491,20.843169],[73.729491,20.843163],[73.729481,20.843125],[73.729475,20.843115],[73.729476,20.843102],[73.729471,20.843099],[73.729466,20.843088],[73.729455,20.843073],[73.729458,20.843062],[73.729451,20.843045],[73.72943,20.843024],[73.72943,20.843019],[73.729439,20.843003],[73.729437,20.842985],[73.72944,20.842982],[73.729444,20.842968],[73.729435,20.842953],[73.729432,20.842942],[73.729442,20.842916],[73.729449,20.842912],[73.72945,20.842906],[73.729447,20.842901],[73.72945,20.842881],[73.72944,20.842863],[73.729434,20.842858]]}},{"type":"Feature","properties":{"elevation":408},"geometry":{"type":"LineString","coordinates":[[73.729439,20.84283],[73.729444,20.84283],[73.729447,20.842825],[73.729446,20.84282],[73.729441,20.842818]]}},{"type":"Feature","properties":{"elevation":409},"geometry":{"type":"LineString","coordinates":[[73.730377,20.840887],[73.730381,20.8409],[73.730377,20.840917],[73.73037,20.840924],[73.730372,20.840932],[73.730366,20.840946],[73.730366,20.840955],[73.730362,20.840958],[73.730359,20.840976],[73.730344,20.840989],[73.730331,20.841015],[73.730331,20.841024],[73.730335,20.841035],[73.730325,20.84105],[73.730321,20.841087],[73.730308,20.841108],[73.730316,20.841133],[73.730318,20.84115],[73.730316,20.841159],[73.730317,20.841166],[73.73033,20.841171],[73.730336,20.841168],[73.730339,20.841173],[73.730343,20.841169],[73.730348,20.841172],[73.730349,20.841182],[73.730341,20.841181],[73.73035,20.841205],[73.730348,20.841216],[73.730359,20.841249],[73.730359,20.84126],[73.730367,20.841281],[73.730356,20.841293],[73.730355,20.841303],[73.73036,20.84131],[73.730349,20.841344],[73.730346,20.841366],[73.730332,20.841389],[73.73033,20.841412],[73.730324,20.841425],[73.730325,20.841431],[73.730322,20.841451],[73.730312,20.841469],[73.730307,20.841486],[73.7303,20.841493],[73.730301,20.841505],[73.730296,20.841518],[73.730296,20.841529],[73.730304,20.841534],[73.730304,20.841538],[73.730286,20.841552],[73.730276,20.841557],[73.730278,20.841577],[73.730276,20.841585],[73.730267,20.841601],[73.730257,20.841609],[73.730249,20.841638],[73.730225,20.841684],[73.730213,20.841696],[73.730196,20.841721],[73.730196,20.841727],[73.730211,20.841749],[73.730206,20.84176],[73.730199,20.841762],[73.730199,20.841768],[73.730197,20.841772],[73.730188,20.841774],[73.730186,20.841776],[73.730186,20.841787],[73.73018,20.841805],[73.730179,20.841812],[73.730182,20.841817],[73.730173,20.841841],[73.730177,20.841858],[73.73017,20.841867],[73.730166,20.841875],[73.73016,20.841931],[73.730161,20.841946],[73.730158,20.841986],[73.730161,20.842003],[73.730161,20.84202],[73.73016,20.842028],[73.730154,20.842037],[73.730153,20.842044],[73.73016,20.842063],[73.730155,20.842072],[73.730155,20.842086],[73.730149,20.842093],[73.730149,20.842135],[73.730142,20.84215],[73.730145,20.842156],[73.730144,20.84218],[73.730147,20.842213],[73.730144,20.842243],[73.730148,20.842252],[73.730151,20.842272],[73.730151,20.842283],[73.730147,20.842294],[73.730148,20.842303],[73.730138,20.842318],[73.730129,20.842328],[73.730103,20.842334],[73.730102,20.842339],[73.730097,20.842341],[73.730102,20.842346],[73.730101,20.842349],[73.730097,20.842353],[73.730089,20.842354],[73.730081,20.84236],[73.730068,20.842379],[73.730053,20.842384],[73.730045,20.842397],[73.730031,20.842399],[73.730008,20.842411],[73.730006,20.842414],[73.730009,20.842427],[73.729994,20.842451],[73.729979,20.842487],[73.72996,20.842516],[73.729954,20.84253],[73.729945,20.842543],[73.729929,20.842556],[73.729927,20.842564],[73.729921,20.842568],[73.729907,20.842572],[73.729898,20.842589],[73.729888,20.842599],[73.729879,20.842604],[73.729878,20.842612],[73.729871,20.842631],[73.72987,20.842649],[73.729867,20.842655],[73.729865,20.842677],[73.729867,20.842695],[73.729863,20.842705],[73.729869,20.842712],[73.729865,20.842713],[73.729864,20.842725],[73.729866,20.842743],[73.72987,20.842749],[73.729869,20.842769],[73.729862,20.842797],[73.729854,20.842806],[73.729842,20.842814],[73.729836,20.842824],[73.729837,20.84284],[73.729845,20.842867],[73.72984,20.84288],[73.729832,20.842892],[73.729825,20.842917],[73.72982,20.842924],[73.729818,20.842936],[73.729824,20.842952],[73.729818,20.842978],[73.729808,20.842987],[73.729796,20.842994],[73.729786,20.842996],[73.729782,20.842994],[73.729783,20.842985],[73.729779,20.842981],[73.729772,20.842983],[73.729765,20.84299],[73.729744,20.842991],[73.729741,20.842995],[73.729739,20.842993],[73.729739,20.842988],[73.729733,20.842986],[73.729721,20.842992],[73.729709,20.842987],[73.729699,20.842987],[73.729683,20.842982],[73.729683,20.842985],[73.729679,20.842984],[73.729674,20.842986],[73.729667,20.842982],[73.729659,20.842983],[73.729633,20.843009],[73.729633,20.843019],[73.729631,20.843023],[73.729625,20.843027],[73.729614,20.843038],[73.729614,20.843045],[73.72962,20.843054],[73.729617,20.843061],[73.729584,20.843086],[73.729574,20.8431],[73.72957,20.843108],[73.729565,20.8431],[73.729566,20.843091],[73.729562,20.843093],[73.729557,20.8431],[73.729552,20.8431],[73.729547,20.843104],[73.729544,20.843113],[73.729538,20.843118],[73.729534,20.843118],[73.729532,20.843105],[73.729528,20.8431],[73.729522,20.843096],[73.729514,20.843097],[73.729513,20.843089],[73.729504,20.843094],[73.7295,20.843082],[73.729485,20.843073],[73.729486,20.843069],[73.729483,20.843069],[73.72948,20.84306],[73.72947,20.843054],[73.729474,20.843045],[73.729473,20.843043],[73.729469,20.843041],[73.729462,20.843043],[73.729451,20.843027],[73.729458,20.843016],[73.729457,20.843001],[73.729466,20.842982],[73.729468,20.842947],[73.729466,20.842942],[73.729468,20.842939],[73.729467,20.842932],[73.729477,20.842905],[73.729474,20.842894],[73.729465,20.842883],[73.729468,20.842868],[73.729465,20.842862],[73.729456,20.842856],[73.729468,20.842835],[73.729469,20.842821],[73.729467,20.842814],[73.729462,20.842809],[73.729469,20.842795],[73.72946,20.842778],[73.72946,20.842768],[73.729462,20.842766],[73.729464,20.84277],[73.729465,20.842768],[73.72946,20.842757],[73.72946,20.842725],[73.729458,20.842721]]}},{"type":"Feature","properties":{"elevation":409},"geometry":{"type":"LineString","coordinates":[[73.729461,20.842694],[73.729467,20.842703],[73.729474,20.842698],[73.729475,20.842693],[73.729473,20.84269],[73.729463,20.84269]]}},{"type":"Feature","properties":{"elevation":410},"geometry":{"type":"LineString","coordinates":[[73.730361,20.840889],[73.730364,20.840903],[73.730358,20.840911],[73.73036,20.840922],[73.730359,20.840928],[73.730366,20.84093],[73.730368,20.840933],[73.730361,20.840934],[73.730357,20.840942],[73.730352,20.840943],[73.730346,20.840958],[73.730344,20.840964],[73.730345,20.840978],[73.730334,20.840997],[73.730319,20.84104],[73.730321,20.841055],[73.730319,20.841086],[73.730304,20.841109],[73.730302,20.841128],[73.730306,20.841142],[73.730304,20.841155],[73.730313,20.841166],[73.730313,20.841172],[73.730318,20.841181],[73.730337,20.841205],[73.730335,20.841217],[73.730339,20.841231],[73.730339,20.841243],[73.730345,20.841249],[73.73035,20.841283],[73.730347,20.841314],[73.730351,20.841317],[73.730352,20.841329],[73.730346,20.841343],[73.73033,20.841356],[73.730326,20.841366],[73.73032,20.841372],[73.730318,20.841387],[73.730323,20.841395],[73.730323,20.841412],[73.730315,20.841417],[73.730305,20.841412],[73.730303,20.841414],[73.730304,20.841426],[73.730311,20.841439],[73.730319,20.841445],[73.730315,20.841447],[73.730308,20.841447],[73.730302,20.841466],[73.730296,20.841471],[73.730294,20.84149],[73.730282,20.84151],[73.730279,20.841526],[73.730275,20.841529],[73.730271,20.841527],[73.730264,20.841541],[73.730263,20.84155],[73.730269,20.841561],[73.730268,20.841565],[73.730264,20.841569],[73.730268,20.841582],[73.730266,20.841584],[73.73026,20.841583],[73.730257,20.841587],[73.73025,20.841627],[73.730245,20.841644],[73.730223,20.841684],[73.730206,20.841698],[73.730199,20.841708],[73.730188,20.841708],[73.730183,20.841714],[73.73018,20.841751],[73.730175,20.841765],[73.730174,20.841785],[73.73017,20.841798],[73.730161,20.841804],[73.730162,20.841829],[73.730147,20.841897],[73.730151,20.841907],[73.730148,20.841915],[73.730145,20.841935],[73.730148,20.841971],[73.730143,20.841986],[73.730142,20.842007],[73.730153,20.842029],[73.73015,20.842049],[73.730139,20.842069],[73.730139,20.842095],[73.730133,20.842106],[73.730131,20.84212],[73.730133,20.842143],[73.730128,20.842152],[73.730131,20.842167],[73.730128,20.842177],[73.730131,20.842199],[73.730127,20.842212],[73.730126,20.842236],[73.730123,20.842244],[73.730124,20.842263],[73.730117,20.842276],[73.730106,20.842287],[73.730098,20.842305],[73.730086,20.842316],[73.73008,20.842318],[73.730076,20.842328],[73.730049,20.842354],[73.730039,20.84237],[73.730019,20.842376],[73.730017,20.842386],[73.730009,20.842389],[73.730008,20.842399],[73.730001,20.842406],[73.729959,20.842423],[73.729951,20.842451],[73.729951,20.842485],[73.729938,20.842499],[73.729926,20.842506],[73.729926,20.842517],[73.7299,20.84254],[73.729886,20.842545],[73.729882,20.842555],[73.729872,20.842552],[73.729861,20.842558],[73.729849,20.842573],[73.729847,20.842584],[73.729841,20.842586],[73.729838,20.842596],[73.729832,20.842608],[73.729832,20.842621],[73.729827,20.842629],[73.729832,20.842636],[73.729834,20.842642],[73.729829,20.842654],[73.729826,20.842713],[73.729823,20.842728],[73.729824,20.842743],[73.729822,20.842747],[73.729824,20.842762],[73.729833,20.842796],[73.72984,20.842804],[73.729841,20.842808],[73.729832,20.842818],[73.729833,20.842849],[73.729822,20.842866],[73.72982,20.842875],[73.729812,20.84288],[73.729809,20.842888],[73.729804,20.842895],[73.729803,20.842906],[73.7298,20.842912],[73.729796,20.842915],[73.729778,20.842942],[73.729765,20.842949],[73.72976,20.842949],[73.729755,20.842954],[73.729749,20.842955],[73.729743,20.842953],[73.72974,20.842943],[73.729729,20.842942],[73.729722,20.842948],[73.729725,20.842958],[73.729711,20.842958],[73.729708,20.842955],[73.729702,20.842941],[73.729701,20.842927],[73.729686,20.842919],[73.729667,20.842939],[73.72967,20.842944],[73.729666,20.842948],[73.72966,20.842943],[73.729647,20.842949],[73.729644,20.842956],[73.729639,20.84295],[73.729637,20.842951],[73.729637,20.842955],[73.729631,20.84296],[73.729631,20.842966],[73.729623,20.842976],[73.729621,20.842982],[73.729611,20.842987],[73.729602,20.843002],[73.729602,20.843009],[73.7296,20.843016],[73.729595,20.84302],[73.72959,20.843018],[73.729588,20.843024],[73.729581,20.843025],[73.729578,20.843029],[73.729574,20.843026],[73.729572,20.84303],[73.729567,20.843029],[73.729564,20.843032],[73.729553,20.843032],[73.729546,20.84303],[73.729542,20.843025],[73.72954,20.843008],[73.729537,20.843005],[73.729532,20.843006],[73.729528,20.843011],[73.729525,20.843005],[73.729521,20.843002],[73.729516,20.843006],[73.729516,20.843011],[73.729512,20.843011],[73.729499,20.843004],[73.729498,20.842998],[73.729502,20.84299],[73.729499,20.842965],[73.729501,20.842959],[73.729495,20.842948],[73.7295,20.842934],[73.729492,20.842916],[73.729497,20.842903],[73.729499,20.842884],[73.729495,20.842877],[73.729497,20.842843],[73.729492,20.842836],[73.729497,20.842822],[73.729492,20.842816],[73.729499,20.842803],[73.729498,20.842792],[73.729502,20.842783],[73.7295,20.842765],[73.729503,20.842752],[73.729515,20.842727],[73.729512,20.842711],[73.729517,20.842701],[73.729519,20.842688],[73.729515,20.842677],[73.729515,20.84266],[73.729509,20.84265],[73.729498,20.842644],[73.729502,20.842627],[73.729498,20.842622],[73.729495,20.842612],[73.729496,20.842605],[73.729492,20.842601],[73.729486,20.8426],[73.72948,20.842594]]}},{"type":"Feature","properties":{"elevation":410},"geometry":{"type":"LineString","coordinates":[[73.729565,20.842108],[73.72957,20.8421],[73.729565,20.842099]]}},{"type":"Feature","properties":{"elevation":410},"geometry":{"type":"LineString","coordinates":[[73.729568,20.842085],[73.729574,20.842083],[73.729575,20.842079],[73.729574,20.842073],[73.729581,20.842048],[73.729576,20.842041]]}},{"type":"Feature","properties":{"elevation":410},"geometry":{"type":"LineString","coordinates":[[73.729577,20.842036],[73.729582,20.842034],[73.729584,20.84203],[73.729583,20.842026],[73.72958,20.842024]]}},{"type":"Feature","properties":{"elevation":411},"geometry":{"type":"LineString","coordinates":[[73.730352,20.840889],[73.730345,20.840902],[73.730345,20.84091],[73.730338,20.840928],[73.730342,20.840939],[73.730334,20.840944],[73.730328,20.840957],[73.730329,20.840967],[73.730322,20.840974],[73.730322,20.840977],[73.730326,20.840979],[73.730326,20.840983],[73.73033,20.840991],[73.730328,20.841004],[73.730324,20.841015],[73.730315,20.841025],[73.730308,20.841028],[73.730308,20.84104],[73.730315,20.841057],[73.730316,20.841086],[73.7303,20.841109],[73.730281,20.841129],[73.730282,20.841137],[73.730292,20.841147],[73.730295,20.841157],[73.730299,20.841161],[73.730298,20.84117],[73.730301,20.841182],[73.730307,20.841186],[73.73031,20.841178],[73.730313,20.841178],[73.730314,20.84118],[73.730314,20.841184],[73.730309,20.841186],[73.730308,20.84119],[73.730314,20.841205],[73.730311,20.841223],[73.730329,20.841243],[73.730331,20.841254],[73.730335,20.841262],[73.730333,20.841274],[73.730328,20.841282],[73.730329,20.841292],[73.730327,20.841297],[73.730335,20.841304],[73.730338,20.841312],[73.730349,20.841324],[73.730349,20.841329],[73.730342,20.841339],[73.730334,20.841344],[73.730326,20.841345],[73.730318,20.841351],[73.730318,20.841357],[73.730309,20.841386],[73.73029,20.841402],[73.73029,20.841412],[73.730294,20.841425],[73.730288,20.841449],[73.73029,20.84146],[73.730281,20.841472],[73.730275,20.841487],[73.730273,20.841499],[73.730267,20.84151],[73.730259,20.841547],[73.730247,20.841561],[73.730241,20.841575],[73.730241,20.841591],[73.73025,20.841612],[73.730248,20.841629],[73.730242,20.841642],[73.730239,20.841647],[73.730207,20.84165],[73.730203,20.841656],[73.730201,20.841664],[73.73018,20.841686],[73.730175,20.841701],[73.730167,20.841707],[73.730165,20.841717],[73.730165,20.841735],[73.730161,20.841756],[73.730159,20.841791],[73.730158,20.841799],[73.730152,20.841806],[73.73015,20.84182],[73.730145,20.841832],[73.73014,20.841867],[73.730138,20.841871],[73.730137,20.841883],[73.730133,20.841894],[73.730131,20.841923],[73.730134,20.841959],[73.730128,20.841986],[73.730127,20.84202],[73.730129,20.842028],[73.730127,20.842033],[73.730128,20.842038],[73.730126,20.842043],[73.730126,20.84206],[73.730119,20.842091],[73.730115,20.842098],[73.730114,20.842115],[73.73011,20.842123],[73.730112,20.842127],[73.730112,20.842133],[73.730107,20.842138],[73.730108,20.842147],[73.730117,20.842161],[73.730114,20.842168],[73.730113,20.842194],[73.730107,20.842213],[73.730105,20.84223],[73.730095,20.842247],[73.730094,20.842255],[73.730086,20.84226],[73.730083,20.842266],[73.730077,20.842269],[73.730076,20.842276],[73.730069,20.842282],[73.730067,20.842293],[73.730059,20.842297],[73.730057,20.842302],[73.73005,20.842309],[73.730043,20.842311],[73.730037,20.842317],[73.73003,20.842319],[73.730023,20.84233],[73.730017,20.842332],[73.730003,20.842346],[73.729988,20.842352],[73.729983,20.84236],[73.729982,20.842367],[73.729968,20.842372],[73.729962,20.842377],[73.729952,20.842397],[73.729948,20.84242],[73.729941,20.842433],[73.729931,20.84244],[73.729925,20.842437],[73.729917,20.842451],[73.729889,20.842475],[73.729883,20.842483],[73.729871,20.842491],[73.729863,20.842492],[73.729849,20.842501],[73.729845,20.842508],[73.729836,20.842514],[73.729824,20.842529],[73.729822,20.842535],[73.729815,20.842537],[73.729808,20.842546],[73.7298,20.842548],[73.729795,20.842556],[73.729786,20.842563],[73.729783,20.842573],[73.729784,20.842579],[73.729781,20.842585],[73.729782,20.842595],[73.729776,20.842605],[73.729774,20.842615],[73.729777,20.842618],[73.729775,20.842626],[73.729777,20.842632],[73.729772,20.842633],[73.729771,20.842652],[73.729767,20.842652],[73.729766,20.84266],[73.729772,20.842684],[73.729768,20.842699],[73.729768,20.842715],[73.729772,20.842724],[73.729766,20.842729],[73.72977,20.842743],[73.729766,20.842762],[73.729772,20.842768],[73.729775,20.842766],[73.729778,20.842767],[73.72978,20.842773],[73.729778,20.842777],[73.72977,20.842775],[73.729768,20.842777],[73.729767,20.842805],[73.72976,20.842818],[73.729767,20.842827],[73.729764,20.84283],[73.729759,20.842832],[73.729765,20.842834],[73.729765,20.84284],[73.729774,20.842849],[73.72977,20.842852],[73.729763,20.842851],[73.72976,20.842856],[73.72976,20.842865],[73.729763,20.842869],[73.729761,20.842872],[73.729751,20.84287],[73.729752,20.842864],[73.729744,20.842854],[73.72974,20.842852],[73.729717,20.84285],[73.729714,20.842858],[73.729711,20.84286],[73.729698,20.842847],[73.729691,20.842857],[73.729687,20.842857],[73.729684,20.842854],[73.729681,20.842856],[73.729665,20.842878],[73.729651,20.842889],[73.729637,20.842911],[73.729623,20.842915],[73.729612,20.842922],[73.729609,20.842926],[73.729602,20.842926],[73.729598,20.842929],[73.729581,20.842927],[73.729579,20.84293],[73.729573,20.842924],[73.729558,20.842917],[73.729553,20.842909],[73.729552,20.842891],[73.729557,20.842884],[73.72956,20.842863],[73.729564,20.84286],[73.729561,20.842845],[73.729563,20.84284],[73.729568,20.842841],[73.729566,20.842836],[73.72957,20.842833],[73.72957,20.842829],[73.729573,20.842826],[73.729571,20.842823],[73.729576,20.842816],[73.729573,20.842807],[73.729577,20.842812],[73.729579,20.842811],[73.729577,20.842804],[73.729576,20.842804],[73.729575,20.842806],[73.729577,20.842806],[73.729581,20.842797],[73.72958,20.842792],[73.729586,20.842784],[73.729591,20.842784],[73.729593,20.84278],[73.729591,20.842773],[73.729593,20.842766],[73.72959,20.842763],[73.729593,20.842759],[73.729593,20.842741],[73.729595,20.842739],[73.729592,20.842734],[73.729596,20.842727],[73.729597,20.842698],[73.7296,20.842694],[73.7296,20.842691],[73.729597,20.84269],[73.729599,20.842673],[73.729588,20.842658],[73.729589,20.842647],[73.729582,20.842643],[73.72958,20.842637],[73.729584,20.842619],[73.729589,20.842616],[73.72958,20.842606],[73.729582,20.842601],[73.729577,20.842597],[73.729568,20.842601],[73.729569,20.842597],[73.729562,20.842594],[73.729559,20.842588],[73.729569,20.842585],[73.72957,20.84258],[73.729568,20.842577],[73.72957,20.842574],[73.729569,20.842571],[73.729563,20.842564],[73.729557,20.842563],[73.729557,20.842556],[73.72955,20.842554],[73.72954,20.842544],[73.729542,20.842537],[73.729531,20.842526],[73.729522,20.842529],[73.72951,20.842522],[73.729503,20.842515],[73.729501,20.842511],[73.729497,20.842512],[73.729495,20.842509]]}},{"type":"Feature","properties":{"elevation":411},"geometry":{"type":"LineString","coordinates":[[73.729558,20.842148],[73.72957,20.842142],[73.729572,20.842139],[73.729579,20.842142],[73.729597,20.842138],[73.729621,20.842102],[73.729614,20.842086],[73.729606,20.842045],[73.729613,20.84204],[73.729621,20.84204],[73.729626,20.842028],[73.729611,20.842019],[73.729589,20.841996],[73.729585,20.841994]]}},{"type":"Feature","properties":{"elevation":411},"geometry":{"type":"LineString","coordinates":[[73.72959,20.841964],[73.7296,20.841958],[73.729605,20.841946],[73.729599,20.841936],[73.729597,20.841925]]}},{"type":"Feature","properties":{"elevation":412},"geometry":{"type":"LineString","coordinates":[[73.730335,20.840889],[73.730336,20.840903],[73.730329,20.84091],[73.730328,20.840919],[73.730322,20.840936],[73.730313,20.84095],[73.730314,20.840965],[73.730311,20.840988],[73.730309,20.840992],[73.730303,20.840991],[73.730304,20.840996],[73.730307,20.840995],[73.730307,20.840999],[73.730303,20.841002],[73.730298,20.841002],[73.730282,20.841039],[73.730277,20.841086],[73.730265,20.841125],[73.730269,20.841146],[73.730278,20.841157],[73.730279,20.841167],[73.730285,20.841182],[73.730295,20.841197],[73.730296,20.841203],[73.730292,20.841213],[73.730295,20.841225],[73.730309,20.841236],[73.730313,20.841253],[73.73031,20.841278],[73.730301,20.841288],[73.7303,20.841296],[73.730317,20.841315],[73.730336,20.84132],[73.73034,20.841324],[73.73033,20.841338],[73.730321,20.841346],[73.730313,20.841342],[73.730307,20.841333],[73.730297,20.841339],[73.730294,20.841358],[73.730298,20.841366],[73.7303,20.841382],[73.730283,20.8414],[73.730281,20.841407],[73.730283,20.841435],[73.730272,20.841443],[73.730273,20.841455],[73.730271,20.841458],[73.730268,20.841457],[73.730267,20.841461],[73.730269,20.841475],[73.730256,20.841497],[73.73026,20.841521],[73.730259,20.841523],[73.730254,20.84152],[73.730251,20.841523],[73.730252,20.841526],[73.730257,20.841527],[73.730255,20.841541],[73.730244,20.841555],[73.730238,20.841567],[73.730235,20.841601],[73.730223,20.841605],[73.730219,20.84161],[73.730212,20.841614],[73.730209,20.841621],[73.730203,20.841615],[73.730191,20.841616],[73.730186,20.841611],[73.730183,20.841614],[73.730181,20.84162],[73.730189,20.841644],[73.730182,20.841656],[73.730182,20.841663],[73.730174,20.84167],[73.73017,20.841677],[73.730162,20.841678],[73.730161,20.841683],[73.730157,20.841691],[73.730145,20.841706],[73.730142,20.841778],[73.730146,20.841799],[73.730136,20.841808],[73.730133,20.841814],[73.730131,20.841826],[73.730134,20.841834],[73.730134,20.841853],[73.730129,20.841857],[73.730124,20.841876],[73.730125,20.841886],[73.730116,20.841897],[73.730116,20.841919],[73.730113,20.841937],[73.730116,20.841964],[73.730112,20.841973],[73.730112,20.841992],[73.730104,20.842026],[73.730109,20.842042],[73.730106,20.842067],[73.7301,20.842072],[73.730096,20.84209],[73.730092,20.842095],[73.730094,20.842106],[73.730093,20.842119],[73.7301,20.842146],[73.73009,20.842166],[73.730093,20.842186],[73.730091,20.842206],[73.730084,20.842212],[73.730079,20.842221],[73.730053,20.842249],[73.730051,20.842255],[73.730044,20.842258],[73.730035,20.842269],[73.73002,20.842276],[73.729996,20.842299],[73.729974,20.842312],[73.729969,20.842318],[73.729958,20.842325],[73.729955,20.842331],[73.729942,20.842338],[73.729935,20.842348],[73.729934,20.842354],[73.729926,20.842358],[73.729913,20.842375],[73.729909,20.842386],[73.729901,20.842394],[73.729892,20.842397],[73.729884,20.842404],[73.729884,20.842415],[73.729874,20.842419],[73.729869,20.842418],[73.729864,20.84243],[73.729854,20.842426],[73.729848,20.842448],[73.729837,20.842461],[73.729815,20.842469],[73.7298,20.842468],[73.729777,20.842474],[73.72977,20.842473],[73.729767,20.842476],[73.729764,20.842485],[73.729759,20.842487],[73.729755,20.842493],[73.729739,20.84248],[73.729713,20.842486],[73.729704,20.842484],[73.729699,20.842486],[73.729695,20.842484],[73.729688,20.842487],[73.729681,20.842475],[73.729678,20.842479],[73.729663,20.842483],[73.729657,20.842488],[73.729646,20.842488],[73.729641,20.842495],[73.729639,20.842485],[73.729635,20.842487],[73.729634,20.84249],[73.729633,20.842489],[73.729635,20.842485],[73.729634,20.842481],[73.729624,20.842481],[73.72963,20.842484],[73.729627,20.842486],[73.729623,20.842486],[73.72962,20.842483],[73.729615,20.842483],[73.729605,20.842475],[73.729604,20.842468],[73.7296,20.84247],[73.729591,20.842466],[73.729585,20.842468],[73.729581,20.842461],[73.729577,20.842464],[73.729574,20.842461],[73.729572,20.842467],[73.729569,20.842466],[73.729561,20.842459],[73.72956,20.842452],[73.729539,20.842441],[73.729529,20.842439],[73.729526,20.842433],[73.72952,20.842428],[73.729521,20.842425],[73.729518,20.842419],[73.729514,20.842417],[73.729509,20.842417]]}},{"type":"Feature","properties":{"elevation":412},"geometry":{"type":"LineString","coordinates":[[73.729548,20.8422],[73.72955,20.842197],[73.729548,20.842195]]}},{"type":"Feature","properties":{"elevation":412},"geometry":{"type":"LineString","coordinates":[[73.729551,20.842191],[73.729553,20.842193],[73.729556,20.842191],[73.729569,20.842191],[73.72958,20.842182],[73.729593,20.84218],[73.729602,20.842174],[73.729609,20.842163],[73.729606,20.842146],[73.729607,20.842138],[73.729614,20.842134],[73.729619,20.842142],[73.729623,20.842143],[73.729631,20.842137],[73.729632,20.842134],[73.729625,20.842135],[73.72962,20.842126],[73.729626,20.842109],[73.729652,20.842091],[73.729661,20.842082],[73.72966,20.842078],[73.729651,20.842069],[73.729653,20.842056],[73.729652,20.84205],[73.729636,20.842033],[73.729638,20.842025],[73.729652,20.842002],[73.729635,20.841985],[73.729632,20.841967],[73.729621,20.841953],[73.729622,20.841946],[73.729628,20.841932],[73.729622,20.841922],[73.72962,20.841904],[73.729623,20.8419],[73.729623,20.841886],[73.729619,20.841877],[73.729618,20.841865],[73.729609,20.841853]]}},{"type":"Feature","properties":{"elevation":412},"geometry":{"type":"LineString","coordinates":[[73.729609,20.841845],[73.729614,20.841846],[73.729612,20.841842]]}},{"type":"Feature","properties":{"elevation":412},"geometry":{"type":"LineString","coordinates":[[73.729614,20.841831],[73.729617,20.841824],[73.729618,20.84181],[73.729621,20.841804],[73.729626,20.841784],[73.729621,20.841778]]}},{"type":"Feature","properties":{"elevation":413},"geometry":{"type":"LineString","coordinates":[[73.730319,20.840889],[73.730308,20.840924],[73.730305,20.840941],[73.730294,20.84096],[73.730293,20.840973],[73.730286,20.840981],[73.730271,20.84102],[73.730271,20.841029],[73.730266,20.841045],[73.730266,20.841067],[73.730258,20.84109],[73.730253,20.841111],[73.730256,20.841119],[73.730251,20.841122],[73.730248,20.841133],[73.730249,20.841155],[73.730254,20.841176],[73.730262,20.841186],[73.730265,20.841196],[73.730274,20.841202],[73.730278,20.84123],[73.73029,20.841237],[73.730291,20.841244],[73.730297,20.841252],[73.730298,20.84126],[73.730295,20.841269],[73.730294,20.841281],[73.730301,20.841309],[73.730297,20.841315],[73.730291,20.84132],[73.730284,20.841348],[73.730279,20.841359],[73.730282,20.841394],[73.730276,20.841407],[73.730265,20.841416],[73.730254,20.841455],[73.730247,20.841466],[73.730242,20.841479],[73.730241,20.841488],[73.730249,20.841494],[73.730246,20.841509],[73.730243,20.84151],[73.730236,20.841507],[73.730233,20.841513],[73.730226,20.841515],[73.730211,20.841559],[73.73021,20.841584],[73.730193,20.841598],[73.730147,20.841618],[73.730145,20.841658],[73.730132,20.841681],[73.730122,20.84169],[73.730123,20.841694],[73.730128,20.841699],[73.730124,20.841703],[73.730125,20.841709],[73.730126,20.841706],[73.73013,20.841708],[73.730127,20.841714],[73.730123,20.841711],[73.730123,20.841725],[73.730121,20.841736],[73.730126,20.841775],[73.730124,20.841803],[73.730118,20.841818],[73.730117,20.841834],[73.73011,20.84187],[73.730105,20.841877],[73.730105,20.841883],[73.730093,20.841893],[73.730089,20.841899],[73.730096,20.841922],[73.730096,20.841931],[73.730094,20.841936],[73.730094,20.841955],[73.730091,20.841958],[73.730088,20.841983],[73.730088,20.841995],[73.730093,20.842001],[73.730087,20.842006],[73.730086,20.842014],[73.730082,20.842019],[73.730082,20.842031],[73.730086,20.842045],[73.730079,20.842051],[73.730073,20.842067],[73.730075,20.842077],[73.730071,20.84209],[73.730072,20.842105],[73.730056,20.842125],[73.730057,20.842128],[73.730065,20.842133],[73.730063,20.842145],[73.730061,20.842147],[73.73005,20.842146],[73.730047,20.842149],[73.730049,20.842155],[73.730063,20.842167],[73.730062,20.842177],[73.730064,20.842194],[73.730047,20.842217],[73.730038,20.842221],[73.730029,20.84223],[73.730022,20.842231],[73.730009,20.842241],[73.730002,20.842252],[73.729996,20.842253],[73.72999,20.842264],[73.72998,20.842262],[73.729964,20.842274],[73.729956,20.842274],[73.729943,20.842281],[73.729935,20.84229],[73.72993,20.84229],[73.729918,20.8423],[73.729915,20.842306],[73.729904,20.842312],[73.729892,20.842324],[73.729889,20.842334],[73.729883,20.842336],[73.729876,20.842336],[73.729869,20.842342],[73.729868,20.842351],[73.729858,20.842372],[73.729841,20.842375],[73.729833,20.842375],[73.729825,20.842377],[73.72982,20.842376],[73.729816,20.842381],[73.729813,20.842379],[73.729814,20.842385],[73.729811,20.842382],[73.729807,20.842382],[73.729802,20.842388],[73.729791,20.842382],[73.729787,20.842386],[73.729789,20.842388],[73.729793,20.842387],[73.729793,20.842392],[73.729784,20.842392],[73.729776,20.84239],[73.729758,20.842395],[73.729756,20.842398],[73.729748,20.842399],[73.729747,20.842402],[73.729741,20.842401],[73.729738,20.842408],[73.729733,20.842411],[73.729727,20.842404],[73.729714,20.842404],[73.72971,20.842396],[73.729704,20.8424],[73.729697,20.842397],[73.729702,20.842406],[73.729689,20.842406],[73.729676,20.842419],[73.729669,20.842416],[73.729672,20.842408],[73.729658,20.842406],[73.729653,20.842403],[73.729651,20.842406],[73.72965,20.842401],[73.729647,20.8424],[73.729647,20.842406],[73.729641,20.84241],[73.729637,20.842399],[73.729632,20.842404],[73.729613,20.842402],[73.729603,20.842391],[73.729601,20.842376],[73.729606,20.842373],[73.729607,20.842366],[73.729611,20.842364],[73.729614,20.842359],[73.729603,20.842344],[73.729608,20.842331],[73.729608,20.842324],[73.729605,20.842323],[73.729602,20.842326],[73.729599,20.842323],[73.729605,20.842315],[73.729602,20.842309],[73.729605,20.842306],[73.729596,20.842298],[73.729598,20.842284],[73.729603,20.842277],[73.729603,20.842263],[73.72961,20.842259],[73.729629,20.842223],[73.729638,20.842215],[73.729646,20.842213],[73.729647,20.842203],[73.72965,20.8422],[73.729648,20.842194],[73.72966,20.842182],[73.72966,20.842177],[73.729665,20.842164],[73.729662,20.842159],[73.729668,20.842156],[73.729674,20.842147],[73.729679,20.842124],[73.729678,20.84211],[73.729672,20.842092],[73.729672,20.842088],[73.729688,20.842053],[73.729709,20.842029],[73.729705,20.842023],[73.729677,20.841999],[73.729675,20.841994],[73.729678,20.841982],[73.729678,20.841974],[73.729663,20.841962],[73.729664,20.841954],[73.729658,20.841941],[73.729659,20.841927],[73.729657,20.841921],[73.729661,20.841906],[73.72966,20.841894],[73.729657,20.841891],[73.729648,20.841892],[73.729645,20.841888],[73.729646,20.841882],[73.729655,20.841872],[73.729654,20.841866],[73.729656,20.841861],[73.729652,20.841839],[73.729655,20.841828],[73.729656,20.841813],[73.729655,20.841808],[73.729658,20.841803],[73.729658,20.841789],[73.729649,20.841773],[73.729654,20.841761],[73.72965,20.841759],[73.729647,20.84176],[73.729631,20.841733]]}},{"type":"Feature","properties":{"elevation":414},"geometry":{"type":"LineString","coordinates":[[73.730301,20.840891],[73.73029,20.840932],[73.73029,20.840943],[73.730284,20.84095],[73.730288,20.840971],[73.730282,20.840975],[73.730272,20.840977],[73.730268,20.840985],[73.730259,20.840993],[73.730254,20.841009],[73.730244,20.841061],[73.730245,20.841085],[73.730243,20.841094],[73.730237,20.841102],[73.73023,20.841119],[73.730232,20.84113],[73.730228,20.841145],[73.730231,20.841163],[73.730229,20.841174],[73.730239,20.841201],[73.730248,20.841211],[73.730252,20.841221],[73.730257,20.84125],[73.730263,20.841259],[73.730274,20.841266],[73.730277,20.841279],[73.730287,20.841286],[73.73029,20.841294],[73.730275,20.841305],[73.730273,20.841298],[73.73027,20.841297],[73.730267,20.841307],[73.73027,20.841312],[73.730263,20.841313],[73.730258,20.84132],[73.730257,20.84133],[73.730262,20.841344],[73.730266,20.841344],[73.730268,20.841355],[73.73026,20.841365],[73.730254,20.841365],[73.730248,20.84137],[73.730235,20.841399],[73.730233,20.84141],[73.73024,20.841419],[73.730237,20.841436],[73.730228,20.841454],[73.730227,20.841461],[73.730221,20.841469],[73.730217,20.841489],[73.730209,20.841508],[73.730198,20.841517],[73.730196,20.841538],[73.730193,20.841542],[73.730194,20.841547],[73.730187,20.841568],[73.730187,20.841588],[73.73017,20.841605],[73.73014,20.841617],[73.730139,20.841621],[73.730142,20.841644],[73.730138,20.841659],[73.730131,20.841663],[73.730115,20.841666],[73.730105,20.84168],[73.730098,20.841686],[73.730095,20.841704],[73.730097,20.841707],[73.730093,20.841712],[73.730092,20.841722],[73.730098,20.841736],[73.730099,20.841749],[73.730095,20.841761],[73.730101,20.841781],[73.730093,20.841805],[73.730095,20.841815],[73.73009,20.841829],[73.730093,20.841838],[73.730088,20.84186],[73.730082,20.841871],[73.730083,20.841877],[73.730081,20.841884],[73.730083,20.841894],[73.730082,20.841899],[73.73007,20.84191],[73.730071,20.841917],[73.730066,20.841931],[73.730068,20.841942],[73.730064,20.841957],[73.730067,20.841975],[73.73006,20.841985],[73.73006,20.841995],[73.730054,20.842002],[73.730056,20.842021],[73.730054,20.842034],[73.730047,20.842043],[73.730044,20.842063],[73.730039,20.842067],[73.730039,20.842079],[73.730032,20.842092],[73.730035,20.842102],[73.730033,20.84211],[73.730041,20.842125],[73.730035,20.842151],[73.730033,20.842154],[73.730019,20.842156],[73.730015,20.84216],[73.730015,20.842171],[73.73,20.842192],[73.730004,20.842195],[73.730002,20.8422],[73.729991,20.842205],[73.729987,20.842212],[73.729979,20.84221],[73.72997,20.842215],[73.729963,20.842221],[73.729962,20.842227],[73.729954,20.842229],[73.729947,20.84224],[73.729941,20.842245],[73.729933,20.842244],[73.729931,20.842249],[73.729925,20.842247],[73.729916,20.842253],[73.729903,20.842252],[73.729891,20.842261],[73.729879,20.842255],[73.729874,20.842256],[73.729868,20.84226],[73.729861,20.842258],[73.729852,20.84227],[73.729853,20.842274],[73.729849,20.842281],[73.729827,20.842283],[73.729797,20.84229],[73.729792,20.842293],[73.72979,20.842301],[73.729786,20.842307],[73.729783,20.842305],[73.729782,20.842296],[73.729775,20.842292],[73.729767,20.842279],[73.729758,20.842278],[73.729747,20.842281],[73.729742,20.842287],[73.729737,20.842288],[73.729732,20.842307],[73.729717,20.84229],[73.729714,20.84229],[73.729715,20.842295],[73.72971,20.842296],[73.729705,20.842286],[73.729699,20.842289],[73.729695,20.842285],[73.7297,20.842279],[73.729706,20.842282],[73.729707,20.842277],[73.729705,20.842274],[73.729701,20.842275],[73.729703,20.842264],[73.729697,20.842256],[73.729695,20.842246],[73.729688,20.842232],[73.729686,20.842223],[73.729692,20.842214],[73.729696,20.842212],[73.729699,20.842206],[73.729693,20.842197],[73.729694,20.842191],[73.729699,20.842189],[73.729706,20.84219],[73.729709,20.842185],[73.729704,20.84217],[73.7297,20.842165],[73.729706,20.842157],[73.729717,20.842149],[73.729716,20.842144],[73.729711,20.842144],[73.72971,20.842138],[73.729715,20.842129],[73.729715,20.842121],[73.729719,20.842117],[73.729717,20.842105],[73.729721,20.842103],[73.729724,20.842097],[73.729722,20.842086],[73.729729,20.842061],[73.72973,20.842041],[73.729728,20.842028],[73.729695,20.842003],[73.729686,20.841993],[73.729689,20.841973],[73.729698,20.841949],[73.729692,20.841935],[73.729696,20.841924],[73.729691,20.841887],[73.729694,20.841861],[73.72969,20.841845],[73.729694,20.841827],[73.729692,20.841809],[73.729694,20.841802],[73.729692,20.841776],[73.729685,20.841761],[73.729673,20.841747],[73.729667,20.841718],[73.729658,20.841705],[73.729655,20.841694],[73.729651,20.841687],[73.72965,20.841677],[73.729643,20.841666],[73.729641,20.841666]]}},{"type":"Feature","properties":{"elevation":414},"geometry":{"type":"LineString","coordinates":[[73.729638,20.841682],[73.729644,20.84168],[73.729647,20.841683],[73.729646,20.841685],[73.729638,20.841686]]}},{"type":"Feature","properties":{"elevation":415},"geometry":{"type":"LineString","coordinates":[[73.730284,20.840891],[73.730283,20.84091],[73.730278,20.840931],[73.730273,20.840935],[73.730274,20.840947],[73.730271,20.840952],[73.730284,20.840967],[73.73028,20.840971],[73.730257,20.840973],[73.73025,20.840995],[73.730245,20.840993],[73.730244,20.840994],[73.730247,20.841006],[73.730233,20.841025],[73.730227,20.841047],[73.730227,20.841064],[73.730224,20.841073],[73.730224,20.841086],[73.730219,20.841104],[73.730215,20.841112],[73.730219,20.841118],[73.730213,20.841121],[73.730202,20.84113],[73.730209,20.841142],[73.730211,20.841159],[73.730211,20.841181],[73.730218,20.841216],[73.730218,20.84122],[73.730214,20.841223],[73.730212,20.841236],[73.730218,20.84125],[73.730217,20.841258],[73.730225,20.841274],[73.730221,20.841281],[73.730223,20.841296],[73.73023,20.841306],[73.730229,20.841323],[73.730222,20.841329],[73.730219,20.841335],[73.730215,20.841337],[73.730214,20.841356],[73.730208,20.841366],[73.730202,20.841387],[73.730197,20.841394],[73.730196,20.841407],[73.730206,20.841415],[73.730207,20.841421],[73.730203,20.841421],[73.730197,20.841415],[73.730196,20.841416],[73.730195,20.841426],[73.730191,20.84143],[73.730189,20.841438],[73.730188,20.841449],[73.730182,20.841457],[73.730175,20.841481],[73.730175,20.841493],[73.730178,20.84151],[73.730165,20.841525],[73.730162,20.841532],[73.730161,20.841541],[73.730157,20.841548],[73.730149,20.841548],[73.730124,20.841571],[73.730121,20.84158],[73.730119,20.841604],[73.730113,20.841611],[73.730097,20.841635],[73.730084,20.841666],[73.730081,20.841667],[73.730072,20.841665],[73.730065,20.841672],[73.730065,20.841678],[73.730075,20.841681],[73.730078,20.841686],[73.730072,20.84169],[73.730064,20.841692],[73.730068,20.84171],[73.730062,20.84172],[73.730069,20.841733],[73.730074,20.841731],[73.730076,20.841732],[73.730072,20.841738],[73.730071,20.841761],[73.730066,20.841768],[73.730068,20.841792],[73.730064,20.841797],[73.730064,20.841808],[73.730059,20.841824],[73.730062,20.841834],[73.730057,20.841853],[73.730058,20.841865],[73.730054,20.841878],[73.730045,20.841887],[73.73005,20.841912],[73.730037,20.84193],[73.730035,20.841942],[73.730036,20.84195],[73.730033,20.841958],[73.730034,20.841966],[73.730027,20.841973],[73.730028,20.841983],[73.730025,20.841996],[73.730021,20.841999],[73.730019,20.842005],[73.730013,20.842012],[73.730009,20.842026],[73.730006,20.842027],[73.730002,20.842024],[73.730001,20.842026],[73.730006,20.842038],[73.729996,20.842046],[73.730001,20.842053],[73.73,20.84206],[73.729997,20.842062],[73.729991,20.842062],[73.729987,20.84207],[73.729988,20.842077],[73.729983,20.842081],[73.729978,20.842093],[73.729979,20.842114],[73.729974,20.842119],[73.729969,20.842131],[73.729967,20.842136],[73.729969,20.84214],[73.729964,20.842142],[73.729962,20.842146],[73.729957,20.842145],[73.729952,20.842146],[73.729953,20.842151],[73.729947,20.842151],[73.729942,20.84216],[73.729933,20.842161],[73.729926,20.842168],[73.729917,20.842173],[73.729911,20.842174],[73.729911,20.842179],[73.729912,20.842181],[73.729917,20.84218],[73.729917,20.842183],[73.729905,20.842184],[73.729903,20.842187],[73.7299,20.842184],[73.729899,20.84219],[73.729887,20.842185],[73.729884,20.842185],[73.729875,20.84219],[73.729881,20.842195],[73.729877,20.842198],[73.729867,20.842193],[73.72986,20.842196],[73.729858,20.842189],[73.729848,20.842191],[73.729838,20.842184],[73.729822,20.842178],[73.729804,20.842182],[73.729802,20.842179],[73.729804,20.842175],[73.729797,20.842169],[73.729792,20.842173],[73.729787,20.842169],[73.72978,20.842166],[73.72978,20.842148],[73.729769,20.842147],[73.729774,20.842146],[73.729775,20.842143],[73.729772,20.842135],[73.729769,20.842115],[73.729772,20.842099],[73.729769,20.842097],[73.729771,20.842082],[73.729767,20.842072],[73.729768,20.842062],[73.729755,20.84204],[73.72974,20.842028],[73.729738,20.842023],[73.729739,20.84201],[73.72975,20.841987],[73.729751,20.841981],[73.729748,20.841975],[73.729742,20.841972],[73.729743,20.841968],[73.729738,20.841961],[73.729724,20.841945],[73.729737,20.841902],[73.729736,20.8419],[73.729729,20.8419],[73.729731,20.841887],[73.729727,20.84188],[73.729729,20.841875],[73.729734,20.841872],[73.729732,20.841849],[73.729735,20.841841],[73.729732,20.841841],[73.72973,20.841832],[73.729733,20.841817],[73.729728,20.841812],[73.729725,20.841803],[73.729726,20.841797],[73.729731,20.841795],[73.729731,20.84177],[73.729728,20.841761],[73.729723,20.841753],[73.729714,20.841724],[73.729715,20.841715],[73.729707,20.841706],[73.729704,20.841694],[73.729688,20.841665],[73.729685,20.841656],[73.729685,20.84164],[73.729677,20.841625],[73.729676,20.841619],[73.72967,20.841615],[73.72967,20.841601],[73.729666,20.841596],[73.729663,20.841577],[73.729658,20.841574]]}},{"type":"Feature","properties":{"elevation":416},"geometry":{"type":"LineString","coordinates":[[73.730268,20.840891],[73.730266,20.840908],[73.730259,20.840931],[73.730261,20.840945],[73.730246,20.84096],[73.730243,20.840967],[73.730238,20.84097],[73.73023,20.840984],[73.730231,20.840993],[73.73022,20.841005],[73.730223,20.84101],[73.730228,20.841004],[73.730231,20.841008],[73.730223,20.841012],[73.730224,20.841026],[73.730214,20.841029],[73.730211,20.841037],[73.730207,20.84106],[73.730209,20.841073],[73.7302,20.841086],[73.730209,20.841092],[73.73021,20.841096],[73.730203,20.841097],[73.7302,20.841104],[73.730192,20.841108],[73.730199,20.841141],[73.730198,20.84115],[73.730189,20.841157],[73.730191,20.841162],[73.730196,20.841161],[73.730198,20.841165],[73.73019,20.841169],[73.73018,20.841189],[73.730184,20.841194],[73.730185,20.841203],[73.730193,20.841208],[73.730189,20.841215],[73.73019,20.841224],[73.730185,20.841226],[73.730194,20.841236],[73.730196,20.841244],[73.730195,20.841246],[73.730189,20.841246],[73.730186,20.841258],[73.730183,20.841261],[73.730186,20.841268],[73.73018,20.841284],[73.730188,20.841323],[73.730181,20.841326],[73.730172,20.841336],[73.730172,20.841339],[73.730177,20.84134],[73.730178,20.841344],[73.730174,20.841348],[73.730173,20.841354],[73.730164,20.841357],[73.730164,20.841365],[73.730156,20.841381],[73.730161,20.8414],[73.730149,20.841416],[73.730133,20.841443],[73.730133,20.84145],[73.73014,20.841465],[73.730124,20.841481],[73.730122,20.841487],[73.730123,20.841494],[73.730122,20.841511],[73.73013,20.841522],[73.730119,20.841528],[73.730115,20.841535],[73.73011,20.84153],[73.730107,20.84153],[73.730104,20.841537],[73.730104,20.841543],[73.730111,20.841561],[73.730108,20.841595],[73.730104,20.841598],[73.730071,20.841604],[73.730046,20.841621],[73.730045,20.841626],[73.73004,20.841628],[73.730029,20.841643],[73.730026,20.841667],[73.730023,20.841668],[73.730018,20.841667],[73.730014,20.841674],[73.730012,20.841692],[73.730014,20.8417],[73.730019,20.841704],[73.73002,20.841712],[73.730017,20.841722],[73.730025,20.841734],[73.730032,20.841737],[73.730033,20.84175],[73.730023,20.84178],[73.730025,20.841793],[73.730022,20.841801],[73.730022,20.841809],[73.73002,20.841822],[73.730026,20.841837],[73.730017,20.841848],[73.73001,20.841888],[73.730001,20.841916],[73.730003,20.841929],[73.73,20.841933],[73.729994,20.841934],[73.729984,20.841956],[73.729989,20.841962],[73.729989,20.841972],[73.729979,20.841977],[73.729973,20.841997],[73.729974,20.842004],[73.729987,20.842009],[73.729989,20.842013],[73.729981,20.84202],[73.729972,20.842008],[73.729961,20.842013],[73.729956,20.84201],[73.729947,20.84202],[73.729942,20.842022],[73.729934,20.842032],[73.729919,20.842048],[73.729914,20.842048],[73.729914,20.842052],[73.729909,20.842053],[73.7299,20.842061],[73.729898,20.842054],[73.729896,20.842054],[73.729884,20.842067],[73.729876,20.842065],[73.729875,20.842057],[73.729872,20.842054],[73.729867,20.842056],[73.72986,20.842042],[73.729854,20.842057],[73.729843,20.842063],[73.729831,20.842066],[73.729825,20.842058],[73.729824,20.84204],[73.729816,20.842034],[73.729818,20.842021],[73.729815,20.842012],[73.729807,20.842008],[73.729807,20.841996],[73.729803,20.841989],[73.729806,20.841981],[73.729794,20.841957],[73.729799,20.841942],[73.729796,20.841938],[73.729781,20.841928],[73.72979,20.841918],[73.729786,20.841905],[73.72978,20.841905],[73.729785,20.841891],[73.729783,20.841886],[73.729778,20.841882],[73.729778,20.841865],[73.729784,20.841852],[73.72978,20.841844],[73.729784,20.841837],[73.729783,20.841825],[73.729785,20.841807],[73.72978,20.841799],[73.729775,20.841795],[73.729776,20.841785],[73.729772,20.841779],[73.729773,20.84177],[73.72977,20.841763],[73.729775,20.841746],[73.729762,20.84171],[73.729764,20.841704],[73.729759,20.8417],[73.729761,20.841696],[73.729756,20.841693],[73.729757,20.841689],[73.729754,20.841684],[73.729741,20.841672],[73.729746,20.841659],[73.729736,20.84165],[73.729735,20.841643],[73.729729,20.841637],[73.72973,20.841634],[73.729721,20.841609],[73.729715,20.841604],[73.729714,20.841587],[73.729706,20.841577],[73.729702,20.841556],[73.729694,20.84154],[73.729683,20.841531],[73.729677,20.841523],[73.729672,20.841525],[73.729671,20.841518],[73.729668,20.841514]]}},{"type":"Feature","properties":{"elevation":417},"geometry":{"type":"LineString","coordinates":[[73.730253,20.840891],[73.730248,20.840911],[73.730251,20.840927],[73.73024,20.840939],[73.730238,20.840951],[73.730231,20.840955],[73.730226,20.840968],[73.730217,20.840976],[73.730217,20.840984],[73.73021,20.840985],[73.730209,20.840995],[73.730202,20.841003],[73.730203,20.841011],[73.730212,20.841017],[73.730205,20.841021],[73.730196,20.841034],[73.730196,20.841041],[73.730204,20.841047],[73.730204,20.841053],[73.730191,20.84106],[73.730186,20.841084],[73.730177,20.841094],[73.730174,20.8411],[73.730175,20.841108],[73.73019,20.841122],[73.730194,20.841132],[73.730192,20.84115],[73.730181,20.841154],[73.730173,20.841154],[73.730171,20.841166],[73.730181,20.841176],[73.730163,20.841196],[73.730168,20.841212],[73.730178,20.841215],[73.730177,20.841223],[73.730167,20.841225],[73.730164,20.84123],[73.730164,20.841237],[73.73016,20.841237],[73.730157,20.841234],[73.730153,20.841239],[73.730154,20.84125],[73.730149,20.841261],[73.730149,20.841262],[73.730152,20.841262],[73.730155,20.841265],[73.73015,20.841269],[73.730148,20.84128],[73.730162,20.841278],[73.730164,20.841281],[73.730166,20.841291],[73.730165,20.84131],[73.730159,20.841314],[73.730156,20.84131],[73.730153,20.841314],[73.730136,20.841323],[73.730135,20.841346],[73.730124,20.841351],[73.730112,20.841375],[73.73011,20.841383],[73.73011,20.841394],[73.730112,20.841397],[73.730122,20.841402],[73.730123,20.84141],[73.730114,20.841421],[73.730107,20.841419],[73.7301,20.841414],[73.730091,20.841419],[73.730083,20.841431],[73.730078,20.841435],[73.730079,20.841452],[73.730077,20.841457],[73.730072,20.841459],[73.730067,20.841456],[73.730062,20.841463],[73.730056,20.841463],[73.730056,20.841468],[73.730062,20.841466],[73.730063,20.84147],[73.730059,20.841478],[73.730048,20.841476],[73.730045,20.841477],[73.730043,20.841486],[73.730049,20.841487],[73.730049,20.841495],[73.730041,20.841503],[73.73004,20.841509],[73.730034,20.841517],[73.730027,20.84152],[73.730023,20.84153],[73.730018,20.841532],[73.730018,20.841537],[73.730025,20.841536],[73.730019,20.841544],[73.73002,20.841558],[73.730009,20.841563],[73.730007,20.841561],[73.730007,20.841556],[73.730004,20.841555],[73.729998,20.841579],[73.729971,20.841602],[73.72997,20.841611],[73.729974,20.841619],[73.729965,20.841621],[73.729967,20.841628],[73.729962,20.841638],[73.729959,20.841641],[73.729961,20.841649],[73.729957,20.841651],[73.729949,20.841649],[73.729941,20.841665],[73.729944,20.841675],[73.729945,20.841695],[73.729943,20.841702],[73.729935,20.841705],[73.729942,20.84171],[73.729942,20.84173],[73.72995,20.841734],[73.729952,20.841737],[73.729952,20.841747],[73.729947,20.841759],[73.729953,20.841767],[73.729949,20.841779],[73.729951,20.841786],[73.729948,20.84179],[73.729948,20.841795],[73.729944,20.841795],[73.729938,20.841801],[73.72994,20.841808],[73.729932,20.841808],[73.729931,20.84181],[73.729931,20.841828],[73.729941,20.84183],[73.729942,20.841832],[73.729943,20.84184],[73.72994,20.841846],[73.729932,20.841844],[73.729922,20.841848],[73.729921,20.841845],[73.729924,20.841843],[73.729927,20.841834],[73.729921,20.841839],[73.729913,20.841833],[73.729916,20.841842],[73.729915,20.841845],[73.729918,20.841849],[73.729917,20.84185],[73.72991,20.841845],[73.729907,20.841836],[73.729903,20.841834],[73.729903,20.841841],[73.729909,20.841847],[73.729906,20.841849],[73.729902,20.841845],[73.729897,20.841846],[73.729879,20.841832],[73.729875,20.841812],[73.729871,20.84181],[73.729871,20.8418],[73.729867,20.841796],[73.729862,20.841797],[73.729858,20.841792],[73.729863,20.84179],[73.729866,20.841774],[73.729864,20.841772],[73.72986,20.841773],[73.729854,20.841766],[73.729847,20.841748],[73.729835,20.841748],[73.72983,20.841733],[73.729833,20.841722],[73.729831,20.841711],[73.729822,20.84169],[73.729822,20.841683],[73.729807,20.841668],[73.729804,20.841646],[73.729788,20.841629],[73.72978,20.841608],[73.729774,20.841607],[73.729756,20.841591],[73.729756,20.841571],[73.729753,20.841566],[73.729731,20.841534],[73.729723,20.841532],[73.729724,20.841525],[73.729718,20.841517],[73.729712,20.841515],[73.72971,20.841506],[73.729695,20.841497],[73.729695,20.841494],[73.729698,20.841492],[73.729699,20.841487],[73.729689,20.841478],[73.729686,20.841471],[73.729677,20.841462]]}},{"type":"Feature","properties":{"elevation":418},"geometry":{"type":"LineString","coordinates":[[73.730237,20.840893],[73.730228,20.840927],[73.730232,20.840936],[73.730228,20.840942],[73.730229,20.840949],[73.730225,20.840962],[73.730212,20.840974],[73.730204,20.840969],[73.730197,20.840971],[73.730197,20.840978],[73.73019,20.840988],[73.730184,20.841003],[73.730181,20.841027],[73.730184,20.841032],[73.730188,20.841031],[73.730191,20.841033],[73.730197,20.841048],[73.730182,20.841065],[73.730179,20.841082],[73.730173,20.841093],[73.730167,20.841112],[73.730151,20.841143],[73.730148,20.841171],[73.730161,20.841191],[73.730157,20.841206],[73.730151,20.841211],[73.730141,20.841212],[73.730138,20.841215],[73.730129,20.841231],[73.730127,20.841249],[73.730124,20.841253],[73.730125,20.841264],[73.730122,20.841269],[73.730123,20.841272],[73.730131,20.841276],[73.730122,20.841282],[73.730117,20.84129],[73.730112,20.841312],[73.730108,20.841315],[73.730103,20.841325],[73.730096,20.841333],[73.730089,20.841352],[73.730086,20.841354],[73.730084,20.841349],[73.730079,20.841347],[73.730075,20.841357],[73.730075,20.841363],[73.730066,20.841364],[73.730066,20.841369],[73.730058,20.841376],[73.73005,20.841384],[73.730044,20.841383],[73.730035,20.841395],[73.730028,20.841399],[73.730022,20.841407],[73.730016,20.84141],[73.730012,20.841419],[73.730006,20.841421],[73.730004,20.841433],[73.729996,20.841432],[73.729999,20.841446],[73.72999,20.841452],[73.729976,20.841456],[73.729969,20.841464],[73.729968,20.841469],[73.729963,20.841473],[73.729947,20.8415],[73.729936,20.841505],[73.729931,20.841518],[73.729918,20.841523],[73.729909,20.841537],[73.729902,20.841554],[73.729887,20.841559],[73.729869,20.841561],[73.729864,20.841564],[73.72986,20.84157],[73.729853,20.84157],[73.72985,20.841574],[73.729844,20.841569],[73.729839,20.84157],[73.729829,20.841568],[73.729797,20.841554],[73.729794,20.841549],[73.729786,20.841546],[73.729783,20.841541],[73.729787,20.841535],[73.729786,20.841531],[73.729781,20.84153],[73.72978,20.841533],[73.729782,20.841538],[73.729778,20.841536],[73.729742,20.84149],[73.729717,20.841474],[73.729711,20.841465],[73.72971,20.841456],[73.729685,20.841422]]}},{"type":"Feature","properties":{"elevation":419},"geometry":{"type":"LineString","coordinates":[[73.730222,20.840893],[73.730213,20.840914],[73.730212,20.840923],[73.730221,20.840934],[73.730226,20.840949],[73.730222,20.840952],[73.730213,20.840938],[73.730201,20.840936],[73.730192,20.840954],[73.730186,20.840974],[73.730182,20.840977],[73.730189,20.840977],[73.73019,20.840983],[73.730186,20.840985],[73.730185,20.840992],[73.730173,20.840993],[73.730169,20.840997],[73.730176,20.841003],[73.730176,20.84101],[73.73018,20.841019],[73.730177,20.841023],[73.730176,20.841032],[73.730172,20.841032],[73.730165,20.841027],[73.730161,20.841031],[73.730156,20.841066],[73.730165,20.841101],[73.730159,20.841106],[73.730146,20.84111],[73.730137,20.841127],[73.730134,20.84114],[73.730137,20.841147],[73.730134,20.84115],[73.730133,20.841156],[73.730135,20.84117],[73.730129,20.841173],[73.730124,20.841192],[73.730128,20.841201],[73.730127,20.841213],[73.730122,20.841221],[73.730113,20.841225],[73.730109,20.841233],[73.730106,20.841262],[73.730112,20.841273],[73.730108,20.841277],[73.730101,20.841277],[73.730095,20.841274],[73.730092,20.841277],[73.730084,20.841295],[73.730083,20.841305],[73.730073,20.841309],[73.73007,20.841315],[73.730067,20.841323],[73.730068,20.84133],[73.730059,20.841332],[73.730054,20.841337],[73.730038,20.841343],[73.730034,20.841343],[73.730022,20.841353],[73.730021,20.841355],[73.730013,20.841356],[73.729998,20.841365],[73.729994,20.841374],[73.729981,20.841379],[73.729958,20.8414],[73.729952,20.841401],[73.729949,20.841405],[73.729947,20.841416],[73.729941,20.84142],[73.729935,20.841431],[73.729926,20.841438],[73.729922,20.841438],[73.729912,20.841431],[73.729908,20.841431],[73.729894,20.841449],[73.729867,20.841459],[73.729849,20.841469],[73.729839,20.841469],[73.729825,20.841477],[73.729809,20.841481],[73.729807,20.841487],[73.729804,20.84149],[73.729796,20.841483],[73.72977,20.841476],[73.729769,20.841471],[73.729772,20.841465],[73.72977,20.841462],[73.729756,20.841459],[73.729747,20.841451],[73.729738,20.841448],[73.729733,20.84144],[73.729721,20.841436],[73.72971,20.841416],[73.729701,20.841405],[73.729687,20.841406]]}},{"type":"Feature","properties":{"elevation":419},"geometry":{"type":"LineString","coordinates":[[73.729692,20.841384],[73.729695,20.841381],[73.729694,20.841361]]}},{"type":"Feature","properties":{"elevation":420},"geometry":{"type":"LineString","coordinates":[[73.730203,20.840892],[73.730192,20.840925],[73.730191,20.840935],[73.730185,20.840943],[73.730185,20.840953],[73.730183,20.840955],[73.730178,20.840953],[73.730175,20.840955],[73.730163,20.840969],[73.730155,20.840985],[73.730152,20.840999],[73.730155,20.84101],[73.730151,20.84102],[73.730148,20.841024],[73.730143,20.84104],[73.730145,20.841055],[73.730133,20.841079],[73.730127,20.841099],[73.730128,20.841103],[73.730125,20.841104],[73.730114,20.841131],[73.730115,20.841146],[73.730111,20.841149],[73.73011,20.84116],[73.730088,20.841208],[73.730081,20.841235],[73.730073,20.841252],[73.730073,20.841264],[73.73006,20.841279],[73.730056,20.841288],[73.730049,20.841297],[73.730022,20.841317],[73.730011,20.841318],[73.729985,20.841333],[73.729971,20.841343],[73.729967,20.841352],[73.729959,20.841355],[73.729952,20.841362],[73.729929,20.841368],[73.729925,20.841375],[73.729921,20.841377],[73.72992,20.841386],[73.729914,20.841387],[73.729912,20.841384],[73.729912,20.84138],[73.72991,20.84138],[73.729905,20.841386],[73.729897,20.841387],[73.729884,20.841395],[73.729879,20.841402],[73.729863,20.84141],[73.729853,20.84142],[73.729844,20.841423],[73.729834,20.841435],[73.72983,20.841446],[73.729828,20.841448],[73.729823,20.841445],[73.729815,20.841449],[73.729805,20.841446],[73.729801,20.841441],[73.729802,20.841434],[73.729815,20.841428],[73.729815,20.841425],[73.729813,20.841422],[73.729801,20.841419],[73.729784,20.841429],[73.729773,20.841429],[73.729763,20.841421],[73.729752,20.841418],[73.729733,20.841402],[73.729724,20.84139],[73.729721,20.841373],[73.72971,20.841368],[73.729714,20.841356],[73.729714,20.841346],[73.729708,20.841335],[73.729709,20.841323],[73.729702,20.841322]]}},{"type":"Feature","properties":{"elevation":420},"geometry":{"type":"LineString","coordinates":[[73.729707,20.841298],[73.729708,20.841294],[73.729707,20.84129]]}},{"type":"Feature","properties":{"elevation":421},"geometry":{"type":"LineString","coordinates":[[73.730175,20.840894],[73.730182,20.840903],[73.730176,20.840903],[73.730171,20.84092],[73.73016,20.840935],[73.730155,20.840953],[73.730149,20.84096],[73.73015,20.840968],[73.730145,20.840968],[73.730134,20.840975],[73.73013,20.84099],[73.730129,20.841003],[73.730122,20.84102],[73.730123,20.841026],[73.73012,20.84103],[73.730124,20.841036],[73.730129,20.841036],[73.730125,20.841039],[73.730125,20.841046],[73.730122,20.841047],[73.730121,20.841056],[73.730117,20.841066],[73.730111,20.841068],[73.7301,20.841088],[73.730101,20.841099],[73.730096,20.841104],[73.730087,20.841122],[73.730089,20.841133],[73.730083,20.841135],[73.730073,20.841149],[73.730069,20.841162],[73.730072,20.841169],[73.730065,20.841171],[73.730058,20.841191],[73.730056,20.841216],[73.73005,20.841229],[73.730053,20.841238],[73.730045,20.841248],[73.730041,20.841259],[73.730034,20.841262],[73.730028,20.841269],[73.730017,20.841276],[73.730012,20.841285],[73.730006,20.841286],[73.730006,20.841295],[73.730001,20.841299],[73.729999,20.841301],[73.729989,20.841297],[73.729984,20.841298],[73.729976,20.841306],[73.729959,20.841316],[73.729953,20.841326],[73.729945,20.841321],[73.729938,20.841324],[73.729931,20.841333],[73.729931,20.841337],[73.729924,20.841332],[73.729915,20.841331],[73.72991,20.841323],[73.729903,20.841322],[73.729898,20.841328],[73.729898,20.841333],[73.729893,20.841339],[73.729878,20.841353],[73.729866,20.841359],[73.729853,20.841376],[73.729843,20.841376],[73.729828,20.841381],[73.729815,20.841388],[73.729804,20.841398],[73.729794,20.841398],[73.729794,20.841395],[73.729799,20.841394],[73.7298,20.841388],[73.729804,20.841385],[73.729802,20.841382],[73.729794,20.841377],[73.729786,20.841379],[73.729778,20.841377],[73.729773,20.84138],[73.729761,20.841376],[73.729757,20.841368],[73.729748,20.841366],[73.729738,20.841351],[73.729739,20.841318],[73.729736,20.84131],[73.729735,20.841292],[73.729728,20.841277],[73.729731,20.841269],[73.729727,20.841261],[73.729725,20.841249],[73.729716,20.841239]]}},{"type":"Feature","properties":{"elevation":422},"geometry":{"type":"LineString","coordinates":[[73.730151,20.840894],[73.730137,20.840925],[73.730117,20.840943],[73.730113,20.840955],[73.730104,20.840956],[73.730098,20.840964],[73.730087,20.840995],[73.730077,20.841003],[73.730074,20.841021],[73.730067,20.841021],[73.730061,20.841026],[73.730064,20.841039],[73.730061,20.841052],[73.730054,20.841061],[73.730048,20.84106],[73.730044,20.841063],[73.730047,20.841068],[73.730052,20.841069],[73.730052,20.841076],[73.730047,20.841086],[73.730041,20.841094],[73.73003,20.841102],[73.730025,20.841108],[73.730017,20.841125],[73.730007,20.841134],[73.73,20.84115],[73.729995,20.84115],[73.729994,20.84116],[73.729984,20.841161],[73.72998,20.841169],[73.729984,20.841173],[73.729984,20.841179],[73.72998,20.841179],[73.72998,20.841172],[73.729977,20.841172],[73.729976,20.841175],[73.72998,20.84118],[73.729978,20.841198],[73.729973,20.841206],[73.729959,20.841215],[73.729958,20.841226],[73.729942,20.841233],[73.729937,20.841232],[73.729932,20.841234],[73.729928,20.841231],[73.729924,20.841236],[73.729914,20.841238],[73.729906,20.841242],[73.7299,20.841241],[73.729899,20.841247],[73.729876,20.841272],[73.729872,20.841268],[73.729863,20.84127],[73.729861,20.841275],[73.729865,20.841279],[73.729854,20.84128],[73.729851,20.841288],[73.729843,20.84129],[73.72984,20.841293],[73.72984,20.841301],[73.729835,20.841299],[73.729831,20.841289],[73.729832,20.841284],[73.729827,20.841285],[73.729815,20.841275],[73.729805,20.841275],[73.729803,20.841258],[73.729797,20.841258],[73.729794,20.841256],[73.729791,20.84125],[73.729793,20.841247],[73.729788,20.841244],[73.729783,20.841234],[73.729777,20.841234],[73.729774,20.841231],[73.729775,20.841238],[73.729765,20.841233],[73.729765,20.84122],[73.72976,20.841218],[73.729761,20.841199],[73.729758,20.841192],[73.729759,20.841188],[73.729752,20.841184],[73.729747,20.841172],[73.729747,20.84117],[73.729752,20.841171],[73.729754,20.841169],[73.729754,20.841146],[73.729749,20.841141],[73.729753,20.841141],[73.729745,20.841135],[73.729744,20.841123],[73.729738,20.841121]]}},{"type":"Feature","properties":{"elevation":422},"geometry":{"type":"LineString","coordinates":[[73.729741,20.841096],[73.729741,20.841097]]}},{"type":"Feature","properties":{"elevation":422},"geometry":{"type":"LineString","coordinates":[[73.729747,20.841066],[73.729746,20.841069]]}},{"type":"Feature","properties":{"elevation":422},"geometry":{"type":"LineString","coordinates":[[73.729746,20.841076],[73.729751,20.841069],[73.729751,20.84105],[73.729757,20.841048],[73.729763,20.841035],[73.729763,20.841027],[73.729767,20.841022],[73.729763,20.841007],[73.729758,20.841001]]}},{"type":"Feature","properties":{"elevation":422},"geometry":{"type":"LineString","coordinates":[[73.72975,20.841042],[73.729752,20.841045],[73.72975,20.841048]]}},{"type":"Feature","properties":{"elevation":422},"geometry":{"type":"LineString","coordinates":[[73.72976,20.840986],[73.729765,20.840984],[73.729768,20.840978],[73.729764,20.84097]]}},{"type":"Feature","properties":{"elevation":422},"geometry":{"type":"LineString","coordinates":[[73.729765,20.840958],[73.729765,20.840956]]}},{"type":"Feature","properties":{"elevation":423},"geometry":{"type":"LineString","coordinates":[[73.730083,20.840896],[73.730077,20.8409],[73.730072,20.840907],[73.730065,20.840909],[73.730057,20.840921],[73.730058,20.840931],[73.730049,20.840935],[73.730039,20.840946],[73.730034,20.840948],[73.730027,20.840963],[73.730018,20.840969],[73.730015,20.840976],[73.730004,20.84098],[73.729998,20.840986],[73.729993,20.840986],[73.729989,20.840992],[73.729983,20.840995],[73.729981,20.841],[73.729973,20.841003],[73.729969,20.841016],[73.729965,20.84102],[73.729959,20.841021],[73.729957,20.841026],[73.729952,20.841021],[73.729953,20.841027],[73.72995,20.84103],[73.729946,20.841031],[73.729944,20.84103],[73.729945,20.841023],[73.729941,20.841023],[73.729941,20.841029],[73.729928,20.841036],[73.72992,20.841035],[73.729913,20.84103],[73.729908,20.841031],[73.729889,20.841021],[73.72988,20.84102],[73.729873,20.841013],[73.729867,20.840993],[73.729868,20.840978],[73.729862,20.840968],[73.729854,20.840964],[73.729853,20.840959],[73.729845,20.840953],[73.729848,20.84093],[73.729845,20.840917],[73.729838,20.840903]]}},{"type":"Feature","properties":{"elevation":424},"geometry":{"type":"LineString","coordinates":[[73.729956,20.840899],[73.72995,20.840899]]}},{"type":"Feature","properties":{"elevation":424},"geometry":{"type":"LineString","coordinates":[[73.729961,20.840899],[73.729956,20.840899]]}},{"type":"Feature","properties":{"elevation":424},"geometry":{"type":"LineString","coordinates":[[73.729977,20.840899],[73.729974,20.840902],[73.729973,20.840899]]}}]}