X,Y,ELEVATION
361388.34,2421283.911,43.658
361388.34,2421278.911,44.425
361388.34,2421273.911,46.298
361388.34,2421268.911,48.996
361388.34,2421263.911,51.412
361388.34,2421258.911,54.138
361388.34,2421253.911,56.842
361388.34,2421248.911,59.837
361388.34,2421243.911,58.62
361388.34,2421238.911,56.866
361388.34,2421233.911,57.162
361388.34,2421228.911,60.319
361388.34,2421223.911,60.329
361388.34,2421218.911,58.81
361388.34,2421213.911,58.836
361388.34,2421208.911,58.241
361388.34,2421203.911,58.782
361388.34,2421198.911,59.433
361388.34,2421193.911,60.167
361388.34,2421188.911,61.554
361388.34,2421183.911,62.889
361388.34,2421178.911,63.745
361388.34,2421173.911,63.907
361388.34,2421168.911,66.578
361393.34,2421283.911,43.459
361393.34,2421278.911,43.772
361393.34,2421273.911,45.883
361393.34,2421268.911,48.58
361393.34,2421263.911,50.865
361393.34,2421258.911,53.334
361393.34,2421253.911,56.136
361393.34,2421248.911,58.828
361393.34,2421243.911,59.007
361393.34,2421238.911,57.079
361393.34,2421233.911,56.619
361393.34,2421228.911,58.879
361393.34,2421223.911,59.165
361393.34,2421218.911,58.894
361393.34,2421213.911,58.517
361393.34,2421208.911,58.157
361393.34,2421203.911,58.398
361393.34,2421198.911,59.153
361393.34,2421193.911,60.336
361393.34,2421188.911,61.545
361393.34,2421183.911,61.943
361393.34,2421178.911,61.719
361393.34,2421173.911,61.827
361393.34,2421168.911,65.111
361393.34,2421163.911,67.655
361393.34,2421158.911,69.008
361393.34,2421153.911,70.426
361393.34,2421148.911,72.032
361393.34,2421143.911,73.386
361393.34,2421138.911,74.53
361393.34,2421133.911,75.555
361393.34,2421128.911,76.479
361393.34,2421123.911,77.507
361393.34,2421118.911,78.804
361393.34,2421113.911,79.896
361393.34,2421108.911,80.283
361393.34,2421103.911,80.929
361393.34,2421098.911,81.252
361393.34,2421093.911,81.48
361393.34,2421088.911,82.27
361393.34,2421083.911,82.836
361393.34,2421078.911,83.419
361393.34,2421073.911,84.12
361393.34,2421068.911,84.729
361393.34,2421063.911,85.573
361393.34,2421058.911,86.376
361393.34,2421053.911,86.984
361393.34,2421048.911,87.04
361393.34,2421043.911,86.756
361393.34,2421038.911,86.232
361393.34,2421033.911,86.072
361393.34,2421028.911,84.639
361393.34,2421023.911,82.44
361393.34,2421018.911,80.157
361393.34,2421013.911,77.596
361393.34,2421008.911,75.465
361393.34,2421003.911,73.052
361393.34,2420998.911,70.566
361393.34,2420993.911,68.26
361393.34,2420988.911,65.429
361393.34,2420983.911,62.768
361393.34,2420978.911,59.625
361393.34,2420973.911,57.333
361393.34,2420968.911,54.91
361393.34,2420963.911,50.688
361393.34,2420958.911,46.748
361393.34,2420953.911,45.168
361393.34,2420948.911,44.493
361393.34,2420943.911,44.904
361393.34,2420938.911,43.644
361393.34,2420933.911,42.941
361398.34,2421283.911,43.329
361398.34,2421278.911,43.352
361398.34,2421273.911,45.391
361398.34,2421268.911,47.624
361398.34,2421263.911,50.033
361398.34,2421258.911,52.437
361398.34,2421253.911,55.113
361398.34,2421248.911,57.925
361398.34,2421243.911,57.318
361398.34,2421238.911,56.776
361398.34,2421233.911,56.234
361398.34,2421228.911,54.632
361398.34,2421223.911,55.496
361398.34,2421218.911,58.022
361398.34,2421213.911,58.535
361398.34,2421208.911,57.901
361398.34,2421203.911,58.266
361398.34,2421198.911,58.885
361398.34,2421193.911,60.188
361398.34,2421188.911,60.724
361398.34,2421183.911,57.79
361398.34,2421178.911,56.876
361398.34,2421173.911,57.83
361398.34,2421168.911,63.404
361398.34,2421163.911,67.318
361398.34,2421158.911,68.549
361398.34,2421153.911,70.114
361398.34,2421148.911,71.405
361398.34,2421143.911,73.647
361398.34,2421138.911,74.526
361398.34,2421133.911,75.24
361398.34,2421128.911,76.584
361398.34,2421123.911,77.832
361398.34,2421118.911,79.109
361398.34,2421113.911,80.443
361398.34,2421108.911,81.245
361398.34,2421103.911,82.365
361398.34,2421098.911,82.174
361398.34,2421093.911,82.414
361398.34,2421088.911,83.428
361398.34,2421083.911,83.96
361398.34,2421078.911,84.4
361398.34,2421073.911,85.111
361398.34,2421068.911,85.752
361398.34,2421063.911,86.419
361398.34,2421058.911,87.115
361398.34,2421053.911,87.759
361398.34,2421048.911,88.309
361398.34,2421043.911,88.438
361398.34,2421038.911,88.329
361398.34,2421033.911,87.337
361398.34,2421028.911,85.544
361398.34,2421023.911,83.216
361398.34,2421018.911,80.782
361398.34,2421013.911,78.556
361398.34,2421008.911,76.185
361398.34,2421003.911,73.885
361398.34,2420998.911,71.63
361398.34,2420993.911,69.059
361398.34,2420988.911,65.721
361398.34,2420983.911,62.745
361398.34,2420978.911,59.756
361398.34,2420973.911,57.823
361398.34,2420968.911,56.387
361398.34,2420963.911,50.908
361398.34,2420958.911,46.45
361398.34,2420953.911,45.114
361398.34,2420948.911,43.565
361398.34,2420943.911,43.029
361398.34,2420938.911,42.572
361398.34,2420933.911,42.448
361398.34,2420928.911,42.501
361398.34,2420923.911,36.269
361398.34,2420918.911,30.304
361403.34,2421288.911,41.869
361403.34,2421283.911,43.098
361403.34,2421278.911,43.288
361403.34,2421273.911,44.701
361403.34,2421268.911,46.855
361403.34,2421263.911,49.425
361403.34,2421258.911,51.839
361403.34,2421253.911,54.825
361403.34,2421248.911,57.505
361403.34,2421243.911,55.619
361403.34,2421238.911,54.94
361403.34,2421233.911,53.961
361403.34,2421228.911,53.284
361403.34,2421223.911,54.242
361403.34,2421218.911,56.231
361403.34,2421213.911,57.028
361403.34,2421208.911,57.82
361403.34,2421203.911,57.971
361403.34,2421198.911,58.443
361403.34,2421193.911,59.158
361403.34,2421188.911,57.683
361403.34,2421183.911,56.283
361403.34,2421178.911,56.416
361403.34,2421173.911,57.173
361403.34,2421168.911,59.212
361403.34,2421163.911,64.905
361403.34,2421158.911,68.526
361403.34,2421153.911,70.176
361403.34,2421148.911,71.984
361403.34,2421143.911,73.511
361403.34,2421138.911,74.717
361403.34,2421133.911,75.973
361403.34,2421128.911,76.92
361403.34,2421123.911,78.306
361403.34,2421118.911,79.645
361403.34,2421113.911,80.978
361403.34,2421108.911,82.323
361403.34,2421103.911,83.187
361403.34,2421098.911,83.144
361403.34,2421093.911,83.395
361403.34,2421088.911,84.206
361403.34,2421083.911,85.388
361403.34,2421078.911,86.363
361403.34,2421073.911,86.033
361403.34,2421068.911,86.856
361403.34,2421063.911,87.798
361403.34,2421058.911,88.107
361403.34,2421053.911,88.952
361403.34,2421048.911,89.407
361403.34,2421043.911,90.286
361403.34,2421038.911,89.655
361403.34,2421033.911,88.159
361403.34,2421028.911,85.872
361403.34,2421023.911,83.663
361403.34,2421018.911,81.612
361403.34,2421013.911,79.109
361403.34,2421008.911,76.757
361403.34,2421003.911,74.655
361403.34,2420998.911,72.058
361403.34,2420993.911,69.007
361403.34,2420988.911,65.542
361403.34,2420983.911,62.168
361403.34,2420978.911,59.814
361403.34,2420973.911,58.849
361403.34,2420968.911,54.842
361403.34,2420963.911,50.964
361403.34,2420958.911,46.645
361403.34,2420953.911,45.078
361403.34,2420948.911,43.841
361403.34,2420943.911,43.521
361403.34,2420938.911,42.589
361403.34,2420933.911,42.105
361403.34,2420928.911,42.133
361403.34,2420923.911,36.165
361403.34,2420918.911,32.074
361408.34,2421288.911,41.783
361408.34,2421283.911,42.85
361408.34,2421278.911,43.279
361408.34,2421273.911,43.916
361408.34,2421268.911,46.16
361408.34,2421263.911,48.458
361408.34,2421258.911,51.329
361408.34,2421253.911,54.31
361408.34,2421248.911,56.85
361408.34,2421243.911,54.77
361408.34,2421238.911,54.321
361408.34,2421233.911,53.327
361408.34,2421228.911,53.195
361408.34,2421223.911,53.384
361408.34,2421218.911,53.533
361408.34,2421213.911,56.233
361408.34,2421208.911,57.676
361408.34,2421203.911,57.407
361408.34,2421198.911,58.003
361408.34,2421193.911,56.889
361408.34,2421188.911,56.222
361408.34,2421183.911,56.273
361408.34,2421178.911,56.472
361408.34,2421173.911,57.577
361408.34,2421168.911,59.289
361408.34,2421163.911,63.915
361408.34,2421158.911,68.258
361408.34,2421153.911,70.492
361408.34,2421148.911,72.308
361408.34,2421143.911,73.554
361408.34,2421138.911,74.799
361408.34,2421133.911,75.818
361408.34,2421128.911,76.917
361408.34,2421123.911,78.493
361408.34,2421118.911,80.092
361408.34,2421113.911,81.68
361408.34,2421108.911,82.72
361408.34,2421103.911,83.689
361408.34,2421098.911,83.778
361408.34,2421093.911,84.113
361408.34,2421088.911,84.869
361408.34,2421083.911,86.437
361408.34,2421078.911,89.741
361408.34,2421073.911,88.957
361408.34,2421068.911,88.261
361408.34,2421063.911,88.938
361408.34,2421058.911,89.679
361408.34,2421053.911,90.444
361408.34,2421048.911,90.942
361408.34,2421043.911,91.85
361408.34,2421038.911,92.585
361408.34,2421033.911,88.944
361408.34,2421028.911,86.547
361408.34,2421023.911,84.051
361408.34,2421018.911,82.014
361408.34,2421013.911,79.993
361408.34,2421008.911,77.419
361408.34,2421003.911,75.168
361408.34,2420998.911,72.047
361408.34,2420993.911,67.862
361408.34,2420988.911,64.52
361408.34,2420983.911,61.285
361408.34,2420978.911,59.691
361408.34,2420973.911,57.195
361408.34,2420968.911,54.865
361408.34,2420963.911,51.808
361408.34,2420958.911,49.271
361408.34,2420953.911,47.213
361408.34,2420948.911,45.576
361408.34,2420943.911,44.228
361408.34,2420938.911,42.776
361408.34,2420933.911,42.173
361408.34,2420928.911,42.145
361408.34,2420923.911,38.517
361408.34,2420918.911,35.265
361413.34,2421288.911,41.741
361413.34,2421283.911,42.319
361413.34,2421278.911,43.224
361413.34,2421273.911,43.564
361413.34,2421268.911,45.572
361413.34,2421263.911,48.162
361413.34,2421258.911,50.653
361413.34,2421253.911,53.624
361413.34,2421248.911,54.473
361413.34,2421243.911,54.349
361413.34,2421238.911,53.133
361413.34,2421233.911,53.015
361413.34,2421228.911,52.988
361413.34,2421223.911,52.974
361413.34,2421218.911,52.91
361413.34,2421213.911,54.183
361413.34,2421208.911,56.937
361413.34,2421203.911,57.047
361413.34,2421198.911,57.323
361413.34,2421193.911,54.608
361413.34,2421188.911,56.014
361413.34,2421183.911,55.879
361413.34,2421178.911,56.532
361413.34,2421173.911,57.337
361413.34,2421168.911,60.085
361413.34,2421163.911,63.243
361413.34,2421158.911,67.699
361413.34,2421153.911,69.697
361413.34,2421148.911,71.881
361413.34,2421143.911,73.378
361413.34,2421138.911,74.489
361413.34,2421133.911,75.609
361413.34,2421128.911,77.032
361413.34,2421123.911,78.651
361413.34,2421118.911,80.454
361413.34,2421113.911,82.214
361413.34,2421108.911,82.979
361413.34,2421103.911,84.684
361413.34,2421098.911,84.521
361413.34,2421093.911,84.652
361413.34,2421088.911,85.738
361413.34,2421083.911,87.137
361413.34,2421078.911,89.952
361413.34,2421073.911,90.075
361413.34,2421068.911,91.207
361413.34,2421063.911,91.957
361413.34,2421058.911,92.821
361413.34,2421053.911,92.593
361413.34,2421048.911,92.677
361413.34,2421043.911,92.945
361413.34,2421038.911,92.466
361413.34,2421033.911,89.819
361413.34,2421028.911,86.979
361413.34,2421023.911,84.769
361413.34,2421018.911,82.483
361413.34,2421013.911,80.29
361413.34,2421008.911,77.783
361413.34,2421003.911,74.767
361413.34,2420998.911,71.601
361413.34,2420993.911,68.099
361413.34,2420988.911,64.841
361413.34,2420983.911,60.592
361413.34,2420978.911,58.846
361413.34,2420973.911,57.501
361413.34,2420968.911,55.102
361413.34,2420963.911,51.903
361413.34,2420958.911,48.766
361413.34,2420953.911,46.867
361413.34,2420948.911,45.728
361413.34,2420943.911,44.823
361413.34,2420938.911,42.653
361413.34,2420933.911,42.088
361413.34,2420928.911,42.423
361413.34,2420923.911,39.533
361413.34,2420918.911,36.96
361418.34,2421288.911,41.564
361418.34,2421283.911,42.047
361418.34,2421278.911,43.111
361418.34,2421273.911,43.172
361418.34,2421268.911,45.097
361418.34,2421263.911,47.619
361418.34,2421258.911,50.325
361418.34,2421253.911,53.467
361418.34,2421248.911,54.073
361418.34,2421243.911,53.979
361418.34,2421238.911,53.168
361418.34,2421233.911,52.807
361418.34,2421228.911,52.665
361418.34,2421223.911,52.53
361418.34,2421218.911,52.531
361418.34,2421213.911,53.604
361418.34,2421208.911,56.028
361418.34,2421203.911,56.149
361418.34,2421198.911,57.023
361418.34,2421193.911,54.762
361418.34,2421188.911,55.702
361418.34,2421183.911,55.664
361418.34,2421178.911,56.094
361418.34,2421173.911,57.256
361418.34,2421168.911,59.402
361418.34,2421163.911,62.85
361418.34,2421158.911,66.847
361418.34,2421153.911,68.786
361418.34,2421148.911,70.582
361418.34,2421143.911,72.72
361418.34,2421138.911,74.154
361418.34,2421133.911,75.245
361418.34,2421128.911,76.871
361418.34,2421123.911,78.793
361418.34,2421118.911,80.537
361418.34,2421113.911,82.235
361418.34,2421108.911,83.597
361418.34,2421103.911,85.172
361418.34,2421098.911,85.099
361418.34,2421093.911,85.109
361418.34,2421088.911,86.17
361418.34,2421083.911,87.496
361418.34,2421078.911,88.714
361418.34,2421073.911,90.389
361418.34,2421068.911,90.777
361418.34,2421063.911,91.902
361418.34,2421058.911,92.551
361418.34,2421053.911,92.551
361418.34,2421048.911,92.71
361418.34,2421043.911,92.789
361418.34,2421038.911,91.742
361418.34,2421033.911,89.766
361418.34,2421028.911,87.452
361418.34,2421023.911,85.283
361418.34,2421018.911,82.983
361418.34,2421013.911,80.647
361418.34,2421008.911,77.437
361418.34,2421003.911,74.594
361418.34,2420998.911,71.326
361418.34,2420993.911,68.104
361418.34,2420988.911,65.206
361418.34,2420983.911,62.461
361418.34,2420978.911,58.185
361418.34,2420973.911,57.71
361418.34,2420968.911,55.267
361418.34,2420963.911,52.262
361418.34,2420958.911,47.662
361418.34,2420953.911,46.879
361418.34,2420948.911,45.79
361418.34,2420943.911,44.764
361418.34,2420938.911,42.381
361418.34,2420933.911,42.165
361418.34,2420928.911,42.331
361418.34,2420923.911,38.632
361418.34,2420918.911,37.232
361423.34,2421288.911,41.515
361423.34,2421283.911,41.911
361423.34,2421278.911,42.749
361423.34,2421273.911,43.147
361423.34,2421268.911,45.097
361423.34,2421263.911,46.966
361423.34,2421258.911,49.798
361423.34,2421253.911,52.957
361423.34,2421248.911,53.995
361423.34,2421243.911,53.948
361423.34,2421238.911,53.165
361423.34,2421233.911,52.675
361423.34,2421228.911,52.533
361423.34,2421223.911,52.596
361423.34,2421218.911,52.375
361423.34,2421213.911,53.064
361423.34,2421208.911,55.893
361423.34,2421203.911,55.245
361423.34,2421198.911,56.146
361423.34,2421193.911,55.936
361423.34,2421188.911,55.77
361423.34,2421183.911,55.389
361423.34,2421178.911,55.735
361423.34,2421173.911,57.006
361423.34,2421168.911,59.032
361423.34,2421163.911,62.357
361423.34,2421158.911,65.381
361423.34,2421153.911,67.37
361423.34,2421148.911,69.338
361423.34,2421143.911,71.955
361423.34,2421138.911,74.018
361423.34,2421133.911,75.107
361423.34,2421128.911,76.672
361423.34,2421123.911,78.567
361423.34,2421118.911,80.575
361423.34,2421113.911,82.529
361423.34,2421108.911,84.298
361423.34,2421103.911,85.967
361423.34,2421098.911,85.987
361423.34,2421093.911,85.71
361423.34,2421088.911,86.498
361423.34,2421083.911,87.727
361423.34,2421078.911,89.397
361423.34,2421073.911,90.846
361423.34,2421068.911,91.399
361423.34,2421063.911,92.873
361423.34,2421058.911,93.316
361423.34,2421053.911,93.274
361423.34,2421048.911,93.294
361423.34,2421043.911,93.079
361423.34,2421038.911,91.903
361423.34,2421033.911,90.288
361423.34,2421028.911,88.284
361423.34,2421023.911,86.08
361423.34,2421018.911,83.529
361423.34,2421013.911,81.01
361423.34,2421008.911,77.718
361423.34,2421003.911,74.842
361423.34,2420998.911,72.054
361423.34,2420993.911,69.205
361423.34,2420988.911,66.074
361423.34,2420983.911,63.052
361423.34,2420978.911,58.795
361423.34,2420973.911,57.691
361423.34,2420968.911,56.023
361423.34,2420963.911,52.458
361423.34,2420958.911,48.154
361423.34,2420953.911,46.578
361423.34,2420948.911,45.331
361423.34,2420943.911,43.598
361423.34,2420938.911,42.181
361423.34,2420933.911,42.137
361423.34,2420928.911,42.079
361423.34,2420923.911,38.478
361423.34,2420918.911,37.474
361428.34,2421293.911,41.501
361428.34,2421288.911,41.523
361428.34,2421283.911,41.789
361428.34,2421278.911,42.453
361428.34,2421273.911,43.188
361428.34,2421268.911,44.38
361428.34,2421263.911,46.586
361428.34,2421258.911,49.051
361428.34,2421253.911,52.256
361428.34,2421248.911,54.22
361428.34,2421243.911,53.876
361428.34,2421238.911,53.572
361428.34,2421233.911,52.807
361428.34,2421228.911,52.785
361428.34,2421223.911,52.693
361428.34,2421218.911,52.341
361428.34,2421213.911,53.353
361428.34,2421208.911,55.477
361428.34,2421203.911,55.193
361428.34,2421198.911,54.375
361428.34,2421193.911,54.614
361428.34,2421188.911,54.685
361428.34,2421183.911,54.784
361428.34,2421178.911,55.345
361428.34,2421173.911,56.158
361428.34,2421168.911,58.473
361428.34,2421163.911,61.583
361428.34,2421158.911,65.369
361428.34,2421153.911,67.802
361428.34,2421148.911,70.285
361428.34,2421143.911,72.649
361428.34,2421138.911,74.407
361428.34,2421133.911,75.322
361428.34,2421128.911,76.099
361428.34,2421123.911,78.45
361428.34,2421118.911,80.516
361428.34,2421113.911,82.513
361428.34,2421108.911,84.342
361428.34,2421103.911,86.04
361428.34,2421098.911,86.56
361428.34,2421093.911,86.129
361428.34,2421088.911,86.758
361428.34,2421083.911,88.202
361428.34,2421078.911,88.905
361428.34,2421073.911,91.134
361428.34,2421068.911,92.15
361428.34,2421063.911,93.206
361428.34,2421058.911,93.952
361428.34,2421053.911,93.934
361428.34,2421048.911,93.479
361428.34,2421043.911,93.523
361428.34,2421038.911,92.466
361428.34,2421033.911,90.644
361428.34,2421028.911,88.694
361428.34,2421023.911,86.632
361428.34,2421018.911,84.483
361428.34,2421013.911,81.558
361428.34,2421008.911,78.926
361428.34,2421003.911,75.878
361428.34,2420998.911,73.163
361428.34,2420993.911,69.999
361428.34,2420988.911,67.191
361428.34,2420983.911,64.577
361428.34,2420978.911,60.454
361428.34,2420973.911,57.849
361428.34,2420968.911,55.518
361428.34,2420963.911,52.675
361428.34,2420958.911,49.466
361428.34,2420953.911,46.763
361428.34,2420948.911,45.139
361428.34,2420943.911,42.715
361428.34,2420938.911,42.176
361428.34,2420933.911,41.861
361428.34,2420928.911,41.824
361428.34,2420923.911,38.082
361428.34,2420918.911,36.477
361433.34,2421293.911,41.376
361433.34,2421288.911,41.352
361433.34,2421283.911,41.587
361433.34,2421278.911,42.034
361433.34,2421273.911,43.218
361433.34,2421268.911,43.36
361433.34,2421263.911,46.017
361433.34,2421258.911,48.898
361433.34,2421253.911,52.068
361433.34,2421248.911,53.634
361433.34,2421243.911,53.533
361433.34,2421238.911,53.517
361433.34,2421233.911,52.955
361433.34,2421228.911,52.682
361433.34,2421223.911,52.869
361433.34,2421218.911,52.417
361433.34,2421213.911,52.592
361433.34,2421208.911,54.838
361433.34,2421203.911,54.298
361433.34,2421198.911,53.978
361433.34,2421193.911,53.891
361433.34,2421188.911,54.089
361433.34,2421183.911,54.57
361433.34,2421178.911,55.047
361433.34,2421173.911,56.03
361433.34,2421168.911,58.385
361433.34,2421163.911,62.557
361433.34,2421158.911,66.061
361433.34,2421153.911,68.521
361433.34,2421148.911,70.946
361433.34,2421143.911,73.744
361433.34,2421138.911,75.036
361433.34,2421133.911,75.638
361433.34,2421128.911,76.354
361433.34,2421123.911,78.272
361433.34,2421118.911,80.396
361433.34,2421113.911,82.103
361433.34,2421108.911,84.115
361433.34,2421103.911,85.849
361433.34,2421098.911,86.646
361433.34,2421093.911,86.457
361433.34,2421088.911,87.121
361433.34,2421083.911,88.658
361433.34,2421078.911,89.348
361433.34,2421073.911,91.368
361433.34,2421068.911,92.465
361433.34,2421063.911,94.039
361433.34,2421058.911,94.373
361433.34,2421053.911,94.172
361433.34,2421048.911,94.123
361433.34,2421043.911,93.56
361433.34,2421038.911,92.812
361433.34,2421033.911,91.238
361433.34,2421028.911,89.318
361433.34,2421023.911,87.382
361433.34,2421018.911,85.049
361433.34,2421013.911,82.479
361433.34,2421008.911,79.616
361433.34,2421003.911,76.982
361433.34,2420998.911,74.74
361433.34,2420993.911,71.674
361433.34,2420988.911,68.851
361433.34,2420983.911,65.354
361433.34,2420978.911,61.432
361433.34,2420973.911,57.724
361433.34,2420968.911,54.906
361433.34,2420963.911,54.011
361433.34,2420958.911,50.006
361433.34,2420953.911,46.563
361433.34,2420948.911,44.827
361433.34,2420943.911,42.63
361433.34,2420938.911,42.008
361433.34,2420933.911,41.746
361433.34,2420928.911,41.612
361433.34,2420923.911,37.711
361433.34,2420918.911,36.198
361438.34,2421293.911,41.26
361438.34,2421288.911,41.212
361438.34,2421283.911,41.424
361438.34,2421278.911,41.821
361438.34,2421273.911,43.257
361438.34,2421268.911,43.256
361438.34,2421263.911,45.315
361438.34,2421258.911,47.704
361438.34,2421253.911,50.836
361438.34,2421248.911,53.762
361438.34,2421243.911,53.334
361438.34,2421238.911,53.707
361438.34,2421233.911,53.181
361438.34,2421228.911,52.324
361438.34,2421223.911,52.285
361438.34,2421218.911,52.269
361438.34,2421213.911,52.961
361438.34,2421208.911,54.228
361438.34,2421203.911,54.004
361438.34,2421198.911,53.51
361438.34,2421193.911,53.338
361438.34,2421188.911,53.73
361438.34,2421183.911,54.241
361438.34,2421178.911,54.923
361438.34,2421173.911,55.934
361438.34,2421168.911,58.036
361438.34,2421163.911,64.688
361438.34,2421158.911,66.98
361438.34,2421153.911,69.55
361438.34,2421148.911,72.063
361438.34,2421143.911,74.607
361438.34,2421138.911,75.264
361438.34,2421133.911,75.896
361438.34,2421128.911,76.882
361438.34,2421123.911,77.659
361438.34,2421118.911,79.592
361438.34,2421113.911,81.294
361438.34,2421108.911,83.157
361438.34,2421103.911,85.05
361438.34,2421098.911,86.382
361438.34,2421093.911,86.73
361438.34,2421088.911,87.333
361438.34,2421083.911,87.977
361438.34,2421078.911,90.276
361438.34,2421073.911,91.476
361438.34,2421068.911,92.475
361438.34,2421063.911,93.981
361438.34,2421058.911,95.061
361438.34,2421053.911,94.991
361438.34,2421048.911,94.88
361438.34,2421043.911,94.326
361438.34,2421038.911,93.56
361438.34,2421033.911,91.872
361438.34,2421028.911,89.687
361438.34,2421023.911,87.576
361438.34,2421018.911,85.469
361438.34,2421013.911,82.936
361438.34,2421008.911,80.423
361438.34,2421003.911,77.531
361438.34,2420998.911,74.784
361438.34,2420993.911,72.045
361438.34,2420988.911,69.051
361438.34,2420983.911,65.833
361438.34,2420978.911,60.79
361438.34,2420973.911,56.111
361438.34,2420968.911,54.539
361438.34,2420963.911,53.84
361438.34,2420958.911,49.545
361438.34,2420953.911,46.122
361438.34,2420948.911,44.645
361438.34,2420943.911,42.246
361438.34,2420938.911,42.097
361438.34,2420933.911,41.658
361438.34,2420928.911,41.438
361438.34,2420923.911,35.854
361438.34,2420918.911,35.766
361443.34,2421293.911,41.231
361443.34,2421288.911,41.27
361443.34,2421283.911,41.419
361443.34,2421278.911,41.735
361443.34,2421273.911,42.768
361443.34,2421268.911,43.253
361443.34,2421263.911,44.799
361443.34,2421258.911,46.864
361443.34,2421253.911,49.439
361443.34,2421248.911,52.308
361443.34,2421243.911,54.116
361443.34,2421238.911,53.543
361443.34,2421233.911,53.145
361443.34,2421228.911,52.271
361443.34,2421223.911,51.771
361443.34,2421218.911,52.188
361443.34,2421213.911,53.419
361443.34,2421208.911,53.715
361443.34,2421203.911,52.523
361443.34,2421198.911,53.057
361443.34,2421193.911,52.992
361443.34,2421188.911,53.936
361443.34,2421183.911,54.256
361443.34,2421178.911,55.039
361443.34,2421173.911,56.229
361443.34,2421168.911,59.188
361443.34,2421163.911,66.555
361443.34,2421158.911,68.578
361443.34,2421153.911,70.943
361443.34,2421148.911,73.516
361443.34,2421143.911,75.109
361443.34,2421138.911,75.924
361443.34,2421133.911,75.954
361443.34,2421128.911,77.084
361443.34,2421123.911,78.042
361443.34,2421118.911,78.708
361443.34,2421113.911,79.978
361443.34,2421108.911,81.478
361443.34,2421103.911,83.569
361443.34,2421098.911,85.67
361443.34,2421093.911,87.175
361443.34,2421088.911,87.174
361443.34,2421083.911,87.239
361443.34,2421078.911,89.674
361443.34,2421073.911,91.099
361443.34,2421068.911,92.128
361443.34,2421063.911,93.224
361443.34,2421058.911,93.948
361443.34,2421053.911,94.958
361443.34,2421048.911,94.877
361443.34,2421043.911,94.283
361443.34,2421038.911,93.698
361443.34,2421033.911,91.932
361443.34,2421028.911,89.812
361443.34,2421023.911,87.836
361443.34,2421018.911,85.579
361443.34,2421013.911,83.225
361443.34,2421008.911,80.456
361443.34,2421003.911,77.731
361443.34,2420998.911,74.399
361443.34,2420993.911,71.782
361443.34,2420988.911,68.663
361443.34,2420983.911,64.522
361443.34,2420978.911,60.78
361443.34,2420973.911,54.535
361443.34,2420968.911,54.184
361443.34,2420963.911,53.343
361443.34,2420958.911,49.522
361443.34,2420953.911,46.073
361443.34,2420948.911,44.495
361443.34,2420943.911,42.105
361443.34,2420938.911,41.34
361443.34,2420933.911,41.315
361443.34,2420928.911,41.151
361443.34,2420923.911,34.679
361443.34,2420918.911,35.128
361448.34,2421293.911,41.199
361448.34,2421288.911,41.302
361448.34,2421283.911,41.495
361448.34,2421278.911,41.906
361448.34,2421273.911,43.099
361448.34,2421268.911,43.202
361448.34,2421263.911,44.007
361448.34,2421258.911,46.083
361448.34,2421253.911,48.177
361448.34,2421248.911,51.04
361448.34,2421243.911,53.211
361448.34,2421238.911,52.603
361448.34,2421233.911,52.555
361448.34,2421228.911,52.607
361448.34,2421223.911,52.892
361448.34,2421218.911,52.467
361448.34,2421213.911,53.117
361448.34,2421208.911,53.342
361448.34,2421203.911,51.972
361448.34,2421198.911,52.746
361448.34,2421193.911,52.514
361448.34,2421188.911,53.549
361448.34,2421183.911,53.295
361448.34,2421178.911,54.246
361448.34,2421173.911,56.959
361448.34,2421168.911,62.062
361448.34,2421163.911,67.763
361448.34,2421158.911,70.171
361448.34,2421153.911,72.743
361448.34,2421148.911,74.182
361448.34,2421143.911,75.469
361448.34,2421138.911,76.014
361448.34,2421133.911,76.644
361448.34,2421128.911,77.234
361448.34,2421123.911,77.956
361448.34,2421118.911,79.083
361448.34,2421113.911,80.57
361448.34,2421108.911,81.843
361448.34,2421103.911,84.124
361448.34,2421098.911,85.938
361448.34,2421093.911,87.277
361448.34,2421088.911,87.419
361448.34,2421083.911,87.563
361448.34,2421078.911,89.764
361448.34,2421073.911,90.592
361448.34,2421068.911,91.325
361448.34,2421063.911,92.707
361448.34,2421058.911,93.07
361448.34,2421053.911,93.853
361448.34,2421048.911,94.272
361448.34,2421043.911,94.089
361448.34,2421038.911,93.544
361448.34,2421033.911,91.766
361448.34,2421028.911,89.77
361448.34,2421023.911,87.602
361448.34,2421018.911,85.031
361448.34,2421013.911,82.329
361448.34,2421008.911,79.934
361448.34,2421003.911,76.666
361448.34,2420998.911,73.773
361448.34,2420993.911,70.109
361448.34,2420988.911,66.876
361448.34,2420983.911,62.796
361448.34,2420978.911,59.95
361448.34,2420973.911,54.31
361448.34,2420968.911,54.118
361448.34,2420963.911,52.921
361448.34,2420958.911,48.96
361448.34,2420953.911,45.055
361448.34,2420948.911,44.419
361448.34,2420943.911,42.055
361448.34,2420938.911,41.048
361448.34,2420933.911,40.842
361448.34,2420928.911,40.988
361448.34,2420923.911,34.534
361453.34,2421298.911,41.77
361453.34,2421293.911,41.132
361453.34,2421288.911,41.323
361453.34,2421283.911,41.583
361453.34,2421278.911,41.921
361453.34,2421273.911,42.848
361453.34,2421268.911,43.216
361453.34,2421263.911,43.463
361453.34,2421258.911,45.202
361453.34,2421253.911,47.676
361453.34,2421248.911,50.712
361453.34,2421243.911,52.575
361453.34,2421238.911,51.925
361453.34,2421233.911,52.382
361453.34,2421228.911,52.3
361453.34,2421223.911,52.508
361453.34,2421218.911,52.48
361453.34,2421213.911,52.368
361453.34,2421208.911,52.306
361453.34,2421203.911,51.981
361453.34,2421198.911,52.277
361453.34,2421193.911,52.295
361453.34,2421188.911,53.03
361453.34,2421183.911,53.198
361453.34,2421178.911,54.393
361453.34,2421173.911,56.907
361453.34,2421168.911,61.186
361453.34,2421163.911,67.877
361453.34,2421158.911,70.839
361453.34,2421153.911,73.75
361453.34,2421148.911,75.208
361453.34,2421143.911,75.735
361453.34,2421138.911,76.135
361453.34,2421133.911,76.785
361453.34,2421128.911,77.927
361453.34,2421123.911,78.84
361453.34,2421118.911,79.985
361453.34,2421113.911,81.23
361453.34,2421108.911,82.647
361453.34,2421103.911,84.575
361453.34,2421098.911,86.292
361453.34,2421093.911,87.315
361453.34,2421088.911,87.877
361453.34,2421083.911,89.06
361453.34,2421078.911,90.569
361453.34,2421073.911,91.131
361453.34,2421068.911,91.374
361453.34,2421063.911,92.26
361453.34,2421058.911,92.607
361453.34,2421053.911,93.085
361453.34,2421048.911,93.702
361453.34,2421043.911,93.48
361453.34,2421038.911,93.32
361453.34,2421033.911,91.796
361453.34,2421028.911,89.473
361453.34,2421023.911,87.576
361453.34,2421018.911,84.781
361453.34,2421013.911,81.787
361453.34,2421008.911,78.065
361453.34,2421003.911,74.732
361453.34,2420998.911,71.651
361453.34,2420993.911,68.336
361453.34,2420988.911,64.843
361453.34,2420983.911,62.336
361453.34,2420978.911,58.487
361453.34,2420973.911,54.395
361453.34,2420968.911,54.07
361453.34,2420963.911,52.249
361453.34,2420958.911,48.836
361453.34,2420953.911,45.439
361453.34,2420948.911,43.569
361453.34,2420943.911,41.985
361453.34,2420938.911,40.89
361453.34,2420933.911,40.709
361453.34,2420928.911,40.738
361453.34,2420923.911,34.731
361458.34,2421298.911,41.205
361458.34,2421293.911,41.141
361458.34,2421288.911,41.354
361458.34,2421283.911,41.629
361458.34,2421278.911,41.919
361458.34,2421273.911,42.606
361458.34,2421268.911,43.263
361458.34,2421263.911,43.451
361458.34,2421258.911,44.954
361458.34,2421253.911,46.674
361458.34,2421248.911,49.339
361458.34,2421243.911,51.816
361458.34,2421238.911,52.093
361458.34,2421233.911,51.189
361458.34,2421228.911,51.567
361458.34,2421223.911,51.836
361458.34,2421218.911,51.44
361458.34,2421213.911,51.75
361458.34,2421208.911,50.766
361458.34,2421203.911,50.09
361458.34,2421198.911,50.891
361458.34,2421193.911,52.157
361458.34,2421188.911,52.882
361458.34,2421183.911,53.046
361458.34,2421178.911,54.173
361458.34,2421173.911,57.281
361458.34,2421168.911,60.846
361458.34,2421163.911,66.011
361458.34,2421158.911,70.806
361458.34,2421153.911,72.998
361458.34,2421148.911,75.468
361458.34,2421143.911,75.826
361458.34,2421138.911,76.3
361458.34,2421133.911,77.182
361458.34,2421128.911,78.333
361458.34,2421123.911,79.447
361458.34,2421118.911,80.663
361458.34,2421113.911,82.025
361458.34,2421108.911,83.508
361458.34,2421103.911,85.142
361458.34,2421098.911,86.651
361458.34,2421093.911,87.376
361458.34,2421088.911,88.544
361458.34,2421083.911,89.574
361458.34,2421078.911,91.284
361458.34,2421073.911,91.552
361458.34,2421068.911,91.569
361458.34,2421063.911,92.066
361458.34,2421058.911,92.573
361458.34,2421053.911,92.955
361458.34,2421048.911,93.447
361458.34,2421043.911,93.361
361458.34,2421038.911,93.318
361458.34,2421033.911,91.763
361458.34,2421028.911,89.383
361458.34,2421023.911,86.34
361458.34,2421018.911,82.686
361458.34,2421013.911,79.717
361458.34,2421008.911,77.454
361458.34,2421003.911,74.437
361458.34,2420998.911,70.916
361458.34,2420993.911,67.127
361458.34,2420988.911,65.077
361458.34,2420983.911,61.875
361458.34,2420978.911,58.678
361458.34,2420973.911,55.223
361458.34,2420968.911,53.98
361458.34,2420963.911,51.605
361458.34,2420958.911,47.979
361458.34,2420953.911,45.425
361458.34,2420948.911,42.699
361458.34,2420943.911,41.088
361458.34,2420938.911,40.637
361458.34,2420933.911,40.649
361458.34,2420928.911,40.578
361458.34,2420923.911,34.048
361463.34,2421298.911,41.069
361463.34,2421293.911,41.179
361463.34,2421288.911,41.412
361463.34,2421283.911,41.682
361463.34,2421278.911,41.94
361463.34,2421273.911,42.606
361463.34,2421268.911,43.349
361463.34,2421263.911,43.376
361463.34,2421258.911,44.974
361463.34,2421253.911,46.205
361463.34,2421248.911,48.434
361463.34,2421243.911,50.298
361463.34,2421238.911,51.709
361463.34,2421233.911,50.395
361463.34,2421228.911,50.495
361463.34,2421223.911,50.352
361463.34,2421218.911,50.656
361463.34,2421213.911,50.806
361463.34,2421208.911,49.857
361463.34,2421203.911,50.711
361463.34,2421198.911,51.966
361463.34,2421193.911,52.195
361463.34,2421188.911,52.521
361463.34,2421183.911,52.917
361463.34,2421178.911,54.04
361463.34,2421173.911,57.125
361463.34,2421168.911,61.701
361463.34,2421163.911,66.882
361463.34,2421158.911,70.206
361463.34,2421153.911,72.929
361463.34,2421148.911,75.063
361463.34,2421143.911,75.829
361463.34,2421138.911,76.591
361463.34,2421133.911,77.454
361463.34,2421128.911,78.913
361463.34,2421123.911,80.194
361463.34,2421118.911,81.493
361463.34,2421113.911,82.867
361463.34,2421108.911,84.327
361463.34,2421103.911,85.817
361463.34,2421098.911,87.063
361463.34,2421093.911,88.072
361463.34,2421088.911,89.142
361463.34,2421083.911,90.084
361463.34,2421078.911,91.514
361463.34,2421073.911,91.641
361463.34,2421068.911,91.821
361463.34,2421063.911,92.336
361463.34,2421058.911,92.806
361463.34,2421053.911,93.246
361463.34,2421048.911,93.56
361463.34,2421043.911,93.413
361463.34,2421038.911,92.931
361463.34,2421033.911,91.203
361463.34,2421028.911,88.712
361463.34,2421023.911,85.336
361463.34,2421018.911,81.383
361463.34,2421013.911,77.691
361463.34,2421008.911,74.505
361463.34,2421003.911,72.309
361463.34,2420998.911,70.342
361463.34,2420993.911,66.988
361463.34,2420988.911,64.885
361463.34,2420983.911,61.277
361463.34,2420978.911,56.505
361463.34,2420973.911,54.388
361463.34,2420968.911,53.796
361463.34,2420963.911,50.098
361463.34,2420958.911,46.714
361463.34,2420953.911,44.37
361463.34,2420948.911,42.606
361463.34,2420943.911,40.525
361463.34,2420938.911,40.368
361463.34,2420933.911,40.522
361463.34,2420928.911,40.635
361463.34,2420923.911,33.938
361468.34,2421298.911,41.117
361468.34,2421293.911,41.175
361468.34,2421288.911,41.479
361468.34,2421283.911,41.868
361468.34,2421278.911,41.985
361468.34,2421273.911,42.695
361468.34,2421268.911,43.684
361468.34,2421263.911,43.527
361468.34,2421258.911,44.521
361468.34,2421253.911,45.491
361468.34,2421248.911,47.417
361468.34,2421243.911,48.644
361468.34,2421238.911,49.945
361468.34,2421233.911,49.427
361468.34,2421228.911,49.521
361468.34,2421223.911,49.516
361468.34,2421218.911,48.916
361468.34,2421213.911,48.478
361468.34,2421208.911,48.748
361468.34,2421203.911,51.378
361468.34,2421198.911,51.893
361468.34,2421193.911,52.291
361468.34,2421188.911,51.849
361468.34,2421183.911,52.427
361468.34,2421178.911,54.046
361468.34,2421173.911,57.489
361468.34,2421168.911,61.663
361468.34,2421163.911,66.974
361468.34,2421158.911,69.479
361468.34,2421153.911,72.226
361468.34,2421148.911,74.823
361468.34,2421143.911,75.591
361468.34,2421138.911,76.245
361468.34,2421133.911,77.689
361468.34,2421128.911,79.383
361468.34,2421123.911,81
361468.34,2421118.911,82.457
361468.34,2421113.911,83.987
361468.34,2421108.911,85.145
361468.34,2421103.911,86.531
361468.34,2421098.911,87.775
361468.34,2421093.911,88.969
361468.34,2421088.911,89.736
361468.34,2421083.911,91.105
361468.34,2421078.911,92.112
361468.34,2421073.911,92.049
361468.34,2421068.911,92.336
361468.34,2421063.911,92.894
361468.34,2421058.911,93.627
361468.34,2421053.911,93.791
361468.34,2421048.911,93.906
361468.34,2421043.911,93.375
361468.34,2421038.911,92.446
361468.34,2421033.911,90.601
361468.34,2421028.911,88.188
361468.34,2421023.911,85.135
361468.34,2421018.911,81.597
361468.34,2421013.911,77.35
361468.34,2421008.911,73.221
361468.34,2421003.911,69.873
361468.34,2420998.911,67.378
361468.34,2420993.911,65.711
361468.34,2420988.911,63.681
361468.34,2420983.911,58.542
361468.34,2420978.911,54.606
361468.34,2420973.911,54.057
361468.34,2420968.911,52.018
361468.34,2420963.911,48.838
361468.34,2420958.911,45.866
361468.34,2420953.911,43.397
361468.34,2420948.911,42.662
361468.34,2420943.911,40.228
361468.34,2420938.911,39.942
361468.34,2420933.911,40.31
361468.34,2420928.911,40.917
361468.34,2420923.911,33.422
361473.34,2421298.911,41.048
361473.34,2421293.911,41.306
361473.34,2421288.911,41.525
361473.34,2421283.911,41.767
361473.34,2421278.911,42.032
361473.34,2421273.911,42.794
361473.34,2421268.911,43.604
361473.34,2421263.911,43.695
361473.34,2421258.911,43.796
361473.34,2421253.911,45.175
361473.34,2421248.911,46.245
361473.34,2421243.911,47.112
361473.34,2421238.911,47.775
361473.34,2421233.911,48.177
361473.34,2421228.911,48.294
361473.34,2421223.911,47.951
361473.34,2421218.911,48.504
361473.34,2421213.911,49.787
361473.34,2421208.911,50.853
361473.34,2421203.911,51.954
361473.34,2421198.911,51.33
361473.34,2421193.911,51.757
361473.34,2421188.911,51.748
361473.34,2421183.911,52.46
361473.34,2421178.911,54.213
361473.34,2421173.911,57.639
361473.34,2421168.911,62.059
361473.34,2421163.911,66.626
361473.34,2421158.911,68.969
361473.34,2421153.911,71.771
361473.34,2421148.911,74.262
361473.34,2421143.911,75.296
361473.34,2421138.911,76.314
361473.34,2421133.911,77.842
361473.34,2421128.911,79.484
361473.34,2421123.911,81.367
361473.34,2421118.911,83.289
361473.34,2421113.911,85.071
361473.34,2421108.911,86.265
361473.34,2421103.911,87.559
361473.34,2421098.911,88.718
361473.34,2421093.911,89.732
361473.34,2421088.911,90.2
361473.34,2421083.911,91.769
361473.34,2421078.911,92.593
361473.34,2421073.911,92.53
361473.34,2421068.911,92.912
361473.34,2421063.911,93.59
361473.34,2421058.911,94.146
361473.34,2421053.911,94.726
361473.34,2421048.911,94.353
361473.34,2421043.911,93.425
361473.34,2421038.911,91.629
361473.34,2421033.911,88.686
361473.34,2421028.911,85.759
361473.34,2421023.911,83.19
361473.34,2421018.911,79.748
361473.34,2421013.911,76.011
361473.34,2421008.911,71.92
361473.34,2421003.911,68.285
361473.34,2420998.911,65.17
361473.34,2420993.911,63.143
361473.34,2420988.911,59.743
361473.34,2420983.911,55.158
361473.34,2420978.911,54.426
361473.34,2420973.911,53.904
361473.34,2420968.911,50.652
361473.34,2420963.911,47.54
361473.34,2420958.911,45.06
361473.34,2420953.911,43.154
361473.34,2420948.911,42.333
361473.34,2420943.911,40.307
361473.34,2420938.911,39.914
361473.34,2420933.911,40.121
361473.34,2420928.911,37.996
361473.34,2420923.911,33.44
361478.34,2421303.911,41.507
361478.34,2421298.911,40.976
361478.34,2421293.911,41.373
361478.34,2421288.911,41.461
361478.34,2421283.911,41.804
361478.34,2421278.911,42.088
361478.34,2421273.911,42.807
361478.34,2421268.911,43.402
361478.34,2421263.911,43.792
361478.34,2421258.911,44.004
361478.34,2421253.911,44.558
361478.34,2421248.911,45.528
361478.34,2421243.911,46.646
361478.34,2421238.911,46.993
361478.34,2421233.911,47.351
361478.34,2421228.911,47.27
361478.34,2421223.911,46.605
361478.34,2421218.911,48.808
361478.34,2421213.911,50.346
361478.34,2421208.911,51.578
361478.34,2421203.911,50.998
361478.34,2421198.911,51.088
361478.34,2421193.911,51.72
361478.34,2421188.911,51.874
361478.34,2421183.911,52.94
361478.34,2421178.911,55.08
361478.34,2421173.911,58.445
361478.34,2421168.911,63.732
361478.34,2421163.911,66.067
361478.34,2421158.911,68.61
361478.34,2421153.911,71.135
361478.34,2421148.911,73.6
361478.34,2421143.911,75.072
361478.34,2421138.911,75.749
361478.34,2421133.911,77.711
361478.34,2421128.911,79.614
361478.34,2421123.911,81.59
361478.34,2421118.911,83.651
361478.34,2421113.911,85.677
361478.34,2421108.911,87.286
361478.34,2421103.911,88.691
361478.34,2421098.911,89.848
361478.34,2421093.911,90.795
361478.34,2421088.911,90.725
361478.34,2421083.911,92.129
361478.34,2421078.911,92.871
361478.34,2421073.911,93.066
361478.34,2421068.911,93.457
361478.34,2421063.911,94.33
361478.34,2421058.911,95.002
361478.34,2421053.911,95.222
361478.34,2421048.911,94.662
361478.34,2421043.911,93.414
361478.34,2421038.911,91.218
361478.34,2421033.911,87.858
361478.34,2421028.911,82.405
361478.34,2421023.911,79.228
361478.34,2421018.911,76.608
361478.34,2421013.911,73.872
361478.34,2421008.911,70.059
361478.34,2421003.911,65.625
361478.34,2420998.911,63.085
361478.34,2420993.911,59.86
361478.34,2420988.911,55.004
361478.34,2420983.911,54.43
361478.34,2420978.911,54.39
361478.34,2420973.911,53.791
361478.34,2420968.911,49.807
361478.34,2420963.911,47.162
361478.34,2420958.911,44.674
361478.34,2420953.911,43.199
361478.34,2420948.911,41.731
361478.34,2420943.911,40.601
361478.34,2420938.911,39.723
361478.34,2420933.911,39.675
361478.34,2420928.911,37.89
361478.34,2420923.911,33.846
361483.34,2421303.911,41.841
361483.34,2421298.911,40.904
361483.34,2421293.911,41.255
361483.34,2421288.911,41.518
361483.34,2421283.911,41.827
361483.34,2421278.911,42.18
361483.34,2421273.911,42.613
361483.34,2421268.911,43.505
361483.34,2421263.911,44.008
361483.34,2421258.911,44.066
361483.34,2421253.911,44.557
361483.34,2421248.911,44.98
361483.34,2421243.911,45.759
361483.34,2421238.911,46.462
361483.34,2421233.911,46.618
361483.34,2421228.911,46.295
361483.34,2421223.911,47.538
361483.34,2421218.911,48.927
361483.34,2421213.911,50.289
361483.34,2421208.911,51.042
361483.34,2421203.911,50.357
361483.34,2421198.911,50.824
361483.34,2421193.911,52.309
361483.34,2421188.911,52.912
361483.34,2421183.911,55.259
361483.34,2421178.911,58.299
361483.34,2421173.911,61.076
361483.34,2421168.911,63.27
361483.34,2421163.911,65.644
361483.34,2421158.911,67.853
361483.34,2421153.911,70.43
361483.34,2421148.911,72.931
361483.34,2421143.911,74.401
361483.34,2421138.911,75.22
361483.34,2421133.911,77.344
361483.34,2421128.911,79.504
361483.34,2421123.911,81.544
361483.34,2421118.911,84.172
361483.34,2421113.911,86.375
361483.34,2421108.911,88.118
361483.34,2421103.911,89.98
361483.34,2421098.911,91.066
361483.34,2421093.911,91.144
361483.34,2421088.911,91.598
361483.34,2421083.911,92.679
361483.34,2421078.911,93.051
361483.34,2421073.911,93.529
361483.34,2421068.911,94.126
361483.34,2421063.911,94.986
361483.34,2421058.911,95.736
361483.34,2421053.911,95.651
361483.34,2421048.911,94.542
361483.34,2421043.911,93.416
361483.34,2421038.911,91.421
361483.34,2421033.911,88.141
361483.34,2421028.911,83.842
361483.34,2421023.911,79.446
361483.34,2421018.911,74.728
361483.34,2421013.911,70.96
361483.34,2421008.911,67.366
361483.34,2421003.911,64.492
361483.34,2420998.911,60.323
361483.34,2420993.911,56.379
361483.34,2420988.911,54.508
361483.34,2420983.911,54.448
361483.34,2420978.911,54.486
361483.34,2420973.911,53.71
361483.34,2420968.911,49.263
361483.34,2420963.911,47.287
361483.34,2420958.911,44.81
361483.34,2420953.911,43.018
361483.34,2420948.911,41.741
361483.34,2420943.911,41.091
361483.34,2420938.911,39.27
361483.34,2420933.911,39.311
361483.34,2420928.911,37.982
361483.34,2420923.911,33.694
361488.34,2421303.911,40.906
361488.34,2421298.911,40.902
361488.34,2421293.911,41.294
361488.34,2421288.911,41.486
361488.34,2421283.911,41.8
361488.34,2421278.911,42.147
361488.34,2421273.911,42.652
361488.34,2421268.911,43.437
361488.34,2421263.911,43.867
361488.34,2421258.911,44.018
361488.34,2421253.911,44.524
361488.34,2421248.911,45.147
361488.34,2421243.911,45.598
361488.34,2421238.911,46.155
361488.34,2421233.911,45.822
361488.34,2421228.911,46.306
361488.34,2421223.911,46.499
361488.34,2421218.911,48.687
361488.34,2421213.911,49.683
361488.34,2421208.911,50.232
361488.34,2421203.911,50.08
361488.34,2421198.911,50.557
361488.34,2421193.911,52.217
361488.34,2421188.911,54.131
361488.34,2421183.911,56.827
361488.34,2421178.911,58.957
361488.34,2421173.911,60.973
361488.34,2421168.911,62.996
361488.34,2421163.911,64.975
361488.34,2421158.911,67.197
361488.34,2421153.911,69.705
361488.34,2421148.911,71.763
361488.34,2421143.911,73.569
361488.34,2421138.911,74.827
361488.34,2421133.911,76.938
361488.34,2421128.911,79.361
361488.34,2421123.911,81.677
361488.34,2421118.911,84.144
361488.34,2421113.911,86.733
361488.34,2421108.911,88.794
361488.34,2421103.911,90.798
361488.34,2421098.911,92.103
361488.34,2421093.911,91.717
361488.34,2421088.911,92.026
361488.34,2421083.911,92.86
361488.34,2421078.911,93.69
361488.34,2421073.911,94.044
361488.34,2421068.911,94.669
361488.34,2421063.911,95.405
361488.34,2421058.911,96.266
361488.34,2421053.911,96.266
361488.34,2421048.911,94.406
361488.34,2421043.911,93.269
361488.34,2421038.911,92.883
361488.34,2421033.911,88.645
361488.34,2421028.911,85.103
361488.34,2421023.911,79.847
361488.34,2421018.911,74.951
361488.34,2421013.911,70.02
361488.34,2421008.911,66.682
361488.34,2421003.911,63.25
361488.34,2420998.911,60.377
361488.34,2420993.911,55.712
361488.34,2420988.911,54.267
361488.34,2420983.911,54.302
361488.34,2420978.911,54.478
361488.34,2420973.911,53.489
361488.34,2420968.911,49.575
361488.34,2420963.911,46.283
361488.34,2420958.911,44.302
361488.34,2420953.911,43.083
361488.34,2420948.911,41.808
361488.34,2420943.911,40.051
361488.34,2420938.911,38.89
361488.34,2420933.911,39.186
361488.34,2420928.911,37.268
361488.34,2420923.911,33.834
361493.34,2421303.911,40.99
361493.34,2421298.911,40.913
361493.34,2421293.911,41.151
361493.34,2421288.911,41.49
361493.34,2421283.911,41.881
361493.34,2421278.911,42.134
361493.34,2421273.911,42.418
361493.34,2421268.911,43.21
361493.34,2421263.911,43.804
361493.34,2421258.911,44.076
361493.34,2421253.911,44.136
361493.34,2421248.911,45.334
361493.34,2421243.911,45.493
361493.34,2421238.911,45.903
361493.34,2421233.911,45.502
361493.34,2421228.911,46.044
361493.34,2421223.911,46.99
361493.34,2421218.911,48.48
361493.34,2421213.911,49.25
361493.34,2421208.911,49.027
361493.34,2421203.911,49.933
361493.34,2421198.911,50.191
361493.34,2421193.911,51.948
361493.34,2421188.911,53.759
361493.34,2421183.911,56.515
361493.34,2421178.911,58.459
361493.34,2421173.911,60.404
361493.34,2421168.911,62.23
361493.34,2421163.911,64.282
361493.34,2421158.911,66.426
361493.34,2421153.911,68.554
361493.34,2421148.911,70.541
361493.34,2421143.911,72.743
361493.34,2421138.911,74.48
361493.34,2421133.911,76.723
361493.34,2421128.911,79.098
361493.34,2421123.911,81.697
361493.34,2421118.911,84.231
361493.34,2421113.911,86.683
361493.34,2421108.911,88.936
361493.34,2421103.911,91.049
361493.34,2421098.911,92.414
361493.34,2421093.911,92.169
361493.34,2421088.911,93.075
361493.34,2421083.911,93.809
361493.34,2421078.911,94.178
361493.34,2421073.911,94.475
361493.34,2421068.911,95.17
361493.34,2421063.911,96.241
361493.34,2421058.911,96.947
361493.34,2421053.911,96.448
361493.34,2421048.911,94.256
361493.34,2421043.911,91.993
361493.34,2421038.911,90.122
361493.34,2421033.911,87.13
361493.34,2421028.911,82.128
361493.34,2421023.911,77.495
361493.34,2421018.911,73.432
361493.34,2421013.911,69.775
361493.34,2421008.911,66.283
361493.34,2421003.911,62.756
361493.34,2420998.911,58.987
361493.34,2420993.911,54.871
361493.34,2420988.911,54.038
361493.34,2420983.911,53.924
361493.34,2420978.911,53.84
361493.34,2420973.911,52.672
361493.34,2420968.911,49.162
361493.34,2420963.911,46.112
361493.34,2420958.911,43.794
361493.34,2420953.911,42.949
361493.34,2420948.911,41.048
361493.34,2420943.911,38.998
361493.34,2420938.911,38.577
361493.34,2420933.911,38.676
361493.34,2420928.911,37.126
361493.34,2420923.911,33.784
361498.34,2421303.911,42.01
361498.34,2421298.911,40.902
361498.34,2421293.911,41.083
361498.34,2421288.911,41.407
361498.34,2421283.911,41.686
361498.34,2421278.911,41.992
361498.34,2421273.911,42.216
361498.34,2421268.911,42.803
361498.34,2421263.911,43.905
361498.34,2421258.911,43.931
361498.34,2421253.911,43.982
361498.34,2421248.911,44.985
361498.34,2421243.911,45.567
361498.34,2421238.911,46.132
361498.34,2421233.911,45.728
361498.34,2421228.911,46.293
361498.34,2421223.911,47.162
361498.34,2421218.911,47.567
361498.34,2421213.911,47.854
361498.34,2421208.911,49.44
361498.34,2421203.911,49.802
361498.34,2421198.911,50.229
361498.34,2421193.911,51.39
361498.34,2421188.911,53.9
361498.34,2421183.911,56.169
361498.34,2421178.911,57.906
361498.34,2421173.911,59.51
361498.34,2421168.911,61.615
361498.34,2421163.911,63.54
361498.34,2421158.911,65.558
361498.34,2421153.911,67.797
361498.34,2421148.911,70.489
361498.34,2421143.911,72.848
361498.34,2421138.911,74.274
361498.34,2421133.911,76.517
361498.34,2421128.911,78.908
361498.34,2421123.911,81.161
361498.34,2421118.911,83.7
361498.34,2421113.911,86.113
361498.34,2421108.911,88.627
361498.34,2421103.911,90.721
361498.34,2421098.911,92.003
361498.34,2421093.911,92.196
361498.34,2421088.911,93.066
361498.34,2421083.911,94.204
361498.34,2421078.911,94.723
361498.34,2421073.911,95.326
361498.34,2421068.911,96.251
361498.34,2421063.911,97.391
361498.34,2421058.911,97.411
361498.34,2421053.911,95.827
361498.34,2421048.911,92.678
361498.34,2421043.911,90.169
361498.34,2421038.911,87.26
361498.34,2421033.911,83.415
361498.34,2421028.911,80.836
361498.34,2421023.911,76.925
361498.34,2421018.911,72.942
361498.34,2421013.911,69.561
361498.34,2421008.911,65.919
361498.34,2421003.911,61.851
361498.34,2420998.911,57.822
361498.34,2420993.911,54.432
361498.34,2420988.911,53.966
361498.34,2420983.911,53.872
361498.34,2420978.911,53.799
361498.34,2420973.911,51.378
361498.34,2420968.911,48.215
361498.34,2420963.911,44.552
361498.34,2420958.911,43.214
361498.34,2420953.911,42.815
361498.34,2420948.911,40.817
361498.34,2420943.911,38.619
361498.34,2420938.911,38.29
361498.34,2420933.911,38.309
361498.34,2420928.911,36.655
361498.34,2420923.911,33.664
361503.34,2421308.911,43.307
361503.34,2421303.911,41.86
361503.34,2421298.911,40.938
361503.34,2421293.911,41.001
361503.34,2421288.911,41.297
361503.34,2421283.911,41.561
361503.34,2421278.911,41.741
361503.34,2421273.911,42.038
361503.34,2421268.911,42.293
361503.34,2421263.911,43.942
361503.34,2421258.911,43.877
361503.34,2421253.911,43.909
361503.34,2421248.911,44.289
361503.34,2421243.911,45.826
361503.34,2421238.911,46.261
361503.34,2421233.911,46.303
361503.34,2421228.911,46.332
361503.34,2421223.911,46.532
361503.34,2421218.911,47.109
361503.34,2421213.911,48.118
361503.34,2421208.911,49.073
361503.34,2421203.911,49.848
361503.34,2421198.911,50.128
361503.34,2421193.911,51.107
361503.34,2421188.911,52.93
361503.34,2421183.911,55.392
361503.34,2421178.911,57.12
361503.34,2421173.911,58.883
361503.34,2421168.911,60.977
361503.34,2421163.911,62.847
361503.34,2421158.911,65.218
361503.34,2421153.911,67.671
361503.34,2421148.911,70.193
361503.34,2421143.911,72.683
361503.34,2421138.911,73.96
361503.34,2421133.911,75.895
361503.34,2421128.911,78.259
361503.34,2421123.911,80.571
361503.34,2421118.911,82.905
361503.34,2421113.911,85.394
361503.34,2421108.911,87.683
361503.34,2421103.911,89.819
361503.34,2421098.911,91.485
361503.34,2421093.911,92.087
361503.34,2421088.911,92.387
361503.34,2421083.911,94.304
361503.34,2421078.911,94.888
361503.34,2421073.911,95.852
361503.34,2421068.911,97.298
361503.34,2421063.911,97.855
361503.34,2421058.911,96.795
361503.34,2421053.911,94.49
361503.34,2421048.911,90.817
361503.34,2421043.911,87.911
361503.34,2421038.911,85.361
361503.34,2421033.911,82.322
361503.34,2421028.911,79.695
361503.34,2421023.911,75.921
361503.34,2421018.911,72.555
361503.34,2421013.911,69.169
361503.34,2421008.911,65.506
361503.34,2421003.911,61.43
361503.34,2420998.911,57.808
361503.34,2420993.911,54.111
361503.34,2420988.911,54.165
361503.34,2420983.911,53.85
361503.34,2420978.911,53.407
361503.34,2420973.911,50.145
361503.34,2420968.911,47.083
361503.34,2420963.911,43.595
361503.34,2420958.911,43.05
361503.34,2420953.911,42.705
361503.34,2420948.911,40.326
361503.34,2420943.911,38.138
361503.34,2420938.911,38.226
361503.34,2420933.911,38.279
361503.34,2420928.911,36.398
361503.34,2420923.911,32.925
361508.34,2421308.911,42.42
361508.34,2421303.911,41.507
361508.34,2421298.911,40.938
361508.34,2421293.911,40.918
361508.34,2421288.911,41.243
361508.34,2421283.911,41.454
361508.34,2421278.911,41.427
361508.34,2421273.911,41.69
361508.34,2421268.911,41.779
361508.34,2421263.911,43.085
361508.34,2421258.911,43.839
361508.34,2421253.911,43.778
361508.34,2421248.911,44.049
361508.34,2421243.911,44.818
361508.34,2421238.911,45.985
361508.34,2421233.911,46.226
361508.34,2421228.911,46.301
361508.34,2421223.911,46.901
361508.34,2421218.911,47.555
361508.34,2421213.911,47.806
361508.34,2421208.911,49.118
361508.34,2421203.911,50.009
361508.34,2421198.911,50.13
361508.34,2421193.911,51.294
361508.34,2421188.911,53.246
361508.34,2421183.911,54.989
361508.34,2421178.911,57.174
361508.34,2421173.911,58.771
361508.34,2421168.911,60.762
361508.34,2421163.911,62.616
361508.34,2421158.911,64.696
361508.34,2421153.911,67.143
361508.34,2421148.911,69.54
361508.34,2421143.911,72.192
361508.34,2421138.911,73.606
361508.34,2421133.911,75.291
361508.34,2421128.911,77.672
361508.34,2421123.911,79.753
361508.34,2421118.911,81.99
361508.34,2421113.911,84.197
361508.34,2421108.911,86.743
361508.34,2421103.911,88.676
361508.34,2421098.911,90.773
361508.34,2421093.911,91.908
361508.34,2421088.911,92.625
361508.34,2421083.911,94.022
361508.34,2421078.911,95.195
361508.34,2421073.911,96.243
361508.34,2421068.911,97.584
361508.34,2421063.911,97.914
361508.34,2421058.911,96.126
361508.34,2421053.911,93.094
361508.34,2421048.911,89.916
361508.34,2421043.911,86.81
361508.34,2421038.911,84.153
361508.34,2421033.911,81.497
361508.34,2421028.911,78.271
361508.34,2421023.911,75.487
361508.34,2421018.911,72.366
361508.34,2421013.911,68.836
361508.34,2421008.911,65.146
361508.34,2421003.911,61.691
361508.34,2420998.911,57.646
361508.34,2420993.911,54.787
361508.34,2420988.911,54.323
361508.34,2420983.911,53.91
361508.34,2420978.911,51.554
361508.34,2420973.911,48.513
361508.34,2420968.911,45.194
361508.34,2420963.911,43.327
361508.34,2420958.911,42.861
361508.34,2420953.911,41.964
361508.34,2420948.911,39.657
361508.34,2420943.911,38.226
361508.34,2420938.911,37.996
361508.34,2420933.911,38.063
361508.34,2420928.911,36.574
361513.34,2421308.911,42.721
361513.34,2421303.911,41.142
361513.34,2421298.911,40.952
361513.34,2421293.911,40.929
361513.34,2421288.911,41.04
361513.34,2421283.911,41.25
361513.34,2421278.911,41.325
361513.34,2421273.911,41.405
361513.34,2421268.911,41.612
361513.34,2421263.911,42.131
361513.34,2421258.911,43.918
361513.34,2421253.911,43.675
361513.34,2421248.911,43.869
361513.34,2421243.911,44.525
361513.34,2421238.911,44.342
361513.34,2421233.911,46.071
361513.34,2421228.911,46.271
361513.34,2421223.911,46.56
361513.34,2421218.911,47.014
361513.34,2421213.911,48.012
361513.34,2421208.911,48.806
361513.34,2421203.911,49.806
361513.34,2421198.911,50.453
361513.34,2421193.911,51.461
361513.34,2421188.911,52.811
361513.34,2421183.911,54.76
361513.34,2421178.911,56.897
361513.34,2421173.911,58.641
361513.34,2421168.911,60.627
361513.34,2421163.911,62.299
361513.34,2421158.911,64.262
361513.34,2421153.911,66.304
361513.34,2421148.911,68.654
361513.34,2421143.911,71.077
361513.34,2421138.911,73.106
361513.34,2421133.911,74.921
361513.34,2421128.911,76.984
361513.34,2421123.911,78.967
361513.34,2421118.911,81.212
361513.34,2421113.911,83.436
361513.34,2421108.911,85.794
361513.34,2421103.911,88.06
361513.34,2421098.911,90.387
361513.34,2421093.911,91.938
361513.34,2421088.911,92.596
361513.34,2421083.911,93.863
361513.34,2421078.911,95.357
361513.34,2421073.911,97.02
361513.34,2421068.911,97.663
361513.34,2421063.911,97.269
361513.34,2421058.911,95.149
361513.34,2421053.911,92.122
361513.34,2421048.911,89.324
361513.34,2421043.911,86.453
361513.34,2421038.911,83.553
361513.34,2421033.911,81.009
361513.34,2421028.911,78.34
361513.34,2421023.911,75.435
361513.34,2421018.911,72.604
361513.34,2421013.911,69.914
361513.34,2421008.911,67.231
361513.34,2421003.911,61.507
361513.34,2420998.911,58.032
361513.34,2420993.911,54.849
361513.34,2420988.911,54.18
361513.34,2420983.911,53.755
361513.34,2420978.911,49.952
361513.34,2420973.911,47.502
361513.34,2420968.911,44.221
361513.34,2420963.911,43.503
361513.34,2420958.911,42.688
361513.34,2420953.911,40.996
361513.34,2420948.911,38.314
361513.34,2420943.911,37.992
361513.34,2420938.911,37.859
361513.34,2420933.911,38.046
361513.34,2420928.911,36
361518.34,2421308.911,42.561
361518.34,2421303.911,41.063
361518.34,2421298.911,40.958
361518.34,2421293.911,40.903
361518.34,2421288.911,40.916
361518.34,2421283.911,41.034
361518.34,2421278.911,41.167
361518.34,2421273.911,41.282
361518.34,2421268.911,41.458
361518.34,2421263.911,42.136
361518.34,2421258.911,42.691
361518.34,2421253.911,43.55
361518.34,2421248.911,43.713
361518.34,2421243.911,44.313
361518.34,2421238.911,44.218
361518.34,2421233.911,44.965
361518.34,2421228.911,46.33
361518.34,2421223.911,46.692
361518.34,2421218.911,46.934
361518.34,2421213.911,47.345
361518.34,2421208.911,48.616
361518.34,2421203.911,49.469
361518.34,2421198.911,50.137
361518.34,2421193.911,51.291
361518.34,2421188.911,52.917
361518.34,2421183.911,54.684
361518.34,2421178.911,56.37
361518.34,2421173.911,58.089
361518.34,2421168.911,59.781
361518.34,2421163.911,61.535
361518.34,2421158.911,63.202
361518.34,2421153.911,65.477
361518.34,2421148.911,67.681
361518.34,2421143.911,69.799
361518.34,2421138.911,72.172
361518.34,2421133.911,74.186
361518.34,2421128.911,76.225
361518.34,2421123.911,78.414
361518.34,2421118.911,80.646
361518.34,2421113.911,82.957
361518.34,2421108.911,85.39
361518.34,2421103.911,87.755
361518.34,2421098.911,90.346
361518.34,2421093.911,92.036
361518.34,2421088.911,92.575
361518.34,2421083.911,93.837
361518.34,2421078.911,95.372
361518.34,2421073.911,96.682
361518.34,2421068.911,97.112
361518.34,2421063.911,96.316
361518.34,2421058.911,94.177
361518.34,2421053.911,91.35
361518.34,2421048.911,88.432
361518.34,2421043.911,86.036
361518.34,2421038.911,83.124
361518.34,2421033.911,80.404
361518.34,2421028.911,78.263
361518.34,2421023.911,75.689
361518.34,2421018.911,72.968
361518.34,2421013.911,70.754
361518.34,2421008.911,67.501
361518.34,2421003.911,62.4
361518.34,2420998.911,59.192
361518.34,2420993.911,55.218
361518.34,2420988.911,54.348
361518.34,2420983.911,53.69
361518.34,2420978.911,50.011
361518.34,2420973.911,46.857
361518.34,2420968.911,44.154
361518.34,2420963.911,42.795
361518.34,2420958.911,42.349
361518.34,2420953.911,41.062
361518.34,2420948.911,38.599
361518.34,2420943.911,37.974
361518.34,2420938.911,37.745
361518.34,2420933.911,37.806
361518.34,2420928.911,34.849
361523.34,2421308.911,42.235
361523.34,2421303.911,41.2
361523.34,2421298.911,40.973
361523.34,2421293.911,40.96
361523.34,2421288.911,40.916
361523.34,2421283.911,40.918
361523.34,2421278.911,41.032
361523.34,2421273.911,41.232
361523.34,2421268.911,41.551
361523.34,2421263.911,42.071
361523.34,2421258.911,42.69
361523.34,2421253.911,43.421
361523.34,2421248.911,43.576
361523.34,2421243.911,43.735
361523.34,2421238.911,44.33
361523.34,2421233.911,44.721
361523.34,2421228.911,45.083
361523.34,2421223.911,47.042
361523.34,2421218.911,47.227
361523.34,2421213.911,47.523
361523.34,2421208.911,48.027
361523.34,2421203.911,48.725
361523.34,2421198.911,49.856
361523.34,2421193.911,51.138
361523.34,2421188.911,52.458
361523.34,2421183.911,54.085
361523.34,2421178.911,55.273
361523.34,2421173.911,57.245
361523.34,2421168.911,58.873
361523.34,2421163.911,60.53
361523.34,2421158.911,62.433
361523.34,2421153.911,64.396
361523.34,2421148.911,66.781
361523.34,2421143.911,68.914
361523.34,2421138.911,71.644
361523.34,2421133.911,73.326
361523.34,2421128.911,75.597
361523.34,2421123.911,77.942
361523.34,2421118.911,80.313
361523.34,2421113.911,82.478
361523.34,2421108.911,84.858
361523.34,2421103.911,87.401
361523.34,2421098.911,89.977
361523.34,2421093.911,92.068
361523.34,2421088.911,92.517
361523.34,2421083.911,93.853
361523.34,2421078.911,94.469
361523.34,2421073.911,95.086
361523.34,2421068.911,94.826
361523.34,2421063.911,94.644
361523.34,2421058.911,92.779
361523.34,2421053.911,90.475
361523.34,2421048.911,87.78
361523.34,2421043.911,85.345
361523.34,2421038.911,82.544
361523.34,2421033.911,80.122
361523.34,2421028.911,77.769
361523.34,2421023.911,75.071
361523.34,2421018.911,72.727
361523.34,2421013.911,70.334
361523.34,2421008.911,67.562
361523.34,2421003.911,63.013
361523.34,2420998.911,59.838
361523.34,2420993.911,55.189
361523.34,2420988.911,54.611
361523.34,2420983.911,52.742
361523.34,2420978.911,49.713
361523.34,2420973.911,47.094
361523.34,2420968.911,44.28
361523.34,2420963.911,43.031
361523.34,2420958.911,42.115
361523.34,2420953.911,40.4
361523.34,2420948.911,38.008
361523.34,2420943.911,37.732
361523.34,2420938.911,37.64
361523.34,2420933.911,36.934
361523.34,2420928.911,34.044
361528.34,2421308.911,40.913
361528.34,2421303.911,40.924
361528.34,2421298.911,40.911
361528.34,2421293.911,40.941
361528.34,2421288.911,40.903
361528.34,2421283.911,40.895
361528.34,2421278.911,41.041
361528.34,2421273.911,41.065
361528.34,2421268.911,41.521
361528.34,2421263.911,41.845
361528.34,2421258.911,42.68
361528.34,2421253.911,43.275
361528.34,2421248.911,43.337
361528.34,2421243.911,43.55
361528.34,2421238.911,44.048
361528.34,2421233.911,44.507
361528.34,2421228.911,44.752
361528.34,2421223.911,45.809
361528.34,2421218.911,46.056
361528.34,2421213.911,44.769
361528.34,2421208.911,47.26
361528.34,2421203.911,48.637
361528.34,2421198.911,49.394
361528.34,2421193.911,50.591
361528.34,2421188.911,51.977
361528.34,2421183.911,52.809
361528.34,2421178.911,54.319
361528.34,2421173.911,56.152
361528.34,2421168.911,57.952
361528.34,2421163.911,59.751
361528.34,2421158.911,61.924
361528.34,2421153.911,64.117
361528.34,2421148.911,66.223
361528.34,2421143.911,68.825
361528.34,2421138.911,71.448
361528.34,2421133.911,72.93
361528.34,2421128.911,75.075
361528.34,2421123.911,77.578
361528.34,2421118.911,80.024
361528.34,2421113.911,82.351
361528.34,2421108.911,84.463
361528.34,2421103.911,86.72
361528.34,2421098.911,89.288
361528.34,2421093.911,91.295
361528.34,2421088.911,92.504
361528.34,2421083.911,93.121
361528.34,2421078.911,93.603
361528.34,2421073.911,93.691
361528.34,2421068.911,93.239
361528.34,2421063.911,92.845
361528.34,2421058.911,91.439
361528.34,2421053.911,89.123
361528.34,2421048.911,87.01
361528.34,2421043.911,84.789
361528.34,2421038.911,82.035
361528.34,2421033.911,79.495
361528.34,2421028.911,77.18
361528.34,2421023.911,74.777
361528.34,2421018.911,72.325
361528.34,2421013.911,70.113
361528.34,2421008.911,67.292
361528.34,2421003.911,63.054
361528.34,2420998.911,58.986
361528.34,2420993.911,55.263
361528.34,2420988.911,54.739
361528.34,2420983.911,53.928
361528.34,2420978.911,49.63
361528.34,2420973.911,46.971
361528.34,2420968.911,43.903
361528.34,2420963.911,41.612
361528.34,2420958.911,40.305
361528.34,2420953.911,39.428
361528.34,2420948.911,37.858
361528.34,2420943.911,37.569
361528.34,2420938.911,37.743
361528.34,2420933.911,36.474
361528.34,2420928.911,33.386
361533.34,2421313.911,41.13
361533.34,2421308.911,40.906
361533.34,2421303.911,41.1
361533.34,2421298.911,40.981
361533.34,2421293.911,41.023
361533.34,2421288.911,40.92
361533.34,2421283.911,40.907
361533.34,2421278.911,40.916
361533.34,2421273.911,40.935
361533.34,2421268.911,41.382
361533.34,2421263.911,41.503
361533.34,2421258.911,42.307
361533.34,2421253.911,43.468
361533.34,2421248.911,43.277
361533.34,2421243.911,43.214
361533.34,2421238.911,44.057
361533.34,2421233.911,44.345
361533.34,2421228.911,44.784
361533.34,2421223.911,46.271
361533.34,2421218.911,46.822
361533.34,2421213.911,46.46
361533.34,2421208.911,46.295
361533.34,2421203.911,48.942
361533.34,2421198.911,49.529
361533.34,2421193.911,50.157
361533.34,2421188.911,51.225
361533.34,2421183.911,52.282
361533.34,2421178.911,53.884
361533.34,2421173.911,54.702
361533.34,2421168.911,57.069
361533.34,2421163.911,59.308
361533.34,2421158.911,61.379
361533.34,2421153.911,63.34
361533.34,2421148.911,65.541
361533.34,2421143.911,68.231
361533.34,2421138.911,70.618
361533.34,2421133.911,72.359
361533.34,2421128.911,74.526
361533.34,2421123.911,76.93
361533.34,2421118.911,79.367
361533.34,2421113.911,81.701
361533.34,2421108.911,83.732
361533.34,2421103.911,86.071
361533.34,2421098.911,88.411
361533.34,2421093.911,90.489
361533.34,2421088.911,92.181
361533.34,2421083.911,92.214
361533.34,2421078.911,92.45
361533.34,2421073.911,92.334
361533.34,2421068.911,91.955
361533.34,2421063.911,90.848
361533.34,2421058.911,89.529
361533.34,2421053.911,88.096
361533.34,2421048.911,86.134
361533.34,2421043.911,83.864
361533.34,2421038.911,81.439
361533.34,2421033.911,79.061
361533.34,2421028.911,77.14
361533.34,2421023.911,74.62
361533.34,2421018.911,72.142
361533.34,2421013.911,69.619
361533.34,2421008.911,66.852
361533.34,2421003.911,63.366
361533.34,2420998.911,59.025
361533.34,2420993.911,55.491
361533.34,2420988.911,54.862
361533.34,2420983.911,53.829
361533.34,2420978.911,49.661
361533.34,2420973.911,46.501
361533.34,2420968.911,43.684
361533.34,2420963.911,41.432
361533.34,2420958.911,39.321
361533.34,2420953.911,37.919
361533.34,2420948.911,37.836
361533.34,2420943.911,37.495
361533.34,2420938.911,37.619
361533.34,2420933.911,35.404
361533.34,2420928.911,32.304
361538.34,2421313.911,40.92
361538.34,2421308.911,41.006
361538.34,2421303.911,41.218
361538.34,2421298.911,41.052
361538.34,2421293.911,40.975
361538.34,2421288.911,40.867
361538.34,2421283.911,40.933
361538.34,2421278.911,40.97
361538.34,2421273.911,41.038
361538.34,2421268.911,41.229
361538.34,2421263.911,41.247
361538.34,2421258.911,41.819
361538.34,2421253.911,42.899
361538.34,2421248.911,43.167
361538.34,2421243.911,42.996
361538.34,2421238.911,43.739
361538.34,2421233.911,44.241
361538.34,2421228.911,44.739
361538.34,2421223.911,46.527
361538.34,2421218.911,47.121
361538.34,2421213.911,46.987
361538.34,2421208.911,48.432
361538.34,2421203.911,49.096
361538.34,2421198.911,49.873
361538.34,2421193.911,50.461
361538.34,2421188.911,51.441
361538.34,2421183.911,52.265
361538.34,2421178.911,52.974
361538.34,2421173.911,55.317
361538.34,2421168.911,56.405
361538.34,2421163.911,58.884
361538.34,2421158.911,60.771
361538.34,2421153.911,62.901
361538.34,2421148.911,65.031
361538.34,2421143.911,67.349
361538.34,2421138.911,69.577
361538.34,2421133.911,71.803
361538.34,2421128.911,73.773
361538.34,2421123.911,76.108
361538.34,2421118.911,78.538
361538.34,2421113.911,80.842
361538.34,2421108.911,82.806
361538.34,2421103.911,85.109
361538.34,2421098.911,87.353
361538.34,2421093.911,89.611
361538.34,2421088.911,91.218
361538.34,2421083.911,91.907
361538.34,2421078.911,91.699
361538.34,2421073.911,91.508
361538.34,2421068.911,90.662
361538.34,2421063.911,89.868
361538.34,2421058.911,88.804
361538.34,2421053.911,87.071
361538.34,2421048.911,85.269
361538.34,2421043.911,83.444
361538.34,2421038.911,81.4
361538.34,2421033.911,79.074
361538.34,2421028.911,77.053
361538.34,2421023.911,74.656
361538.34,2421018.911,72.018
361538.34,2421013.911,69.413
361538.34,2421008.911,66.925
361538.34,2421003.911,63.634
361538.34,2420998.911,60.061
361538.34,2420993.911,55.913
361538.34,2420988.911,54.941
361538.34,2420983.911,54.389
361538.34,2420978.911,50.688
361538.34,2420973.911,47.258
361538.34,2420968.911,44.242
361538.34,2420963.911,42.132
361538.34,2420958.911,40.19
361538.34,2420953.911,38.159
361538.34,2420948.911,37.715
361538.34,2420943.911,37.643
361538.34,2420938.911,38.229
361538.34,2420933.911,34.48
361538.34,2420928.911,31.767
361543.34,2421313.911,41.168
361543.34,2421308.911,41.067
361543.34,2421303.911,40.934
361543.34,2421298.911,40.92
361543.34,2421293.911,40.906
361543.34,2421288.911,40.901
361543.34,2421283.911,40.885
361543.34,2421278.911,40.888
361543.34,2421273.911,40.903
361543.34,2421268.911,41.158
361543.34,2421263.911,41.264
361543.34,2421258.911,41.508
361543.34,2421253.911,42.669
361543.34,2421248.911,43.199
361543.34,2421243.911,43.029
361543.34,2421238.911,43.548
361543.34,2421233.911,43.926
361543.34,2421228.911,44.317
361543.34,2421223.911,46.491
361543.34,2421218.911,46.007
361543.34,2421213.911,47.174
361543.34,2421208.911,47.917
361543.34,2421203.911,49.046
361543.34,2421198.911,49.909
361543.34,2421193.911,50.986
361543.34,2421188.911,51.963
361543.34,2421183.911,52.541
361543.34,2421178.911,52.871
361543.34,2421173.911,54.745
361543.34,2421168.911,56.134
361543.34,2421163.911,58.192
361543.34,2421158.911,59.897
361543.34,2421153.911,62.224
361543.34,2421148.911,64.359
361543.34,2421143.911,66.512
361543.34,2421138.911,68.89
361543.34,2421133.911,71.215
361543.34,2421128.911,73.004
361543.34,2421123.911,75.278
361543.34,2421118.911,77.709
361543.34,2421113.911,79.95
361543.34,2421108.911,82.137
361543.34,2421103.911,84.291
361543.34,2421098.911,86.455
361543.34,2421093.911,88.619
361543.34,2421088.911,90.352
361543.34,2421083.911,91.364
361543.34,2421078.911,91.137
361543.34,2421073.911,90.592
361543.34,2421068.911,89.933
361543.34,2421063.911,89.084
361543.34,2421058.911,88.028
361543.34,2421053.911,86.584
361543.34,2421048.911,84.944
361543.34,2421043.911,83.335
361543.34,2421038.911,81.474
361543.34,2421033.911,79.515
361543.34,2421028.911,77.355
361543.34,2421023.911,75.079
361543.34,2421018.911,72.638
361543.34,2421013.911,69.464
361543.34,2421008.911,66.812
361543.34,2421003.911,64.221
361543.34,2420998.911,61.062
361543.34,2420993.911,56.725
361543.34,2420988.911,55.198
361543.34,2420983.911,54.954
361543.34,2420978.911,51.773
361543.34,2420973.911,48.417
361543.34,2420968.911,45.796
361543.34,2420963.911,43.254
361543.34,2420958.911,41.085
361543.34,2420953.911,39.535
361543.34,2420948.911,37.75
361543.34,2420943.911,37.477
361543.34,2420938.911,37.37
361543.34,2420933.911,33.64
361543.34,2420928.911,31.987
361548.34,2421313.911,41.494
361548.34,2421308.911,40.916
361548.34,2421303.911,40.96
361548.34,2421298.911,40.903
361548.34,2421293.911,41.011
361548.34,2421288.911,41.021
361548.34,2421283.911,40.887
361548.34,2421278.911,40.886
361548.34,2421273.911,40.882
361548.34,2421268.911,40.959
361548.34,2421263.911,41.026
361548.34,2421258.911,41.466
361548.34,2421253.911,42.106
361548.34,2421248.911,43.172
361548.34,2421243.911,43.135
361548.34,2421238.911,43.463
361548.34,2421233.911,44.251
361548.34,2421228.911,44.879
361548.34,2421223.911,45.302
361548.34,2421218.911,46.191
361548.34,2421213.911,47.308
361548.34,2421208.911,47.858
361548.34,2421203.911,48.137
361548.34,2421198.911,49.273
361548.34,2421193.911,51.118
361548.34,2421188.911,52.394
361548.34,2421183.911,53.016
361548.34,2421178.911,53.669
361548.34,2421173.911,54.382
361548.34,2421168.911,56.021
361548.34,2421163.911,57.543
361548.34,2421158.911,59.437
361548.34,2421153.911,61.37
361548.34,2421148.911,63.503
361548.34,2421143.911,65.545
361548.34,2421138.911,67.793
361548.34,2421133.911,70.193
361548.34,2421128.911,72.523
361548.34,2421123.911,74.395
361548.34,2421118.911,76.852
361548.34,2421113.911,79.143
361548.34,2421108.911,81.261
361548.34,2421103.911,83.405
361548.34,2421098.911,85.366
361548.34,2421093.911,87.374
361548.34,2421088.911,89.358
361548.34,2421083.911,90.746
361548.34,2421078.911,90.911
361548.34,2421073.911,90.349
361548.34,2421068.911,89.71
361548.34,2421063.911,88.635
361548.34,2421058.911,87.558
361548.34,2421053.911,86.21
361548.34,2421048.911,84.733
361548.34,2421043.911,83.483
361548.34,2421038.911,82.022
361548.34,2421033.911,80.274
361548.34,2421028.911,78.611
361548.34,2421023.911,75.812
361548.34,2421018.911,73.188
361548.34,2421013.911,69.949
361548.34,2421008.911,67.245
361548.34,2421003.911,64.443
361548.34,2420998.911,61.594
361548.34,2420993.911,57.967
361548.34,2420988.911,55.377
361548.34,2420983.911,55.477
361548.34,2420978.911,54.207
361548.34,2420973.911,49.491
361548.34,2420968.911,46.827
361548.34,2420963.911,44.52
361548.34,2420958.911,42.15
361548.34,2420953.911,39.913
361548.34,2420948.911,37.674
361548.34,2420943.911,37.617
361548.34,2420938.911,37.774
361548.34,2420933.911,33.451
361548.34,2420928.911,31.835
361553.34,2421313.911,41.409
361553.34,2421308.911,40.924
361553.34,2421303.911,40.888
361553.34,2421298.911,40.915
361553.34,2421293.911,40.928
361553.34,2421288.911,40.894
361553.34,2421283.911,40.886
361553.34,2421278.911,40.881
361553.34,2421273.911,40.873
361553.34,2421268.911,40.883
361553.34,2421263.911,40.88
361553.34,2421258.911,41.281
361553.34,2421253.911,41.908
361553.34,2421248.911,43.153
361553.34,2421243.911,43.07
361553.34,2421238.911,43.512
361553.34,2421233.911,44.593
361553.34,2421228.911,45.096
361553.34,2421223.911,45.818
361553.34,2421218.911,46.406
361553.34,2421213.911,47.003
361553.34,2421208.911,47.734
361553.34,2421203.911,48.096
361553.34,2421198.911,49.231
361553.34,2421193.911,50.881
361553.34,2421188.911,53.141
361553.34,2421183.911,53.761
361553.34,2421178.911,54.243
361553.34,2421173.911,54.973
361553.34,2421168.911,55.856
361553.34,2421163.911,57.001
361553.34,2421158.911,58.916
361553.34,2421153.911,60.685
361553.34,2421148.911,62.665
361553.34,2421143.911,64.747
361553.34,2421138.911,66.957
361553.34,2421133.911,69.267
361553.34,2421128.911,71.884
361553.34,2421123.911,73.908
361553.34,2421118.911,76.033
361553.34,2421113.911,78.411
361553.34,2421108.911,80.484
361553.34,2421103.911,82.581
361553.34,2421098.911,84.459
361553.34,2421093.911,86.248
361553.34,2421088.911,88.016
361553.34,2421083.911,89.656
361553.34,2421078.911,90.709
361553.34,2421073.911,90.398
361553.34,2421068.911,89.671
361553.34,2421063.911,88.608
361553.34,2421058.911,87.694
361553.34,2421053.911,86.363
361553.34,2421048.911,85.15
361553.34,2421043.911,83.77
361553.34,2421038.911,82.652
361553.34,2421033.911,81.269
361553.34,2421028.911,79.175
361553.34,2421023.911,76.444
361553.34,2421018.911,74.123
361553.34,2421013.911,70.686
361553.34,2421008.911,67.962
361553.34,2421003.911,63.69
361553.34,2420998.911,60.928
361553.34,2420993.911,58.432
361553.34,2420988.911,56.069
361553.34,2420983.911,55.628
361553.34,2420978.911,54.47
361553.34,2420973.911,50.489
361553.34,2420968.911,48.057
361553.34,2420963.911,45.545
361553.34,2420958.911,43.14
361553.34,2420953.911,41.557
361553.34,2420948.911,37.52
361553.34,2420943.911,37.545
361553.34,2420938.911,36.951
361553.34,2420933.911,32.922
361553.34,2420928.911,31.827
361558.34,2421318.911,41.717
361558.34,2421313.911,41.293
361558.34,2421308.911,40.915
361558.34,2421303.911,40.889
361558.34,2421298.911,40.951
361558.34,2421293.911,40.952
361558.34,2421288.911,40.916
361558.34,2421283.911,40.906
361558.34,2421278.911,40.883
361558.34,2421273.911,40.886
361558.34,2421268.911,40.881
361558.34,2421263.911,40.88
361558.34,2421258.911,41.375
361558.34,2421253.911,42.248
361558.34,2421248.911,43.054
361558.34,2421243.911,43.019
361558.34,2421238.911,43.493
361558.34,2421233.911,44.698
361558.34,2421228.911,45.089
361558.34,2421223.911,45.603
361558.34,2421218.911,46.254
361558.34,2421213.911,46.701
361558.34,2421208.911,46.485
361558.34,2421203.911,48.468
361558.34,2421198.911,49.479
361558.34,2421193.911,50.898
361558.34,2421188.911,53.671
361558.34,2421183.911,54.178
361558.34,2421178.911,54.859
361558.34,2421173.911,55.518
361558.34,2421168.911,56.896
361558.34,2421163.911,56.955
361558.34,2421158.911,58.691
361558.34,2421153.911,60.238
361558.34,2421148.911,62.092
361558.34,2421143.911,64.112
361558.34,2421138.911,66.276
361558.34,2421133.911,68.462
361558.34,2421128.911,71.068
361558.34,2421123.911,73.22
361558.34,2421118.911,75.365
361558.34,2421113.911,77.587
361558.34,2421108.911,79.918
361558.34,2421103.911,81.856
361558.34,2421098.911,83.562
361558.34,2421093.911,85.129
361558.34,2421088.911,86.967
361558.34,2421083.911,88.553
361558.34,2421078.911,89.676
361558.34,2421073.911,90.432
361558.34,2421068.911,90.208
361558.34,2421063.911,89.046
361558.34,2421058.911,87.827
361558.34,2421053.911,86.802
361558.34,2421048.911,85.496
361558.34,2421043.911,84.255
361558.34,2421038.911,83.102
361558.34,2421033.911,81.705
361558.34,2421028.911,79.567
361558.34,2421023.911,77.376
361558.34,2421018.911,74.873
361558.34,2421013.911,71.872
361558.34,2421008.911,68.453
361558.34,2421003.911,65.615
361558.34,2420998.911,62.269
361558.34,2420993.911,59.159
361558.34,2420988.911,55.862
361558.34,2420983.911,55.865
361558.34,2420978.911,55.318
361558.34,2420973.911,51.387
361558.34,2420968.911,48.591
361558.34,2420963.911,46.142
361558.34,2420958.911,43.968
361558.34,2420953.911,42.12
361558.34,2420948.911,38.067
361558.34,2420943.911,37.517
361558.34,2420938.911,36.354
361558.34,2420933.911,32.582
361558.34,2420928.911,31.905
361563.34,2421318.911,41.067
361563.34,2421313.911,41.209
361563.34,2421308.911,40.94
361563.34,2421303.911,40.994
361563.34,2421298.911,41.243
361563.34,2421293.911,41.145
361563.34,2421288.911,40.894
361563.34,2421283.911,40.919
361563.34,2421278.911,40.872
361563.34,2421273.911,40.875
361563.34,2421268.911,40.874
361563.34,2421263.911,40.873
361563.34,2421258.911,41.293
361563.34,2421253.911,41.72
361563.34,2421248.911,43.041
361563.34,2421243.911,43.094
361563.34,2421238.911,43.856
361563.34,2421233.911,44.488
361563.34,2421228.911,44.705
361563.34,2421223.911,45.132
361563.34,2421218.911,45.815
361563.34,2421213.911,45.984
361563.34,2421208.911,47.723
361563.34,2421203.911,48.675
361563.34,2421198.911,49.939
361563.34,2421193.911,51.352
361563.34,2421188.911,53.026
361563.34,2421183.911,54.903
361563.34,2421178.911,55.359
361563.34,2421173.911,55.938
361563.34,2421168.911,57.467
361563.34,2421163.911,58.677
361563.34,2421158.911,58.702
361563.34,2421153.911,60.365
361563.34,2421148.911,61.909
361563.34,2421143.911,63.647
361563.34,2421138.911,65.749
361563.34,2421133.911,67.698
361563.34,2421128.911,70.204
361563.34,2421123.911,72.326
361563.34,2421118.911,74.509
361563.34,2421113.911,76.821
361563.34,2421108.911,79.095
361563.34,2421103.911,81.13
361563.34,2421098.911,82.722
361563.34,2421093.911,84.07
361563.34,2421088.911,85.555
361563.34,2421083.911,87.458
361563.34,2421078.911,89.242
361563.34,2421073.911,90.111
361563.34,2421068.911,90.13
361563.34,2421063.911,89.338
361563.34,2421058.911,88.11
361563.34,2421053.911,87.198
361563.34,2421048.911,86.093
361563.34,2421043.911,84.968
361563.34,2421038.911,83.666
361563.34,2421033.911,82.075
361563.34,2421028.911,80.143
361563.34,2421023.911,78.045
361563.34,2421018.911,75.872
361563.34,2421013.911,72.849
361563.34,2421008.911,69.398
361563.34,2421003.911,66.638
361563.34,2420998.911,64.023
361563.34,2420993.911,60.255
361563.34,2420988.911,56.076
361563.34,2420983.911,55.894
361563.34,2420978.911,55.409
361563.34,2420973.911,52.003
361563.34,2420968.911,49.361
361563.34,2420963.911,46.962
361563.34,2420958.911,44.399
361563.34,2420953.911,42.028
361563.34,2420948.911,38.347
361563.34,2420943.911,37.607
361563.34,2420938.911,35.567
361563.34,2420933.911,31.844
361563.34,2420928.911,31.144
361568.34,2421318.911,40.974
361568.34,2421313.911,41.032
361568.34,2421308.911,40.916
361568.34,2421303.911,41.092
361568.34,2421298.911,41.436
361568.34,2421293.911,41.129
361568.34,2421288.911,40.886
361568.34,2421283.911,40.963
361568.34,2421278.911,40.914
361568.34,2421273.911,40.872
361568.34,2421268.911,40.876
361568.34,2421263.911,41.002
361568.34,2421258.911,40.867
361568.34,2421253.911,41.586
361568.34,2421248.911,43.028
361568.34,2421243.911,43.082
361568.34,2421238.911,43.596
361568.34,2421233.911,44.282
361568.34,2421228.911,44.547
361568.34,2421223.911,45.164
361568.34,2421218.911,45.466
361568.34,2421213.911,46.531
361568.34,2421208.911,47.582
361568.34,2421203.911,48.724
361568.34,2421198.911,50.103
361568.34,2421193.911,51.675
361568.34,2421188.911,53.362
361568.34,2421183.911,55.187
361568.34,2421178.911,55.71
361568.34,2421173.911,56.536
361568.34,2421168.911,57.822
361568.34,2421163.911,59.35
361568.34,2421158.911,60.116
361568.34,2421153.911,60.64
361568.34,2421148.911,61.317
361568.34,2421143.911,63.3
361568.34,2421138.911,65.074
361568.34,2421133.911,67.153
361568.34,2421128.911,69.348
361568.34,2421123.911,71.402
361568.34,2421118.911,73.758
361568.34,2421113.911,75.915
361568.34,2421108.911,78.46
361568.34,2421103.911,80.294
361568.34,2421098.911,81.76
361568.34,2421093.911,83.157
361568.34,2421088.911,84.811
361568.34,2421083.911,86.676
361568.34,2421078.911,88.555
361568.34,2421073.911,89.678
361568.34,2421068.911,89.894
361568.34,2421063.911,89.444
361568.34,2421058.911,88.696
361568.34,2421053.911,87.838
361568.34,2421048.911,86.811
361568.34,2421043.911,85.439
361568.34,2421038.911,83.837
361568.34,2421033.911,82.477
361568.34,2421028.911,80.865
361568.34,2421023.911,79.234
361568.34,2421018.911,76.884
361568.34,2421013.911,73.906
361568.34,2421008.911,70.657
361568.34,2421003.911,67.751
361568.34,2420998.911,64.919
361568.34,2420993.911,61.937
361568.34,2420988.911,57.596
361568.34,2420983.911,55.638
361568.34,2420978.911,55.239
361568.34,2420973.911,53.735
361568.34,2420968.911,49.897
361568.34,2420963.911,47.148
361568.34,2420958.911,44.927
361568.34,2420953.911,42.77
361568.34,2420948.911,38.425
361568.34,2420943.911,38.33
361568.34,2420938.911,35.126
361568.34,2420933.911,31.385
361573.34,2421318.911,40.975
361573.34,2421313.911,40.902
361573.34,2421308.911,40.905
361573.34,2421303.911,40.952
361573.34,2421298.911,40.983
361573.34,2421293.911,40.985
361573.34,2421288.911,41.042
361573.34,2421283.911,40.978
361573.34,2421278.911,40.936
361573.34,2421273.911,40.865
361573.34,2421268.911,40.869
361573.34,2421263.911,40.874
361573.34,2421258.911,41.252
361573.34,2421253.911,41.032
361573.34,2421248.911,43.018
361573.34,2421243.911,43.058
361573.34,2421238.911,43.238
361573.34,2421233.911,43.565
361573.34,2421228.911,44.35
361573.34,2421223.911,45.125
361573.34,2421218.911,45.483
361573.34,2421213.911,46.507
361573.34,2421208.911,47.59
361573.34,2421203.911,48.874
361573.34,2421198.911,50.566
361573.34,2421193.911,52.098
361573.34,2421188.911,53.963
361573.34,2421183.911,55.513
361573.34,2421178.911,56.45
361573.34,2421173.911,56.997
361573.34,2421168.911,57.463
361573.34,2421163.911,59.912
361573.34,2421158.911,60.446
361573.34,2421153.911,61.204
361573.34,2421148.911,61.909
361573.34,2421143.911,63.132
361573.34,2421138.911,64.871
361573.34,2421133.911,66.722
361573.34,2421128.911,68.688
361573.34,2421123.911,70.844
361573.34,2421118.911,73.058
361573.34,2421113.911,75.523
361573.34,2421108.911,77.68
361573.34,2421103.911,79.48
361573.34,2421098.911,80.908
361573.34,2421093.911,82.247
361573.34,2421088.911,83.846
361573.34,2421083.911,85.841
361573.34,2421078.911,87.683
361573.34,2421073.911,89.215
361573.34,2421068.911,89.697
361573.34,2421063.911,89.538
361573.34,2421058.911,89.042
361573.34,2421053.911,88.339
361573.34,2421048.911,87.445
361573.34,2421043.911,85.976
361573.34,2421038.911,84.115
361573.34,2421033.911,82.57
361573.34,2421028.911,80.897
361573.34,2421023.911,79.175
361573.34,2421018.911,77.127
361573.34,2421013.911,74.63
361573.34,2421008.911,71.652
361573.34,2421003.911,68.607
361573.34,2420998.911,65.714
361573.34,2420993.911,62.439
361573.34,2420988.911,59.866
361573.34,2420983.911,55.833
361573.34,2420978.911,55.312
361573.34,2420973.911,54.177
361573.34,2420968.911,50.546
361573.34,2420963.911,47.601
361573.34,2420958.911,45.048
361573.34,2420953.911,39.98
361573.34,2420948.911,38.182
361573.34,2420943.911,38.153
361573.34,2420938.911,35.271
361573.34,2420933.911,31.93
361578.34,2421318.911,41.827
361578.34,2421313.911,41.136
361578.34,2421308.911,41.025
361578.34,2421303.911,40.945
361578.34,2421298.911,41.018
361578.34,2421293.911,41.102
361578.34,2421288.911,40.98
361578.34,2421283.911,40.96
361578.34,2421278.911,40.899
361578.34,2421273.911,40.871
361578.34,2421268.911,40.87
361578.34,2421263.911,40.871
361578.34,2421258.911,41.082
361578.34,2421253.911,41.694
361578.34,2421248.911,42.688
361578.34,2421243.911,42.82
361578.34,2421238.911,42.765
361578.34,2421233.911,43.543
361578.34,2421228.911,44.09
361578.34,2421223.911,44.841
361578.34,2421218.911,45.498
361578.34,2421213.911,46.575
361578.34,2421208.911,47.918
361578.34,2421203.911,49.368
361578.34,2421198.911,51.015
361578.34,2421193.911,52.869
361578.34,2421188.911,54.882
361578.34,2421183.911,56.371
361578.34,2421178.911,57.327
361578.34,2421173.911,57.594
361578.34,2421168.911,57.93
361578.34,2421163.911,60.17
361578.34,2421158.911,61.049
361578.34,2421153.911,61.502
361578.34,2421148.911,62.594
361578.34,2421143.911,63.601
361578.34,2421138.911,64.979
361578.34,2421133.911,66.691
361578.34,2421128.911,68.563
361578.34,2421123.911,70.444
361578.34,2421118.911,72.695
361578.34,2421113.911,75.117
361578.34,2421108.911,77.207
361578.34,2421103.911,78.629
361578.34,2421098.911,80.139
361578.34,2421093.911,81.439
361578.34,2421088.911,83.066
361578.34,2421083.911,84.705
361578.34,2421078.911,86.644
361578.34,2421073.911,88.433
361578.34,2421068.911,89.56
361578.34,2421063.911,89.71
361578.34,2421058.911,89.189
361578.34,2421053.911,88.509
361578.34,2421048.911,87.505
361578.34,2421043.911,86.057
361578.34,2421038.911,84.282
361578.34,2421033.911,82.404
361578.34,2421028.911,80.719
361578.34,2421023.911,78.923
361578.34,2421018.911,77.255
361578.34,2421013.911,75.497
361578.34,2421008.911,72.764
361578.34,2421003.911,69.272
361578.34,2420998.911,66.156
361578.34,2420993.911,63.281
361578.34,2420988.911,60.249
361578.34,2420983.911,57.146
361578.34,2420978.911,55.551
361578.34,2420973.911,54.283
361578.34,2420968.911,50.497
361578.34,2420963.911,47.709
361578.34,2420958.911,44.335
361578.34,2420953.911,40.105
361578.34,2420948.911,38.121
361578.34,2420943.911,38.005
361578.34,2420938.911,35.261
361578.34,2420933.911,31.604
361583.34,2421323.911,42.574
361583.34,2421318.911,41.725
361583.34,2421313.911,41.449
361583.34,2421308.911,41.108
361583.34,2421303.911,40.929
361583.34,2421298.911,40.97
361583.34,2421293.911,41.16
361583.34,2421288.911,40.986
361583.34,2421283.911,41.13
361583.34,2421278.911,41.329
361583.34,2421273.911,40.982
361583.34,2421268.911,40.877
361583.34,2421263.911,41.368
361583.34,2421258.911,41.374
361583.34,2421253.911,41.192
361583.34,2421248.911,42.252
361583.34,2421243.911,42.494
361583.34,2421238.911,42.902
361583.34,2421233.911,44.069
361583.34,2421228.911,44.015
361583.34,2421223.911,44.708
361583.34,2421218.911,45.709
361583.34,2421213.911,46.972
361583.34,2421208.911,48.362
361583.34,2421203.911,50.072
361583.34,2421198.911,51.705
361583.34,2421193.911,53.46
361583.34,2421188.911,55.15
361583.34,2421183.911,56.93
361583.34,2421178.911,58.681
361583.34,2421173.911,59.024
361583.34,2421168.911,58.71
361583.34,2421163.911,59.568
361583.34,2421158.911,61.69
361583.34,2421153.911,62.335
361583.34,2421148.911,63.208
361583.34,2421143.911,64.131
361583.34,2421138.911,65.414
361583.34,2421133.911,66.803
361583.34,2421128.911,68.419
361583.34,2421123.911,70.081
361583.34,2421118.911,72.393
361583.34,2421113.911,74.438
361583.34,2421108.911,76.335
361583.34,2421103.911,77.924
361583.34,2421098.911,79.266
361583.34,2421093.911,80.398
361583.34,2421088.911,81.962
361583.34,2421083.911,83.517
361583.34,2421078.911,85.294
361583.34,2421073.911,87.058
361583.34,2421068.911,88.734
361583.34,2421063.911,89.344
361583.34,2421058.911,89.259
361583.34,2421053.911,88.616
361583.34,2421048.911,87.302
361583.34,2421043.911,85.819
361583.34,2421038.911,83.941
361583.34,2421033.911,82.089
361583.34,2421028.911,80.164
361583.34,2421023.911,78.627
361583.34,2421018.911,76.938
361583.34,2421013.911,75.323
361583.34,2421008.911,73.472
361583.34,2421003.911,69.788
361583.34,2420998.911,66.656
361583.34,2420993.911,63.48
361583.34,2420988.911,60.459
361583.34,2420983.911,57.91
361583.34,2420978.911,55.388
361583.34,2420973.911,54.759
361583.34,2420968.911,50.524
361583.34,2420963.911,48.031
361583.34,2420958.911,44.819
361583.34,2420953.911,40.628
361583.34,2420948.911,38.029
361583.34,2420943.911,38.275
361583.34,2420938.911,35.403
361583.34,2420933.911,32.304
361588.34,2421323.911,41.598
361588.34,2421318.911,41.362
361588.34,2421313.911,41.319
361588.34,2421308.911,42.193
361588.34,2421303.911,43.175
361588.34,2421298.911,43.013
361588.34,2421293.911,42.393
361588.34,2421288.911,43.122
361588.34,2421283.911,42.45
361588.34,2421278.911,42.967
361588.34,2421273.911,42.869
361588.34,2421268.911,43.373
361588.34,2421263.911,42.963
361588.34,2421258.911,42.735
361588.34,2421253.911,41.95
361588.34,2421248.911,42.246
361588.34,2421243.911,42.41
361588.34,2421238.911,42.549
361588.34,2421233.911,44.165
361588.34,2421228.911,44.75
361588.34,2421223.911,44.691
361588.34,2421218.911,45.729
361588.34,2421213.911,47.127
361588.34,2421208.911,48.757
361588.34,2421203.911,50.691
361588.34,2421198.911,52.658
361588.34,2421193.911,54.309
361588.34,2421188.911,55.85
361588.34,2421183.911,57.481
361588.34,2421178.911,58.568
361588.34,2421173.911,59.744
361588.34,2421168.911,59.856
361588.34,2421163.911,59.159
361588.34,2421158.911,62.676
361588.34,2421153.911,62.399
361588.34,2421148.911,63.443
361588.34,2421143.911,64.276
361588.34,2421138.911,65.488
361588.34,2421133.911,66.851
361588.34,2421128.911,68.195
361588.34,2421123.911,69.915
361588.34,2421118.911,71.844
361588.34,2421113.911,73.97
361588.34,2421108.911,75.719
361588.34,2421103.911,77.222
361588.34,2421098.911,78.515
361588.34,2421093.911,79.628
361588.34,2421088.911,80.939
361588.34,2421083.911,82.52
361588.34,2421078.911,84.109
361588.34,2421073.911,85.983
361588.34,2421068.911,87.715
361588.34,2421063.911,88.837
361588.34,2421058.911,88.943
361588.34,2421053.911,88.481
361588.34,2421048.911,87.1
361588.34,2421043.911,85.364
361588.34,2421038.911,83.528
361588.34,2421033.911,81.601
361588.34,2421028.911,79.933
361588.34,2421023.911,77.868
361588.34,2421018.911,76
361588.34,2421013.911,74.87
361588.34,2421008.911,72.477
361588.34,2421003.911,69.407
361588.34,2420998.911,66.673
361588.34,2420993.911,63.805
361588.34,2420988.911,60.818
361588.34,2420983.911,57.888
361588.34,2420978.911,55.386
361588.34,2420973.911,53.374
361588.34,2420968.911,50.646
361588.34,2420963.911,48.412
361588.34,2420958.911,45.032
361588.34,2420953.911,40.287
361588.34,2420948.911,38.205
361588.34,2420943.911,38.213
361588.34,2420938.911,35.372
361588.34,2420933.911,32.372
361593.34,2421323.911,41.433
361593.34,2421318.911,41.043
361593.34,2421313.911,43.807
361593.34,2421308.911,44.66
361593.34,2421303.911,44.597
361593.34,2421298.911,44.519
361593.34,2421293.911,44.513
361593.34,2421288.911,44.549
361593.34,2421283.911,44.632
361593.34,2421278.911,44.525
361593.34,2421273.911,44.516
361593.34,2421268.911,44.58
361593.34,2421263.911,44.72
361593.34,2421258.911,44.688
361593.34,2421253.911,44.496
361593.34,2421248.911,43.568
361593.34,2421243.911,43.168
361593.34,2421238.911,42.979
361593.34,2421233.911,44.183
361593.34,2421228.911,44.329
361593.34,2421223.911,44.768
361593.34,2421218.911,45.901
361593.34,2421213.911,47.302
361593.34,2421208.911,49.087
361593.34,2421203.911,51.202
361593.34,2421198.911,53.166
361593.34,2421193.911,54.865
361593.34,2421188.911,56.537
361593.34,2421183.911,57.789
361593.34,2421178.911,58.934
361593.34,2421173.911,60.474
361593.34,2421168.911,60.845
361593.34,2421163.911,59.602
361593.34,2421158.911,62.033
361593.34,2421153.911,63.617
361593.34,2421148.911,63.459
361593.34,2421143.911,64.475
361593.34,2421138.911,65.487
361593.34,2421133.911,66.151
361593.34,2421128.911,67.82
361593.34,2421123.911,69.411
361593.34,2421118.911,71.003
361593.34,2421113.911,73.017
361593.34,2421108.911,74.811
361593.34,2421103.911,76.261
361593.34,2421098.911,77.623
361593.34,2421093.911,78.614
361593.34,2421088.911,79.96
361593.34,2421083.911,81.445
361593.34,2421078.911,83.069
361593.34,2421073.911,84.641
361593.34,2421068.911,86.203
361593.34,2421063.911,87.63
361593.34,2421058.911,88.162
361593.34,2421053.911,87.969
361593.34,2421048.911,86.837
361593.34,2421043.911,85.133
361593.34,2421038.911,83.142
361593.34,2421033.911,81.015
361593.34,2421028.911,79.449
361593.34,2421023.911,77.307
361593.34,2421018.911,75.305
361593.34,2421013.911,73.326
361593.34,2421008.911,71.176
361593.34,2421003.911,68.988
361593.34,2420998.911,66.238
361593.34,2420993.911,63.826
361593.34,2420988.911,60.96
361593.34,2420983.911,57.902
361593.34,2420978.911,55.536
361593.34,2420973.911,53.42
361593.34,2420968.911,50.923
361593.34,2420963.911,48.173
361593.34,2420958.911,45.545
361593.34,2420953.911,40.958
361593.34,2420948.911,38.292
361593.34,2420943.911,38.392
361593.34,2420938.911,35.453
361593.34,2420933.911,32.064
361598.34,2421323.911,42.257
361598.34,2421318.911,41.752
361598.34,2421313.911,44.45
361598.34,2421308.911,44.641
361598.34,2421303.911,44.543
361598.34,2421298.911,44.544
361598.34,2421293.911,44.533
361598.34,2421288.911,44.507
361598.34,2421283.911,44.609
361598.34,2421278.911,44.536
361598.34,2421273.911,44.506
361598.34,2421268.911,44.567
361598.34,2421263.911,44.662
361598.34,2421258.911,44.725
361598.34,2421253.911,44.637
361598.34,2421248.911,44.633
361598.34,2421243.911,44.595
361598.34,2421238.911,43.97
361598.34,2421233.911,43.895
361598.34,2421228.911,44.286
361598.34,2421223.911,44.765
361598.34,2421218.911,45.984
361598.34,2421213.911,47.583
361598.34,2421208.911,49.204
361598.34,2421203.911,51.179
361598.34,2421198.911,53.406
361598.34,2421193.911,55.22
361598.34,2421188.911,57
361598.34,2421183.911,58.171
361598.34,2421178.911,59.255
361598.34,2421173.911,59.978
361598.34,2421168.911,61.828
361598.34,2421163.911,60.094
361598.34,2421158.911,60.403
361598.34,2421153.911,63.594
361598.34,2421148.911,63.253
361598.34,2421143.911,64.225
361598.34,2421138.911,64.921
361598.34,2421133.911,66.437
361598.34,2421128.911,67.616
361598.34,2421123.911,68.848
361598.34,2421118.911,70.37
361598.34,2421113.911,72.155
361598.34,2421108.911,73.974
361598.34,2421103.911,75.315
361598.34,2421098.911,76.607
361598.34,2421093.911,77.756
361598.34,2421088.911,79.01
361598.34,2421083.911,80.386
361598.34,2421078.911,81.96
361598.34,2421073.911,83.451
361598.34,2421068.911,84.941
361598.34,2421063.911,86.612
361598.34,2421058.911,87.293
361598.34,2421053.911,87.302
361598.34,2421048.911,86.387
361598.34,2421043.911,84.541
361598.34,2421038.911,82.657
361598.34,2421033.911,80.653
361598.34,2421028.911,78.892
361598.34,2421023.911,77.084
361598.34,2421018.911,75.163
361598.34,2421013.911,72.869
361598.34,2421008.911,70.74
361598.34,2421003.911,68.481
361598.34,2420998.911,66.293
361598.34,2420993.911,63.427
361598.34,2420988.911,60.799
361598.34,2420983.911,58.46
361598.34,2420978.911,55.688
361598.34,2420973.911,53.306
361598.34,2420968.911,50.722
361598.34,2420963.911,48.117
361598.34,2420958.911,45.115
361598.34,2420953.911,41.77
361598.34,2420948.911,38.102
361598.34,2420943.911,38.401
361598.34,2420938.911,35.187
361598.34,2420933.911,32.018
361603.34,2421323.911,43.927
361603.34,2421318.911,43.297
361603.34,2421313.911,44.63
361603.34,2421308.911,44.588
361603.34,2421303.911,44.563
361603.34,2421298.911,44.575
361603.34,2421293.911,44.533
361603.34,2421288.911,44.538
361603.34,2421283.911,44.531
361603.34,2421278.911,44.456
361603.34,2421273.911,44.441
361603.34,2421268.911,44.595
361603.34,2421263.911,44.64
361603.34,2421258.911,44.682
361603.34,2421253.911,44.568
361603.34,2421248.911,44.536
361603.34,2421243.911,44.5
361603.34,2421238.911,44.468
361603.34,2421233.911,44.084
361603.34,2421228.911,44.249
361603.34,2421223.911,44.732
361603.34,2421218.911,46.057
361603.34,2421213.911,47.72
361603.34,2421208.911,49.363
361603.34,2421203.911,51.525
361603.34,2421198.911,53.515
361603.34,2421193.911,55.206
361603.34,2421188.911,56.8
361603.34,2421183.911,58.144
361603.34,2421178.911,59.045
361603.34,2421173.911,59.647
361603.34,2421168.911,61.709
361603.34,2421163.911,61.722
361603.34,2421158.911,60.585
361603.34,2421153.911,61.812
361603.34,2421148.911,63.241
361603.34,2421143.911,63.616
361603.34,2421138.911,64.755
361603.34,2421133.911,65.972
361603.34,2421128.911,66.971
361603.34,2421123.911,68.257
361603.34,2421118.911,69.689
361603.34,2421113.911,71.367
361603.34,2421108.911,72.897
361603.34,2421103.911,74.238
361603.34,2421098.911,75.633
361603.34,2421093.911,77.026
361603.34,2421088.911,78.143
361603.34,2421083.911,79.337
361603.34,2421078.911,80.856
361603.34,2421073.911,82.309
361603.34,2421068.911,83.696
361603.34,2421063.911,85.13
361603.34,2421058.911,86.178
361603.34,2421053.911,86.479
361603.34,2421048.911,85.804
361603.34,2421043.911,84.137
361603.34,2421038.911,82.611
361603.34,2421033.911,80.607
361603.34,2421028.911,78.961
361603.34,2421023.911,77.058
361603.34,2421018.911,75.124
361603.34,2421013.911,73.051
361603.34,2421008.911,71.023
361603.34,2421003.911,68.787
361603.34,2420998.911,66.369
361603.34,2420993.911,63.327
361603.34,2420988.911,60.533
361603.34,2420983.911,58.184
361603.34,2420978.911,55.604
361603.34,2420973.911,52.973
361603.34,2420968.911,50.77
361603.34,2420963.911,48.527
361603.34,2420958.911,44.713
361603.34,2420953.911,42.223
361603.34,2420948.911,38.692
361603.34,2420943.911,38
361603.34,2420938.911,35.304
361603.34,2420933.911,32.137
361608.34,2421328.911,46.67
361608.34,2421323.911,46.491
361608.34,2421318.911,45.398
361608.34,2421313.911,44.651
361608.34,2421308.911,44.579
361608.34,2421303.911,44.59
361608.34,2421298.911,44.669
361608.34,2421293.911,44.622
361608.34,2421288.911,44.559
361608.34,2421283.911,44.521
361608.34,2421278.911,44.463
361608.34,2421273.911,44.45
361608.34,2421268.911,44.533
361608.34,2421263.911,44.592
361608.34,2421258.911,44.769
361608.34,2421253.911,44.588
361608.34,2421248.911,44.469
361608.34,2421243.911,44.519
361608.34,2421238.911,44.423
361608.34,2421233.911,44.083
361608.34,2421228.911,44.292
361608.34,2421223.911,44.782
361608.34,2421218.911,45.982
361608.34,2421213.911,47.915
361608.34,2421208.911,49.834
361608.34,2421203.911,52.099
361608.34,2421198.911,53.993
361608.34,2421193.911,54.373
361608.34,2421188.911,56.48
361608.34,2421183.911,58.139
361608.34,2421178.911,58.875
361608.34,2421173.911,59.695
361608.34,2421168.911,60.287
361608.34,2421163.911,62.03
361608.34,2421158.911,60.682
361608.34,2421153.911,61.063
361608.34,2421148.911,62.694
361608.34,2421143.911,63.51
361608.34,2421138.911,64.4
361608.34,2421133.911,65.475
361608.34,2421128.911,66.412
361608.34,2421123.911,67.568
361608.34,2421118.911,69.189
361608.34,2421113.911,70.877
361608.34,2421108.911,72.029
361608.34,2421103.911,73.363
361608.34,2421098.911,74.563
361608.34,2421093.911,76.038
361608.34,2421088.911,77.314
361608.34,2421083.911,78.489
361608.34,2421078.911,79.799
361608.34,2421073.911,81.062
361608.34,2421068.911,82.45
361608.34,2421063.911,83.942
361608.34,2421058.911,85.417
361608.34,2421053.911,86.15
361608.34,2421048.911,85.69
361608.34,2421043.911,84.375
361608.34,2421038.911,82.793
361608.34,2421033.911,81.121
361608.34,2421028.911,79.364
361608.34,2421023.911,77.664
361608.34,2421018.911,75.55
361608.34,2421013.911,73.746
361608.34,2421008.911,71.889
361608.34,2421003.911,68.985
361608.34,2420998.911,66.68
361608.34,2420993.911,63.814
361608.34,2420988.911,60.544
361608.34,2420983.911,57.97
361608.34,2420978.911,55.485
361608.34,2420973.911,53.324
361608.34,2420968.911,51.041
361608.34,2420963.911,48.901
361608.34,2420958.911,45.054
361608.34,2420953.911,42.2
361608.34,2420948.911,38.694
361608.34,2420943.911,38.574
361608.34,2420938.911,35.157
361608.34,2420933.911,32.066
361613.34,2421328.911,46.677
361613.34,2421323.911,46.058
361613.34,2421318.911,45.001
361613.34,2421313.911,44.603
361613.34,2421308.911,44.585
361613.34,2421303.911,44.626
361613.34,2421298.911,44.619
361613.34,2421293.911,44.641
361613.34,2421288.911,44.551
361613.34,2421283.911,44.531
361613.34,2421278.911,44.447
361613.34,2421273.911,44.472
361613.34,2421268.911,44.545
361613.34,2421263.911,44.561
361613.34,2421258.911,44.617
361613.34,2421253.911,44.521
361613.34,2421248.911,44.474
361613.34,2421243.911,44.509
361613.34,2421238.911,44.352
361613.34,2421233.911,44.205
361613.34,2421228.911,44.314
361613.34,2421223.911,44.505
361613.34,2421218.911,45.946
361613.34,2421213.911,47.96
361613.34,2421208.911,50.109
361613.34,2421203.911,52.524
361613.34,2421198.911,54.449
361613.34,2421193.911,54.977
361613.34,2421188.911,56.125
361613.34,2421183.911,58.268
361613.34,2421178.911,58.941
361613.34,2421173.911,59.809
361613.34,2421168.911,59.949
361613.34,2421163.911,61.733
361613.34,2421158.911,60.843
361613.34,2421153.911,61.034
361613.34,2421148.911,61.619
361613.34,2421143.911,63.228
361613.34,2421138.911,63.652
361613.34,2421133.911,64.731
361613.34,2421128.911,65.914
361613.34,2421123.911,67.208
361613.34,2421118.911,68.576
361613.34,2421113.911,70.055
361613.34,2421108.911,71.399
361613.34,2421103.911,72.566
361613.34,2421098.911,73.722
361613.34,2421093.911,75.078
361613.34,2421088.911,76.375
361613.34,2421083.911,77.497
361613.34,2421078.911,78.704
361613.34,2421073.911,80.006
361613.34,2421068.911,81.251
361613.34,2421063.911,82.656
361613.34,2421058.911,84.325
361613.34,2421053.911,85.229
361613.34,2421048.911,85.593
361613.34,2421043.911,84.8
361613.34,2421038.911,83.48
361613.34,2421033.911,81.686
361613.34,2421028.911,80.042
361613.34,2421023.911,78.045
361613.34,2421018.911,76.159
361613.34,2421013.911,74.302
361613.34,2421008.911,72.022
361613.34,2421003.911,69.689
361613.34,2420998.911,66.792
361613.34,2420993.911,63.758
361613.34,2420988.911,60.731
361613.34,2420983.911,57.924
361613.34,2420978.911,55.393
361613.34,2420973.911,53.496
361613.34,2420968.911,51.38
361613.34,2420963.911,49.068
361613.34,2420958.911,45.222
361613.34,2420953.911,42.274
361613.34,2420948.911,38.802
361613.34,2420943.911,38.432
361613.34,2420938.911,35.35
361613.34,2420933.911,32.275
361618.34,2421328.911,46.695
361618.34,2421323.911,46.007
361618.34,2421318.911,44.846
361618.34,2421313.911,44.584
361618.34,2421308.911,44.604
361618.34,2421303.911,44.61
361618.34,2421298.911,44.639
361618.34,2421293.911,44.615
361618.34,2421288.911,44.57
361618.34,2421283.911,44.502
361618.34,2421278.911,44.454
361618.34,2421273.911,44.465
361618.34,2421268.911,44.489
361618.34,2421263.911,44.539
361618.34,2421258.911,44.534
361618.34,2421253.911,44.46
361618.34,2421248.911,44.495
361618.34,2421243.911,44.419
361618.34,2421238.911,44.351
361618.34,2421233.911,44.273
361618.34,2421228.911,44.443
361618.34,2421223.911,44.457
361618.34,2421218.911,46.19
361618.34,2421213.911,48.139
361618.34,2421208.911,50.378
361618.34,2421203.911,52.934
361618.34,2421198.911,54.499
361618.34,2421193.911,55.522
361618.34,2421188.911,57.608
361618.34,2421183.911,58.139
361618.34,2421178.911,58.974
361618.34,2421173.911,59.143
361618.34,2421168.911,59.737
361618.34,2421163.911,60.517
361618.34,2421158.911,61.531
361618.34,2421153.911,61.174
361618.34,2421148.911,61.948
361618.34,2421143.911,62.531
361618.34,2421138.911,63.423
361618.34,2421133.911,64.31
361618.34,2421128.911,65.251
361618.34,2421123.911,66.634
361618.34,2421118.911,68.041
361618.34,2421113.911,69.83
361618.34,2421108.911,70.787
361618.34,2421103.911,71.801
361618.34,2421098.911,72.889
361618.34,2421093.911,74.125
361618.34,2421088.911,75.228
361618.34,2421083.911,76.587
361618.34,2421078.911,77.825
361618.34,2421073.911,78.987
361618.34,2421068.911,80.314
361618.34,2421063.911,81.546
361618.34,2421058.911,83.138
361618.34,2421053.911,84.488
361618.34,2421048.911,85.282
361618.34,2421043.911,85.043
361618.34,2421038.911,84.075
361618.34,2421033.911,82.552
361618.34,2421028.911,80.794
361618.34,2421023.911,78.878
361618.34,2421018.911,76.893
361618.34,2421013.911,74.584
361618.34,2421008.911,71.695
361618.34,2421003.911,70.052
361618.34,2420998.911,67.218
361618.34,2420993.911,63.822
361618.34,2420988.911,60.98
361618.34,2420983.911,58.233
361618.34,2420978.911,55.712
361618.34,2420973.911,53.743
361618.34,2420968.911,51.545
361618.34,2420963.911,49.276
361618.34,2420958.911,46.295
361618.34,2420953.911,42.081
361618.34,2420948.911,38.566
361618.34,2420943.911,37.59
361618.34,2420938.911,34.616
361618.34,2420933.911,32.024
361623.34,2421318.911,44.802
361623.34,2421313.911,44.564
361623.34,2421308.911,44.653
361623.34,2421303.911,44.787
361623.34,2421298.911,44.583
361623.34,2421293.911,44.615
361623.34,2421288.911,44.578
361623.34,2421283.911,44.501
361623.34,2421278.911,44.433
361623.34,2421273.911,44.437
361623.34,2421268.911,44.432
361623.34,2421263.911,44.524
361623.34,2421258.911,44.476
361623.34,2421253.911,44.455
361623.34,2421248.911,44.43
361623.34,2421243.911,44.427
361623.34,2421238.911,44.334
361623.34,2421233.911,44.264
361623.34,2421228.911,44.462
361623.34,2421223.911,44.52
361623.34,2421218.911,46.001
361623.34,2421213.911,48.14
361623.34,2421208.911,50.42
361623.34,2421203.911,52.652
361623.34,2421198.911,54.451
361623.34,2421193.911,56.555
361623.34,2421188.911,57.432
361623.34,2421183.911,57.881
361623.34,2421178.911,58.524
361623.34,2421173.911,59.018
361623.34,2421168.911,59.497
361623.34,2421163.911,60.128
361623.34,2421158.911,61.882
361623.34,2421153.911,61.448
361623.34,2421148.911,61.189
361623.34,2421143.911,62.15
361623.34,2421138.911,62.867
361623.34,2421133.911,63.295
361623.34,2421128.911,64.75
361623.34,2421123.911,65.932
361623.34,2421118.911,67.431
361623.34,2421113.911,68.904
361623.34,2421108.911,70.053
361623.34,2421103.911,71.098
361623.34,2421098.911,72.012
361623.34,2421093.911,73.081
361623.34,2421088.911,74.193
361623.34,2421083.911,75.66
361623.34,2421078.911,77.059
361623.34,2421073.911,78.331
361623.34,2421068.911,79.264
361623.34,2421063.911,80.467
361623.34,2421058.911,82.008
361623.34,2421053.911,83.755
361623.34,2421048.911,84.84
361623.34,2421043.911,85.314
361623.34,2421038.911,84.63
361623.34,2421033.911,83.341
361623.34,2421028.911,81.656
361623.34,2421023.911,79.736
361623.34,2421018.911,77.743
361623.34,2421013.911,75.324
361623.34,2421008.911,72.305
361623.34,2421003.911,69.926
361623.34,2420998.911,67.814
361623.34,2420993.911,64.282
361623.34,2420988.911,61.367
361623.34,2420983.911,58.64
361623.34,2420978.911,56.076
361623.34,2420973.911,53.611
361623.34,2420968.911,51.374
361623.34,2420963.911,49.419
361623.34,2420958.911,46.498
361623.34,2420953.911,41.552
361623.34,2420948.911,38.969
361623.34,2420943.911,37.493
361623.34,2420938.911,34.596
361623.34,2420933.911,31.977
361628.34,2421313.911,44.424
361628.34,2421308.911,44.595
361628.34,2421303.911,44.673
361628.34,2421298.911,44.631
361628.34,2421293.911,44.565
361628.34,2421288.911,44.585
361628.34,2421283.911,44.496
361628.34,2421278.911,44.463
361628.34,2421273.911,44.415
361628.34,2421268.911,44.449
361628.34,2421263.911,44.454
361628.34,2421258.911,44.456
361628.34,2421253.911,44.38
361628.34,2421248.911,44.414
361628.34,2421243.911,44.477
361628.34,2421238.911,44.375
361628.34,2421233.911,44.407
361628.34,2421228.911,44.463
361628.34,2421223.911,44.568
361628.34,2421218.911,45.886
361628.34,2421213.911,47.883
361628.34,2421208.911,50.06
361628.34,2421203.911,52.434
361628.34,2421198.911,54.112
361628.34,2421193.911,55.416
361628.34,2421188.911,57.304
361628.34,2421183.911,57.827
361628.34,2421178.911,58.293
361628.34,2421173.911,58.763
361628.34,2421168.911,59.378
361628.34,2421163.911,59.775
361628.34,2421158.911,60.434
361628.34,2421153.911,61.178
361628.34,2421148.911,61.226
361628.34,2421143.911,61.624
361628.34,2421138.911,61.928
361628.34,2421133.911,62.829
361628.34,2421128.911,63.884
361628.34,2421123.911,64.97
361628.34,2421118.911,65.963
361628.34,2421113.911,67.513
361628.34,2421108.911,69.108
361628.34,2421103.911,70.162
361628.34,2421098.911,71.262
361628.34,2421093.911,72.362
361628.34,2421088.911,73.656
361628.34,2421083.911,74.969
361628.34,2421078.911,76.096
361628.34,2421073.911,77.384
361628.34,2421068.911,78.369
361628.34,2421063.911,79.543
361628.34,2421058.911,80.879
361628.34,2421053.911,82.618
361628.34,2421048.911,84.183
361628.34,2421043.911,85.088
361628.34,2421038.911,84.906
361628.34,2421033.911,83.911
361628.34,2421028.911,82.316
361628.34,2421023.911,80.387
361628.34,2421018.911,78.166
361628.34,2421013.911,75.905
361628.34,2421008.911,73.273
361628.34,2421003.911,70.563
361628.34,2420998.911,67.409
361628.34,2420993.911,64.423
361628.34,2420988.911,60.945
361628.34,2420983.911,58.214
361628.34,2420978.911,56.24
361628.34,2420973.911,53.656
361628.34,2420968.911,51.505
361628.34,2420963.911,49.636
361628.34,2420958.911,46.154
361628.34,2420953.911,41.903
361628.34,2420948.911,38.871
361628.34,2420943.911,37.528
361628.34,2420938.911,33.848
361633.34,2421303.911,44.626
361633.34,2421298.911,44.61
361633.34,2421293.911,44.521
361633.34,2421288.911,44.505
361633.34,2421283.911,44.47
361633.34,2421278.911,44.453
361633.34,2421273.911,44.46
361633.34,2421268.911,44.406
361633.34,2421263.911,44.431
361633.34,2421258.911,44.403
361633.34,2421253.911,44.388
361633.34,2421248.911,44.38
361633.34,2421243.911,44.386
361633.34,2421238.911,44.412
361633.34,2421233.911,44.454
361633.34,2421228.911,44.532
361633.34,2421223.911,44.516
361633.34,2421218.911,45.496
361633.34,2421213.911,47.463
361633.34,2421208.911,50.277
361633.34,2421203.911,52.55
361633.34,2421198.911,53.802
361633.34,2421193.911,53.504
361633.34,2421188.911,54.105
361633.34,2421183.911,55.516
361633.34,2421178.911,57.46
361633.34,2421173.911,58.522
361633.34,2421168.911,58.678
361633.34,2421163.911,58.996
361633.34,2421158.911,59.084
361633.34,2421153.911,60.483
361633.34,2421148.911,61.401
361633.34,2421143.911,61.017
361633.34,2421138.911,61.674
361633.34,2421133.911,62.204
361633.34,2421128.911,62.931
361633.34,2421123.911,63.985
361633.34,2421118.911,65.024
361633.34,2421113.911,66.352
361633.34,2421108.911,67.587
361633.34,2421103.911,69.119
361633.34,2421098.911,70.404
361633.34,2421093.911,71.818
361633.34,2421088.911,73.18
361633.34,2421083.911,74.598
361633.34,2421078.911,75.582
361633.34,2421073.911,76.541
361633.34,2421068.911,77.548
361633.34,2421063.911,78.598
361633.34,2421058.911,79.822
361633.34,2421053.911,81.453
361633.34,2421048.911,83.149
361633.34,2421043.911,84.359
361633.34,2421038.911,84.773
361633.34,2421033.911,84.406
361633.34,2421028.911,83.051
361633.34,2421023.911,81.161
361633.34,2421018.911,78.672
361633.34,2421013.911,76.199
361633.34,2421008.911,73.327
361633.34,2421003.911,70.366
361633.34,2420998.911,67.644
361633.34,2420993.911,64.127
361633.34,2420988.911,61.154
361633.34,2420983.911,58.573
361633.34,2420978.911,56.266
361633.34,2420973.911,53.426
361633.34,2420968.911,51.416
361633.34,2420963.911,49.612
361633.34,2420958.911,46.799
361633.34,2420953.911,42.037
361633.34,2420948.911,38.982
361633.34,2420943.911,37.467
361633.34,2420938.911,34.293
361638.34,2421298.911,44.533
361638.34,2421293.911,44.562
361638.34,2421288.911,44.467
361638.34,2421283.911,44.473
361638.34,2421278.911,44.426
361638.34,2421273.911,44.431
361638.34,2421268.911,44.405
361638.34,2421263.911,44.403
361638.34,2421258.911,44.396
361638.34,2421253.911,44.394
361638.34,2421248.911,44.377
361638.34,2421243.911,44.379
361638.34,2421238.911,44.416
361638.34,2421233.911,44.54
361638.34,2421228.911,44.547
361638.34,2421223.911,44.525
361638.34,2421218.911,45.143
361638.34,2421213.911,47.105
361638.34,2421208.911,49.517
361638.34,2421203.911,52.102
361638.34,2421198.911,53.518
361638.34,2421193.911,52.824
361638.34,2421188.911,53.391
361638.34,2421183.911,54.814
361638.34,2421178.911,55.584
361638.34,2421173.911,57.958
361638.34,2421168.911,58.731
361638.34,2421163.911,59.081
361638.34,2421158.911,58.445
361638.34,2421153.911,60.007
361638.34,2421148.911,60.571
361638.34,2421143.911,60.75
361638.34,2421138.911,60.83
361638.34,2421133.911,61.469
361638.34,2421128.911,62.262
361638.34,2421123.911,63.066
361638.34,2421118.911,64.007
361638.34,2421113.911,65.093
361638.34,2421108.911,66.618
361638.34,2421103.911,68.191
361638.34,2421098.911,69.547
361638.34,2421093.911,71.173
361638.34,2421088.911,72.592
361638.34,2421083.911,73.819
361638.34,2421078.911,75.091
361638.34,2421073.911,76.003
361638.34,2421068.911,76.829
361638.34,2421063.911,77.805
361638.34,2421058.911,78.828
361638.34,2421053.911,80.278
361638.34,2421048.911,81.792
361638.34,2421043.911,83.319
361638.34,2421038.911,84.302
361638.34,2421033.911,84.303
361638.34,2421028.911,83.557
361638.34,2421023.911,81.934
361638.34,2421018.911,79.434
361638.34,2421013.911,76.626
361638.34,2421008.911,73.31
361638.34,2421003.911,69.981
361638.34,2420998.911,67.724
361638.34,2420993.911,64.292
361638.34,2420988.911,60.925
361638.34,2420983.911,58.156
361638.34,2420978.911,55.737
361638.34,2420973.911,53.217
361638.34,2420968.911,51.23
361638.34,2420963.911,49.105
361638.34,2420958.911,46.495
361638.34,2420953.911,41.857
361638.34,2420948.911,38.904
361638.34,2420943.911,37.471
361638.34,2420938.911,33.832
361643.34,2421288.911,44.462
361643.34,2421283.911,44.446
361643.34,2421278.911,44.443
361643.34,2421273.911,44.454
361643.34,2421268.911,44.406
361643.34,2421263.911,44.423
361643.34,2421258.911,44.398
361643.34,2421253.911,44.411
361643.34,2421248.911,44.377
361643.34,2421243.911,44.389
361643.34,2421238.911,44.39
361643.34,2421233.911,44.533
361643.34,2421228.911,44.47
361643.34,2421223.911,44.47
361643.34,2421218.911,45.58
361643.34,2421213.911,46.832
361643.34,2421208.911,49.251
361643.34,2421203.911,51.273
361643.34,2421198.911,52.94
361643.34,2421193.911,53.402
361643.34,2421188.911,53.748
361643.34,2421183.911,53.967
361643.34,2421178.911,54.878
361643.34,2421173.911,57.496
361643.34,2421168.911,58.315
361643.34,2421163.911,59.28
361643.34,2421158.911,58.806
361643.34,2421153.911,59.313
361643.34,2421148.911,60.055
361643.34,2421143.911,60.643
361643.34,2421138.911,60.727
361643.34,2421133.911,60.722
361643.34,2421128.911,61.459
361643.34,2421123.911,62.047
361643.34,2421118.911,63.063
361643.34,2421113.911,64.103
361643.34,2421108.911,65.716
361643.34,2421103.911,67.663
361643.34,2421098.911,68.954
361643.34,2421093.911,70.418
361643.34,2421088.911,71.738
361643.34,2421083.911,73.007
361643.34,2421078.911,74.268
361643.34,2421073.911,75.238
361643.34,2421068.911,76.047
361643.34,2421063.911,76.976
361643.34,2421058.911,77.903
361643.34,2421053.911,79.164
361643.34,2421048.911,80.54
361643.34,2421043.911,81.75
361643.34,2421038.911,83.123
361643.34,2421033.911,84.034
361643.34,2421028.911,83.769
361643.34,2421023.911,82.097
361643.34,2421018.911,79.681
361643.34,2421013.911,76.804
361643.34,2421008.911,73.252
361643.34,2421003.911,70.014
361643.34,2420998.911,67.668
361643.34,2420993.911,64.13
361643.34,2420988.911,60.938
361643.34,2420983.911,58.195
361643.34,2420978.911,55.873
361643.34,2420973.911,53.231
361643.34,2420968.911,51.02
361643.34,2420963.911,48.363
361643.34,2420958.911,44.646
361643.34,2420953.911,40.973
361643.34,2420948.911,38.465
361643.34,2420943.911,37.449
361643.34,2420938.911,34.217
361648.34,2421283.911,44.463
361648.34,2421278.911,44.466
361648.34,2421273.911,44.454
361648.34,2421268.911,44.467
361648.34,2421263.911,44.441
361648.34,2421258.911,44.432
361648.34,2421253.911,44.422
361648.34,2421248.911,44.38
361648.34,2421243.911,44.38
361648.34,2421238.911,44.395
361648.34,2421233.911,44.555
361648.34,2421228.911,44.44
361648.34,2421223.911,44.425
361648.34,2421218.911,44.777
361648.34,2421213.911,45.402
361648.34,2421208.911,48.944
361648.34,2421203.911,50.944
361648.34,2421198.911,51.748
361648.34,2421193.911,53.951
361648.34,2421188.911,54.169
361648.34,2421183.911,53.749
361648.34,2421178.911,54.375
361648.34,2421173.911,56.01
361648.34,2421168.911,57.653
361648.34,2421163.911,58.527
361648.34,2421158.911,58.948
361648.34,2421153.911,59.48
361648.34,2421148.911,59.614
361648.34,2421143.911,60.702
361648.34,2421138.911,59.916
361648.34,2421133.911,59.516
361648.34,2421128.911,61.028
361648.34,2421123.911,61.42
361648.34,2421118.911,62.21
361648.34,2421113.911,63.248
361648.34,2421108.911,64.786
361648.34,2421103.911,66.532
361648.34,2421098.911,68.065
361648.34,2421093.911,69.479
361648.34,2421088.911,70.816
361648.34,2421083.911,72.067
361648.34,2421078.911,73.353
361648.34,2421073.911,74.53
361648.34,2421068.911,75.463
361648.34,2421063.911,76.172
361648.34,2421058.911,77.019
361648.34,2421053.911,78.021
361648.34,2421048.911,79.119
361648.34,2421043.911,80.465
361648.34,2421038.911,81.808
361648.34,2421033.911,83.062
361648.34,2421028.911,83.625
361648.34,2421023.911,82.664
361648.34,2421018.911,80.488
361648.34,2421013.911,77.496
361648.34,2421008.911,74.881
361648.34,2421003.911,70.072
361648.34,2420998.911,67.681
361648.34,2420993.911,65.036
361648.34,2420988.911,61.497
361648.34,2420983.911,58.186
361648.34,2420978.911,55.734
361648.34,2420973.911,52.94
361648.34,2420968.911,50.638
361648.34,2420963.911,47.676
361648.34,2420958.911,43.101
361648.34,2420953.911,38.635
361648.34,2420948.911,38.625
361648.34,2420943.911,37.113
361648.34,2420938.911,33.898
361653.34,2421273.911,44.501
361653.34,2421268.911,44.47
361653.34,2421263.911,44.476
361653.34,2421258.911,44.455
361653.34,2421253.911,44.465
361653.34,2421248.911,44.381
361653.34,2421243.911,44.373
361653.34,2421238.911,44.397
361653.34,2421233.911,44.48
361653.34,2421228.911,44.264
361653.34,2421223.911,44.448
361653.34,2421218.911,44.382
361653.34,2421213.911,45.169
361653.34,2421208.911,45.652
361653.34,2421203.911,48.988
361653.34,2421198.911,52.65
361653.34,2421193.911,53.531
361653.34,2421188.911,52.731
361653.34,2421183.911,54.364
361653.34,2421178.911,54.107
361653.34,2421173.911,55.233
361653.34,2421168.911,56.938
361653.34,2421163.911,57.716
361653.34,2421158.911,58.715
361653.34,2421153.911,59.169
361653.34,2421148.911,60.151
361653.34,2421143.911,59.542
361653.34,2421138.911,59.52
361653.34,2421133.911,59.411
361653.34,2421128.911,59.889
361653.34,2421123.911,60.122
361653.34,2421118.911,61.471
361653.34,2421113.911,62.529
361653.34,2421108.911,63.892
361653.34,2421103.911,65.394
361653.34,2421098.911,66.899
361653.34,2421093.911,68.447
361653.34,2421088.911,69.78
361653.34,2421083.911,70.976
361653.34,2421078.911,72.325
361653.34,2421073.911,73.59
361653.34,2421068.911,74.642
361653.34,2421063.911,75.562
361653.34,2421058.911,76.084
361653.34,2421053.911,77.122
361653.34,2421048.911,78.124
361653.34,2421043.911,79.218
361653.34,2421038.911,80.529
361653.34,2421033.911,82.011
361653.34,2421028.911,82.947
361653.34,2421023.911,82.904
361653.34,2421018.911,81.149
361653.34,2421013.911,78.092
361653.34,2421008.911,75.117
361653.34,2421003.911,70.179
361653.34,2420998.911,67.849
361653.34,2420993.911,65.571
361653.34,2420988.911,62.109
361653.34,2420983.911,59.254
361653.34,2420978.911,55.978
361653.34,2420973.911,53.266
361653.34,2420968.911,50.818
361653.34,2420963.911,48.145
361653.34,2420958.911,43.479
361653.34,2420953.911,38.65
361653.34,2420948.911,38.708
361653.34,2420943.911,36.892
361653.34,2420938.911,33.775
361658.34,2421268.911,44.584
361658.34,2421263.911,44.54
361658.34,2421258.911,44.46
361658.34,2421253.911,44.42
361658.34,2421248.911,44.385
361658.34,2421243.911,44.379
361658.34,2421238.911,44.417
361658.34,2421233.911,44.443
361658.34,2421228.911,44.344
361658.34,2421223.911,44.324
361658.34,2421218.911,44.245
361658.34,2421213.911,45.282
361658.34,2421208.911,45.412
361658.34,2421203.911,46.33
361658.34,2421198.911,51.157
361658.34,2421193.911,51.532
361658.34,2421188.911,50.91
361658.34,2421183.911,52.629
361658.34,2421178.911,54.01
361658.34,2421173.911,55.457
361658.34,2421168.911,56.206
361658.34,2421163.911,56.958
361658.34,2421158.911,58.041
361658.34,2421153.911,58.614
361658.34,2421148.911,60.474
361658.34,2421143.911,60.128
361658.34,2421138.911,59.368
361658.34,2421133.911,59.187
361658.34,2421128.911,59.31
361658.34,2421123.911,59.353
361658.34,2421118.911,60.427
361658.34,2421113.911,61.642
361658.34,2421108.911,62.873
361658.34,2421103.911,64.089
361658.34,2421098.911,65.541
361658.34,2421093.911,67.061
361658.34,2421088.911,68.381
361658.34,2421083.911,69.689
361658.34,2421078.911,71.232
361658.34,2421073.911,72.458
361658.34,2421068.911,73.618
361658.34,2421063.911,74.537
361658.34,2421058.911,75.442
361658.34,2421053.911,76.108
361658.34,2421048.911,77.053
361658.34,2421043.911,78.016
361658.34,2421038.911,79.345
361658.34,2421033.911,80.863
361658.34,2421028.911,82.238
361658.34,2421023.911,82.447
361658.34,2421018.911,81.351
361658.34,2421013.911,78.4
361658.34,2421008.911,75.132
361658.34,2421003.911,70.563
361658.34,2420998.911,67.615
361658.34,2420993.911,65.763
361658.34,2420988.911,62.957
361658.34,2420983.911,59.305
361658.34,2420978.911,55.923
361658.34,2420973.911,53.242
361658.34,2420968.911,50.525
361658.34,2420963.911,48.08
361658.34,2420958.911,44.281
361658.34,2420953.911,39.024
361658.34,2420948.911,38.714
361658.34,2420943.911,36.575
361658.34,2420938.911,34.145
361663.34,2421258.911,44.475
361663.34,2421253.911,44.426
361663.34,2421248.911,44.411
361663.34,2421243.911,44.429
361663.34,2421238.911,44.42
361663.34,2421233.911,44.398
361663.34,2421228.911,44.304
361663.34,2421223.911,44.312
361663.34,2421218.911,44.271
361663.34,2421213.911,44.874
361663.34,2421208.911,45.364
361663.34,2421203.911,46.224
361663.34,2421198.911,47.719
361663.34,2421193.911,49.883
361663.34,2421188.911,50.548
361663.34,2421183.911,51.221
361663.34,2421178.911,52.904
361663.34,2421173.911,54.502
361663.34,2421168.911,55.667
361663.34,2421163.911,56.049
361663.34,2421158.911,56.539
361663.34,2421153.911,57.178
361663.34,2421148.911,58.276
361663.34,2421143.911,60.119
361663.34,2421138.911,59.843
361663.34,2421133.911,59.464
361663.34,2421128.911,59.341
361663.34,2421123.911,59.428
361663.34,2421118.911,59.598
361663.34,2421113.911,59.644
361663.34,2421108.911,61.56
361663.34,2421103.911,62.848
361663.34,2421098.911,63.952
361663.34,2421093.911,65.382
361663.34,2421088.911,66.806
361663.34,2421083.911,68.404
361663.34,2421078.911,69.983
361663.34,2421073.911,71.437
361663.34,2421068.911,72.618
361663.34,2421063.911,73.857
361663.34,2421058.911,74.605
361663.34,2421053.911,75.402
361663.34,2421048.911,76.092
361663.34,2421043.911,76.995
361663.34,2421038.911,78.152
361663.34,2421033.911,79.557
361663.34,2421028.911,81.029
361663.34,2421023.911,81.812
361663.34,2421018.911,81.122
361663.34,2421013.911,78.706
361663.34,2421008.911,75.563
361663.34,2421003.911,70.942
361663.34,2420998.911,67.835
361663.34,2420993.911,66.259
361663.34,2420988.911,62.837
361663.34,2420983.911,59.162
361663.34,2420978.911,56.435
361663.34,2420973.911,53.614
361663.34,2420968.911,50.48
361663.34,2420963.911,47.92
361663.34,2420958.911,42.978
361663.34,2420953.911,38.564
361663.34,2420948.911,38.718
361663.34,2420943.911,36.3
361663.34,2420938.911,34.096
361668.34,2421253.911,44.315
361668.34,2421248.911,44.412
361668.34,2421243.911,44.441
361668.34,2421238.911,44.419
361668.34,2421233.911,44.335
361668.34,2421228.911,44.346
361668.34,2421223.911,44.308
361668.34,2421218.911,44.079
361668.34,2421213.911,44.801
361668.34,2421208.911,44.988
361668.34,2421203.911,45.495
361668.34,2421198.911,47.394
361668.34,2421193.911,50.316
361668.34,2421188.911,50.661
361668.34,2421183.911,50.967
361668.34,2421178.911,52.434
361668.34,2421173.911,54.015
361668.34,2421168.911,54.711
361668.34,2421163.911,56.013
361668.34,2421158.911,55.742
361668.34,2421153.911,56.097
361668.34,2421148.911,57.183
361668.34,2421143.911,57.788
361668.34,2421138.911,58.419
361668.34,2421133.911,58.072
361668.34,2421128.911,59.38
361668.34,2421123.911,59.332
361668.34,2421118.911,59.436
361668.34,2421113.911,59.489
361668.34,2421108.911,59.483
361668.34,2421103.911,61.392
361668.34,2421098.911,62.577
361668.34,2421093.911,63.872
361668.34,2421088.911,65.379
361668.34,2421083.911,67.208
361668.34,2421078.911,68.906
361668.34,2421073.911,70.44
361668.34,2421068.911,71.75
361668.34,2421063.911,73.094
361668.34,2421058.911,74.103
361668.34,2421053.911,74.789
361668.34,2421048.911,75.452
361668.34,2421043.911,76.092
361668.34,2421038.911,77.2
361668.34,2421033.911,78.292
361668.34,2421028.911,79.776
361668.34,2421023.911,80.802
361668.34,2421018.911,80.249
361668.34,2421013.911,78.132
361668.34,2421008.911,75.757
361668.34,2421003.911,71.882
361668.34,2420998.911,68.329
361668.34,2420993.911,66.132
361668.34,2420988.911,62.639
361668.34,2420983.911,59.335
361668.34,2420978.911,56.435
361668.34,2420973.911,53.923
361668.34,2420968.911,50.6
361668.34,2420963.911,47.51
361668.34,2420958.911,39.633
361668.34,2420953.911,38.538
361668.34,2420948.911,38.696
361668.34,2420943.911,36.305
361668.34,2420938.911,34.027
361673.34,2421243.911,44.362
361673.34,2421238.911,44.307
361673.34,2421233.911,44.326
361673.34,2421228.911,44.325
361673.34,2421223.911,44.392
361673.34,2421218.911,44.282
361673.34,2421213.911,43.874
361673.34,2421208.911,45.588
361673.34,2421203.911,45.619
361673.34,2421198.911,46.85
361673.34,2421193.911,48.224
361673.34,2421188.911,49.392
361673.34,2421183.911,51.05
361673.34,2421178.911,51.968
361673.34,2421173.911,53.011
361673.34,2421168.911,53.918
361673.34,2421163.911,54.141
361673.34,2421158.911,54.338
361673.34,2421153.911,54.541
361673.34,2421148.911,56.204
361673.34,2421143.911,56.814
361673.34,2421138.911,57.425
361673.34,2421133.911,57.572
361673.34,2421128.911,58.049
361673.34,2421123.911,59.082
361673.34,2421118.911,59.359
361673.34,2421113.911,59.476
361673.34,2421108.911,59.549
361673.34,2421103.911,59.346
361673.34,2421098.911,61.177
361673.34,2421093.911,62.477
361673.34,2421088.911,64.181
361673.34,2421083.911,65.81
361673.34,2421078.911,67.675
361673.34,2421073.911,69.067
361673.34,2421068.911,70.677
361673.34,2421063.911,72.057
361673.34,2421058.911,73.271
361673.34,2421053.911,74.309
361673.34,2421048.911,74.795
361673.34,2421043.911,75.48
361673.34,2421038.911,76.221
361673.34,2421033.911,77.243
361673.34,2421028.911,78.439
361673.34,2421023.911,79.266
361673.34,2421018.911,77.834
361673.34,2421013.911,77.284
361673.34,2421008.911,75.929
361673.34,2421003.911,73.098
361673.34,2420998.911,68.553
361673.34,2420993.911,66.477
361673.34,2420988.911,62.814
361673.34,2420983.911,59.687
361673.34,2420978.911,56.369
361673.34,2420973.911,53.34
361673.34,2420968.911,50.446
361673.34,2420963.911,46.212
361673.34,2420958.911,40.348
361673.34,2420953.911,38.652
361673.34,2420948.911,38.695
361673.34,2420943.911,35.755
361673.34,2420938.911,33.595
361678.34,2421238.911,44.337
361678.34,2421233.911,44.307
361678.34,2421228.911,44.307
361678.34,2421223.911,44.371
361678.34,2421218.911,44.337
361678.34,2421213.911,44.3
361678.34,2421208.911,45.69
361678.34,2421203.911,45.77
361678.34,2421198.911,45.735
361678.34,2421193.911,47.719
361678.34,2421188.911,49.888
361678.34,2421183.911,50.212
361678.34,2421178.911,51.429
361678.34,2421173.911,52.038
361678.34,2421168.911,52.326
361678.34,2421163.911,52.806
361678.34,2421158.911,53.575
361678.34,2421153.911,55.471
361678.34,2421148.911,56.312
361678.34,2421143.911,56.22
361678.34,2421138.911,56.354
361678.34,2421133.911,56.842
361678.34,2421128.911,57.059
361678.34,2421123.911,57.117
361678.34,2421118.911,59.209
361678.34,2421113.911,59.326
361678.34,2421108.911,59.363
361678.34,2421103.911,59.368
361678.34,2421098.911,59.846
361678.34,2421093.911,60.978
361678.34,2421088.911,62.607
361678.34,2421083.911,64.142
361678.34,2421078.911,65.516
361678.34,2421073.911,67.372
361678.34,2421068.911,69.19
361678.34,2421063.911,70.807
361678.34,2421058.911,72.019
361678.34,2421053.911,73.397
361678.34,2421048.911,74.256
361678.34,2421043.911,74.642
361678.34,2421038.911,75.373
361678.34,2421033.911,76.164
361678.34,2421028.911,77.044
361678.34,2421023.911,77.916
361678.34,2421018.911,76.894
361678.34,2421013.911,76.682
361678.34,2421008.911,76.652
361678.34,2421003.911,73.739
361678.34,2420998.911,69.527
361678.34,2420993.911,66.481
361678.34,2420988.911,63.314
361678.34,2420983.911,59.533
361678.34,2420978.911,56.403
361678.34,2420973.911,53.509
361678.34,2420968.911,50.502
361678.34,2420963.911,46.793
361678.34,2420958.911,40.366
361678.34,2420953.911,38.67
361678.34,2420948.911,38.682
361678.34,2420943.911,36.323
361678.34,2420938.911,33.914
361683.34,2421228.911,44.355
361683.34,2421223.911,44.356
361683.34,2421218.911,44.387
361683.34,2421213.911,44.428
361683.34,2421208.911,45.476
361683.34,2421203.911,45.75
361683.34,2421198.911,45.756
361683.34,2421193.911,47.335
361683.34,2421188.911,49.221
361683.34,2421183.911,49.682
361683.34,2421178.911,51.621
361683.34,2421173.911,51.784
361683.34,2421168.911,51.773
361683.34,2421163.911,51.91
361683.34,2421158.911,53.079
361683.34,2421153.911,54.629
361683.34,2421148.911,55.767
361683.34,2421143.911,56.432
361683.34,2421138.911,56.136
361683.34,2421133.911,56.501
361683.34,2421128.911,56.627
361683.34,2421123.911,56.853
361683.34,2421118.911,57.16
361683.34,2421113.911,59.184
361683.34,2421108.911,59.075
361683.34,2421103.911,59.363
361683.34,2421098.911,59.433
361683.34,2421093.911,59.737
361683.34,2421088.911,61.008
361683.34,2421083.911,62.529
361683.34,2421078.911,63.963
361683.34,2421073.911,65.81
361683.34,2421068.911,67.631
361683.34,2421063.911,69.738
361683.34,2421058.911,70.961
361683.34,2421053.911,71.259
361683.34,2421048.911,73.277
361683.34,2421043.911,73.962
361683.34,2421038.911,74.476
361683.34,2421033.911,75.199
361683.34,2421028.911,76.029
361683.34,2421023.911,76.708
361683.34,2421018.911,76.067
361683.34,2421013.911,75.196
361683.34,2421008.911,74.169
361683.34,2421003.911,73.636
361683.34,2420998.911,69.881
361683.34,2420993.911,66.801
361683.34,2420988.911,63.56
361683.34,2420983.911,60.133
361683.34,2420978.911,56.921
361683.34,2420973.911,53.801
361683.34,2420968.911,50.728
361683.34,2420963.911,47.859
361683.34,2420958.911,42.676
361683.34,2420953.911,38.735
361683.34,2420948.911,38.533
361683.34,2420943.911,35.508
361683.34,2420938.911,34.063
361688.34,2421223.911,44.344
361688.34,2421218.911,44.391
361688.34,2421213.911,44.377
361688.34,2421208.911,44.748
361688.34,2421203.911,45.43
361688.34,2421198.911,45.584
361688.34,2421193.911,46.819
361688.34,2421188.911,49.233
361688.34,2421183.911,49.671
361688.34,2421178.911,50.555
361688.34,2421173.911,50.609
361688.34,2421168.911,51.029
361688.34,2421163.911,49.776
361688.34,2421158.911,50.904
361688.34,2421153.911,53.973
361688.34,2421148.911,54.734
361688.34,2421143.911,55.205
361688.34,2421138.911,55.742
361688.34,2421133.911,56.291
361688.34,2421128.911,56.191
361688.34,2421123.911,56.271
361688.34,2421118.911,56.472
361688.34,2421113.911,57.183
361688.34,2421108.911,58.123
361688.34,2421103.911,59.148
361688.34,2421098.911,59.415
361688.34,2421093.911,59.461
361688.34,2421088.911,59.648
361688.34,2421083.911,61.021
361688.34,2421078.911,62.53
361688.34,2421073.911,64.105
361688.34,2421068.911,66.093
361688.34,2421063.911,68.317
361688.34,2421058.911,70.07
361688.34,2421053.911,71.121
361688.34,2421048.911,72.328
361688.34,2421043.911,72.973
361688.34,2421038.911,73.672
361688.34,2421033.911,74.138
361688.34,2421028.911,74.796
361688.34,2421023.911,75.57
361688.34,2421018.911,75.314
361688.34,2421013.911,73.099
361688.34,2421008.911,71.885
361688.34,2421003.911,71.774
361688.34,2420998.911,70.274
361688.34,2420993.911,66.956
361688.34,2420988.911,63.806
361688.34,2420983.911,60.373
361688.34,2420978.911,57.131
361688.34,2420973.911,53.956
361688.34,2420968.911,50.919
361688.34,2420963.911,47.844
361688.34,2420958.911,42.227
361688.34,2420953.911,38.801
361688.34,2420948.911,38.523
361688.34,2420943.911,34.797
361693.34,2421213.911,44.416
361693.34,2421208.911,44.463
361693.34,2421203.911,45.023
361693.34,2421198.911,45.7
361693.34,2421193.911,48.431
361693.34,2421188.911,49.394
361693.34,2421183.911,48.861
361693.34,2421178.911,48.73
361693.34,2421173.911,50.352
361693.34,2421168.911,50.716
361693.34,2421163.911,49.978
361693.34,2421158.911,50.09
361693.34,2421153.911,53.327
361693.34,2421148.911,54.274
361693.34,2421143.911,54.843
361693.34,2421138.911,55.346
361693.34,2421133.911,56.192
361693.34,2421128.911,56.185
361693.34,2421123.911,55.946
361693.34,2421118.911,56.084
361693.34,2421113.911,56.509
361693.34,2421108.911,56.508
361693.34,2421103.911,57.28
361693.34,2421098.911,59.014
361693.34,2421093.911,59.236
361693.34,2421088.911,59.569
361693.34,2421083.911,59.589
361693.34,2421078.911,61.044
361693.34,2421073.911,62.755
361693.34,2421068.911,64.697
361693.34,2421063.911,66.57
361693.34,2421058.911,68.41
361693.34,2421053.911,69.929
361693.34,2421048.911,71.321
361693.34,2421043.911,72.103
361693.34,2421038.911,72.767
361693.34,2421033.911,73.227
361693.34,2421028.911,74.453
361693.34,2421023.911,74.283
361693.34,2421018.911,74.394
361693.34,2421013.911,71.965
361693.34,2421008.911,71.775
361693.34,2421003.911,71.722
361693.34,2420998.911,70.098
361693.34,2420993.911,66.99
361693.34,2420988.911,64.047
361693.34,2420983.911,60.143
361693.34,2420978.911,56.864
361693.34,2420973.911,53.764
361693.34,2420968.911,51.019
361693.34,2420963.911,47.891
361693.34,2420958.911,41.359
361693.34,2420953.911,38.791
361693.34,2420948.911,38.423
361693.34,2420943.911,34.69
361698.34,2421203.911,44.33
361698.34,2421198.911,45.757
361698.34,2421193.911,47.97
361698.34,2421188.911,49.05
361698.34,2421183.911,48.506
361698.34,2421178.911,49.125
361698.34,2421173.911,48.986
361698.34,2421168.911,50.352
361698.34,2421163.911,49.829
361698.34,2421158.911,50.252
361698.34,2421153.911,50.609
361698.34,2421148.911,53.407
361698.34,2421143.911,53.318
361698.34,2421138.911,54.677
361698.34,2421133.911,55.552
361698.34,2421128.911,55.601
361698.34,2421123.911,55.755
361698.34,2421118.911,55.678
361698.34,2421113.911,55.862
361698.34,2421108.911,55.706
361698.34,2421103.911,55.578
361698.34,2421098.911,57.142
361698.34,2421093.911,58.875
361698.34,2421088.911,59.177
361698.34,2421083.911,59.659
361698.34,2421078.911,59.617
361698.34,2421073.911,60.163
361698.34,2421068.911,63.038
361698.34,2421063.911,65.012
361698.34,2421058.911,66.739
361698.34,2421053.911,68.215
361698.34,2421048.911,69.697
361698.34,2421043.911,70.818
361698.34,2421038.911,71.82
361698.34,2421033.911,72.401
361698.34,2421028.911,73.55
361698.34,2421023.911,73.328
361698.34,2421018.911,72.877
361698.34,2421013.911,71.941
361698.34,2421008.911,71.88
361698.34,2421003.911,71.747
361698.34,2420998.911,69.67
361698.34,2420993.911,66.954
361698.34,2420988.911,63.577
361698.34,2420983.911,59.59
361698.34,2420978.911,56.739
361698.34,2420973.911,53.693
361698.34,2420968.911,50.457
361698.34,2420963.911,46.648
361698.34,2420958.911,41.147
361698.34,2420953.911,38.778
361698.34,2420948.911,37.527
361698.34,2420943.911,34.522
361703.34,2421198.911,44.508
361703.34,2421193.911,46.669
361703.34,2421188.911,47.996
361703.34,2421183.911,48.067
361703.34,2421178.911,48.25
361703.34,2421173.911,48.138
361703.34,2421168.911,49.062
361703.34,2421163.911,48.329
361703.34,2421158.911,48.495
361703.34,2421153.911,49.036
361703.34,2421148.911,48.752
361703.34,2421143.911,50.916
361703.34,2421138.911,52.862
361703.34,2421133.911,54.485
361703.34,2421128.911,54.524
361703.34,2421123.911,55.549
361703.34,2421118.911,55.472
361703.34,2421113.911,55.471
361703.34,2421108.911,55.403
361703.34,2421103.911,54.901
361703.34,2421098.911,55.683
361703.34,2421093.911,57.007
361703.34,2421088.911,58.921
361703.34,2421083.911,59.059
361703.34,2421078.911,59.467
361703.34,2421073.911,59.555
361703.34,2421068.911,59.711
361703.34,2421063.911,62.657
361703.34,2421058.911,64.993
361703.34,2421053.911,66.527
361703.34,2421048.911,68.082
361703.34,2421043.911,69.511
361703.34,2421038.911,70.567
361703.34,2421033.911,71.597
361703.34,2421028.911,72.555
361703.34,2421023.911,72.167
361703.34,2421018.911,71.003
361703.34,2421013.911,70.849
361703.34,2421008.911,70.831
361703.34,2421003.911,71.464
361703.34,2420998.911,68.707
361703.34,2420993.911,66.238
361703.34,2420988.911,63.347
361703.34,2420983.911,59.18
361703.34,2420978.911,56.462
361703.34,2420973.911,52.441
361703.34,2420968.911,49.668
361703.34,2420963.911,46.418
361703.34,2420958.911,42.174
361703.34,2420953.911,38.708
361703.34,2420948.911,37.547
361703.34,2420943.911,34.151
361708.34,2421188.911,46.446
361708.34,2421183.911,47.786
361708.34,2421178.911,46.74
361708.34,2421173.911,48.083
361708.34,2421168.911,48.919
361708.34,2421163.911,48.414
361708.34,2421158.911,48.383
361708.34,2421153.911,48.641
361708.34,2421148.911,48.612
361708.34,2421143.911,48.57
361708.34,2421138.911,49.505
361708.34,2421133.911,51.599
361708.34,2421128.911,55.004
361708.34,2421123.911,54.986
361708.34,2421118.911,55.223
361708.34,2421113.911,55.681
361708.34,2421108.911,54.646
361708.34,2421103.911,54.729
361708.34,2421098.911,55.048
361708.34,2421093.911,55.823
361708.34,2421088.911,56.412
361708.34,2421083.911,58.741
361708.34,2421078.911,58.641
361708.34,2421073.911,59.153
361708.34,2421068.911,59.688
361708.34,2421063.911,60.33
361708.34,2421058.911,62.071
361708.34,2421053.911,65.096
361708.34,2421048.911,66.699
361708.34,2421043.911,68.294
361708.34,2421038.911,69.609
361708.34,2421033.911,70.707
361708.34,2421028.911,71.876
361708.34,2421023.911,68.994
361708.34,2421018.911,68.446
361708.34,2421013.911,70.121
361708.34,2421008.911,70.526
361708.34,2421003.911,71.456
361708.34,2420998.911,68.916
361708.34,2420993.911,66.31
361708.34,2420988.911,62.97
361708.34,2420983.911,59.291
361708.34,2420978.911,56.297
361708.34,2420973.911,53.346
361708.34,2420968.911,50.439
361708.34,2420963.911,47.129
361708.34,2420958.911,43.934
361708.34,2420953.911,38.634
361708.34,2420948.911,37.529
361708.34,2420943.911,34.882
361713.34,2421183.911,47.071
361713.34,2421178.911,46.117
361713.34,2421173.911,46.103
361713.34,2421168.911,48.091
361713.34,2421163.911,49.867
361713.34,2421158.911,48.061
361713.34,2421153.911,47.951
361713.34,2421148.911,48.037
361713.34,2421143.911,48.305
361713.34,2421138.911,48.57
361713.34,2421133.911,50.462
361713.34,2421128.911,54.272
361713.34,2421123.911,54.35
361713.34,2421118.911,53.767
361713.34,2421113.911,53.851
361713.34,2421108.911,54.943
361713.34,2421103.911,55.252
361713.34,2421098.911,55.513
361713.34,2421093.911,55.569
361713.34,2421088.911,55.978
361713.34,2421083.911,56.593
361713.34,2421078.911,58.604
361713.34,2421073.911,59.089
361713.34,2421068.911,59.495
361713.34,2421063.911,60.07
361713.34,2421058.911,60.878
361713.34,2421053.911,61.705
361713.34,2421048.911,64.945
361713.34,2421043.911,67.289
361713.34,2421038.911,68.73
361713.34,2421033.911,70.383
361713.34,2421028.911,70.502
361713.34,2421023.911,66.863
361713.34,2421018.911,66.703
361713.34,2421013.911,66.802
361713.34,2421008.911,70.73
361713.34,2421003.911,71.869
361713.34,2420998.911,69.215
361713.34,2420993.911,66.111
361713.34,2420988.911,63.468
361713.34,2420983.911,58.633
361713.34,2420978.911,55.927
361713.34,2420973.911,53.503
361713.34,2420968.911,50.616
361713.34,2420963.911,47.36
361713.34,2420958.911,43.956
361713.34,2420953.911,38.645
361713.34,2420948.911,37.521
361713.34,2420943.911,33.959
361718.34,2421173.911,46.128
361718.34,2421168.911,46.999
361718.34,2421163.911,49.388
361718.34,2421158.911,48.205
361718.34,2421153.911,47.687
361718.34,2421148.911,47.718
361718.34,2421143.911,47.68
361718.34,2421138.911,47.696
361718.34,2421133.911,49.71
361718.34,2421128.911,53.047
361718.34,2421123.911,53.598
361718.34,2421118.911,53.897
361718.34,2421113.911,53.798
361718.34,2421108.911,53.512
361718.34,2421103.911,54.168
361718.34,2421098.911,55.031
361718.34,2421093.911,55.237
361718.34,2421088.911,55.46
361718.34,2421083.911,55.864
361718.34,2421078.911,57.296
361718.34,2421073.911,58.81
361718.34,2421068.911,59.581
361718.34,2421063.911,60.178
361718.34,2421058.911,60.614
361718.34,2421053.911,61.555
361718.34,2421048.911,62.297
361718.34,2421043.911,64.28
361718.34,2421038.911,67.501
361718.34,2421033.911,68.816
361718.34,2421028.911,67.131
361718.34,2421023.911,66.236
361718.34,2421018.911,66.361
361718.34,2421013.911,67.789
361718.34,2421008.911,71.595
361718.34,2421003.911,71.657
361718.34,2420998.911,69.412
361718.34,2420993.911,66.774
361718.34,2420988.911,64.204
361718.34,2420983.911,59.861
361718.34,2420978.911,56.722
361718.34,2420973.911,53.7
361718.34,2420968.911,50.45
361718.34,2420963.911,47.251
361718.34,2420958.911,44.063
361718.34,2420953.911,38.672
361718.34,2420948.911,37.492
361718.34,2420943.911,33.228
361723.34,2421168.911,48
361723.34,2421163.911,48.347
361723.34,2421158.911,47.901
361723.34,2421153.911,47.63
361723.34,2421148.911,47.648
361723.34,2421143.911,47.595
361723.34,2421138.911,47.607
361723.34,2421133.911,50.387
361723.34,2421128.911,53.362
361723.34,2421123.911,53.583
361723.34,2421118.911,53.73
361723.34,2421113.911,53.77
361723.34,2421108.911,53.701
361723.34,2421103.911,53.82
361723.34,2421098.911,54.147
361723.34,2421093.911,54.842
361723.34,2421088.911,55.186
361723.34,2421083.911,55.391
361723.34,2421078.911,55.64
361723.34,2421073.911,57.528
361723.34,2421068.911,59.242
361723.34,2421063.911,60.093
361723.34,2421058.911,60.831
361723.34,2421053.911,61.471
361723.34,2421048.911,61.93
361723.34,2421043.911,62.865
361723.34,2421038.911,64.086
361723.34,2421033.911,65.71
361723.34,2421028.911,65.202
361723.34,2421023.911,65.631
361723.34,2421018.911,65.809
361723.34,2421013.911,67.748
361723.34,2421008.911,71.428
361723.34,2421003.911,71.518
361723.34,2420998.911,71.095
361723.34,2420993.911,68.607
361723.34,2420988.911,64.67
361723.34,2420983.911,60.855
361723.34,2420978.911,57.071
361723.34,2420973.911,54.008
361723.34,2420968.911,50.471
361723.34,2420963.911,46.962
361723.34,2420958.911,43.281
361723.34,2420953.911,38.664
361723.34,2420948.911,37.013
361723.34,2420943.911,32.556
361728.34,2421158.911,48.307
361728.34,2421153.911,47.673
361728.34,2421148.911,47.765
361728.34,2421143.911,47.591
361728.34,2421138.911,47.888
361728.34,2421133.911,51.029
361728.34,2421128.911,52.784
361728.34,2421123.911,53.076
361728.34,2421118.911,53.339
361728.34,2421113.911,53.744
361728.34,2421108.911,53.798
361728.34,2421103.911,53.463
361728.34,2421098.911,53.02
361728.34,2421093.911,52.629
361728.34,2421088.911,54.306
361728.34,2421083.911,54.859
361728.34,2421078.911,55.266
361728.34,2421073.911,55.723
361728.34,2421068.911,57.48
361728.34,2421063.911,58.95
361728.34,2421058.911,60.702
361728.34,2421053.911,61.376
361728.34,2421048.911,62.173
361728.34,2421043.911,62.558
361728.34,2421038.911,63.598
361728.34,2421033.911,64.281
361728.34,2421028.911,64.908
361728.34,2421023.911,65.318
361728.34,2421018.911,65.748
361728.34,2421013.911,68.913
361728.34,2421008.911,70.984
361728.34,2421003.911,71.041
361728.34,2420998.911,71.429
361728.34,2420993.911,69.58
361728.34,2420988.911,66.172
361728.34,2420983.911,62.628
361728.34,2420978.911,57.563
361728.34,2420973.911,53.485
361728.34,2420968.911,50.064
361728.34,2420963.911,46.256
361728.34,2420958.911,41.817
361728.34,2420953.911,38.647
361728.34,2420948.911,36.39
361728.34,2420943.911,32.613
361733.34,2421153.911,48.764
361733.34,2421148.911,49.281
361733.34,2421143.911,49.421
361733.34,2421138.911,50.417
361733.34,2421133.911,51.503
361733.34,2421128.911,52.247
361733.34,2421123.911,52.743
361733.34,2421118.911,53.183
361733.34,2421113.911,53.405
361733.34,2421108.911,53.574
361733.34,2421103.911,53.33
361733.34,2421098.911,52.087
361733.34,2421093.911,51.692
361733.34,2421088.911,52.023
361733.34,2421083.911,52.306
361733.34,2421078.911,54.204
361733.34,2421073.911,55.145
361733.34,2421068.911,55.807
361733.34,2421063.911,56.557
361733.34,2421058.911,58.564
361733.34,2421053.911,59.862
361733.34,2421048.911,62.028
361733.34,2421043.911,63.383
361733.34,2421038.911,63.573
361733.34,2421033.911,64.135
361733.34,2421028.911,64.761
361733.34,2421023.911,65.32
361733.34,2421018.911,66.355
361733.34,2421013.911,69.789
361733.34,2421008.911,70.283
361733.34,2421003.911,70.764
361733.34,2420998.911,70.928
361733.34,2420993.911,70.044
361733.34,2420988.911,66.73
361733.34,2420983.911,63.537
361733.34,2420978.911,59.117
361733.34,2420973.911,54.29
361733.34,2420968.911,50.087
361733.34,2420963.911,45.909
361733.34,2420958.911,40.25
361733.34,2420953.911,38.626
361733.34,2420948.911,36.194
361733.34,2420943.911,32.797
361738.34,2421143.911,49.711
361738.34,2421138.911,50.489
361738.34,2421133.911,51.276
361738.34,2421128.911,51.968
361738.34,2421123.911,52.449
361738.34,2421118.911,52.927
361738.34,2421113.911,53.318
361738.34,2421108.911,53.125
361738.34,2421103.911,52.453
361738.34,2421098.911,51.387
361738.34,2421093.911,51.567
361738.34,2421088.911,51.734
361738.34,2421083.911,51.911
361738.34,2421078.911,52.026
361738.34,2421073.911,52.609
361738.34,2421068.911,55.152
361738.34,2421063.911,55.739
361738.34,2421058.911,56.384
361738.34,2421053.911,57.278
361738.34,2421048.911,59.818
361738.34,2421043.911,61.743
361738.34,2421038.911,63.932
361738.34,2421033.911,64.532
361738.34,2421028.911,64.946
361738.34,2421023.911,65.661
361738.34,2421018.911,67.398
361738.34,2421013.911,69.026
361738.34,2421008.911,70.011
361738.34,2421003.911,70.554
361738.34,2420998.911,70.515
361738.34,2420993.911,70.649
361738.34,2420988.911,68.452
361738.34,2420983.911,64.809
361738.34,2420978.911,61.385
361738.34,2420973.911,56.038
361738.34,2420968.911,50.287
361738.34,2420963.911,46.694
361738.34,2420958.911,40.907
361738.34,2420953.911,38.612
361738.34,2420948.911,35.807
361738.34,2420943.911,32.74
361743.34,2421138.911,49.542
361743.34,2421133.911,50.572
361743.34,2421128.911,51.833
361743.34,2421123.911,52.414
361743.34,2421118.911,52.791
361743.34,2421113.911,53.016
361743.34,2421108.911,52.192
361743.34,2421103.911,50.952
361743.34,2421098.911,50.898
361743.34,2421093.911,51.536
361743.34,2421088.911,52.008
361743.34,2421083.911,51.955
361743.34,2421078.911,51.989
361743.34,2421073.911,51.992
361743.34,2421068.911,52.11
361743.34,2421063.911,54.401
361743.34,2421058.911,55.6
361743.34,2421053.911,56.41
361743.34,2421048.911,57.096
361743.34,2421043.911,59.25
361743.34,2421038.911,62.093
361743.34,2421033.911,64.753
361743.34,2421028.911,65.014
361743.34,2421023.911,65.463
361743.34,2421018.911,66.758
361743.34,2421013.911,67.726
361743.34,2421008.911,69.153
361743.34,2421003.911,70.306
361743.34,2420998.911,70.342
361743.34,2420993.911,70.363
361743.34,2420988.911,69.013
361743.34,2420983.911,65.593
361743.34,2420978.911,62.324
361743.34,2420973.911,55.974
361743.34,2420968.911,50.636
361743.34,2420963.911,46.783
361743.34,2420958.911,41.088
361743.34,2420953.911,38.625
361743.34,2420948.911,36.113
361743.34,2420943.911,32.764
361748.34,2421128.911,49.043
361748.34,2421123.911,50.123
361748.34,2421118.911,50.398
361748.34,2421113.911,51.124
361748.34,2421108.911,50.775
361748.34,2421103.911,50.159
361748.34,2421098.911,50.745
361748.34,2421093.911,51.008
361748.34,2421088.911,51.484
361748.34,2421083.911,51.683
361748.34,2421078.911,51.685
361748.34,2421073.911,51.906
361748.34,2421068.911,51.764
361748.34,2421063.911,52.824
361748.34,2421058.911,54.182
361748.34,2421053.911,55.459
361748.34,2421048.911,56.13
361748.34,2421043.911,57.475
361748.34,2421038.911,59.466
361748.34,2421033.911,62.035
361748.34,2421028.911,63.926
361748.34,2421023.911,65
361748.34,2421018.911,64.874
361748.34,2421013.911,66.461
361748.34,2421008.911,68.429
361748.34,2421003.911,70.219
361748.34,2420998.911,70.391
361748.34,2420993.911,70.35
361748.34,2420988.911,68.952
361748.34,2420983.911,65.476
361748.34,2420978.911,61.456
361748.34,2420973.911,56.213
361748.34,2420968.911,50.285
361748.34,2420963.911,47.192
361748.34,2420958.911,40.252
361748.34,2420953.911,38.625
361748.34,2420948.911,35.89
361748.34,2420943.911,32.424
361753.34,2421123.911,48.688
361753.34,2421118.911,48.987
361753.34,2421113.911,49.259
361753.34,2421108.911,49.402
361753.34,2421103.911,49.631
361753.34,2421098.911,50.189
361753.34,2421093.911,48.324
361753.34,2421088.911,49.782
361753.34,2421083.911,51.483
361753.34,2421078.911,51.455
361753.34,2421073.911,51.43
361753.34,2421068.911,51.47
361753.34,2421063.911,51.779
361753.34,2421058.911,52.042
361753.34,2421053.911,52.643
361753.34,2421048.911,53.25
361753.34,2421043.911,55.111
361753.34,2421038.911,57.272
361753.34,2421033.911,58.86
361753.34,2421028.911,60.499
361753.34,2421023.911,61.895
361753.34,2421018.911,63.648
361753.34,2421013.911,65.541
361753.34,2421008.911,68.055
361753.34,2421003.911,69.929
361753.34,2420998.911,70.657
361753.34,2420993.911,70.363
361753.34,2420988.911,69.287
361753.34,2420983.911,65.808
361753.34,2420978.911,62.845
361753.34,2420973.911,57.215
361753.34,2420968.911,50.27
361753.34,2420963.911,46.208
361753.34,2420958.911,40.455
361753.34,2420953.911,38.642
361753.34,2420948.911,34.877
361758.34,2421113.911,48.69
361758.34,2421108.911,48.788
361758.34,2421103.911,49.261
361758.34,2421098.911,49.808
361758.34,2421093.911,49.894
361758.34,2421088.911,50.262
361758.34,2421083.911,50.495
361758.34,2421078.911,51.318
361758.34,2421073.911,51.263
361758.34,2421068.911,51.326
361758.34,2421063.911,51.58
361758.34,2421058.911,51.804
361758.34,2421053.911,51.902
361758.34,2421048.911,52.467
361758.34,2421043.911,52.75
361758.34,2421038.911,53.783
361758.34,2421033.911,56.916
361758.34,2421028.911,59.346
361758.34,2421023.911,60.908
361758.34,2421018.911,62.689
361758.34,2421013.911,64.78
361758.34,2421008.911,67.168
361758.34,2421003.911,69.189
361758.34,2420998.911,69.636
361758.34,2420993.911,69.725
361758.34,2420988.911,68.986
361758.34,2420983.911,66.417
361758.34,2420978.911,63.349
361758.34,2420973.911,58.314
361758.34,2420968.911,51.192
361758.34,2420963.911,45.816
361758.34,2420958.911,40.425
361758.34,2420953.911,38.427
361758.34,2420948.911,34.742
361763.34,2421108.911,48.132
361763.34,2421103.911,47.288
361763.34,2421098.911,46.141
361763.34,2421093.911,46.812
361763.34,2421088.911,47.742
361763.34,2421083.911,49.844
361763.34,2421078.911,49.021
361763.34,2421073.911,50.992
361763.34,2421068.911,51.252
361763.34,2421063.911,51.478
361763.34,2421058.911,51.626
361763.34,2421053.911,51.921
361763.34,2421048.911,52.025
361763.34,2421043.911,52.183
361763.34,2421038.911,52.707
361763.34,2421033.911,54.545
361763.34,2421028.911,57.925
361763.34,2421023.911,60.037
361763.34,2421018.911,62.183
361763.34,2421013.911,64.292
361763.34,2421008.911,66.412
361763.34,2421003.911,67.908
361763.34,2420998.911,68.833
361763.34,2420993.911,68.562
361763.34,2420988.911,68.348
361763.34,2420983.911,65.835
361763.34,2420978.911,62.343
361763.34,2420973.911,58.535
361763.34,2420968.911,51.281
361763.34,2420963.911,45.681
361763.34,2420958.911,40.736
361763.34,2420953.911,37.418
361763.34,2420948.911,34.535
361768.34,2421098.911,44.647
361768.34,2421093.911,45.756
361768.34,2421088.911,45.956
361768.34,2421083.911,47.943
361768.34,2421078.911,48.372
361768.34,2421073.911,48.076
361768.34,2421068.911,48.727
361768.34,2421063.911,51.272
361768.34,2421058.911,51.467
361768.34,2421053.911,51.712
361768.34,2421048.911,51.446
361768.34,2421043.911,51.413
361768.34,2421038.911,51.289
361768.34,2421033.911,53.302
361768.34,2421028.911,55.406
361768.34,2421023.911,59.435
361768.34,2421018.911,61.831
361768.34,2421013.911,63.449
361768.34,2421008.911,65.161
361768.34,2421003.911,66.41
361768.34,2420998.911,67.954
361768.34,2420993.911,68.027
361768.34,2420988.911,67.337
361768.34,2420983.911,65.124
361768.34,2420978.911,61.872
361768.34,2420973.911,55.929
361768.34,2420968.911,49.585
361768.34,2420963.911,44.597
361768.34,2420958.911,40.476
361768.34,2420953.911,37.387
361768.34,2420948.911,34.106
361773.34,2421093.911,45.81
361773.34,2421088.911,45.829
361773.34,2421083.911,45.599
361773.34,2421078.911,47.886
361773.34,2421073.911,48.702
361773.34,2421068.911,48.558
361773.34,2421063.911,48.559
361773.34,2421058.911,49.273
361773.34,2421053.911,50.975
361773.34,2421048.911,51.42
361773.34,2421043.911,51.272
361773.34,2421038.911,51.002
361773.34,2421033.911,51.511
361773.34,2421028.911,53.314
361773.34,2421023.911,57.36
361773.34,2421018.911,60.888
361773.34,2421013.911,62.916
361773.34,2421008.911,63.872
361773.34,2421003.911,64.604
361773.34,2420998.911,65.101
361773.34,2420993.911,65.331
361773.34,2420988.911,65.435
361773.34,2420983.911,64.445
361773.34,2420978.911,61.775
361773.34,2420973.911,55.352
361773.34,2420968.911,49.261
361773.34,2420963.911,44.618
361773.34,2420958.911,38.803
361773.34,2420953.911,37.371
361773.34,2420948.911,33.939
361778.34,2421083.911,46.084
361778.34,2421078.911,46.766
361778.34,2421073.911,48.136
361778.34,2421068.911,47.586
361778.34,2421063.911,47.984
361778.34,2421058.911,48.144
361778.34,2421053.911,49.29
361778.34,2421048.911,49.44
361778.34,2421043.911,50.142
361778.34,2421038.911,50.773
361778.34,2421033.911,50.392
361778.34,2421028.911,51.806
361778.34,2421023.911,56.115
361778.34,2421018.911,59.063
361778.34,2421013.911,61.254
361778.34,2421008.911,62.523
361778.34,2421003.911,62.759
361778.34,2420998.911,62.409
361778.34,2420993.911,61.822
361778.34,2420988.911,62.401
361778.34,2420983.911,62.574
361778.34,2420978.911,61.259
361778.34,2420973.911,51.247
361778.34,2420968.911,48.493
361778.34,2420963.911,43.979
361778.34,2420958.911,38.605
361778.34,2420953.911,37.08
361778.34,2420948.911,33.32
361783.34,2421078.911,45.13
361783.34,2421073.911,46.718
361783.34,2421068.911,46.633
361783.34,2421063.911,46.682
361783.34,2421058.911,45.791
361783.34,2421053.911,46.058
361783.34,2421048.911,48.306
361783.34,2421043.911,49.248
361783.34,2421038.911,49.681
361783.34,2421033.911,50.414
361783.34,2421028.911,50.884
361783.34,2421023.911,52.815
361783.34,2421018.911,56.767
361783.34,2421013.911,58.263
361783.34,2421008.911,59.677
361783.34,2421003.911,60.303
361783.34,2420998.911,60.176
361783.34,2420993.911,58.516
361783.34,2420988.911,56.349
361783.34,2420983.911,55.684
361783.34,2420978.911,52.538
361783.34,2420973.911,50.605
361783.34,2420968.911,47.026
361783.34,2420963.911,42.295
361783.34,2420958.911,38.617
361783.34,2420953.911,36.892
361783.34,2420948.911,32.722
361788.34,2421068.911,45.362
361788.34,2421063.911,44.571
361788.34,2421058.911,44.611
361788.34,2421053.911,44.831
361788.34,2421048.911,47.13
361788.34,2421043.911,48.184
361788.34,2421038.911,48.066
361788.34,2421033.911,49.691
361788.34,2421028.911,50.238
361788.34,2421023.911,52.19
361788.34,2421018.911,54.956
361788.34,2421013.911,56.234
361788.34,2421008.911,57.54
361788.34,2421003.911,58.665
361788.34,2420998.911,58.399
361788.34,2420993.911,55.754
361788.34,2420988.911,53.818
361788.34,2420983.911,51.977
361788.34,2420978.911,49.697
361788.34,2420973.911,48.984
361788.34,2420968.911,45.518
361788.34,2420963.911,40.41
361788.34,2420958.911,38.517
361788.34,2420953.911,35.694
361788.34,2420948.911,33.217
361793.34,2421063.911,44.758
361793.34,2421058.911,44.652
361793.34,2421053.911,44.555
361793.34,2421048.911,44.308
361793.34,2421043.911,45.652
361793.34,2421038.911,47.279
361793.34,2421033.911,47.194
361793.34,2421028.911,45.536
361793.34,2421023.911,47.249
361793.34,2421018.911,50.04
361793.34,2421013.911,54.092
361793.34,2421008.911,55.298
361793.34,2421003.911,55.681
361793.34,2420998.911,54.609
361793.34,2420993.911,52.825
361793.34,2420988.911,51.694
361793.34,2420983.911,48.314
361793.34,2420978.911,48.398
361793.34,2420973.911,46.15
361793.34,2420968.911,41.064
361793.34,2420963.911,38.526
361793.34,2420958.911,37.382
361793.34,2420953.911,35.334
361793.34,2420948.911,33.636
361798.34,2421053.911,44.549
361798.34,2421048.911,44.384
361798.34,2421043.911,44.191
361798.34,2421038.911,44.561
361798.34,2421033.911,44.396
361798.34,2421028.911,44.355
361798.34,2421023.911,44.449
361798.34,2421018.911,44.595
361798.34,2421013.911,48.194
361798.34,2421008.911,50.937
361798.34,2421003.911,51.147
361798.34,2420998.911,50.849
361798.34,2420993.911,49.644
361798.34,2420988.911,48.252
361798.34,2420983.911,48.263
361798.34,2420978.911,47.553
361798.34,2420973.911,44.252
361798.34,2420968.911,38.481
361798.34,2420963.911,38.547
361798.34,2420958.911,37.298
361798.34,2420953.911,33.887
361798.34,2420948.911,33.545
361803.34,2421048.911,44.401
361803.34,2421043.911,44.386
361803.34,2421038.911,44.346
361803.34,2421033.911,44.247
361803.34,2421028.911,44.332
361803.34,2421023.911,44.398
361803.34,2421018.911,44.433
361803.34,2421013.911,44.476
361803.34,2421008.911,46.059
361803.34,2421003.911,48.263
361803.34,2420998.911,48.31
361803.34,2420993.911,47.987
361803.34,2420988.911,48.099
361803.34,2420983.911,47.33
361803.34,2420978.911,45.38
361803.34,2420973.911,42.413
361803.34,2420968.911,38.483
361803.34,2420963.911,38.575
361803.34,2420958.911,36.226
361803.34,2420953.911,33.722
361803.34,2420948.911,32.844
361808.34,2421038.911,44.171
361808.34,2421033.911,43.976
361808.34,2421028.911,44.317
361808.34,2421023.911,44.39
361808.34,2421018.911,44.508
361808.34,2421013.911,44.449
361808.34,2421008.911,45.259
361808.34,2421003.911,47.109
361808.34,2420998.911,47.485
361808.34,2420993.911,48.115
361808.34,2420988.911,47.262
361808.34,2420983.911,43.912
361808.34,2420978.911,41.113
361808.34,2420973.911,38.511
361808.34,2420968.911,38.573
361808.34,2420963.911,38.587
361808.34,2420958.911,36.226
361808.34,2420953.911,33.718
361808.34,2420948.911,31.861
361813.34,2421033.911,44.407
361813.34,2421028.911,44.422
361813.34,2421023.911,44.547
361813.34,2421018.911,44.579
361813.34,2421013.911,44.28
361813.34,2421008.911,44.205
361813.34,2421003.911,44.485
361813.34,2420998.911,44.985
361813.34,2420993.911,45.8
361813.34,2420988.911,41.98
361813.34,2420983.911,40.576
361813.34,2420978.911,39.516
361813.34,2420973.911,38.637
361813.34,2420968.911,38.646
361813.34,2420963.911,38.583
361813.34,2420958.911,35.048
361813.34,2420953.911,33.164
361818.34,2421023.911,44.408
361818.34,2421018.911,44.289
361818.34,2421013.911,44.183
361818.34,2421008.911,44.398
361818.34,2421003.911,44.365
361818.34,2420998.911,43.069
361818.34,2420993.911,41.949
361818.34,2420988.911,41.364
361818.34,2420983.911,40.586
361818.34,2420978.911,39.868
361818.34,2420973.911,39.44
361818.34,2420968.911,38.686
361818.34,2420963.911,37.35
361818.34,2420958.911,34.929
361823.34,2421008.911,44.095
361823.34,2421003.911,43.629
361823.34,2420998.911,43.375
361823.34,2420993.911,43.216
361823.34,2420988.911,41.734
361823.34,2420983.911,40.347
361823.34,2420978.911,40.019
361823.34,2420973.911,39.379
361823.34,2420968.911,38.639
361823.34,2420963.911,37.355
361828.34,2420993.911,44.198
361828.34,2420988.911,44.246
361828.34,2420983.911,42.518
361828.34,2420978.911,39.587
361828.34,2420973.911,38.869
361828.34,2420968.911,38.655
361833.34,2420973.911,38.304
